Seed,SimulationSize_m,NumberOfNodes,PercentageAnchor,DetectionRadius_m,Clusters_K,GridSize_m,Algorithm,VoronoiMode,k_neighbors,AverageEstimationError,LocalizationError,Pe,MainLoop,DetectableCalc,GroupSplitting,VoronoiProc,VoronoiCalc,IntersectionCalc,ShapeCalc,DrawingOps,UIUpdates,TotalTime,UnknownNodes,LocalizedNodes,UnlocalizableNodes
4275,400,60,40,20,6,2,Grid Scanning,Local,6,0.60799571,12.15991426,16.67%,1.6026991000,0.0011924000,0.0016799000,0.0572312000,0.0222642000,0.9182401000,0.5314426000,0.0000173000,0.0889787000,1.6055041000,36,6,30
4275,400,80,40,20,6,2,Grid Scanning,Local,6,0.64017480,12.80349597,25.00%,3.4099488000,0.0028581000,0.0044213000,0.1411347000,0.0474019000,2.3825511000,0.8135710000,0.0000267000,0.0575108000,3.4114582000,48,12,36
4275,400,100,40,20,6,2,Grid Scanning,Local,6,0.59815891,11.96317819,35.00%,6.2302683000,0.0044253000,0.0086854000,0.2794292000,0.1040665000,4.1516810000,1.6741720000,0.0000536000,0.0997106000,6.2316299000,60,21,39
4275,400,120,40,20,6,2,Grid Scanning,Local,6,0.45088092,9.01761833,36.11%,6.7489325000,0.0052414000,0.0098091000,0.2786777000,0.1009601000,4.4716797000,1.9213769000,0.0000354000,0.0480440000,6.7520361000,72,26,46
4275,400,140,40,20,6,2,Grid Scanning,Local,6,0.58686634,11.73732687,25.00%,9.0539888000,0.0075671000,0.0094663000,0.2910860000,0.1036477000,4.1763144000,1.1546852000,0.0000465000,3.4023397000,9.0560187000,84,21,63
4275,400,160,40,20,6,2,Grid Scanning,Local,6,0.45904053,9.18081069,36.46%,10.1918325000,0.0094483000,0.0177950000,0.3848316000,0.1438066000,6.1329827000,2.4071279000,0.0000508000,1.2193605000,10.1951138000,96,35,61
4275,400,180,40,20,6,2,Grid Scanning,Local,6,0.58507835,11.70156709,35.19%,9.3274729000,0.0124524000,0.0203100999,0.4289746000,0.1546542001,6.4398890000,2.3400086000,0.0000577999,0.0640371000,9.3297324000,108,38,70
4275,400,200,40,20,6,2,Grid Scanning,Local,6,0.61169162,12.23383240,36.67%,9.9438857000,0.0138904000,0.0264877000,0.4753134000,0.1740707000,6.7233975000,2.5843134000,0.0000608000,0.0944541000,9.9461949000,120,44,76
4275,400,220,40,20,6,2,Grid Scanning,Local,6,0.52924614,10.58492280,42.42%,14.1278188000,0.0186225000,0.0357599000,0.6132958000,0.2252470000,9.6793478000,2.9899775000,0.0000857000,0.7656641000,14.1310935000,132,56,76
4275,400,240,40,20,6,2,Grid Scanning,Local,6,0.52771685,10.55433705,45.83%,16.0108614000,0.0248750000,0.0463842999,0.8162801001,0.3025257000,11.5318256000,3.4392768000,0.0000845000,0.1230149001,16.0137588000,144,66,78
4275,400,260,40,20,6,2,Grid Scanning,Local,6,0.60302185,12.06043705,51.92%,20.6046391000,0.0247051000,0.0642548000,1.0853595999,0.3990755001,15.1500423001,4.1659245000,0.0000764000,0.0817029000,20.6081544000,156,81,75
4275,400,280,40,20,6,2,Grid Scanning,Local,6,0.56286652,11.25733044,56.55%,25.8890350000,0.0343426000,0.0829625000,1.3139161000,0.4799378000,19.5735737000,4.7489873000,0.0000887000,0.1036794001,25.8926554000,168,95,73
4275,400,300,40,20,6,2,Grid Scanning,Local,6,0.55564986,11.11299728,60.56%,26.3623867000,0.0445343000,0.1012510000,1.3729473000,0.5035166999,19.4090889000,5.2811006001,0.0000979000,0.1074327001,26.3663500000,180,109,71
4275,400,320,40,20,6,2,Grid Scanning,Local,6,0.54389893,10.87797870,59.38%,24.6099126000,0.0358789000,0.0973568000,1.3714180999,0.4988950001,18.4380892000,4.5328121000,0.0000856000,0.0942592001,24.6156527000,192,114,78
4275,400,340,40,20,6,2,Grid Scanning,Local,6,0.52558538,10.51170769,63.24%,25.9776152000,0.0399857000,0.1125356999,1.4500210999,0.5233399999,19.3718126000,4.8607641000,0.0000936000,0.0988887001,25.9832652000,204,129,75
4275,400,360,40,20,6,2,Grid Scanning,Local,6,0.53357534,10.67150685,63.43%,27.7893067000,0.0474024000,0.1236421000,1.5905852000,0.5749502002,21.0017840000,4.8799820000,0.0001010000,0.1029339000,27.7937483000,216,137,79
4275,400,380,40,20,6,2,Grid Scanning,Local,6,0.49073855,9.81477106,68.42%,31.2914823000,0.0539613000,0.1541534001,1.8503240999,0.6648546000,23.6205731000,5.4475006000,0.0001040999,0.1128509000,31.2961711000,228,156,72
4275,400,400,40,20,6,2,Grid Scanning,Local,6,0.49818653,9.96373056,71.67%,34.6702734000,0.0569972000,0.1771594998,2.0761264001,0.7682305000,26.1627496999,6.0274824000,0.0001046001,0.1226051001,34.6747545000,240,172,68
4275,400,420,40,20,6,2,Grid Scanning,Local,6,0.51946871,10.38937419,70.24%,34.2285564000,0.0669311000,0.1862723001,2.1606149001,0.7840387999,25.9335830000,5.6937893000,0.0001110000,0.1362945000,34.2329742000,252,177,75
4275,400,440,40,20,6,2,Grid Scanning,Local,6,0.48897907,9.77958143,72.73%,45.4435158000,0.0756716000,0.2332580001,2.7253197002,1.0029358000,35.3449282000,6.8548106000,0.0001222000,0.1533009000,45.4531513000,264,192,72
4275,400,460,40,20,6,2,Grid Scanning,Local,6,0.50069223,10.01384457,75.00%,66.0175861000,0.1160967000,0.3801417000,3.4619784998,1.2005906000,50.9546000000,10.8225352000,0.0001591000,0.1827594000,66.0235416000,276,207,69
4275,400,480,40,20,6,2,Grid Scanning,Local,6,0.47621819,9.52436379,76.39%,68.7998178000,0.1166636000,0.4133116000,3.7529466000,1.2939910999,53.1489981000,11.1007162000,0.0001550000,0.1839348000,68.8107099000,288,220,68
4275,400,500,40,20,6,2,Grid Scanning,Local,6,0.51479878,10.29597561,77.00%,67.9031188000,0.1256772000,0.4243912000,3.7708701000,1.3028190000,52.1907503999,11.0875253000,0.0001606001,0.1900809001,67.9092644000,300,231,69
4275,400,520,40,20,6,2,Grid Scanning,Local,6,0.47360623,9.47212469,80.45%,79.2015481000,0.1367674999,0.4967449001,4.6470088999,1.6177346001,62.3367676000,11.3039323000,0.0001684000,0.1980103999,79.2097474000,312,251,61
4275,400,540,40,20,6,2,Grid Scanning,Local,6,0.44806422,8.96128439,82.72%,75.6106311000,0.1443645000,0.5644436000,4.5715309000,1.5810673001,58.9036852000,11.1538230999,0.0001628000,0.1986184999,75.6207299000,324,268,56
4275,400,560,40,20,6,2,Grid Scanning,Local,6,0.46355042,9.27100831,79.46%,79.8730078000,0.1582446999,0.5566681001,4.8423274001,1.6823931002,62.1485121999,11.8753683999,0.0001804000,0.2134267000,79.8834355000,336,267,69
4275,400,580,40,20,6,2,Grid Scanning,Local,6,0.43731369,8.74627382,81.32%,78.3878562000,0.1618811000,0.5851285998,4.9042465999,1.7022105000,61.2842965000,11.1487710000,0.0001761000,0.2191519001,78.4007647000,348,283,65
4275,400,600,40,20,6,2,Grid Scanning,Local,6,0.42540807,8.50816139,86.11%,87.0100430000,0.1874259000,0.7127773001,5.6635523000,1.9659885002,67.6996458999,12.3872116000,0.0001957000,0.2368717999,87.0194567000,360,310,50
4275,400,620,40,20,6,2,Grid Scanning,Local,6,0.41738326,8.34766520,81.99%,90.8877185000,0.2036121999,0.7279796000,6.0448843000,2.0922110997,71.2956783000,12.2406032000,0.0002024000,0.2687094000,90.8971371000,372,305,67
4275,400,640,40,20,6,2,Grid Scanning,Local,6,0.42168451,8.43369024,87.50%,93.1124347000,0.1974481000,0.7636680998,6.2460077000,2.1752834999,73.0881238000,12.4825180999,0.0001904999,0.2449810000,93.1269212000,384,336,48
4275,400,660,40,20,6,2,Grid Scanning,Local,6,0.43321281,8.66425623,85.86%,95.2448216000,0.2159934001,0.8215620000,6.2798717000,2.1928186002,74.7944413999,12.7909894999,0.0002089000,0.2492978001,95.2561899000,396,340,56
4275,400,680,40,20,6,2,Grid Scanning,Local,6,0.42371340,8.47426803,85.54%,98.3013625000,0.2294798001,0.8384157000,6.5137408000,2.2987897000,77.9426276999,12.4362683000,0.0002089001,0.2545640999,98.3086168000,408,349,59
4275,400,700,40,20,6,2,Grid Scanning,Local,6,0.40350888,8.07017757,88.57%,102.8948394000,0.2405553000,0.9395139002,7.1368902001,2.5061956002,81.4362896999,12.7879364999,0.0002072999,0.2703476000,102.9455410000,420,372,48
4275,400,720,40,20,6,2,Grid Scanning,Local,6,0.39507226,7.90144527,92.59%,108.7009857000,0.2622414001,1.0414402999,7.6427617999,2.6867730999,85.7083370000,13.6777760000,0.0002182001,0.2736767000,108.7140754000,432,400,32
4275,400,740,40,20,6,2,Grid Scanning,Local,6,0.39135000,7.82700000,89.86%,105.4989057000,0.2716130999,1.0610200000,7.5350239000,2.6511693000,82.3320182000,13.9284103001,0.0002236000,0.2770135999,105.5107868000,444,399,45
4275,400,760,40,20,6,2,Grid Scanning,Local,6,0.39278001,7.85560024,91.45%,115.3964222000,0.2923817999,1.1529952001,8.0714689000,2.8349032999,90.8388555999,14.7455045000,0.0002283000,0.2059137000,115.4084409000,456,417,39
4275,400,780,40,20,6,2,Grid Scanning,Local,6,0.35814143,7.16282861,86.11%,102.6207406000,0.2931192000,1.0990545000,7.7265136000,2.7295010000,80.6580377001,12.5561731000,0.0002276001,0.2030413003,102.6354988000,468,403,65
4275,400,800,40,20,6,2,Grid Scanning,Local,6,0.39880160,7.97603204,91.25%,122.3653353000,0.3311579000,1.2516703000,8.6192863999,3.0323319999,96.7383540999,15.1005173001,0.0002569999,0.2227970001,122.3776176000,480,438,42
4275,400,820,40,20,6,2,Grid Scanning,Local,6,0.35563173,7.11263458,91.06%,121.1742327000,0.3374332000,1.2888752001,8.6713698999,3.0769331001,96.2912077999,14.2528374001,0.0003474002,0.2291225001,121.1834949000,492,448,44
4275,400,840,40,20,6,2,Grid Scanning,Local,6,0.36051633,7.21032663,91.27%,121.4830980000,0.3460869001,1.3425360999,8.9562702000,3.1688285000,96.0960605001,14.4253148001,0.0002442000,0.2275534000,121.4935764000,504,460,44
4275,400,860,40,20,6,2,Grid Scanning,Local,6,0.34358216,6.87164317,94.96%,131.0484007000,0.3796618000,1.5146097002,10.0051768004,3.5700845001,104.0501224000,14.7633014000,0.0002615000,0.2367038999,131.0655705000,516,490,26
4275,400,880,40,20,6,2,Grid Scanning,Local,6,0.33282843,6.65656857,91.29%,125.7009279000,0.3850061001,1.4864550001,9.6475589002,3.4506158001,99.5607800000,14.2912372999,0.0002596000,0.2361750000,125.7160499000,528,482,46
4275,400,900,40,20,6,2,Grid Scanning,Local,6,0.36958752,7.39175042,93.52%,131.1704122000,0.4113996001,1.6009035000,9.8207765998,3.5047488997,103.0547641000,15.9390493999,0.0002652999,0.2350998000,131.1856928000,540,505,35
4275,400,920,40,20,6,2,Grid Scanning,Local,6,0.33340457,6.66809130,91.49%,134.3660314000,0.4387165000,1.7078066999,10.3314948002,3.7002266000,106.3147934000,15.2333173999,0.0002858999,0.2374287001,134.3858897000,552,505,47
4275,400,940,40,20,6,2,Grid Scanning,Local,6,0.35431201,7.08624025,94.15%,137.6838162000,0.4658384999,1.7602439998,10.6893557001,3.8414868001,108.2924267999,16.1217021000,0.0002804000,0.2468481999,137.6980665000,564,531,33
4275,400,960,40,20,6,2,Grid Scanning,Local,6,0.34901533,6.98030660,95.66%,139.8367101000,0.4580152000,1.8243098999,11.0370615000,3.9624648000,110.2316594000,15.9414385999,0.0002760999,0.2383928001,139.8501218000,576,551,25
4275,400,980,40,20,6,2,Grid Scanning,Local,6,0.33949457,6.78989137,95.07%,145.3220055000,0.4981650000,1.9375884000,11.6785048001,4.1891885001,114.4454642001,16.4070251000,0.0003038002,0.2521595001,145.3443750000,588,559,29
4275,400,1000,40,20,6,2,Grid Scanning,Local,6,0.32264406,6.45288113,95.00%,144.5577430000,0.5101203000,2.0129650000,11.8926059000,4.2997563000,113.6456809002,16.1470703001,0.0003195001,0.2479325000,144.5748254000,600,570,30
4275,400,60,40,20,6,2,Grid Scanning,Local,6,0.60799571,12.15991426,16.67%,2.1782671000,0.0018467000,0.0021724000,0.0699487000,0.0257713000,1.3005968000,0.7596962000,0.0000202000,0.0383729000,2.1795885000,36,6,30
4275,400,80,40,20,6,2,Grid Scanning,Local,6,0.64017480,12.80349597,25.00%,4.6383587000,0.0037963001,0.0048034000,0.1537786000,0.0526416000,3.3071276000,1.1160203000,0.0000304000,0.0434075000,4.6396842000,48,12,36
4275,400,100,40,20,6,2,Grid Scanning,Local,6,0.59815891,11.96317819,35.00%,8.8414349000,0.0056479000,0.0095381000,0.2920726000,0.0980237000,6.1625433000,2.3084878000,0.0000351000,0.0527172000,8.8441336000,60,21,39
4275,400,120,40,20,6,2,Grid Scanning,Local,6,0.45088092,9.01761833,36.11%,9.7936773000,0.0077082000,0.0146295000,0.3409930000,0.1164544000,6.5384103000,2.8193890000,0.0000420000,0.0540856999,9.7957603000,72,26,46
4275,400,140,40,20,6,2,Grid Scanning,Local,6,0.58686634,11.73732687,25.00%,8.0917299000,0.0097129000,0.0117872000,0.3364928000,0.1138627000,6.1010701000,1.5659232000,0.0000506000,0.0553499999,8.0943878000,84,21,63
4275,400,160,40,20,6,2,Grid Scanning,Local,6,0.45904053,9.18081069,36.46%,12.4520806000,0.0138074000,0.0267239000,0.4709969000,0.1633224000,8.4840315000,3.3660370000,0.0000564000,0.0683079000,12.4564008000,96,35,61
4275,400,180,40,20,6,2,Grid Scanning,Local,6,0.58507835,11.70156709,35.19%,12.4299545000,0.0177574000,0.0277038000,0.4953229000,0.1751121999,8.7935126000,3.0008433000,0.0000650000,0.0717317000,12.4342169000,108,38,70
4275,400,200,40,20,6,2,Grid Scanning,Local,6,0.61169162,12.23383240,36.67%,13.7876529000,0.0207792000,0.0362178000,0.5612952000,0.1954613999,9.6181752000,3.4415448000,0.0000685999,0.0806357999,13.7904086000,120,44,76
4275,400,220,40,20,6,2,Grid Scanning,Local,6,0.52924614,10.58492280,42.42%,18.8980811000,0.0272810000,0.0518484001,0.7834767000,0.2765309000,13.8190394000,4.0760372000,0.0000847000,0.0912977000,18.9009845000,132,56,76
4275,400,240,40,20,6,2,Grid Scanning,Local,6,0.52771685,10.55433705,45.83%,23.8431215000,0.0322762000,0.0655947000,1.0034033001,0.3440489999,17.5522979000,5.0564612000,0.0000900000,0.0991682000,23.8488803000,144,66,78
4275,400,260,40,20,6,2,Grid Scanning,Local,6,0.60302185,12.06043705,51.92%,29.6884725000,0.0378972000,0.0897496000,1.2880702001,0.4357353000,22.3797798999,5.7493924999,0.0000924000,0.1050718000,29.6946664000,156,81,75
4275,400,280,40,20,6,2,Grid Scanning,Local,6,0.56286652,11.25733044,56.55%,35.7964776000,0.0431192000,0.1051630000,1.5953026000,0.5516413000,27.5518039000,6.3521810000,0.0000990000,0.1096189000,35.8007009000,168,95,73
4275,400,300,40,20,6,2,Grid Scanning,Local,6,0.55564986,11.11299728,60.56%,34.8825902000,0.0485280000,0.1668580999,1.5671531999,0.5352074001,26.1084159000,6.8168656000,0.0001016000,0.1221901000,34.8864281000,180,109,71
4275,400,320,40,20,6,2,Grid Scanning,Local,6,0.54389893,10.87797870,59.38%,34.4407377000,0.0541737000,0.1348548000,1.6626941000,0.5703312000,26.0309159000,6.3921668000,0.0001065999,0.1169949001,34.4446277000,192,114,78
4275,400,340,40,20,6,2,Grid Scanning,Local,6,0.52558538,10.51170769,63.24%,39.7458991000,0.0618503000,0.1672243999,1.9256746000,0.6626132001,30.1425645000,7.2482451000,0.0001147001,0.1355017000,39.7520959000,204,129,75
4275,400,360,40,20,6,2,Grid Scanning,Local,6,0.53357534,10.67150685,63.43%,44.3335912000,0.0707993000,0.2007716000,2.3037290999,0.7951705000,33.7209678000,7.8298897000,0.0001281001,0.1480941000,44.3421476000,216,137,79
4275,400,380,40,20,6,2,Grid Scanning,Local,6,0.49073855,9.81477106,68.42%,49.2157665000,0.0761804000,0.2304706000,2.5234653000,0.8773632000,37.5885384000,8.5725162000,0.0001252000,0.1467014000,49.2241436000,228,156,72
4275,400,400,40,20,6,2,Grid Scanning,Local,6,0.49818653,9.96373056,71.67%,51.9895490000,0.0934183000,0.2590501000,2.7310376000,0.9409661998,39.7093591000,8.9509777000,0.0001307999,0.1591089001,51.9945316000,240,172,68
4275,400,420,40,20,6,2,Grid Scanning,Local,6,0.51946871,10.38937419,70.24%,52.0285585000,0.0904145000,0.2795159001,2.9166505999,1.0022575000,39.9672776999,8.5404587000,0.0001370000,0.1644543000,52.0382770000,252,177,75
4275,400,440,40,20,6,2,Grid Scanning,Local,6,0.48897907,9.77958143,72.73%,64.4632229000,0.1089133000,0.3400462001,3.5354194000,1.2035682000,50.0546919000,10.1639178000,0.0001516999,0.1814919999,64.4704691000,264,192,72
4275,400,460,40,20,6,2,Grid Scanning,Local,6,0.50069223,10.01384457,75.00%,60.8304451000,0.1100466000,0.3528672002,3.2793472000,1.1530580998,46.7436766000,10.1037777001,0.0001712001,0.1721303000,60.8382420000,276,207,69
4275,400,480,40,20,6,2,Grid Scanning,Local,6,0.47621819,9.52436379,76.39%,66.3031329000,0.1218285001,0.4038010000,3.7102881000,1.2964251999,51.1820896000,10.6181579000,0.0001767000,0.1873246000,66.3142460000,288,220,68
4275,400,500,40,20,6,2,Grid Scanning,Local,6,0.51479878,10.29597561,77.00%,68.3082649000,0.1325182999,0.4379955001,3.9023421999,1.3802137001,52.2965137000,11.2364697001,0.0001682000,0.1926971000,68.3139931000,300,231,69
4275,400,520,40,20,6,2,Grid Scanning,Local,6,0.47360623,9.47212469,80.45%,74.3450582000,0.1417369999,0.4692184999,4.3992873999,1.5456756000,58.3976244001,10.6621834000,0.0001654999,0.2009274000,74.3526995000,312,251,61
4275,400,540,40,20,6,2,Grid Scanning,Local,6,0.44806422,8.96128439,82.72%,80.2461108000,0.1594646000,0.5616152000,4.8711268001,1.6904205001,62.5184346001,11.8238000000,0.0001803999,0.2119168000,80.2528667000,324,268,56
4275,400,560,40,20,6,2,Grid Scanning,Local,6,0.46355042,9.27100831,79.46%,74.6271826000,0.1645023001,0.5355147000,4.6456857000,1.6323226998,57.8926127000,11.0944879000,0.0001857001,0.2115354999,74.6370484000,336,267,69
4275,400,580,40,20,6,2,Grid Scanning,Local,6,0.43731369,8.74627382,81.32%,80.8352324000,0.1775319001,0.6153628999,5.2063675000,1.8126609001,62.7993088000,11.7224552999,0.0001940999,0.2240025000,80.8423279000,348,283,65
4275,400,600,40,20,6,2,Grid Scanning,Local,6,0.42540807,8.50816139,86.11%,79.3222786000,0.1802119000,0.6450540000,5.2687217001,1.8478649000,61.7045866999,11.2154906001,0.0001906000,0.2217824999,79.3363472000,360,310,50
4275,400,620,40,20,6,2,Grid Scanning,Local,6,0.41738326,8.34766520,81.99%,74.5966589000,0.1764882000,0.6149270001,5.3265514999,1.8932097999,58.4442506001,9.7555205000,0.0001836000,0.2121937001,74.6058486000,372,305,67
4275,400,640,40,20,6,2,Grid Scanning,Local,6,0.42168451,8.43369024,87.50%,72.2108445000,0.1783987000,0.6287772000,5.3391772999,1.9247029998,55.8846249000,9.8901625001,0.0001801000,0.2172424000,72.2181680000,384,336,48
4275,400,660,40,20,6,2,Grid Scanning,Local,6,0.43321281,8.66425623,85.86%,63.6627014000,0.1727756000,0.5891243001,4.8339871999,1.7758123000,49.2414800000,8.5537349001,0.0001725000,0.1992379000,63.6690404000,396,340,56
4275,400,680,40,20,6,2,Grid Scanning,Local,6,0.42371340,8.47426803,85.54%,71.1715822000,0.1895330000,0.6359244001,5.3743347001,1.9571484999,55.5883602000,9.0967153000,0.0001906000,0.2164566001,71.1801730000,408,349,59
4275,400,700,40,20,6,2,Grid Scanning,Local,6,0.40350888,8.07017757,88.57%,69.9130055000,0.1912577000,0.6606534001,5.4529254002,2.0009429001,54.4122033001,8.9121848000,0.0001789000,0.2147688000,69.9206543000,420,372,48
4275,400,720,40,20,6,2,Grid Scanning,Local,6,0.39507226,7.90144527,92.59%,75.8833861000,0.2073280001,0.7596258999,5.9999441999,2.2071426000,58.9937015001,9.6254016000,0.0001889000,0.2225396002,75.8935989000,432,400,32
4275,400,740,40,20,6,2,Grid Scanning,Local,6,0.39135000,7.82700000,89.86%,75.2318019000,0.2210519999,0.7896937999,6.0563207000,2.2257807999,57.7897899000,10.0637326000,0.0002023001,0.2331563998,75.2429389000,444,399,45
4275,400,760,40,20,6,2,Grid Scanning,Local,6,0.39278001,7.85560024,91.45%,76.3561223000,0.2246060000,0.8109532000,5.9700052002,2.1955152000,59.2936024000,9.8178157001,0.0001922001,0.1637475000,76.3634378000,456,417,39
4275,400,780,40,20,6,2,Grid Scanning,Local,6,0.35814143,7.16282861,86.11%,76.2740276000,0.2530166002,0.8258191000,6.3744961998,2.3356008000,59.3339830000,9.2420943000,0.0002295002,0.1776589001,76.2818781000,468,403,65
4275,400,800,40,20,6,2,Grid Scanning,Local,6,0.39880160,7.97603204,91.25%,73.5373720000,0.2327347000,0.7853093000,5.9377654999,2.2148122999,57.1027768999,9.2387034000,0.0001981000,0.1683703001,73.5491271000,480,438,42
4275,400,820,40,20,6,2,Grid Scanning,Local,6,0.35563173,7.11263458,91.06%,77.3796028000,0.2417052001,0.8332516999,6.3600597002,2.3589147001,60.5098953000,9.1902367002,0.0001943001,0.1757341000,77.3885893000,492,448,44
4275,400,840,40,20,6,2,Grid Scanning,Local,6,0.36051633,7.21032663,91.27%,73.8565048000,0.2495458000,0.8395136001,6.2667920002,2.3187225999,57.4051765999,8.8548825000,0.0002465001,0.1701484000,73.8644470000,504,460,44
4275,400,860,40,20,6,2,Grid Scanning,Local,6,0.34358216,6.87164317,94.96%,82.5856598000,0.2665910001,0.9864348999,7.0419713999,2.6207453000,64.5614123000,9.4772860001,0.0002118001,0.1799581999,82.5946340000,516,490,26
4275,400,880,40,20,6,2,Grid Scanning,Local,6,0.33282843,6.65656857,91.29%,76.2838499000,0.2689323000,0.9056706999,6.6238505000,2.4922209000,59.4131988000,8.8266253001,0.0001984000,0.1753860002,76.2998305000,528,482,46
4275,400,900,40,20,6,2,Grid Scanning,Local,6,0.36958752,7.39175042,93.52%,85.7472027000,0.2994484000,1.0424445000,7.1317177999,2.6603357000,66.2986380000,10.7027003001,0.0002180999,0.1881523002,85.7571262000,540,505,35
4275,400,920,40,20,6,2,Grid Scanning,Local,6,0.33340457,6.66809130,91.49%,80.7556850000,0.3007060001,1.0052576000,7.0193457999,2.6359490004,62.8004002000,9.3735649000,0.0002060001,0.1788302001,80.7667191000,552,505,47
4275,400,940,40,20,6,2,Grid Scanning,Local,6,0.35431201,7.08624025,94.15%,87.6824034000,0.3134059000,1.0952868001,7.4940236000,2.8190235001,68.1265468001,10.3885480999,0.0002145001,0.1838729999,87.6911767000,564,531,33
4275,400,960,40,20,6,2,Grid Scanning,Local,6,0.34901533,6.98030660,95.66%,89.5410057000,0.3335233001,1.1887012000,7.9343579002,2.9859471999,69.3452211001,10.4665846000,0.0002272000,0.1893304999,89.5506328000,576,551,25
4275,400,980,40,20,6,2,Grid Scanning,Local,6,0.33949457,6.78989137,95.07%,90.1233759000,0.3392701999,1.1778453999,7.9780814000,3.0044737000,70.0808322999,10.2899044000,0.0002288000,0.1840183001,90.1743558000,588,559,29
4275,400,1000,40,20,6,2,Grid Scanning,Local,6,0.32264406,6.45288113,95.00%,89.4918770000,0.3596130998,1.2402492998,8.2952103002,3.1132040000,69.1624971000,10.1696566000,0.0002294001,0.1896444000,89.5049203000,600,570,30
4275,400,60,40,20,6,2,Grid Scanning,Local,6,0.60799571,12.15991426,16.67%,1.3808177000,0.0012994000,0.0013013000,0.0430101000,0.0163901000,0.8194858000,0.4800696000,0.0000158000,0.0304405000,1.3818909000,36,6,30
4275,400,80,40,20,6,2,Grid Scanning,Local,6,0.64017480,12.80349597,25.00%,2.8748449000,0.0024248000,0.0032680000,0.1211417000,0.0477805000,2.0035716000,0.7035901000,0.0000221000,0.0338575000,2.8764818000,48,12,36
4275,400,100,40,20,6,2,Grid Scanning,Local,6,0.59815891,11.96317819,35.00%,5.3316992000,0.0039609000,0.0061665000,0.2120278000,0.0767070001,3.5956870000,1.4673584000,0.0000281000,0.0366901001,5.3330923000,60,21,39
4275,400,120,40,20,6,2,Grid Scanning,Local,6,0.45088092,9.01761833,36.11%,6.1397580000,0.0054081000,0.0090992000,0.2431863999,0.0901965000,4.0465250000,1.7801196000,0.0000327000,0.0423264000,6.1425023000,72,26,46
4275,400,140,40,20,6,2,Grid Scanning,Local,6,0.58686634,11.73732687,25.00%,4.9329262000,0.0069360000,0.0077078000,0.2321601000,0.0837564000,3.6107039000,1.0225662000,0.0000663000,0.0424343000,4.9353393000,84,21,63
4275,400,160,40,20,6,2,Grid Scanning,Local,6,0.45904053,9.18081069,36.46%,7.7857162000,0.0097025000,0.0158779000,0.3352932000,0.1225306000,5.1978886000,2.1597960000,0.0000457000,0.0500489000,7.7879123000,96,35,61
4275,400,180,40,20,6,2,Grid Scanning,Local,6,0.58507835,11.70156709,35.19%,8.1871062000,0.0114556000,0.0188337000,0.3785604999,0.1336967000,5.6385003000,2.0694943000,0.0000490000,0.0518479000,8.1893448000,108,38,70
4275,400,200,40,20,6,2,Grid Scanning,Local,6,0.61169162,12.23383240,36.67%,9.7455675000,0.0159234000,0.0283433000,0.4561259000,0.1681812000,6.6287149000,2.5317576000,0.0000607000,0.0612143000,9.7482004000,120,44,76
4275,400,220,40,20,6,2,Grid Scanning,Local,6,0.52924614,10.58492280,42.42%,12.6830001000,0.0190691000,0.0338943000,0.5816481000,0.2086840000,9.1823402000,2.7724297000,0.0000678000,0.0679066000,12.6858088000,132,56,76
4275,400,240,40,20,6,2,Grid Scanning,Local,6,0.52771685,10.55433705,45.83%,15.0962651000,0.0230930000,0.0429655000,0.7327441000,0.2635129000,11.0560047000,3.1424322000,0.0000741000,0.0719438000,15.0990232000,144,66,78
4275,400,260,40,20,6,2,Grid Scanning,Local,6,0.60302185,12.06043705,51.92%,18.5759092000,0.0265579000,0.0572495000,0.9312581000,0.3366282000,13.7541120000,3.6996050000,0.0000781000,0.0771576000,18.5791424000,156,81,75
4275,400,280,40,20,6,2,Grid Scanning,Local,6,0.56286652,11.25733044,56.55%,22.3911821000,0.0308815001,0.0693119000,1.1283998000,0.4058883001,16.9674413000,4.0821480000,0.0000800000,0.0834462000,22.3967285000,168,95,73
4275,400,300,40,20,6,2,Grid Scanning,Local,6,0.55564986,11.11299728,60.56%,21.7326874000,0.0333146000,0.0859769999,1.1603817000,0.4174880000,16.0363164000,4.2895390000,0.0000794000,0.0870709999,21.7364488000,180,109,71
4275,400,320,40,20,6,2,Grid Scanning,Local,6,0.54389893,10.87797870,59.38%,21.8730757000,0.0370881999,0.0904239000,1.2067565999,0.4384513000,16.3799997000,4.0338446000,0.0000839000,0.0863675001,21.8769821000,192,114,78
4275,400,340,40,20,6,2,Grid Scanning,Local,6,0.52558538,10.51170769,63.24%,24.7262852000,0.0421376000,0.1098694001,1.3818607999,0.4988429000,18.4529888000,4.6014327000,0.0000945000,0.0944872000,24.7296706000,204,129,75
4275,400,360,40,20,6,2,Grid Scanning,Local,6,0.53357534,10.67150685,63.43%,27.2719036000,0.0479018000,0.1202852000,1.5554368000,0.5569556999,20.5733593000,4.8310174000,0.0000958000,0.1016991001,27.2798881000,216,137,79
4275,400,380,40,20,6,2,Grid Scanning,Local,6,0.49073855,9.81477106,68.42%,31.3038237000,0.0547933000,0.1485132999,1.8650289001,0.6687599000,23.6393160000,5.4373750001,0.0001028001,0.1105798000,31.3082333000,228,156,72
4275,400,400,40,20,6,2,Grid Scanning,Local,6,0.49818653,9.96373056,71.67%,34.2420093000,0.0597049001,0.1697501002,2.0449117001,0.7494542999,25.9261152000,5.8719080999,0.0001062000,0.1216820000,34.2468862000,240,172,68
4275,400,420,40,20,6,2,Grid Scanning,Local,6,0.51946871,10.38937419,70.24%,32.6441683000,0.0669039000,0.1810987001,2.0702834000,0.7562999000,24.7755953000,5.3790978000,0.0001111000,0.1218820000,32.6483982000,252,177,75
4275,400,440,40,20,6,2,Grid Scanning,Local,6,0.48897907,9.77958143,72.73%,37.5432365000,0.0703694001,0.1981485001,2.3049973000,0.8321775999,28.8937954000,5.9021768000,0.0001147000,0.1246094000,37.5489368000,264,192,72
4275,400,460,40,20,6,2,Grid Scanning,Local,6,0.50069223,10.01384457,75.00%,40.3641442000,0.0814445000,0.2401363999,2.4925677000,0.9193885000,30.6367718000,6.7121440000,0.0001266999,0.1408455999,40.3717644000,276,207,69
4275,400,480,40,20,6,2,Grid Scanning,Local,6,0.47621819,9.52436379,76.39%,41.9243564000,0.0891313000,0.2571145000,2.6338092999,0.9506419000,31.7994057000,6.9367211000,0.0001307000,0.1467266000,41.9348811000,288,220,68
4275,400,500,40,20,6,2,Grid Scanning,Local,6,0.51479878,10.29597561,77.00%,41.4671183000,0.0959848999,0.2710333000,2.7061777002,0.9945675000,31.2517044000,6.9343121001,0.0001324000,0.1453998000,41.4727750000,300,231,69
4275,400,520,40,20,6,2,Grid Scanning,Local,6,0.47360623,9.47212469,80.45%,46.5583413000,0.0983541000,0.2975830000,3.1044652998,1.1431926001,36.0803824000,6.7759258999,0.0001277000,0.1470179001,46.5690740000,312,251,61
4275,400,540,40,20,6,2,Grid Scanning,Local,6,0.44806422,8.96128439,82.72%,49.7788621000,0.1098238000,0.3477658000,3.4216957999,1.2489511999,38.2713894001,7.4070393000,0.0001459000,0.1594787000,49.7874638000,324,268,56
4275,400,560,40,20,6,2,Grid Scanning,Local,6,0.46355042,9.27100831,79.46%,48.5896912000,0.1171288000,0.3497440000,3.3671043000,1.2366504997,37.2331207000,7.2910285999,0.0001364000,0.1704718001,48.5958269000,336,267,69
4275,400,580,40,20,6,2,Grid Scanning,Local,6,0.43731369,8.74627382,81.32%,47.9894082000,0.1236402001,0.3787110999,3.5133772000,1.3017710999,36.7249203000,7.0193962000,0.0001436000,0.1643260001,47.9952264000,348,283,65
4275,400,600,40,20,6,2,Grid Scanning,Local,6,0.42540807,8.50816139,86.11%,54.7438202000,0.1307556000,0.4757089000,4.0073550000,1.4838509000,42.0538287000,7.8328253000,0.0001470999,0.1741780000,54.7497857000,360,310,50
4275,400,620,40,20,6,2,Grid Scanning,Local,6,0.41738326,8.34766520,81.99%,55.3251641000,0.1415243000,0.4300727000,4.0919917998,1.5184401002,43.0763411000,7.3474309000,0.0001640000,0.1774298999,55.3318030000,372,305,67
4275,400,640,40,20,6,2,Grid Scanning,Local,6,0.42168451,8.43369024,87.50%,55.8944688000,0.1457051000,0.4787590002,4.2684799000,1.5859939997,43.0717888000,7.6754468001,0.0001535999,0.1887505999,55.9012133000,384,336,48
4275,400,660,40,20,6,2,Grid Scanning,Local,6,0.43321281,8.66425623,85.86%,60.8632269000,0.1651275000,0.5381380999,4.5112390001,1.6648724002,47.1473590001,8.2354980001,0.0001784999,0.1934944000,60.8733781000,396,340,56
4275,400,680,40,20,6,2,Grid Scanning,Local,6,0.42371340,8.47426803,85.54%,63.9372697000,0.1743508001,0.5630166000,4.8481783000,1.7955656998,49.8892514000,8.1954134000,0.0001750999,0.2004801001,63.9484472000,408,349,59
4275,400,700,40,20,6,2,Grid Scanning,Local,6,0.40350888,8.07017757,88.57%,62.1994631000,0.1793839998,0.5805743001,4.8600681000,1.7976579000,48.3058292001,8.0033169000,0.0001677999,0.2027493000,62.2062610000,420,372,48
4275,400,720,40,20,6,2,Grid Scanning,Local,6,0.39507226,7.90144527,92.59%,69.7063980000,0.1909356000,0.6816579002,5.5490807001,2.0518327999,54.0784050000,8.9193350999,0.0001736999,0.2134611001,69.7166484000,432,400,32
4275,400,740,40,20,6,2,Grid Scanning,Local,6,0.39135000,7.82700000,89.86%,67.7244250000,0.2037951000,0.6843342001,5.4652253001,2.0303868000,51.9604476999,9.1195530999,0.0002016999,0.2155391999,67.7318508000,444,399,45
4275,400,760,40,20,6,2,Grid Scanning,Local,6,0.39278001,7.85560024,91.45%,69.6937174000,0.2055588001,0.7084203999,5.4944437999,2.0521144999,54.0387501001,9.0190221001,0.0001833000,0.1554872000,69.7010553000,456,417,39
4275,400,780,40,20,6,2,Grid Scanning,Local,6,0.35814143,7.16282861,86.11%,69.6341081000,0.2280249000,0.7220739001,5.8100326000,2.1517264001,54.3028757001,8.3393964000,0.0001960000,0.1662763001,69.6416817000,468,403,65
4275,400,800,40,20,6,2,Grid Scanning,Local,6,0.39880160,7.97603204,91.25%,72.2743285000,0.2338201000,0.7696584998,5.8860311001,2.1794416002,55.9768625999,9.1627711000,0.0002068001,0.1728470000,72.2838320000,480,438,42
4275,400,820,40,20,6,2,Grid Scanning,Local,6,0.35563173,7.11263458,91.06%,77.6317517000,0.2463881999,0.8413550000,6.3889870000,2.3845121999,60.7272384001,9.1825548999,0.0002030000,0.1726378001,77.6406307000,492,448,44
4275,400,840,40,20,6,2,Grid Scanning,Local,6,0.36051633,7.21032663,91.27%,77.6552374000,0.2565003000,0.8891968002,6.6809991000,2.4838242998,60.2697417001,9.3019287000,0.0002121998,0.1834686001,77.6638232000,504,460,44
4275,400,860,40,20,6,2,Grid Scanning,Local,6,0.34358216,6.87164317,94.96%,78.9105881000,0.2641679000,0.9318869001,6.8527884001,2.5520134002,61.6262932000,8.9841305000,0.0002021000,0.1781777999,78.9217771000,516,490,26
4275,400,880,40,20,6,2,Grid Scanning,Local,6,0.33282843,6.65656857,91.29%,81.5576205000,0.2908506999,0.9985190001,7.0644203999,2.6493777000,63.5664475001,9.3808491001,0.0002104001,0.1827711999,81.5727473000,528,482,46
4275,400,900,40,20,6,2,Grid Scanning,Local,6,0.36958752,7.39175042,93.52%,81.5625576000,0.2898089999,1.0041347999,6.8852884999,2.5731201997,62.9373857000,10.1789232001,0.0002116000,0.1830672001,81.5722147000,540,505,35
4275,400,920,40,20,6,2,Grid Scanning,Local,6,0.33340457,6.66809130,91.49%,85.8409567000,0.3134739000,1.0703205999,7.5010302000,2.8412953999,66.8380926999,9.8528308001,0.0002371001,0.1851187001,85.8518155000,552,505,47
4275,400,940,40,20,6,2,Grid Scanning,Local,6,0.35431201,7.08624025,94.15%,83.9710756000,0.3205755000,1.0940771000,7.3351079998,2.7750907004,64.9895111000,9.9643419000,0.0002265000,0.1848583000,83.9805114000,564,531,33
4275,400,960,40,20,6,2,Grid Scanning,Local,6,0.34901533,6.98030660,95.66%,92.1936407000,0.3459506000,1.2121604997,8.0696152002,3.0170759000,71.5215708999,10.7716755999,0.0002275000,0.1904926999,92.2022054000,576,551,25
4275,400,980,40,20,6,2,Grid Scanning,Local,6,0.33949457,6.78989137,95.07%,89.9523610000,0.3497274001,1.1885295001,8.0170554998,3.0033185001,69.8989683000,10.2276390000,0.0002352000,0.1953058998,89.9642832000,588,559,29
4275,400,1000,40,20,6,2,Grid Scanning,Local,6,0.32264406,6.45288113,95.00%,95.1840479000,0.3828435000,1.3334407000,8.8151552999,3.3433446001,73.5310854001,10.8403575000,0.0002582999,0.1992573001,95.2279973000,600,570,30
4275,400,60,40,20,6,2,Grid Scanning,Local,8,0.60799571,12.15991426,16.67%,1.4494122000,0.0013612000,0.0014225000,0.0585791000,0.0205095000,0.8233126000,0.5317732000,0.0000155000,0.0291918000,1.4508936000,36,6,30
4275,400,80,40,20,6,2,Grid Scanning,Local,8,0.64017480,12.80349597,25.00%,2.9565501000,0.0024405000,0.0033039000,0.1285060000,0.0425740000,2.0471110000,0.7367731000,0.0000216000,0.0311871000,2.9577351000,48,12,36
4275,400,100,40,20,6,2,Grid Scanning,Local,8,0.59815891,11.96317819,35.00%,5.5428152000,0.0042846000,0.0062562000,0.2530083000,0.0826887000,3.7427815000,1.4902331000,0.0000434000,0.0370114000,5.5453910000,60,21,39
4275,400,120,40,20,6,2,Grid Scanning,Local,8,0.45128201,9.02564023,36.11%,6.5739585000,0.0057265000,0.0103375000,0.2928221000,0.0923985000,4.2974492000,1.9106176000,0.0000352000,0.0441306000,6.5762616000,72,26,46
4275,400,140,40,20,6,2,Grid Scanning,Local,8,0.58686634,11.73732687,25.00%,4.9669816000,0.0075178000,0.0082456000,0.2779180001,0.0867626000,3.5848495000,1.0299497000,0.0000423000,0.0486010000,4.9705472000,84,21,63
4275,400,160,40,20,6,2,Grid Scanning,Local,8,0.45830376,9.16607530,36.46%,7.8655135000,0.0100668000,0.0164059000,0.3933716000,0.1233777000,5.2465711000,2.1321216000,0.0000479000,0.0500012000,7.8678832000,96,35,61
4275,400,180,40,20,6,2,Grid Scanning,Local,8,0.58314991,11.66299815,35.19%,8.1519148000,0.0129842001,0.0199209000,0.4295009000,0.1371268000,5.5899795000,2.0216807000,0.0000594000,0.0578168000,8.1540781000,108,38,70
4275,400,200,40,20,6,2,Grid Scanning,Local,8,0.60922298,12.18445965,36.67%,8.7965935000,0.0145907000,0.0226092000,0.4720736001,0.1510137000,5.9587881000,2.2492459000,0.0000571000,0.0568622000,8.7993763000,120,44,76
4275,400,220,40,20,6,2,Grid Scanning,Local,8,0.51616908,10.32338165,42.42%,11.8686901000,0.0190590000,0.0325241999,0.6437466000,0.2081908000,8.4727608000,2.6106979000,0.0000688000,0.0660643999,11.8732742000,132,56,76
4275,400,240,40,20,6,2,Grid Scanning,Local,8,0.51894662,10.37893250,45.83%,14.4909807000,0.0211486000,0.0405211999,0.8062615000,0.2590895000,10.4746812000,3.0548387000,0.0000668999,0.0679763000,14.4938480000,144,66,78
4275,400,260,40,20,6,2,Grid Scanning,Local,8,0.59458299,11.89165984,51.92%,18.5683501000,0.0251134000,0.0548837999,1.0721123000,0.3366012000,13.6271446000,3.6875346000,0.0000716000,0.0730693999,18.5713873000,156,81,75
4275,400,280,40,20,6,2,Grid Scanning,Local,8,0.55707816,11.14156325,56.55%,22.2897157000,0.0319392000,0.0700255000,1.2858815999,0.4078367001,16.7111177000,4.0754875000,0.0000765000,0.0832911999,22.2931842000,168,95,73
4275,400,300,40,20,6,2,Grid Scanning,Local,8,0.55426269,11.08525383,60.56%,21.9172781000,0.0357328001,0.0863748000,1.3456060000,0.4317004999,15.9156379000,4.4061965000,0.0000872000,0.0883025000,21.9216093000,180,109,71
4275,400,320,40,20,6,2,Grid Scanning,Local,8,0.53592678,10.71853559,59.38%,22.6002829000,0.0401834000,0.0930863000,1.4654045001,0.4678379001,16.6562987001,4.2126109000,0.0000890000,0.0933176000,22.6075744000,192,114,78
4275,400,340,40,20,6,2,Grid Scanning,Local,8,0.52075383,10.41507661,63.24%,23.4811443000,0.0411342000,0.1093803000,1.6319839001,0.5343809999,17.2038943000,4.3598776000,0.0000890000,0.0922443000,23.5126672000,204,129,75
4275,400,360,40,20,6,2,Grid Scanning,Local,8,0.53336016,10.66720313,63.43%,24.6820236000,0.0489809999,0.1172052999,1.7186103000,0.5576570999,18.1936077000,4.4651612000,0.0000974000,0.0961507001,24.6859326000,216,137,79
4275,400,380,40,20,6,2,Grid Scanning,Local,8,0.48279124,9.65582476,68.42%,29.2806211000,0.0529240000,0.1471240001,2.0382496000,0.6503838001,21.6003330001,5.2842848000,0.0001052000,0.1097005000,29.2849056000,228,156,72
4275,400,400,40,20,6,2,Grid Scanning,Local,8,0.48053213,9.61064269,71.67%,33.5913610000,0.0631893000,0.1740875001,2.3816227998,0.7578450000,24.9992761000,5.8088912999,0.0001127000,0.1164041000,33.5958033000,240,172,68
4275,400,420,40,20,6,2,Grid Scanning,Local,8,0.51232360,10.24647197,70.24%,33.3005779000,0.0679027000,0.1856933000,2.5192104998,0.8291083000,24.7299357000,5.6196590000,0.0001174000,0.1261960001,33.3051297000,252,177,75
4275,400,440,40,20,6,2,Grid Scanning,Local,8,0.47447688,9.48953754,72.73%,37.1047582000,0.0716907001,0.2105347001,2.7622167000,0.8936117000,27.9326022000,5.9493735000,0.0001197001,0.1294318000,37.1108271000,264,192,72
4275,400,460,40,20,6,2,Grid Scanning,Local,8,0.49619504,9.92390087,75.00%,36.4169299000,0.0789200000,0.2313382000,2.6613546000,0.8772139000,27.0930187000,6.1588790001,0.0001205998,0.1347664999,36.4228634000,276,207,69
4275,400,480,40,20,6,2,Grid Scanning,Local,8,0.45838400,9.16768000,76.39%,38.0354049000,0.0828974000,0.2518803000,2.9044023000,0.9478219998,28.1514057000,6.4456873000,0.0001241000,0.1377547000,38.0403804000,288,220,68
4275,400,500,40,20,6,2,Grid Scanning,Local,8,0.48974350,9.79486994,77.00%,41.2622343000,0.0970270000,0.2926875001,3.2515317001,1.0645729999,30.3631533000,7.0462374000,0.0001380000,0.1468017000,41.2681035000,300,231,69
4275,400,520,40,20,6,2,Grid Scanning,Local,8,0.45732255,9.14645095,80.45%,46.3326381000,0.1035213000,0.3147512000,3.7514067999,1.2061748999,35.0371277000,6.9121734999,0.0001398000,0.1573433999,46.3409157000,312,251,61
4275,400,540,40,20,6,2,Grid Scanning,Local,8,0.43775788,8.75515752,82.72%,44.5786555000,0.1096728001,0.3357404000,3.7957576001,1.2412700001,33.3575171000,6.7548033000,0.0001368999,0.1621729000,44.5855031000,324,268,56
4275,400,560,40,20,6,2,Grid Scanning,Local,8,0.43792058,8.75841163,79.46%,45.6870793000,0.1163476001,0.3548045999,3.9116455998,1.2782913999,33.9876828000,7.0937814999,0.0001394001,0.1589487000,45.6943997000,336,267,69
4275,400,580,40,20,6,2,Grid Scanning,Local,8,0.42648656,8.52973121,81.32%,48.3546347000,0.1291812001,0.4009029000,4.3348926000,1.4162262001,35.9864005000,7.2615398000,0.0001554000,0.1739646000,48.3605172000,348,283,65
4275,400,600,40,20,6,2,Grid Scanning,Local,8,0.41199258,8.23985167,86.11%,48.8598912000,0.1343803000,0.4279305000,4.4008790000,1.4547621001,36.3606285999,7.2879443001,0.0001521001,0.1777781000,48.8712827000,360,310,50
4275,400,620,40,20,6,2,Grid Scanning,Local,8,0.40115886,8.02317721,81.99%,50.3340415000,0.1450658999,0.4333105000,4.6187230001,1.5302747000,37.9060824000,6.9929652000,0.0001608000,0.1761922999,50.3413940000,372,305,67
4275,400,640,40,20,6,2,Grid Scanning,Local,8,0.40767494,8.15349872,87.50%,55.6584682000,0.1516258001,0.5127805000,5.2108532999,1.6988105999,41.6095314999,7.9137459000,0.0001613000,0.1914294001,55.6657506000,384,336,48
4275,400,660,40,20,6,2,Grid Scanning,Local,8,0.42001641,8.40032821,85.86%,55.8340489000,0.1586667999,0.5227761000,5.1638901000,1.6974340998,41.7522276001,7.9737753001,0.0001614000,0.1903468002,55.8413987000,396,340,56
4275,400,680,40,20,6,2,Grid Scanning,Local,8,0.40366055,8.07321095,85.54%,55.9300887000,0.1693562999,0.5403391000,5.2917783000,1.7534838001,42.1521213000,7.5168344001,0.0001700000,0.1922810001,55.9621169000,408,349,59
4275,400,700,40,20,6,2,Grid Scanning,Local,8,0.39085559,7.81711170,88.57%,61.4501638000,0.1925275999,0.6177410000,6.0245014000,1.9844048999,46.0575525000,8.2740134000,0.0001747999,0.2124665001,61.4587200000,420,372,48
4275,400,720,40,20,6,2,Grid Scanning,Local,8,0.38403577,7.68071537,92.59%,62.3821895000,0.1948478000,0.6645227000,6.2495069003,2.0731446999,46.5886893999,8.3977413000,0.0001760002,0.2139054000,62.3910186000,432,400,32
4275,400,740,40,20,6,2,Grid Scanning,Local,8,0.37102548,7.42050962,89.86%,62.7695777000,0.2097723001,0.6864665000,6.2297488999,2.0548907002,46.5952827000,8.7524274000,0.0001859000,0.2191422998,62.7769289000,444,399,45
4275,400,760,40,20,6,2,Grid Scanning,Local,8,0.37569947,7.51398933,91.45%,63.8881762000,0.2120586000,0.7147217999,6.3928409001,2.1054626000,47.5638130001,8.7721358000,0.0001833000,0.1573190000,63.8968274000,456,417,39
4275,400,780,40,20,6,2,Grid Scanning,Local,8,0.34134776,6.82695530,86.11%,60.2309067000,0.2238678001,0.7030670000,6.3763118998,2.1088492001,45.0033952000,7.6941831000,0.0001919001,0.1637208000,60.2383276000,468,403,65
4275,400,800,40,20,6,2,Grid Scanning,Local,8,0.37479932,7.49598643,91.25%,69.9258142000,0.2346865001,0.7983760999,7.0357245998,2.3400890001,52.4064755000,9.2063000000,0.0001933000,0.1692801000,69.9423097000,480,438,42
4275,400,820,40,20,6,2,Grid Scanning,Local,8,0.34045765,6.80915307,91.06%,66.9201833000,0.2460546000,0.8113023001,6.9760289001,2.3190183000,50.2153618000,8.4281810000,0.0002022000,0.1726884999,66.9281459000,492,448,44
4275,400,840,40,20,6,2,Grid Scanning,Local,8,0.34976835,6.99536696,91.27%,70.1080597000,0.2683418999,0.8919744002,7.5704988002,2.5166866999,52.0412706999,9.0788463999,0.0002101001,0.1812175999,70.1159862000,504,460,44
4275,400,860,40,20,6,2,Grid Scanning,Local,8,0.32293831,6.45876612,94.96%,71.5454485000,0.2695727999,0.9559369999,7.8345348001,2.6108154999,53.4724204001,8.7673876000,0.0002050000,0.1739612000,71.5544786000,516,490,26
4275,400,880,40,20,6,2,Grid Scanning,Local,8,0.31765251,6.35305024,91.29%,71.8636166000,0.2892155000,0.9714174001,7.9409928001,2.6368578999,53.5511821999,8.8554159999,0.0002132001,0.1805099001,71.8805303000,528,482,46
4275,400,900,40,20,6,2,Grid Scanning,Local,8,0.34092077,6.81841533,93.52%,73.9671477000,0.2985070998,1.0323662000,7.9985303998,2.6840927996,54.7643212000,9.5954627000,0.0002154999,0.1891815000,73.9765466000,540,505,35
4275,400,920,40,20,6,2,Grid Scanning,Local,8,0.31983192,6.39663835,91.49%,74.8398851000,0.3160456999,1.0508529001,8.3954379000,2.7923000001,55.4416796000,9.3709600000,0.0002323001,0.1856135999,74.8485131000,552,505,47
4275,400,940,40,20,6,2,Grid Scanning,Local,8,0.33864974,6.77299485,94.15%,75.4478060000,0.3208363000,1.1020423001,8.5617928003,2.8557174000,55.5949305000,9.6053866000,0.0002166000,0.1805381000,75.4572528000,564,531,33
4275,400,960,40,20,6,2,Grid Scanning,Local,8,0.32974838,6.59496764,95.66%,79.7436758000,0.3409907000,1.1983343999,9.0760816997,3.0371697001,58.8094408999,10.0437608001,0.0002353001,0.1891082000,79.7607440000,576,551,25
4275,400,980,40,20,6,2,Grid Scanning,Local,8,0.32262837,6.45256743,95.07%,80.1656904000,0.3500699000,1.1922388999,9.2205429000,3.1049357999,59.3097331000,9.8187751001,0.0002562001,0.1944373000,80.1774033000,588,559,29
4275,400,1000,40,20,6,2,Grid Scanning,Local,8,0.30955048,6.19100953,95.00%,79.6299715000,0.3603175000,1.2534433000,9.5333322998,3.1878848003,58.2297014999,9.9873942000,0.0002350000,0.1871859001,79.6437570000,600,570,30
4275,400,60,40,20,6,2,Grid Scanning,Local,8,0.60799571,12.15991426,16.67%,1.4799600000,0.0014337000,0.0013851000,0.0558387000,0.0190197000,0.8631409000,0.5216370000,0.0000182000,0.0318730000,1.4813582000,36,6,30
4275,400,80,40,20,6,2,Grid Scanning,Local,8,0.64017480,12.80349597,25.00%,3.0499388000,0.0024595000,0.0033396000,0.1309544000,0.0410560000,2.1088441000,0.7649606000,0.0000232000,0.0318443000,3.0526189000,48,12,36
4275,400,100,40,20,6,2,Grid Scanning,Local,8,0.59815891,11.96317819,35.00%,5.7328094000,0.0040501000,0.0068298000,0.2661123000,0.0832991000,3.8382220000,1.5692384000,0.0000293000,0.0386713000,5.7353104000,60,21,39
4275,400,120,40,20,6,2,Grid Scanning,Local,8,0.45128201,9.02564023,36.11%,6.6032961000,0.0056078000,0.0097781000,0.2860470000,0.0956909000,4.3187895000,1.9277212000,0.0000363000,0.0419904999,6.6067874000,72,26,46
4275,400,140,40,20,6,2,Grid Scanning,Local,8,0.58686634,11.73732687,25.00%,5.3432506000,0.0079333000,0.0085018000,0.2997889000,0.0938832000,3.8643485000,1.1028536000,0.0000446000,0.0489945000,5.3453606000,84,21,63
4275,400,160,40,20,6,2,Grid Scanning,Local,8,0.45830376,9.16607530,36.46%,8.5789670000,0.0094252000,0.0168691000,0.4198311000,0.1324695999,5.8193231000,2.2431171000,0.0000456000,0.0526201000,8.5809690000,96,35,61
4275,400,180,40,20,6,2,Grid Scanning,Local,8,0.58314991,11.66299815,35.19%,8.5864021000,0.0121493000,0.0198398000,0.4563418000,0.1468162000,5.9581849000,2.0681001000,0.0000517000,0.0525431000,8.5887542000,108,38,70
4275,400,200,40,20,6,2,Grid Scanning,Local,8,0.60922298,12.18445965,36.67%,9.6380620000,0.0164746000,0.0260159000,0.5169449000,0.1675416000,6.5325867000,2.4623332000,0.0000631000,0.0598627000,9.6404304000,120,44,76
4275,400,220,40,20,6,2,Grid Scanning,Local,8,0.51616908,10.32338165,42.42%,12.6713767000,0.0198638000,0.0347282000,0.6704514000,0.2147768000,9.0115573000,2.8410922000,0.0000713000,0.0661830001,12.6741210000,132,56,76
4275,400,240,40,20,6,2,Grid Scanning,Local,8,0.51894662,10.37893250,45.83%,14.8322486000,0.0226243999,0.0425649001,0.8473082000,0.2747833001,10.7088264000,3.1095066000,0.0000699000,0.0746348000,14.8351025000,144,66,78
4275,400,260,40,20,6,2,Grid Scanning,Local,8,0.59458299,11.89165984,51.92%,18.1179666000,0.0256803000,0.0538442999,1.0404117001,0.3302193001,13.2051766000,3.6881162000,0.0000731000,0.0768942999,18.1217339000,156,81,75
4275,400,280,40,20,6,2,Grid Scanning,Local,8,0.55707816,11.14156325,56.55%,21.0354908000,0.0308663000,0.0666541000,1.2570702999,0.4068929000,15.6564467000,3.9090259000,0.0000849000,0.0839912999,21.0391684000,168,95,73
4275,400,300,40,20,6,2,Grid Scanning,Local,8,0.55426269,11.08525383,60.56%,20.7717302000,0.0347548000,0.0835273999,1.2820642000,0.4182470000,15.0406852000,4.2091984000,0.0000901001,0.0833115999,20.7753373000,180,109,71
4275,400,320,40,20,6,2,Grid Scanning,Local,8,0.53592678,10.71853559,59.38%,22.7201475000,0.0391853000,0.0917191999,1.4442823999,0.4710143000,16.8164182000,4.2002139000,0.0000957000,0.0887941000,22.7240798000,192,114,78
4275,400,340,40,20,6,2,Grid Scanning,Local,8,0.52075383,10.41507661,63.24%,28.1584872000,0.0505673000,0.1268147000,1.8129920000,0.5789281999,20.2023919000,5.1084740999,0.0001005000,0.8125529000,28.1629470000,204,129,75
4275,400,360,40,20,6,2,Grid Scanning,Local,8,0.53336016,10.66720313,63.43%,27.8032879000,0.0520746000,0.1334856000,1.9622318000,0.6313791000,20.4549773000,5.0464595000,0.0001088000,0.1093303000,27.8073393000,216,137,79
4275,400,380,40,20,6,2,Grid Scanning,Local,8,0.48279124,9.65582476,68.42%,32.6179186000,0.0638867000,0.1733076000,2.3559722001,0.7698277000,24.0868068999,5.7619301000,0.0001183001,0.1238117000,32.6222583000,228,156,72
4275,400,400,40,20,6,2,Grid Scanning,Local,8,0.48053213,9.61064269,71.67%,32.0163392000,0.0626290000,0.1649452000,2.2796074000,0.7371396000,23.7670822000,5.5752551000,0.0001082999,0.1167530001,32.0210838000,240,172,68
4275,400,420,40,20,6,2,Grid Scanning,Local,8,0.51232360,10.24647197,70.24%,32.1075655000,0.0669187000,0.1816222000,2.4133155001,0.7937460000,23.9321600000,5.3402584000,0.0001122001,0.1232997000,32.1158936000,252,177,75
4275,400,440,40,20,6,2,Grid Scanning,Local,8,0.47447688,9.48953754,72.73%,37.7530673000,0.0781702000,0.2156765000,2.8320282000,0.9161772999,28.4212546999,6.0226540000,0.0001224999,0.1321348000,37.7581852000,264,192,72
4275,400,460,40,20,6,2,Grid Scanning,Local,8,0.49619504,9.92390087,75.00%,38.7103368000,0.0815667000,0.2654358999,2.8109025000,0.9059557000,28.8793304000,6.4701295000,0.0001244000,0.1419344000,38.7158132000,276,207,69
4275,400,480,40,20,6,2,Grid Scanning,Local,8,0.45838400,9.16768000,76.39%,39.1813282000,0.0896363000,0.2583983000,3.0560725000,1.0178043000,28.9857564999,6.5875820000,0.0001396000,0.1417220000,39.1872413000,288,220,68
4275,400,500,40,20,6,2,Grid Scanning,Local,8,0.48974350,9.79486994,77.00%,38.8354493000,0.0917268000,0.2671521000,3.0082200000,0.9806502000,28.6254693000,6.6386224001,0.0001354000,0.1429120999,38.8413624000,300,231,69
4275,400,520,40,20,6,2,Grid Scanning,Local,8,0.45732255,9.14645095,80.45%,46.9816440000,0.1095367000,0.3245240999,3.8155371000,1.2406324998,35.5196567000,6.9970549000,0.0001402000,0.1583615000,46.9872924000,312,251,61
4275,400,540,40,20,6,2,Grid Scanning,Local,8,0.43775788,8.75515752,82.72%,47.2721294000,0.1131742999,0.3494779001,4.0028474000,1.3033609002,35.3681443000,7.2132591001,0.0001404000,0.1617235000,47.2787540000,324,268,56
4275,400,560,40,20,6,2,Grid Scanning,Local,8,0.43792058,8.75841163,79.46%,45.0426115000,0.1207307000,0.3454934000,3.8686687001,1.2521929000,33.5699009000,6.9047243000,0.0001538000,0.1712302001,45.0489845000,336,267,69
4275,400,580,40,20,6,2,Grid Scanning,Local,8,0.42648656,8.52973121,81.32%,47.1211840000,0.1308995001,0.3884233000,4.1553286003,1.3504757002,35.1423991000,7.0713288000,0.0001902000,0.1669550000,47.1278482000,348,283,65
4275,400,600,40,20,6,2,Grid Scanning,Local,8,0.41199258,8.23985167,86.11%,53.3004050000,0.1446757000,0.4812888999,4.8770175001,1.5938387000,39.5554936000,7.9827127000,0.0001641001,0.1857402001,53.3067585000,360,310,50
4275,400,620,40,20,6,2,Grid Scanning,Local,8,0.40115886,8.02317721,81.99%,51.3917183000,0.1435999000,0.4400571000,4.7157528001,1.5360601000,38.7219989001,7.1308129000,0.0001609001,0.1800326000,51.3995354000,372,305,67
4275,400,640,40,20,6,2,Grid Scanning,Local,8,0.40767494,8.15349872,87.50%,53.6489909000,0.1541248000,0.5471994999,5.0584295000,1.6889882000,40.1040196001,7.5268501000,0.0001591999,0.1915897001,53.6558208000,384,336,48
4275,400,660,40,20,6,2,Grid Scanning,Local,8,0.42001641,8.40032821,85.86%,56.2098042000,0.1690002000,0.5317085999,5.2155571999,1.7068100999,42.0118294000,8.0072856000,0.0001627000,0.1995239998,56.2182637000,396,340,56
4275,400,680,40,20,6,2,Grid Scanning,Local,8,0.40366055,8.07321095,85.54%,56.8628191000,0.1779067000,0.5457002001,5.3651773999,1.7649990000,42.8821065000,7.6264416000,0.0001766999,0.1984273001,56.8742148000,408,349,59
4275,400,700,40,20,6,2,Grid Scanning,Local,8,0.39085559,7.81711170,88.57%,63.3749599000,0.1998386001,0.6372303001,6.2866150001,2.1035852002,47.4119915999,8.5283810000,0.0001918003,0.2372794000,63.3820180000,420,372,48
4275,400,720,40,20,6,2,Grid Scanning,Local,8,0.38403577,7.68071537,92.59%,96.0821774000,0.2647913000,0.9970074998,8.5541766003,2.6838966002,72.9660465000,12.9294305999,0.0002148999,0.2671726001,96.0890724000,432,400,32
4275,400,740,40,20,6,2,Grid Scanning,Local,8,0.37102548,7.42050962,89.86%,100.0632775000,0.2880557000,1.0591611000,8.8170316001,2.7499804000,75.4613664000,14.0602508999,0.0002362999,0.2794469998,100.0787905000,444,399,45
4275,400,760,40,20,6,2,Grid Scanning,Local,8,0.37569947,7.51398933,91.45%,103.0310516000,0.3082285000,1.1521738001,9.2006590001,2.8476840998,77.7338231000,14.3155551000,0.0002559999,0.2120291001,103.0425754000,456,417,39
4275,400,780,40,20,6,2,Grid Scanning,Local,8,0.34134776,6.82695530,86.11%,96.0855280000,0.3233003000,1.1027811000,9.1219776999,2.8278728002,72.7110508001,12.5040616000,0.0002487001,0.2157392999,96.1036568000,468,403,65
4275,400,800,40,20,6,2,Grid Scanning,Local,8,0.37479932,7.49598643,91.25%,111.4090815000,0.3401173001,1.2693319001,9.9654600002,3.1085034998,85.0102838000,14.4827587999,0.0002652000,0.2250642000,111.4237865000,480,438,42
4275,400,820,40,20,6,2,Grid Scanning,Local,8,0.34045765,6.80915307,91.06%,110.4530612000,0.3589633999,1.3188981999,10.2198864000,3.2033967998,84.2644469999,13.9377027000,0.0002522000,0.2315072998,110.4782577000,492,448,44
4275,400,840,40,20,6,2,Grid Scanning,Local,8,0.34976835,6.99536696,91.27%,112.5867545000,0.3736574999,1.4371488998,10.8123348997,3.3563674998,85.4725289000,14.1456331000,0.0002612000,0.2333190999,112.6090482000,504,460,44
4275,400,860,40,20,6,2,Grid Scanning,Local,8,0.32293831,6.45876612,94.96%,113.8810763000,0.3937811999,1.4710706999,11.2066706000,3.5074648999,86.3861873001,14.0981906001,0.0002523997,0.2344212001,113.8923054000,516,490,26
4275,400,880,40,20,6,2,Grid Scanning,Local,8,0.31765251,6.35305024,91.29%,115.3043627000,0.4131216000,1.5200798999,11.5540299001,3.6499314002,87.3249057000,14.1526771000,0.0002818999,0.2422438001,115.3278586000,528,482,46
4275,400,900,40,20,6,2,Grid Scanning,Local,8,0.34092077,6.81841533,93.52%,115.9727301000,0.4319165000,1.5795732000,11.1960021001,3.5394476000,87.1590100001,15.2503181000,0.0002893000,0.2395874000,115.9886574000,540,505,35
4275,400,920,40,20,6,2,Grid Scanning,Local,8,0.31983192,6.39663835,91.49%,118.1764415000,0.4420910999,1.6389259000,11.7531852002,3.6996327002,89.2600711000,14.7374198001,0.0002840000,0.2426051000,118.1960763000,552,505,47
4275,400,940,40,20,6,2,Grid Scanning,Local,8,0.33864974,6.77299485,94.15%,121.1186815000,0.4565426000,1.7433903999,12.2299959996,3.8620497002,90.9308887000,15.4026677999,0.0002856001,0.2411910000,121.1384794000,564,531,33
4275,400,960,40,20,6,2,Grid Scanning,Local,8,0.32974838,6.59496764,95.66%,127.9143563000,0.4914781001,1.8822597000,13.0162649999,4.1394862999,95.9470540000,16.1974264999,0.0002896001,0.2605873000,127.9282124000,576,551,25
4275,400,980,40,20,6,2,Grid Scanning,Local,8,0.32262837,6.45256743,95.07%,125.3034076000,0.4990823000,1.8930055002,13.1064027002,4.1750174999,93.8459280000,15.5887633001,0.0002971001,0.2537257999,125.3187737000,588,559,29
4275,400,1000,40,20,6,2,Grid Scanning,Local,8,0.30955048,6.19100953,95.00%,126.8217033000,0.5185893999,2.0267799002,13.8159112999,4.4109553002,94.1713272002,15.9259312001,0.0003044000,0.2561068002,126.8420865000,600,570,30
4275,400,60,40,20,6,2,Grid Scanning,Local,8,0.60799571,12.15991426,16.67%,2.2832124000,0.0022219000,0.0019301000,0.0705793000,0.0229947000,1.2871432000,0.8699080000,0.0000271000,0.0402607000,2.2855574000,36,6,30
4275,400,80,40,20,6,2,Grid Scanning,Local,8,0.64017480,12.80349597,25.00%,4.6240791000,0.0040389000,0.0046323000,0.1680141000,0.0528126000,3.2834594000,1.1073107000,0.0000312000,0.0401504000,4.6270058000,48,12,36
4275,400,100,40,20,6,2,Grid Scanning,Local,8,0.59815891,11.96317819,35.00%,8.7636029000,0.0053400000,0.0102045000,0.3373847000,0.0987411000,5.9978156000,2.3517241000,0.0000374000,0.0503988000,8.7662597000,60,21,39
4275,400,120,40,20,6,2,Grid Scanning,Local,8,0.45128201,9.02564023,36.11%,10.0055495000,0.0082136000,0.0135281000,0.3662888000,0.1102189000,6.7622693000,2.7833960000,0.0000425000,0.0503101000,10.0072853000,72,26,46
4275,400,140,40,20,6,2,Grid Scanning,Local,8,0.58686634,11.73732687,25.00%,7.7777138000,0.0101562000,0.0121723000,0.3899189000,0.1155281000,5.7460319000,1.5520629000,0.0000491000,0.0540980000,7.7798526000,84,21,63
4275,400,160,40,20,6,2,Grid Scanning,Local,8,0.45830376,9.16607530,36.46%,12.3079117000,0.0144394000,0.0251618000,0.5444874000,0.1639411000,8.3383890000,3.2917946000,0.0000596000,0.0710742000,12.3114731000,96,35,61
4275,400,180,40,20,6,2,Grid Scanning,Local,8,0.58314991,11.66299815,35.19%,12.9992882000,0.0176468000,0.0285275000,0.5884474000,0.1729173000,9.0810592000,3.1949274000,0.0000623000,0.0674143999,13.0032599000,108,38,70
4275,400,200,40,20,6,2,Grid Scanning,Local,8,0.60922298,12.18445965,36.67%,14.6411136000,0.0212701000,0.0358825000,0.6640302000,0.2005502000,10.1324501000,3.6834082000,0.0000750001,0.0790168000,14.6463917000,120,44,76
4275,400,220,40,20,6,2,Grid Scanning,Local,8,0.51616908,10.32338165,42.42%,19.9914041000,0.0264794000,0.0512335001,0.9522508000,0.2960366000,14.3112867000,4.5290075000,0.0000823000,0.0897782000,19.9967311000,132,56,76
4275,400,240,40,20,6,2,Grid Scanning,Local,8,0.51894662,10.37893250,45.83%,23.5171977000,0.0323093000,0.0647448001,1.1873905000,0.3571530000,17.1648121001,4.9399525000,0.0000895000,0.0958601000,23.5207548000,144,66,78
4275,400,260,40,20,6,2,Grid Scanning,Local,8,0.59458299,11.89165984,51.92%,28.7688951000,0.0373444000,0.0874273000,1.5038913999,0.4524786000,21.1731300000,5.8309269000,0.0000946000,0.1009666999,28.7739887000,156,81,75
4275,400,280,40,20,6,2,Grid Scanning,Local,8,0.55707816,11.14156325,56.55%,35.0664706000,0.0444374000,0.1071765001,1.8355865999,0.5540948999,26.5638542999,6.3573671999,0.0001002000,0.1118671000,35.0703704000,168,95,73
4275,400,300,40,20,6,2,Grid Scanning,Local,8,0.55426269,11.08525383,60.56%,34.7884366000,0.0524309000,0.1304502000,1.9061795000,0.5772720000,25.4925567000,7.0249418000,0.0001101000,0.1207551000,34.7954336000,180,109,71
4275,400,320,40,20,6,2,Grid Scanning,Local,8,0.53592678,10.71853559,59.38%,34.8717122000,0.0574189000,0.1375692000,1.9961702001,0.6058180000,26.0346099000,6.4602022000,0.0001122999,0.1306008001,34.8760913000,192,114,78
4275,400,340,40,20,6,2,Grid Scanning,Local,8,0.52075383,10.41507661,63.24%,37.6565922000,0.0601390001,0.1642763000,2.2115601000,0.6715737000,27.8044327000,7.2367345000,0.0001181000,0.1276980000,37.6645785000,204,129,75
4275,400,360,40,20,6,2,Grid Scanning,Local,8,0.53336016,10.66720313,63.43%,42.5678963000,0.0725852000,0.1996543999,2.6415994999,0.8087235000,31.8141401000,7.6000069000,0.0001274000,0.1478641999,42.5742532000,216,137,79
4275,400,380,40,20,6,2,Grid Scanning,Local,8,0.48279124,9.65582476,68.42%,50.5315088000,0.0901118999,0.2443190000,3.1772714000,0.9757018000,37.8791371000,8.8504378999,0.0001381999,0.1665378998,50.5414691000,228,156,72
4275,400,400,40,20,6,2,Grid Scanning,Local,8,0.48053213,9.61064269,71.67%,52.4512937000,0.0901398000,0.2660975000,3.2600295999,0.9880083001,39.5677017000,8.9516161000,0.0001399999,0.1716282999,52.4613245000,240,172,68
4275,400,420,40,20,6,2,Grid Scanning,Local,8,0.51232360,10.24647197,70.24%,52.4425042000,0.0970694000,0.2843167999,3.4813923001,1.0691526999,39.5900766000,8.7337460000,0.0001456000,0.1694740000,52.4525203000,252,177,75
4275,400,440,40,20,6,2,Grid Scanning,Local,8,0.47447688,9.48953754,72.73%,61.4770717000,0.1120853000,0.4383801000,3.9671988000,1.2020221999,46.6845538000,9.8766362000,0.0001591000,0.2104216998,61.4926030000,264,192,72
4275,400,460,40,20,6,2,Grid Scanning,Local,8,0.49619504,9.92390087,75.00%,59.9129137000,0.1151471000,0.3623678999,3.8748757000,1.1962934999,45.2470410000,9.9818562000,0.0001713000,0.1776795000,59.9227042000,276,207,69
4275,400,480,40,20,6,2,Grid Scanning,Local,8,0.45838400,9.16768000,76.39%,65.5467253000,0.1261338000,0.4049021000,4.3863869999,1.3503828999,49.4644843000,10.8220685000,0.0001689000,0.1955059000,65.5538210000,288,220,68
4275,400,500,40,20,6,2,Grid Scanning,Local,8,0.48974350,9.79486994,77.00%,66.5494401000,0.1440932000,0.4617070999,4.7193094000,1.4514128998,49.8695729000,11.0198943999,0.0001728000,0.2051047999,66.5620693000,300,231,69
4275,400,520,40,20,6,2,Grid Scanning,Local,8,0.45732255,9.14645095,80.45%,74.4062607000,0.1503937000,0.4950235999,5.3953644001,1.6455762000,56.9058363000,11.0719988000,0.0001750999,0.2174309001,74.4164804000,312,251,61
4275,400,540,40,20,6,2,Grid Scanning,Local,8,0.43775788,8.75515752,82.72%,74.7153840000,0.1625640001,0.5440723000,5.6175110999,1.7522510999,56.6216846000,11.4162366000,0.0001793999,0.2151050000,74.7236460000,324,268,56
4275,400,560,40,20,6,2,Grid Scanning,Local,8,0.43792058,8.75841163,79.46%,77.0691812000,0.1819718000,0.5791310999,5.7791736999,1.7753378999,58.4732048001,11.6560331000,0.0001899000,0.2325399001,77.0817253000,336,267,69
4275,400,580,40,20,6,2,Grid Scanning,Local,8,0.42648656,8.52973121,81.32%,78.9255721000,0.1891447000,0.6171348999,6.1069758001,1.9003127999,59.8043522000,11.8395804000,0.0001950001,0.2413597001,78.9331146000,348,283,65
4275,400,600,40,20,6,2,Grid Scanning,Local,8,0.41199258,8.23985167,86.11%,79.0266143000,0.2065088000,0.6597015999,6.3423040999,1.9782820000,59.6732419999,11.7198395000,0.0001924000,0.2638744999,79.0398082000,360,310,50
4275,400,620,40,20,6,2,Grid Scanning,Local,8,0.40115886,8.02317721,81.99%,85.4841894000,0.2133842000,0.7663411998,6.9823811001,2.1533585999,65.3794623000,11.7128385000,0.0002056000,0.2919839999,85.4964611000,372,305,67
4275,400,640,40,20,6,2,Grid Scanning,Local,8,0.40767494,8.15349872,87.50%,91.2274461000,0.2277128000,0.8154821001,7.5544457998,2.3446186000,69.5630674001,12.7018709000,0.0002119000,0.2618309999,91.2385945000,384,336,48
4275,400,660,40,20,6,2,Grid Scanning,Local,8,0.42001641,8.40032821,85.86%,87.6211561000,0.2370837000,0.7970673000,7.2227768000,2.2813842999,66.6336989999,12.3339544000,0.0002086999,0.2601228999,87.6361372000,396,340,56
4275,400,680,40,20,6,2,Grid Scanning,Local,8,0.40366055,8.07321095,85.54%,95.0519197000,0.2572474999,0.8909121999,8.0736035000,2.5106638000,72.7465073000,12.6634483999,0.0002258999,0.2847264000,95.0666856000,408,349,59
4275,400,700,40,20,6,2,Grid Scanning,Local,8,0.39085559,7.81711170,88.57%,96.1712708000,0.2805609000,0.9400496000,8.4577404000,2.6535321998,73.2490732000,12.8389687000,0.0002144000,0.2771742000,96.1887924000,420,372,48
4275,400,720,40,20,6,2,Grid Scanning,Local,8,0.38403577,7.68071537,92.59%,101.2807526000,0.2824456000,1.0411560001,9.0615074998,2.8404916998,76.7896260999,13.5991077000,0.0002371000,0.2932707999,101.2952836000,432,400,32
4275,400,740,40,20,6,2,Grid Scanning,Local,8,0.37102548,7.42050962,89.86%,101.8642694000,0.3088779000,1.1026801999,9.1812774999,2.8983903000,76.6637041000,14.0779991000,0.0002386001,0.3112972001,101.8798536000,444,399,45
4275,400,760,40,20,6,2,Grid Scanning,Local,8,0.37569947,7.51398933,91.45%,102.7601398000,0.3059464001,1.1645241001,9.2494789000,2.8916830999,77.5814458000,14.1318207000,0.0002366000,0.2239889002,102.7678322000,456,417,39
4275,400,780,40,20,6,2,Grid Scanning,Local,8,0.34134776,6.82695530,86.11%,99.4558863000,0.3354561999,1.1390083000,9.4364604000,2.9685927001,75.4623083000,12.7462041000,0.0002757001,0.2147095000,99.4689650000,468,403,65
4275,400,800,40,20,6,2,Grid Scanning,Local,8,0.37479932,7.49598643,91.25%,111.2773999000,0.3528494000,1.3145120000,10.1014862999,3.1561803000,84.8943402998,14.2343511999,0.0002526001,0.2327440001,111.2893399000,480,438,42
4275,400,820,40,20,6,2,Grid Scanning,Local,8,0.34045765,6.80915307,91.06%,110.1585206000,0.3603295000,1.2983298000,10.3466689002,3.2733347000,84.2708504000,13.5129846000,0.0002668000,0.2377452000,110.1751314000,492,448,44
4275,400,840,40,20,6,2,Grid Scanning,Local,8,0.34976835,6.99536696,91.27%,112.9439054000,0.3842565000,1.4214996998,11.0137402999,3.5036907003,85.1817006000,14.5677825001,0.0002715001,0.2465584000,112.9606670000,504,460,44
4275,400,860,40,20,6,2,Grid Scanning,Local,8,0.32293831,6.45876612,94.96%,124.8470921000,0.4365045999,1.6264043001,12.5444181999,3.9785629002,94.1434554001,15.5298999000,0.0002775000,0.2558217999,124.8636321000,516,490,26
4275,400,880,40,20,6,2,Grid Scanning,Local,8,0.31765251,6.35305024,91.29%,117.2492280000,0.4234061998,1.5526875000,11.7184793000,3.7383350002,89.0831516000,14.0699411999,0.0002749999,0.2575242999,117.2660572000,528,482,46
4275,400,900,40,20,6,2,Grid Scanning,Local,8,0.34092077,6.81841533,93.52%,110.1334582000,0.4162175001,1.5500466001,11.1916063000,3.6030109999,82.4232294000,14.1582085000,0.0002702000,0.2448961002,110.1438493000,540,505,35
4275,400,920,40,20,6,2,Grid Scanning,Local,8,0.31983192,6.39663835,91.49%,106.0822386000,0.4274737000,1.4952766001,11.6677857998,4.0513605999,79.0620334000,13.0120980999,0.0002774000,0.2537218000,106.0924113000,552,505,47
4275,400,940,40,20,6,2,Grid Scanning,Local,8,0.33864974,6.77299485,94.15%,121.0023800000,0.4645244000,1.7466304001,13.1780325997,4.7146610000,90.1655239999,15.0580591999,0.0002929999,0.2558723000,121.0233866000,564,531,33
4275,400,960,40,20,6,2,Grid Scanning,Local,8,0.32974838,6.59496764,95.66%,118.0879484000,0.4775217000,1.7910068001,12.7246962002,4.1478757000,87.9766200001,14.6937166001,0.0002935001,0.2635967001,118.1077520000,576,551,25
4275,400,980,40,20,6,2,Grid Scanning,Local,8,0.32262837,6.45256743,95.07%,110.4321863000,0.4681197999,1.7146216001,12.4577287000,4.1144697999,82.0258802000,13.3921670001,0.0002986000,0.2535245999,110.4467452000,588,559,29
4275,400,1000,40,20,6,2,Grid Scanning,Local,8,0.30955048,6.19100953,95.00%,95.9751609000,0.4233817001,1.5825013001,11.3436167999,3.7405494001,70.4833999999,11.8030088000,0.0002678000,0.2461172001,95.9950381000,600,570,30
4275,400,60,40,20,6,2,Grid Scanning,Local,10,0.60799571,12.15991426,16.67%,1.6473524000,0.0016078000,0.0014738000,0.0662159000,0.0193570000,0.9835655000,0.5554746000,0.0000202000,0.0341572000,1.6492097000,36,6,30
4275,400,80,40,20,6,2,Grid Scanning,Local,10,0.64017480,12.80349597,25.00%,3.5950210000,0.0028760000,0.0038215000,0.1623174000,0.0459285000,2.4992683000,0.8856400000,0.0000265000,0.0334882000,3.5967261000,48,12,36
4275,400,100,40,20,6,2,Grid Scanning,Local,10,0.59815891,11.96317819,35.00%,6.8105413000,0.0048848000,0.0079501000,0.3302061000,0.0929122000,4.6645960000,1.7477610000,0.0000335000,0.0450307000,6.8122068000,60,21,39
4275,400,120,40,20,6,2,Grid Scanning,Local,10,0.45120458,9.02409152,36.11%,7.5214150000,0.0062474000,0.0112270000,0.3668180000,0.1040660000,4.9676428000,2.1064304000,0.0000378000,0.0502969001,7.5248579000,72,26,46
4275,400,140,40,20,6,2,Grid Scanning,Local,10,0.58686634,11.73732687,25.00%,6.2765717000,0.0095707000,0.0104213000,0.3673216000,0.1002242000,4.5373796000,1.2862021000,0.0000504001,0.0531864000,6.2801521000,84,21,63
4275,400,160,40,20,6,2,Grid Scanning,Local,10,0.45830376,9.16607530,36.46%,9.4424648000,0.0114963000,0.0203855000,0.5388060000,0.1489626000,6.3055615000,2.4800427000,0.0000556000,0.0602329999,9.4446707000,96,35,61
4275,400,180,40,20,6,2,Grid Scanning,Local,10,0.58314991,11.66299815,35.19%,10.1111970000,0.0170158001,0.0241233000,0.5730557000,0.1608317000,6.9619131000,2.4397718000,0.0000631000,0.0630262000,10.1136406000,108,38,70
4275,400,200,40,20,6,2,Grid Scanning,Local,10,0.60898284,12.17965675,36.67%,10.9348957000,0.0187533000,0.0306359000,0.6604995000,0.1837377000,7.2985933000,2.8152373000,0.0000736000,0.0684866000,10.9377361000,120,44,76
4275,400,220,40,20,6,2,Grid Scanning,Local,10,0.51502205,10.30044091,42.42%,14.6659878000,0.0241920000,0.0418443000,0.8729534000,0.2486870000,10.3271606000,3.2822974000,0.0000835000,0.0784174000,14.6701501000,132,56,76
4275,400,240,40,20,6,2,Grid Scanning,Local,10,0.51746178,10.34923564,45.83%,17.2002926000,0.0258276000,0.0502964000,1.0889395000,0.3097693999,12.3309788000,3.5878478000,0.0000806000,0.0810732000,17.2033308000,144,66,78
4275,400,260,40,20,6,2,Grid Scanning,Local,10,0.59328844,11.86576888,51.92%,21.4358906000,0.0303983000,0.0637187000,1.3292374000,0.3781458999,15.5878479000,4.3035193000,0.0000793000,0.0859825000,21.4388394000,156,81,75
4275,400,280,40,20,6,2,Grid Scanning,Local,10,0.55500454,11.10009087,56.55%,23.1443652000,0.0305128000,0.0694417999,1.4852721000,0.4256883000,17.1442220000,4.2985726000,0.0000792000,0.0820747000,23.1478070000,168,95,73
4275,400,300,40,20,6,2,Grid Scanning,Local,10,0.55249848,11.04996952,60.56%,22.9046034000,0.0363746000,0.0893510000,1.5905669000,0.4573829000,16.4482540000,4.6095444000,0.0000884999,0.0914231999,22.9086794000,180,109,71
4275,400,320,40,20,6,2,Grid Scanning,Local,10,0.53524838,10.70496757,59.38%,24.1298994000,0.0410377000,0.0995693001,1.7601066000,0.5110816001,17.5340110000,4.5544433000,0.0000955000,0.0952297000,24.1338949000,192,114,78
4275,400,340,40,20,6,2,Grid Scanning,Local,10,0.52041093,10.40821862,63.24%,26.5005070000,0.0467424000,0.1182307001,1.9430585000,0.5609389001,19.1932774000,5.0413909000,0.0001003999,0.1052355001,26.5049379000,204,129,75
4275,400,360,40,20,6,2,Grid Scanning,Local,10,0.53134227,10.62684544,63.43%,27.5929537000,0.0583170000,0.1310896000,2.1641059000,0.6357874999,20.0055647000,5.0229387000,0.0001079000,0.1129185001,27.5968083000,216,137,79
4275,400,380,40,20,6,2,Grid Scanning,Local,10,0.48444340,9.68886809,68.42%,31.7970370000,0.0593328001,0.1544232000,2.4550054001,0.7012757000,23.2890411000,5.6506757000,0.0001134000,0.1211998001,31.8031274000,228,156,72
4275,400,400,40,20,6,2,Grid Scanning,Local,10,0.47957053,9.59141059,71.67%,34.9771135000,0.0638776000,0.1799698000,2.7581357000,0.7885280000,25.8106068000,5.9894665999,0.0001150999,0.1257038999,34.9819192000,240,172,68
4275,400,420,40,20,6,2,Grid Scanning,Local,10,0.51106076,10.22121521,70.24%,34.1612856000,0.0704065001,0.1876766000,2.8394685000,0.8233955001,25.0669900000,5.7975841000,0.0001156000,0.1338485001,34.1664264000,252,177,75
4275,400,440,40,20,6,2,Grid Scanning,Local,10,0.47128187,9.42563743,72.73%,39.0951847000,0.0792509000,0.2164702000,3.1972430000,0.9289993998,29.0955206001,6.3138666000,0.0001269999,0.1404464001,39.0999863000,264,192,72
4275,400,460,40,20,6,2,Grid Scanning,Local,10,0.49157554,9.83151073,75.00%,39.6568494000,0.0847382999,0.2476459000,3.2697041998,0.9485253001,29.0342546000,6.7998498000,0.0001289000,0.1490875000,39.6632479000,276,207,69
4275,400,480,40,20,6,2,Grid Scanning,Local,10,0.45791488,9.15829769,76.39%,41.1645974000,0.0918832999,0.2729893001,3.6274598001,1.0647784999,30.0312239000,6.9107891000,0.0001471000,0.1569488000,41.1699897000,288,220,68
4275,400,500,40,20,6,2,Grid Scanning,Local,10,0.47824644,9.56492880,77.00%,42.0898242000,0.0988079000,0.3016762999,3.8063962001,1.1258256001,30.4083821000,7.2409653000,0.0001404000,0.1577735998,42.1010578000,300,231,69
4275,400,520,40,20,6,2,Grid Scanning,Local,10,0.45380088,9.07601763,80.45%,48.0900739000,0.1101342000,0.3354248001,4.4941782001,1.3152000999,35.7654884001,7.1683331000,0.0001426000,0.1598680999,48.0983058000,312,251,61
4275,400,540,40,20,6,2,Grid Scanning,Local,10,0.43392177,8.67843548,82.72%,46.4771471000,0.1173007000,0.3535685001,4.4319644999,1.3042368000,34.1362240999,7.2010996999,0.0001424000,0.1708322000,46.5370166000,324,268,56
4275,400,560,40,20,6,2,Grid Scanning,Local,10,0.43320992,8.66419835,79.46%,46.6497648000,0.1252484000,0.3734828999,4.5488405000,1.3389705002,34.0074120000,7.3440040000,0.0001484000,0.1793691000,46.6552576000,336,267,69
4275,400,580,40,20,6,2,Grid Scanning,Local,10,0.42136817,8.42736342,81.32%,49.7048762000,0.1345657000,0.4132897001,4.8904021000,1.4342325001,36.5353310000,7.4660779000,0.0001591001,0.1820406000,49.7116436000,348,283,65
4275,400,600,40,20,6,2,Grid Scanning,Local,10,0.40744878,8.14897562,86.11%,52.1282631000,0.1452034000,0.4675690000,5.3522914999,1.5959866002,37.9813902000,7.9027272000,0.0001576001,0.1869447000,52.1352057000,360,310,50
4275,400,620,40,20,6,2,Grid Scanning,Local,10,0.39363365,7.87267303,81.99%,53.2463925000,0.1564600000,0.4732443000,5.5988843000,1.6462868998,39.1783635001,7.5677596000,0.0001636000,0.1996540000,53.2531110000,372,305,67
4275,400,640,40,20,6,2,Grid Scanning,Local,10,0.40310588,8.06211752,87.50%,56.2567726000,0.1630705000,0.5194204001,6.0240994000,1.7761299001,41.2678114001,8.0132827001,0.0001661000,0.2002594000,56.2679593000,384,336,48
4275,400,660,40,20,6,2,Grid Scanning,Local,10,0.41688525,8.33770490,85.86%,54.7275130000,0.1654780999,0.5491138002,5.8502042999,1.7331128999,39.9375422000,7.9411427000,0.0001683000,0.1953350000,54.7346330000,396,340,56
4275,400,680,40,20,6,2,Grid Scanning,Local,10,0.39965264,7.99305287,85.54%,59.7710331000,0.1861135000,0.5911238000,6.5314510000,1.9281088000,44.0167531000,8.1538225000,0.0001764999,0.2117054000,59.7791986000,408,349,59
4275,400,700,40,20,6,2,Grid Scanning,Local,10,0.38609944,7.72198880,88.57%,62.1475366000,0.1943219000,0.6337782001,6.9081815001,2.0405300003,45.5320991999,8.5656606000,0.0001821001,0.2217701000,62.1568846000,420,372,48
4275,400,720,40,20,6,2,Grid Scanning,Local,10,0.38129382,7.62587632,92.59%,64.2762065000,0.2013246999,0.7025874000,7.4361628999,2.1987071999,46.5464055999,9.0740386000,0.0001787000,0.2257445999,64.2835659000,432,400,32
4275,400,740,40,20,6,2,Grid Scanning,Local,10,0.36784165,7.35683295,89.86%,63.5509633000,0.2177874000,0.7130990001,7.3466150000,2.1918268001,46.0057456999,8.9589211000,0.0002092001,0.2284444001,63.5592391000,444,399,45
4275,400,760,40,20,6,2,Grid Scanning,Local,10,0.36983299,7.39665983,91.45%,65.3965141000,0.2277949998,0.8051887000,7.6116021999,2.2454141001,47.2586724000,9.2231937999,0.0001899000,0.1774172000,65.4067353000,456,417,39
4275,400,780,40,20,6,2,Grid Scanning,Local,10,0.33967301,6.79346011,86.11%,62.5149304000,0.2401782000,0.7462264001,7.6752035000,2.2688722001,45.3828760000,8.2206744000,0.0002034000,0.1748623000,62.5244756000,468,403,65
4275,400,800,40,20,6,2,Grid Scanning,Local,10,0.36833455,7.36669106,91.25%,69.1631148000,0.2567349000,0.8547482998,8.2950610002,2.4472044000,49.9656674000,9.5174413000,0.0001978000,0.1849128001,69.1778341000,480,438,42
4275,400,820,40,20,6,2,Grid Scanning,Local,10,0.33772315,6.75446291,91.06%,69.6526336000,0.2747944000,0.8956586000,8.5264395999,2.5552215001,50.4872773001,9.1865493000,0.0002085999,0.1932297000,69.6638766000,492,448,44
4275,400,840,40,20,6,2,Grid Scanning,Local,10,0.34760661,6.95213217,91.27%,69.4827223000,0.2746482001,0.9178117000,8.7955709999,2.6390627999,49.8120481000,9.4093472000,0.0002131001,0.1962007999,69.4934335000,504,460,44
4275,400,860,40,20,6,2,Grid Scanning,Local,10,0.31818874,6.36377475,94.96%,72.5898370000,0.2899719000,1.0018449999,9.3639641000,2.8052384998,52.4033006001,9.2589535001,0.0002119001,0.1954182000,72.6009852000,516,490,26
4275,400,880,40,20,6,2,Grid Scanning,Local,10,0.31158436,6.23168714,91.29%,75.9148899000,0.3258271000,1.0812134000,9.9887405000,3.0496593999,54.7858306999,9.4324682000,0.0002438000,0.2127052000,75.9256409000,528,482,46
4275,400,900,40,20,6,2,Grid Scanning,Local,10,0.33195154,6.63903080,93.52%,81.5501042000,0.3705402000,1.2247822998,10.6353737000,3.2859021001,58.2024988001,10.7521004000,0.0002647000,0.2185213001,81.5604886000,540,505,35
4275,400,920,40,20,6,2,Grid Scanning,Local,10,0.31815770,6.36315402,91.49%,80.5966268000,0.3732213000,1.2086093001,10.6908539999,3.3319544999,57.6438389001,10.3531266001,0.0002766000,0.2171029000,80.6112992000,552,505,47
4275,400,940,40,20,6,2,Grid Scanning,Local,10,0.33179899,6.63597980,94.15%,84.3215137000,0.3929531000,1.3289695999,11.2729326000,3.5119354000,59.9127030000,11.0738791000,0.0002662001,0.2232301999,84.3340027000,564,531,33
4275,400,960,40,20,6,2,Grid Scanning,Local,10,0.32627876,6.52557521,95.66%,88.2854328000,0.4173718001,1.4156987998,12.0266198999,3.7504308000,62.5173614000,11.5407693000,0.0003057999,0.2310408000,88.3038233000,576,551,25
4275,400,980,40,20,6,2,Grid Scanning,Local,10,0.31589101,6.31782017,95.07%,90.6396867000,0.4293651001,1.4760627001,12.7264382000,3.9179143000,64.3252374000,11.3503222001,0.0002842000,0.2354802999,90.6589519000,588,559,29
4275,400,1000,40,20,6,2,Grid Scanning,Local,10,0.30226414,6.04528273,95.00%,87.0487722000,0.4567773000,1.5233210001,12.7346101001,4.0007448998,60.8356071000,11.1533298000,0.0002884001,0.2351176000,87.0641236000,600,570,30
4275,400,60,40,20,6,2,Grid Scanning,Local,10,0.60799571,12.15991426,16.67%,1.8513461000,0.0019956000,0.0015201000,0.0698081000,0.0203757000,1.0838680000,0.6523487000,0.0000219000,0.0364158000,1.8533953000,36,6,30
4275,400,80,40,20,6,2,Grid Scanning,Local,10,0.64017480,12.80349597,25.00%,3.8914443000,0.0031475000,0.0042866000,0.1832857000,0.0571896000,2.6197703000,1.0363795000,0.0000264001,0.0360571000,3.8926761000,48,12,36
4275,400,100,40,20,6,2,Grid Scanning,Local,10,0.59815891,11.96317819,35.00%,7.5166067000,0.0064774000,0.0086526000,0.3983448000,0.1096993000,5.0212385000,1.9987247000,0.0000417000,0.0482040000,7.5182088000,60,21,39
4275,400,120,40,20,6,2,Grid Scanning,Local,10,0.45120458,9.02409152,36.11%,7.9210847000,0.0074557000,0.0124779000,0.3871557000,0.1142253000,5.1316234000,2.3070005000,0.0000420000,0.0560583000,7.9229089000,72,26,46
4275,400,140,40,20,6,2,Grid Scanning,Local,10,0.58686634,11.73732687,25.00%,6.3875516000,0.0087345000,0.0102667000,0.3790170000,0.1117158000,4.6845799000,1.2427938000,0.0000473000,0.0509536000,6.3894076000,84,21,63
4275,400,160,40,20,6,2,Grid Scanning,Local,10,0.45830376,9.16607530,36.46%,10.0236552000,0.0128663999,0.0236434000,0.5683486000,0.1705984000,6.6279115000,2.6948316000,0.0000561000,0.0632856000,10.0266912000,96,35,61
4275,400,180,40,20,6,2,Grid Scanning,Local,10,0.58314991,11.66299815,35.19%,10.2120916000,0.0159579000,0.0237347000,0.5905273000,0.1673449001,6.9472618000,2.5434000000,0.0000687000,0.0686760000,10.2148981000,108,38,70
4275,400,200,40,20,6,2,Grid Scanning,Local,10,0.60898284,12.17965675,36.67%,10.8618297000,0.0180561000,0.0309307999,0.6591440000,0.1955519999,7.2454549000,2.8110349000,0.0000696000,0.0702218999,10.8645052000,120,44,76
4275,400,220,40,20,6,2,Grid Scanning,Local,10,0.51502205,10.30044091,42.42%,14.9434396000,0.0235237000,0.0392883000,0.8892118000,0.2598857000,10.7043499000,3.1805215000,0.0000794000,0.0778182000,14.9464092000,132,56,76
4275,400,240,40,20,6,2,Grid Scanning,Local,10,0.51746178,10.34923564,45.83%,17.9522190000,0.0291889000,0.0517280000,1.1253541000,0.3330056000,12.8918560000,3.7347284000,0.0000851000,0.0890890000,17.9577614000,144,66,78
4275,400,260,40,20,6,2,Grid Scanning,Local,10,0.59328844,11.86576888,51.92%,21.4866977000,0.0355448000,0.0700974001,1.4393746000,0.4243885000,15.5562637000,4.2437438000,0.0000947000,0.0955792000,21.4909133000,156,81,75
4275,400,280,40,20,6,2,Grid Scanning,Local,10,0.55500454,11.10009087,56.55%,26.0239924000,0.0364279000,0.0826784000,1.7088809000,0.4953358000,19.2853092000,4.7770221000,0.0000930000,0.0989235000,26.0289392000,168,95,73
4275,400,300,40,20,6,2,Grid Scanning,Local,10,0.55249848,11.04996952,60.56%,26.5622655000,0.0439653001,0.1024320000,1.8128511999,0.5329241999,19.0284790000,5.4139116000,0.0001056000,0.1077311000,26.5663589000,180,109,71
4275,400,320,40,20,6,2,Grid Scanning,Local,10,0.53524838,10.70496757,59.38%,27.9137304000,0.0505442999,0.1177494999,2.0643577001,0.5979854001,20.3904838000,5.0990009000,0.0001127000,0.1174143000,27.9175963000,192,114,78
4275,400,340,40,20,6,2,Grid Scanning,Local,10,0.52041093,10.40821862,63.24%,29.7253846000,0.0651467000,0.1404611999,2.2875757001,0.6785804000,21.3893565001,5.6701614000,0.0001148001,0.1229263000,29.7698114000,204,129,75
4275,400,360,40,20,6,2,Grid Scanning,Local,10,0.53134227,10.62684544,63.43%,31.3308115000,0.0642974000,0.1553508000,2.5111607000,0.7446860002,22.5752281000,5.8271312000,0.0001227000,0.1277334000,31.3355944000,216,137,79
4275,400,380,40,20,6,2,Grid Scanning,Local,10,0.48444340,9.68886809,68.42%,35.7624024000,0.0651837000,0.1739110999,2.7135280000,0.7963834002,26.3735332999,6.2371664999,0.0001243001,0.1406340001,35.7706728000,228,156,72
4275,400,400,40,20,6,2,Grid Scanning,Local,10,0.47957053,9.59141059,71.67%,39.6513747000,0.0745010000,0.2049646000,3.0920607999,0.9217604000,29.1611244000,6.9083437000,0.0001262001,0.1484075000,39.6563032000,240,172,68
4275,400,420,40,20,6,2,Grid Scanning,Local,10,0.51106076,10.22121521,70.24%,39.2085113000,0.0879389000,0.2281385002,3.3668019001,0.9946456999,28.8548747999,6.4412957000,0.0001384999,0.1553588999,39.2137506000,252,177,75
4275,400,440,40,20,6,2,Grid Scanning,Local,10,0.47128187,9.42563743,72.73%,44.6991736000,0.0922494000,0.2531105999,3.7289612000,1.1101745000,33.2467506999,7.1482860999,0.0001423000,0.1586973000,44.7067169000,264,192,72
4275,400,460,40,20,6,2,Grid Scanning,Local,10,0.49157554,9.83151073,75.00%,45.0947497000,0.1007804000,0.2859824000,3.7044757001,1.1170253000,33.2054274999,7.5366599999,0.0001628999,0.1716172000,45.1052403000,276,207,69
4275,400,480,40,20,6,2,Grid Scanning,Local,10,0.45791488,9.15829769,76.39%,46.9915570000,0.1105746999,0.3179780000,4.1191657999,1.2334797999,34.2531204000,7.9207378999,0.0001438000,0.1703314000,47.0063565000,288,220,68
4275,400,500,40,20,6,2,Grid Scanning,Local,10,0.47824644,9.56492880,77.00%,48.2702846000,0.1180665000,0.3515984000,4.3748628000,1.3078169001,34.8973417000,8.2146254999,0.0001824999,0.1873723000,48.3184953000,300,231,69
4275,400,520,40,20,6,2,Grid Scanning,Local,10,0.45380088,9.07601763,80.45%,54.2343250000,0.1334837002,0.3819988000,5.0949339001,1.5370505000,40.1830530000,8.1803117000,0.0002067000,0.1948275001,54.2405357000,312,251,61
4275,400,540,40,20,6,2,Grid Scanning,Local,10,0.43392177,8.67843548,82.72%,59.7960261000,0.1605999999,0.4684792999,5.7522275001,1.7399167001,44.0310727000,8.9923517000,0.0001820000,0.2354173001,59.8119931000,324,268,56
4275,400,560,40,20,6,2,Grid Scanning,Local,10,0.43320992,8.66419835,79.46%,54.0647392000,0.1550048999,0.4439376001,5.3380746001,1.6077474001,39.3753711001,8.3998269000,0.0001814999,0.2125460000,54.0748383000,336,267,69
4275,400,580,40,20,6,2,Grid Scanning,Local,10,0.42136817,8.42736342,81.32%,56.4080520000,0.1651505000,0.4775779000,5.7849384001,1.7292341000,41.2099081000,8.4745103000,0.0001793000,0.2107791000,56.4200219000,348,283,65
4275,400,600,40,20,6,2,Grid Scanning,Local,10,0.40744878,8.14897562,86.11%,59.3487873000,0.1759510001,0.5438189000,6.2181341999,1.8468360000,43.0590216000,9.0276612000,0.0001985000,0.2246054000,59.3605151000,360,310,50
4275,400,620,40,20,6,2,Grid Scanning,Local,10,0.39363365,7.87267303,81.99%,60.5034617000,0.1807661000,0.5531978999,6.5485066002,1.9770656001,44.6411922000,8.2633284000,0.0001985999,0.2293224000,60.5167905000,372,305,67
4275,400,640,40,20,6,2,Grid Scanning,Local,10,0.40310588,8.06211752,87.50%,63.8555184000,0.1913497001,0.6093712001,6.9580917000,2.1222521001,46.5998600000,9.1781366000,0.0002042000,0.2388842000,63.8653340000,384,336,48
4275,400,660,40,20,6,2,Grid Scanning,Local,10,0.41688525,8.33770490,85.86%,65.0117765000,0.2070451000,0.6483958999,7.0632192001,2.1668736000,47.3770522000,9.3644631999,0.0002024000,0.2420427000,65.0263676000,396,340,56
4275,400,680,40,20,6,2,Grid Scanning,Local,10,0.39965264,7.99305287,85.54%,67.9415794000,0.2135491000,0.6651607999,7.4078024002,2.2562110999,50.0725939999,9.2605600000,0.0002035000,0.2394595001,67.9497630000,408,349,59
4275,400,700,40,20,6,2,Grid Scanning,Local,10,0.38609944,7.72198880,88.57%,70.6791088000,0.2274044000,0.7415143998,8.0283928999,2.4265313002,51.6148329000,9.7119463000,0.0002134000,0.2493357999,70.6896669000,420,372,48
4275,400,720,40,20,6,2,Grid Scanning,Local,10,0.38129382,7.62587632,92.59%,73.2809870000,0.2435702999,0.8725457998,8.6863309000,2.6263344999,53.0218471000,10.0680159999,0.0002283000,0.2664743999,73.2916510000,432,400,32
4275,400,740,40,20,6,2,Grid Scanning,Local,10,0.36784165,7.35683295,89.86%,72.8706395000,0.2589815002,0.8453764001,8.6011142999,2.6344112998,52.3378892999,10.4494178000,0.0003130001,0.2689070999,72.8811856000,444,399,45
4275,400,760,40,20,6,2,Grid Scanning,Local,10,0.36983299,7.39665983,91.45%,74.9427940000,0.2679155999,0.9258961000,9.0168307001,2.7196369999,53.7628255999,10.6557072999,0.0002398000,0.1940466001,74.9515004000,456,417,39
4275,400,780,40,20,6,2,Grid Scanning,Local,10,0.33967301,6.79346011,86.11%,71.9140396000,0.2805997000,0.9046811000,9.0850633000,2.7563661002,51.9445642000,9.3939350999,0.0002635001,0.2023149000,71.9333085000,468,403,65
4275,400,800,40,20,6,2,Grid Scanning,Local,10,0.36833455,7.36669106,91.25%,78.6509910000,0.2932734999,0.9921065999,9.5221100998,2.9013845000,56.9499011000,10.5731988000,0.0002490001,0.2093933000,78.6867343000,480,438,42
4275,400,820,40,20,6,2,Grid Scanning,Local,10,0.33772315,6.75446291,91.06%,80.0326840000,0.3225298000,1.0441835001,10.0119762001,3.0866144002,57.8952441000,10.4349388000,0.0002495999,0.2216678999,80.0423383000,492,448,44
4275,400,840,40,20,6,2,Grid Scanning,Local,10,0.34760661,6.95213217,91.27%,81.1053900000,0.3454538001,1.1100529000,10.4471674998,3.2212389001,58.1302639000,10.7347542000,0.0002520001,0.2249235002,81.1206745000,504,460,44
4275,400,860,40,20,6,2,Grid Scanning,Local,10,0.31818874,6.36377475,94.96%,84.5673786000,0.3493988001,1.2066448999,11.2501725003,3.4752086001,60.5751405001,10.8354567000,0.0002678000,0.2202788001,84.5795678000,516,490,26
4275,400,880,40,20,6,2,Grid Scanning,Local,10,0.31158436,6.23168714,91.29%,83.0898593000,0.3571523001,1.2174399999,11.0791053998,3.4557536998,59.3539140001,10.7279018999,0.0002681999,0.2320479000,83.1121610000,528,482,46
4275,400,900,40,20,6,2,Grid Scanning,Local,10,0.33195154,6.63903080,93.52%,84.6439339000,0.3624889001,1.2343416000,10.7999504003,3.3415902002,60.7774443000,11.1230793999,0.0002630000,0.2298875000,84.6544764000,540,505,35
4275,400,920,40,20,6,2,Grid Scanning,Local,10,0.31815770,6.36315402,91.49%,79.3494949000,0.3391637999,1.2112964000,10.2907285001,3.1210156999,56.8159181000,10.3692534999,0.0002548999,0.2093143001,79.3682816000,552,505,47
4275,400,940,40,20,6,2,Grid Scanning,Local,10,0.33179899,6.63597980,94.15%,82.6243147000,0.3696182000,1.2483625000,10.8533315001,3.2786641998,58.8767854001,10.9523349000,0.0002766000,0.2030081001,82.6342655000,564,531,33
4275,400,960,40,20,6,2,Grid Scanning,Local,10,0.32627876,6.52557521,95.66%,85.0131347000,0.3725756999,1.3132354000,11.3637938001,3.4506149002,60.4749701999,11.1923864999,0.0002391000,0.2034127999,85.0229665000,576,551,25
4275,400,980,40,20,6,2,Grid Scanning,Local,10,0.31589101,6.31782017,95.07%,86.4453004000,0.4232198999,1.3951732999,11.8549099998,3.6439576002,61.4362929000,11.0071921001,0.0002637997,0.2087208001,86.4619541000,588,559,29
4275,400,1000,40,20,6,2,Grid Scanning,Local,10,0.30226414,6.04528273,95.00%,85.0020471000,0.4009664001,1.4217941999,12.0121332001,3.6387845000,59.7372937000,11.0843962000,0.0002683000,0.2170631998,85.0172898000,600,570,30
4275,400,60,40,20,6,2,Grid Scanning,Local,10,0.60799571,12.15991426,16.67%,1.5713152000,0.0013877000,0.0017427000,0.0720616000,0.0216407000,0.9047323000,0.5497448000,0.0000177000,0.0360386000,1.5728683000,36,6,30
4275,400,80,40,20,6,2,Grid Scanning,Local,10,0.64017480,12.80349597,25.00%,3.4800264000,0.0025465000,0.0036641000,0.1578455000,0.0468513000,2.4035944000,0.8716117000,0.0000239000,0.0332867000,3.4812707000,48,12,36
4275,400,100,40,20,6,2,Grid Scanning,Local,10,0.59815891,11.96317819,35.00%,6.5243140000,0.0045408000,0.0071340000,0.3163479000,0.0879507000,4.3400072000,1.8051548000,0.0000314000,0.0409554000,6.5257531000,60,21,39
4275,400,120,40,20,6,2,Grid Scanning,Local,10,0.45120458,9.02409152,36.11%,7.5108709000,0.0081523000,0.0116119000,0.3590914000,0.1080066000,4.8261335000,2.2095706000,0.0000450000,0.0494293000,7.5125957000,72,26,46
4275,400,140,40,20,6,2,Grid Scanning,Local,10,0.58686634,11.73732687,25.00%,6.0320330000,0.0088449999,0.0094852000,0.3573158000,0.1018180000,4.3551340000,1.2348179000,0.0000502000,0.0546035000,6.0403128000,84,21,63
4275,400,160,40,20,6,2,Grid Scanning,Local,10,0.45830376,9.16607530,36.46%,9.2179018000,0.0109152000,0.0182354001,0.5065772000,0.1431817000,6.0828075000,2.5240142000,0.0000524000,0.0566051000,9.2205708000,96,35,61
4275,400,180,40,20,6,2,Grid Scanning,Local,10,0.58314991,11.66299815,35.19%,9.5231438000,0.0140665000,0.0216848000,0.5378921000,0.1574445000,6.5259112000,2.3435457000,0.0000879000,0.0594545000,9.5265376000,108,38,70
4275,400,200,40,20,6,2,Grid Scanning,Local,10,0.60898284,12.17965675,36.67%,10.2403028000,0.0179928000,0.0270820000,0.6043165000,0.1742678000,6.8160775000,2.6708399000,0.0000695000,0.0669478000,10.2431252000,120,44,76
4275,400,220,40,20,6,2,Grid Scanning,Local,10,0.51502205,10.30044091,42.42%,13.9985442000,0.0221987000,0.0376579000,0.8510219000,0.2463578000,9.8989509000,3.0852012000,0.0000732000,0.0754961000,14.0022991000,132,56,76
4275,400,240,40,20,6,2,Grid Scanning,Local,10,0.51746178,10.34923564,45.83%,16.9953640000,0.0294396000,0.0472087000,1.0615746000,0.3063856000,12.2235337000,3.5016633000,0.0000835000,0.0880322001,17.0014911000,144,66,78
4275,400,260,40,20,6,2,Grid Scanning,Local,10,0.59328844,11.86576888,51.92%,20.0124641000,0.0283415000,0.0608369000,1.3265288000,0.3853702999,14.4582368000,4.0271626000,0.0000785000,0.0796291000,20.0156260000,156,81,75
4275,400,280,40,20,6,2,Grid Scanning,Local,10,0.55500454,11.10009087,56.55%,24.5585458000,0.0333766000,0.0819112000,1.6395251000,0.4742067999,18.2602177000,4.4022551000,0.0000868001,0.0873180000,24.5619127000,168,95,73
4275,400,300,40,20,6,2,Grid Scanning,Local,10,0.55249848,11.04996952,60.56%,24.7773559000,0.0406107000,0.0982489000,1.7794932000,0.5144965000,17.8813461000,4.8327291000,0.0000943001,0.0956417000,24.7808377000,180,109,71
4275,400,320,40,20,6,2,Grid Scanning,Local,10,0.53524838,10.70496757,59.38%,25.4725685000,0.0465825001,0.1072845000,1.8232721000,0.5264677001,18.6037382000,4.7445618000,0.0001142000,0.1029303001,25.5187163000,192,114,78
4275,400,340,40,20,6,2,Grid Scanning,Local,10,0.52041093,10.40821862,63.24%,27.8017132000,0.0507726000,0.1269106000,2.0999359999,0.6081616001,20.1385210000,5.2307104001,0.0001066000,0.1081806001,27.8062349000,204,129,75
4275,400,360,40,20,6,2,Grid Scanning,Local,10,0.53134227,10.62684544,63.43%,29.2651853000,0.0561352001,0.1415741999,2.2790872000,0.6677480001,21.4290480000,5.1877319000,0.0001127001,0.1142873000,29.2702597000,216,137,79
4275,400,380,40,20,6,2,Grid Scanning,Local,10,0.48444340,9.68886809,68.42%,33.5881234000,0.0644279999,0.1700526000,2.6441910000,0.7795905000,24.4959216000,6.0255607000,0.0001119000,0.1257598999,33.5935441000,228,156,72
4275,400,400,40,20,6,2,Grid Scanning,Local,10,0.47957053,9.59141059,71.67%,37.3211424000,0.0702695000,0.1898403999,2.9138600999,0.8390205001,27.4953025000,6.4291313999,0.0001119000,0.1339209001,37.3264219000,240,172,68
4275,400,420,40,20,6,2,Grid Scanning,Local,10,0.51106076,10.22121521,70.24%,36.2061079000,0.0777530000,0.2110830000,3.0858943000,0.8882709999,26.4105103000,6.1764467000,0.0001318000,0.1411289000,36.2111778000,252,177,75
4275,400,440,40,20,6,2,Grid Scanning,Local,10,0.47128187,9.42563743,72.73%,40.8727445000,0.0788836999,0.2267395000,3.3713622001,0.9941312000,30.3694432001,6.6332411000,0.0001359001,0.1397641000,40.8802114000,264,192,72
4275,400,460,40,20,6,2,Grid Scanning,Local,10,0.49157554,9.83151073,75.00%,42.5031243000,0.0893984000,0.2648158000,3.4731868001,1.0222376001,31.2567311001,7.1961247000,0.0001370999,0.1503291999,42.5111200000,276,207,69
4275,400,480,40,20,6,2,Grid Scanning,Local,10,0.45791488,9.15829769,76.39%,44.3076261000,0.1023230999,0.3409807001,3.8097600000,1.1347084001,32.3120332000,7.5088784000,0.0001433000,0.1623289001,44.3136369000,288,220,68
4275,400,500,40,20,6,2,Grid Scanning,Local,10,0.47824644,9.56492880,77.00%,44.5793891000,0.1109769999,0.3339239000,3.9904781000,1.1792590999,32.2566455000,7.6350599000,0.0001532001,0.1671036999,44.5873808000,300,231,69
4275,400,520,40,20,6,2,Grid Scanning,Local,10,0.45380088,9.07601763,80.45%,50.8692333000,0.1192596000,0.3505336002,4.6941144000,1.3747033000,37.8133441999,7.6317931000,0.0001667000,0.1741270000,50.8756695000,312,251,61
4275,400,540,40,20,6,2,Grid Scanning,Local,10,0.43392177,8.67843548,82.72%,51.0191832000,0.1319522000,0.3986406000,4.9357915999,1.4416593000,37.2512451000,7.9703221999,0.0001572999,0.1805396999,51.0317311000,324,268,56
4275,400,560,40,20,6,2,Grid Scanning,Local,10,0.43320992,8.66419835,79.46%,50.7743554000,0.1416740000,0.4140135000,4.9474191999,1.4564843000,37.1610427000,7.8453271001,0.0001578000,0.1832433000,50.7813147000,336,267,69
4275,400,580,40,20,6,2,Grid Scanning,Local,10,0.42136817,8.42736342,81.32%,52.1642417000,0.1478902000,0.4531795000,5.2867945002,1.5559708999,38.1679435999,7.8222420999,0.0001627000,0.1938113001,52.1705372000,348,283,65
4275,400,600,40,20,6,2,Grid Scanning,Local,10,0.40744878,8.14897562,86.11%,54.9899406000,0.1571183000,0.4956174000,5.6703383001,1.6802878001,39.9098659000,8.4777797999,0.0001673000,0.1977435000,54.9971978000,360,310,50
4275,400,620,40,20,6,2,Grid Scanning,Local,10,0.39363365,7.87267303,81.99%,56.6330648000,0.1701332001,0.5084627000,6.0241283001,1.7762587998,41.7240854999,7.9307502000,0.0001743999,0.2052913000,56.6435638000,372,305,67
4275,400,640,40,20,6,2,Grid Scanning,Local,10,0.40310588,8.06211752,87.50%,60.1548216000,0.1790209000,0.5831279998,6.5995411000,1.9488183999,43.6769468000,8.7763160000,0.0001872999,0.2292457001,60.1719884000,384,336,48
4275,400,660,40,20,6,2,Grid Scanning,Local,10,0.41688525,8.33770490,85.86%,61.1683801000,0.1831871001,0.5889284000,6.5016917999,1.9372343000,44.6510898000,8.9542846000,0.0001824999,0.2081096001,61.1764548000,396,340,56
4275,400,680,40,20,6,2,Grid Scanning,Local,10,0.39965264,7.99305287,85.54%,63.2788409000,0.1881697000,0.6121553999,6.8658735000,2.0264337002,46.5539653000,8.7731005000,0.0001832000,0.2118156000,63.2911576000,408,349,59
4275,400,700,40,20,6,2,Grid Scanning,Local,10,0.38609944,7.72198880,88.57%,65.8322782000,0.2093584001,0.6873698001,7.4203157002,2.2013012000,48.0959419000,9.1162861001,0.0001918000,0.2274207001,65.8422829000,420,372,48
4275,400,720,40,20,6,2,Grid Scanning,Local,10,0.38129382,7.62587632,92.59%,68.5393769000,0.2205217000,0.7592147001,7.9879845999,2.3792738002,49.6682761001,9.5533164000,0.0001936000,0.2413737000,68.5473050000,432,400,32
4275,400,740,40,20,6,2,Grid Scanning,Local,10,0.36784165,7.35683295,89.86%,67.5704972000,0.2285705001,0.7682964000,7.9429684999,2.3958884999,48.5549407000,9.7276520001,0.0002140001,0.2462621000,67.5807636000,444,399,45
4275,400,760,40,20,6,2,Grid Scanning,Local,10,0.36983299,7.39665983,91.45%,70.7318705000,0.2490185000,0.8458570001,8.3191536000,2.4760977998,50.9867257000,10.0351887000,0.0002016000,0.1748180000,70.7431180000,456,417,39
4275,400,780,40,20,6,2,Grid Scanning,Local,10,0.33967301,6.79346011,86.11%,66.7513743000,0.2534344999,0.8153291000,8.3107861000,2.5171038998,48.2614681000,8.8228041999,0.0002100999,0.1829563000,66.7649432000,468,403,65
4275,400,800,40,20,6,2,Grid Scanning,Local,10,0.36833455,7.36669106,91.25%,74.1475323000,0.2696982000,0.8993941000,8.6274313000,2.5889639999,54.0239683001,10.0440828001,0.0002251999,0.1891321000,74.1558521000,480,438,42
4275,400,820,40,20,6,2,Grid Scanning,Local,10,0.33772315,6.75446291,91.06%,74.7175626000,0.2823508000,0.9547827000,9.0773105999,2.7395900999,54.3419389000,9.7859604000,0.0002192001,0.1942562998,74.7288038000,492,448,44
4275,400,840,40,20,6,2,Grid Scanning,Local,10,0.34760661,6.95213217,91.27%,74.8210152000,0.2980542000,0.9855886002,9.3505476000,2.8194420003,53.8636070000,10.0011686000,0.0002174000,0.2062822999,74.8350346000,504,460,44
4275,400,860,40,20,6,2,Grid Scanning,Local,10,0.31818874,6.36377475,94.96%,78.6276822000,0.3190032999,1.0559291002,10.1006856999,3.0451412000,56.7556656999,10.0962460001,0.0002670999,0.1958214999,78.6435972000,516,490,26
4275,400,880,40,20,6,2,Grid Scanning,Local,10,0.31158436,6.23168714,91.29%,77.4840852000,0.3218364999,1.0891697000,10.0826637998,3.0358160001,55.8789483000,9.8146947001,0.0002315000,0.2023426999,77.4939367000,528,482,46
4275,400,900,40,20,6,2,Grid Scanning,Local,10,0.33195154,6.63903080,93.52%,79.5693461000,0.3371396000,1.2260320002,10.1174729998,3.0612851999,56.9472044000,10.6320651001,0.0002370001,0.2051643998,79.5800046000,540,505,35
4275,400,920,40,20,6,2,Grid Scanning,Local,10,0.31815770,6.36315402,91.49%,84.4572648000,0.3771567000,1.2738929000,11.1307772998,3.3895329999,60.3664531001,10.9419409000,0.0002590000,0.2162124001,84.4692316000,552,505,47
4275,400,940,40,20,6,2,Grid Scanning,Local,10,0.33179899,6.63597980,94.15%,82.5758413000,0.3653118999,1.2462370999,10.8810201003,3.3508060000,58.8872995000,10.8737076000,0.0002450000,0.2096739001,82.5878474000,564,531,33
4275,400,960,40,20,6,2,Grid Scanning,Local,10,0.32627876,6.52557521,95.66%,85.8639997000,0.3829418000,1.3819414001,11.6072555003,3.5562306001,60.9930421000,11.1725120999,0.0002446001,0.2077766000,85.8786781000,576,551,25
4275,400,980,40,20,6,2,Grid Scanning,Local,10,0.31589101,6.31782017,95.07%,86.8548875000,0.3981257000,1.3788916999,11.8824473999,3.6091558003,61.6843927999,11.2103456001,0.0002527000,0.2078790000,86.8695018000,588,559,29
4275,400,1000,40,20,6,2,Grid Scanning,Local,10,0.30226414,6.04528273,95.00%,85.8377289000,0.4115222001,1.4178244001,12.1259551000,3.6888199999,60.4876999999,11.0839460999,0.0002591000,0.2099801000,85.8575986000,600,570,30
4275,400,60,40,20,6,2,Grid Scanning,Local,12,0.60799571,12.15991426,16.67%,1.7013968000,0.0017475000,0.0019571000,0.1098369000,0.0341955000,0.9436297000,0.5965368000,0.0000190000,0.0368934000,1.7025588000,36,6,30
4275,400,80,40,20,6,2,Grid Scanning,Local,12,0.64017480,12.80349597,25.00%,3.3716317000,0.0029334000,0.0036792000,0.1836531000,0.0489562000,2.3092537000,0.8281133000,0.0000255000,0.0358573000,3.3732990000,48,12,36
4275,400,100,40,20,6,2,Grid Scanning,Local,12,0.59815891,11.96317819,35.00%,6.5642796000,0.0044551000,0.0083698000,0.3937658000,0.1020208000,4.3892783000,1.7083438000,0.0000312000,0.0456357999,6.5747284000,60,21,39
4275,400,120,40,20,6,2,Grid Scanning,Local,12,0.45120458,9.02409152,36.11%,7.7351472000,0.0063723000,0.0107087999,0.3991503000,0.1022278000,5.1273197000,2.1282519000,0.0000385000,0.0487496999,7.7374765000,72,26,46
4275,400,140,40,20,6,2,Grid Scanning,Local,12,0.58686634,11.73732687,25.00%,6.1446535000,0.0078702999,0.0089759000,0.3884066999,0.1011906000,4.4410104000,1.2395958000,0.0000429000,0.0471597000,6.1468764000,84,21,63
4275,400,160,40,20,6,2,Grid Scanning,Local,12,0.45830376,9.16607530,36.46%,9.2904909000,0.0111381000,0.0177540000,0.5339430000,0.1464170000,6.1745070000,2.4810012000,0.0000506000,0.0531963000,9.2927940000,96,35,61
4275,400,180,40,20,6,2,Grid Scanning,Local,12,0.58314991,11.66299815,35.19%,9.3473103000,0.0134031999,0.0201873000,0.5903563999,0.1587249001,6.3602097000,2.2826571000,0.0000727999,0.0600408000,9.3502096000,108,38,70
4275,400,200,40,20,6,2,Grid Scanning,Local,12,0.60893590,12.17871803,36.67%,10.3889514000,0.0165095000,0.0268698000,0.6387018000,0.1707793001,6.8980152000,2.7191442000,0.0000610000,0.0644850000,10.3914813000,120,44,76
4275,400,220,40,20,6,2,Grid Scanning,Local,12,0.51502205,10.30044091,42.42%,13.9938458000,0.0208528000,0.0383803000,0.9340648000,0.2529902000,9.8466590000,3.0525403000,0.0000721000,0.0735011000,13.9967539000,132,56,76
4275,400,240,40,20,6,2,Grid Scanning,Local,12,0.51727974,10.34559484,45.83%,16.8027815000,0.0258653000,0.0466957000,1.1532841000,0.3033767000,11.9577074000,3.5131897000,0.0000750000,0.0754292999,16.8058899000,144,66,78
4275,400,260,40,20,6,2,Grid Scanning,Local,12,0.59327167,11.86543335,51.92%,20.2180815000,0.0301089999,0.0637313000,1.4303466000,0.3778051000,14.5991066000,3.9692326000,0.0000812000,0.0839858000,20.2211503000,156,81,75
4275,400,280,40,20,6,2,Grid Scanning,Local,12,0.55500454,11.10009087,56.55%,24.6033260000,0.0348933000,0.0765482000,1.8182301000,0.4861633001,17.9875907000,4.5342416000,0.0000846000,0.0947806000,24.6100583000,168,95,73
4275,400,300,40,20,6,2,Grid Scanning,Local,12,0.55175130,11.03502601,60.56%,25.1561016000,0.0427934000,0.1001972000,1.9161901001,0.5043905000,17.9439098000,5.0084178000,0.0000977000,0.0976046001,25.1595649000,180,109,71
4275,400,320,40,20,6,2,Grid Scanning,Local,12,0.53429793,10.68595857,59.38%,25.5906668000,0.0437072000,0.1050285000,2.0334941000,0.5451673000,18.5516988000,4.7053934000,0.0000950000,0.1040808000,25.5948176000,192,114,78
4275,400,340,40,20,6,2,Grid Scanning,Local,12,0.51992900,10.39858004,63.24%,27.1657642000,0.0478022999,0.1217542000,2.2914735000,0.6072742000,19.4292975000,5.1204104000,0.0001023001,0.1072453000,27.1702979000,204,129,75
4275,400,360,40,20,6,2,Grid Scanning,Local,12,0.53171279,10.63425582,63.43%,29.6538245000,0.0577816999,0.1403011000,2.5974552999,0.6977762001,21.4143017000,5.2757019000,0.0001123000,0.1162237000,29.6584143000,216,137,79
4275,400,380,40,20,6,2,Grid Scanning,Local,12,0.48366733,9.67334652,68.42%,33.3822836000,0.0616984000,0.1660793000,2.8762493001,0.7839925998,24.2229691000,5.8841863000,0.0001161999,0.1192524000,33.3880438000,228,156,72
4275,400,400,40,20,6,2,Grid Scanning,Local,12,0.47748753,9.54975052,71.67%,37.4906395000,0.0718434001,0.1906846000,3.2499643001,0.8619001000,27.3589872000,6.4108949000,0.0001234999,0.1317637001,37.4958466000,240,172,68
4275,400,420,40,20,6,2,Grid Scanning,Local,12,0.51069770,10.21395402,70.24%,36.5093886000,0.0718209999,0.2018804000,3.3966759001,0.9135770000,26.5596302000,6.0825548000,0.0001224000,0.1337335001,36.5144220000,252,177,75
4275,400,440,40,20,6,2,Grid Scanning,Local,12,0.47065785,9.41315704,72.73%,41.3076969000,0.0851317000,0.2419903000,3.8548424000,1.0401699000,30.3165865001,6.5992736000,0.0001352000,0.1519330000,41.3135573000,264,192,72
4275,400,460,40,20,6,2,Grid Scanning,Local,12,0.48961906,9.79238128,75.00%,41.7850236000,0.0970704000,0.3032547001,3.8335298000,1.0372940000,30.3258432000,6.9918689000,0.0001354000,0.1531104000,41.7904587000,276,207,69
4275,400,480,40,20,6,2,Grid Scanning,Local,12,0.45757763,9.15155262,76.39%,43.7114654000,0.0986290000,0.2992629000,4.1967257001,1.1238735000,31.5573987000,7.2954492000,0.0001377999,0.1625579002,43.7167919000,288,220,68
4275,400,500,40,20,6,2,Grid Scanning,Local,12,0.47776925,9.55538491,77.00%,44.7375625000,0.1064074000,0.3402436000,4.4520145001,1.2012168001,31.7835113000,7.7343512000,0.0001463000,0.1651691999,44.7437409000,300,231,69
4275,400,520,40,20,6,2,Grid Scanning,Local,12,0.45231022,9.04620431,80.45%,50.7751787000,0.1137279001,0.3432211999,5.2216629001,1.4233774000,37.1679139000,7.6757150999,0.0001418000,0.1739474001,50.7879980000,312,251,61
4275,400,540,40,20,6,2,Grid Scanning,Local,12,0.43371899,8.67437981,82.72%,50.7744652000,0.1249944999,0.3932309001,5.4807671000,1.4785667001,36.5592373000,7.9649585000,0.0001468001,0.1768799000,50.7820855000,324,268,56
4275,400,560,40,20,6,2,Grid Scanning,Local,12,0.43219403,8.64388061,79.46%,49.9641486000,0.1308092000,0.3989349001,5.4386556999,1.4802208999,35.8734854001,7.8637206000,0.0001610999,0.1874565000,49.9728749000,336,267,69
4275,400,580,40,20,6,2,Grid Scanning,Local,12,0.42077876,8.41557523,81.32%,52.4283662000,0.1457640000,0.4328429000,5.8110221999,1.5955145001,37.9564520998,7.8194282999,0.0001599000,0.1896241000,52.4364804000,348,283,65
4275,400,600,40,20,6,2,Grid Scanning,Local,12,0.40601285,8.12025698,86.11%,54.3166602000,0.1554606000,0.4978597001,6.1939337000,1.7174936998,38.9210663000,8.2634882000,0.0001678001,0.1982241999,54.3239313000,360,310,50
4275,400,620,40,20,6,2,Grid Scanning,Local,12,0.39360208,7.87204152,81.99%,56.3231931000,0.1568821001,0.4896047999,6.5356872000,1.7819884002,41.0198264000,7.8627477000,0.0001926999,0.1919341000,56.3321553000,372,305,67
4275,400,640,40,20,6,2,Grid Scanning,Local,12,0.40109088,8.02181759,87.50%,60.4098269000,0.1691511000,0.5713907000,7.3235396002,1.9833941000,43.3700531000,8.6686631999,0.0001826999,0.2106582999,60.4173558000,384,336,48
4275,400,660,40,20,6,2,Grid Scanning,Local,12,0.41378340,8.27566804,85.86%,60.5515867000,0.1864721000,0.5937973998,7.2208303000,1.9788547999,43.4396562001,8.8100827000,0.0001835000,0.2159813999,60.5583972000,396,340,56
4275,400,680,40,20,6,2,Grid Scanning,Local,12,0.39918896,7.98377914,85.54%,63.8361852000,0.1881163000,0.6288405000,7.6652014000,2.1183512000,46.3187012999,8.7234313001,0.0001815000,0.2378176000,63.8900164000,408,349,59
4275,400,700,40,20,6,2,Grid Scanning,Local,12,0.38485822,7.69716432,88.57%,65.2527270000,0.2117165001,0.6705663999,8.1769005997,2.2648619997,46.7104171999,9.1565586001,0.0001946000,0.2338389001,65.2598655000,420,372,48
4275,400,720,40,20,6,2,Grid Scanning,Local,12,0.37961171,7.59223421,92.59%,68.1325130000,0.2207103000,0.7392892000,8.6335047999,2.3915247999,48.6632213000,9.5502497001,0.0002012000,0.2366004001,68.1445245000,432,400,32
4275,400,740,40,20,6,2,Grid Scanning,Local,12,0.36664371,7.33287428,89.86%,67.5115854000,0.2386514000,0.7780756000,8.7408936000,2.4136737000,47.6401916000,9.7515211000,0.0002013000,0.2532364000,67.5263481000,444,399,45
4275,400,760,40,20,6,2,Grid Scanning,Local,12,0.36782228,7.35644565,91.45%,69.5230526000,0.2477168999,0.8330913001,9.0663518000,2.4955485999,49.2739951999,9.8379182000,0.0002164000,0.1771720001,69.5308369000,456,417,39
4275,400,780,40,20,6,2,Grid Scanning,Local,12,0.33798248,6.75964970,86.11%,65.8475369000,0.2509321000,0.8076015001,9.1190851000,2.5258460998,46.6602124000,8.7575225000,0.0002117000,0.1741550000,65.8632379000,468,403,65
4275,400,800,40,20,6,2,Grid Scanning,Local,12,0.36577855,7.31557106,91.25%,73.4185883000,0.2636132001,0.8949047000,9.6310240999,2.6767817999,52.3151014000,10.0337552000,0.0002248000,0.1876160000,73.4270737000,480,438,42
4275,400,820,40,20,6,2,Grid Scanning,Local,12,0.33620797,6.72415948,91.06%,73.2849735000,0.2850678999,0.9386023002,10.0906549999,2.7911808995,51.7965312000,9.8936516999,0.0002259001,0.1931359000,73.2971608000,492,448,44
4275,400,840,40,20,6,2,Grid Scanning,Local,12,0.34553068,6.91061353,91.27%,74.3946172000,0.3030462000,0.9851843001,10.4505173999,2.8968961999,52.2660676000,10.0850701001,0.0002327001,0.2047976998,74.4170404000,504,460,44
4275,400,860,40,20,6,2,Grid Scanning,Local,12,0.31543846,6.30876921,94.96%,76.5374424000,0.3065728001,1.0683042999,11.1354221999,3.0824770001,53.7761081001,9.9570401000,0.0002150000,0.1902358998,76.5469596000,516,490,26
4275,400,880,40,20,6,2,Grid Scanning,Local,12,0.31081615,6.21632293,91.29%,76.3456934000,0.3224485001,1.1460700999,11.1607856001,3.1301937001,53.3479787001,10.0468908000,0.0002376999,0.2064678001,76.3548377000,528,482,46
4275,400,900,40,20,6,2,Grid Scanning,Local,12,0.32904006,6.58080129,93.52%,79.4581230000,0.3412984001,1.1685594997,11.3422916998,3.1782982001,55.5104082001,10.7791724000,0.0002405999,0.2124917000,79.4682627000,540,505,35
4275,400,920,40,20,6,2,Grid Scanning,Local,12,0.31572217,6.31444340,91.49%,78.2411538000,0.3639918000,1.1681506999,11.6129669000,3.2500914999,54.4322071000,10.3605955000,0.0002596001,0.2031094000,78.2505835000,552,505,47
4275,400,940,40,20,6,2,Grid Scanning,Local,12,0.33053551,6.61071023,94.15%,81.6672949000,0.3860227001,1.2758591001,12.2413819000,3.4153703998,56.4500189999,11.0035429001,0.0002600001,0.2128604001,81.6815751000,564,531,33
4275,400,960,40,20,6,2,Grid Scanning,Local,12,0.32450519,6.49010376,95.66%,83.9694914000,0.3860149000,1.3261034998,12.5857197002,3.5293121998,58.2115251999,11.1434551000,0.0002477999,0.2037730002,83.9852153000,576,551,25
4275,400,980,40,20,6,2,Grid Scanning,Local,12,0.31483133,6.29662658,95.07%,85.5436542000,0.4019339999,1.3961762001,13.0129677000,3.6435987999,59.1798855999,11.2431840001,0.0002557001,0.2139020000,85.5543458000,588,559,29
4275,400,1000,40,20,6,2,Grid Scanning,Local,12,0.30093951,6.01879020,95.00%,84.2612177000,0.4069843999,1.4673961001,13.5085196998,3.7822464003,57.5570982999,11.0151128999,0.0002572999,0.2115378000,84.2727251000,600,570,30
4275,400,60,40,20,6,2,Grid Scanning,Local,12,0.60799571,12.15991426,16.67%,1.7867267000,0.0017819000,0.0017651000,0.1075671000,0.0332911000,1.0318120000,0.5836704000,0.0000181000,0.0467522000,1.7881866000,36,6,30
4275,400,80,40,20,6,2,Grid Scanning,Local,12,0.64017480,12.80349597,25.00%,3.3369600000,0.0027590000,0.0034690000,0.1695059000,0.0466154000,2.3104071000,0.8071594000,0.0000241000,0.0358122000,3.3384834000,48,12,36
4275,400,100,40,20,6,2,Grid Scanning,Local,12,0.59815891,11.96317819,35.00%,6.3920235000,0.0045687000,0.0075415000,0.3564837000,0.0951808000,4.2568238000,1.7118852000,0.0000340000,0.0431913000,6.3950969000,60,21,39
4275,400,120,40,20,6,2,Grid Scanning,Local,12,0.45120458,9.02409152,36.11%,7.3324814000,0.0064156000,0.0103625000,0.3829452000,0.1004685000,4.8804148000,1.9934660000,0.0000391000,0.0442826000,7.3346027000,72,26,46
4275,400,140,40,20,6,2,Grid Scanning,Local,12,0.58686634,11.73732687,25.00%,6.1298721000,0.0075112000,0.0094457000,0.4167547000,0.1155674000,4.3467796000,1.2759964000,0.0000447000,0.0535291000,6.1320082000,84,21,63
4275,400,160,40,20,6,2,Grid Scanning,Local,12,0.45830376,9.16607530,36.46%,9.0974585000,0.0109247000,0.0179475000,0.5366421000,0.1432408000,6.0317997000,2.4150629000,0.0000528000,0.0604907000,9.1000476000,96,35,61
4275,400,180,40,20,6,2,Grid Scanning,Local,12,0.58314991,11.66299815,35.19%,9.6792142000,0.0131590000,0.0226249000,0.6025534999,0.1617086000,6.6251367000,2.3365004000,0.0000581000,0.0580956000,9.6814225000,108,38,70
4275,400,200,40,20,6,2,Grid Scanning,Local,12,0.60893590,12.17871803,36.67%,10.3304935000,0.0166843000,0.0371899000,0.7151590000,0.1949181000,6.8914810000,2.5724688000,0.0000637000,0.0686306001,10.3328733000,120,44,76
4275,400,220,40,20,6,2,Grid Scanning,Local,12,0.51502205,10.30044091,42.42%,13.8659422000,0.0209116000,0.0381537999,0.9231487000,0.2444006000,9.7582726000,3.0281989000,0.0000711000,0.0679569000,13.8685480000,132,56,76
4275,400,240,40,20,6,2,Grid Scanning,Local,12,0.51727974,10.34559484,45.83%,16.4583706000,0.0258940000,0.0511031000,1.1871585000,0.3129643000,11.5963857000,3.4722127001,0.0000809999,0.0840008000,16.4622225000,144,66,78
4275,400,260,40,20,6,2,Grid Scanning,Local,12,0.59327167,11.86543335,51.92%,20.4851087000,0.0304391000,0.0621652000,1.4540649000,0.3851243999,14.8467935000,3.9650071000,0.0000839999,0.0853296999,20.4879801000,156,81,75
4275,400,280,40,20,6,2,Grid Scanning,Local,12,0.55500454,11.10009087,56.55%,24.1777407000,0.0335393000,0.0747615000,1.7524849000,0.4705463000,17.7985418000,4.3901811000,0.0000869000,0.0957202000,24.1833823000,168,95,73
4275,400,300,40,20,6,2,Grid Scanning,Local,12,0.55175130,11.03502601,60.56%,24.6374180000,0.0398600000,0.0987059000,1.9060134999,0.5084434002,17.4641474000,4.9706181000,0.0000957000,0.1017860000,24.6415328000,180,109,71
4275,400,320,40,20,6,2,Grid Scanning,Local,12,0.53429793,10.68595857,59.38%,25.8310625000,0.0461689999,0.1092408000,2.0652286000,0.5521906000,18.6093220999,4.8350966000,0.0001070001,0.1097610000,25.8354951000,192,114,78
4275,400,340,40,20,6,2,Grid Scanning,Local,12,0.51992900,10.39858004,63.24%,29.8327526000,0.0546702999,0.1451256001,2.5254130999,0.6820373000,21.4118884000,5.5168997000,0.0001085999,0.1158964000,29.8380688000,204,129,75
4275,400,360,40,20,6,2,Grid Scanning,Local,12,0.53171279,10.63425582,63.43%,30.0802370000,0.0597899000,0.1430384000,2.6067605001,0.6996109001,21.6667079000,5.4265232000,0.0001113001,0.1180154000,30.0890144000,216,137,79
4275,400,380,40,20,6,2,Grid Scanning,Local,12,0.48366733,9.67334652,68.42%,33.2346857000,0.0647658000,0.1729913000,2.8769368002,0.7886725000,24.0684831000,5.8654603000,0.0001199000,0.1268767001,33.2389862000,228,156,72
4275,400,400,40,20,6,2,Grid Scanning,Local,12,0.47748753,9.54975052,71.67%,37.6131017000,0.0730610000,0.2005137999,3.3596687000,0.9333001999,27.2977192000,6.4544203000,0.0001232000,0.1416174001,37.6175148000,240,172,68
4275,400,420,40,20,6,2,Grid Scanning,Local,12,0.51069770,10.21395402,70.24%,36.1690030000,0.0764350000,0.2082149000,3.4516678000,0.9296192001,26.1203707000,6.1123357000,0.0001463000,0.1427932000,36.1741101000,252,177,75
4275,400,440,40,20,6,2,Grid Scanning,Local,12,0.47065785,9.41315704,72.73%,41.5115216000,0.0871514000,0.2335714000,3.7925905001,1.0313809999,30.5854072000,6.6056970000,0.0001330000,0.1486501000,41.5167653000,264,192,72
4275,400,460,40,20,6,2,Grid Scanning,Local,12,0.48961906,9.79238128,75.00%,42.0266460000,0.0902621000,0.2631146001,3.8176801001,1.0351503999,30.5399982999,7.1028115000,0.0001346001,0.1452374001,42.0672785000,276,207,69
4275,400,480,40,20,6,2,Grid Scanning,Local,12,0.45757763,9.15155262,76.39%,43.8652051000,0.1026163001,0.2873075001,4.1973740002,1.1273026000,31.6167900000,7.4185755000,0.0001474000,0.1626983000,43.8711270000,288,220,68
4275,400,500,40,20,6,2,Grid Scanning,Local,12,0.47776925,9.55538491,77.00%,44.6582155000,0.1112251000,0.3243748999,4.4687989001,1.2314290000,31.8743840001,7.6470164000,0.0001485000,0.1630409000,44.6647636000,300,231,69
4275,400,520,40,20,6,2,Grid Scanning,Local,12,0.45231022,9.04620431,80.45%,50.1353953000,0.1173416001,0.3483454000,5.1890154999,1.4104305001,36.7062302001,7.5420938000,0.0001459001,0.1699195999,50.1430874000,312,251,61
4275,400,540,40,20,6,2,Grid Scanning,Local,12,0.43371899,8.67437981,82.72%,49.9107592000,0.1264976001,0.3985318001,5.3770973000,1.4638330998,36.0194077000,7.7404891000,0.0001616000,0.1800256999,49.9188977000,324,268,56
4275,400,560,40,20,6,2,Grid Scanning,Local,12,0.43219403,8.64388061,79.46%,50.6351827000,0.1402554000,0.3973158000,5.4691706999,1.4860736998,36.3310493000,8.0334310000,0.0001624000,0.1881457001,50.6415448000,336,267,69
4275,400,580,40,20,6,2,Grid Scanning,Local,12,0.42077876,8.41557523,81.32%,52.3523142000,0.1438361000,0.4385015000,5.8363341000,1.5875461000,37.7954918001,7.8784579000,0.0001806000,0.1872175001,52.3659053000,348,283,65
4275,400,600,40,20,6,2,Grid Scanning,Local,12,0.40601285,8.12025698,86.11%,55.6899633000,0.1583783999,0.5057165000,6.4310709000,1.7690170001,39.6893980000,8.6083059999,0.0001658000,0.2013640001,55.7068544000,360,310,50
4275,400,620,40,20,6,2,Grid Scanning,Local,12,0.39360208,7.87204152,81.99%,56.2781645000,0.1714582999,0.5144013000,6.5958336002,1.7908003000,40.6758974000,8.0388573001,0.0001771001,0.2065720999,56.2861359000,372,305,67
4275,400,640,40,20,6,2,Grid Scanning,Local,12,0.40109088,8.02181759,87.50%,59.8246477000,0.1785531000,0.5578914003,7.2041912001,1.9696033998,43.0348324000,8.5509074000,0.0001752000,0.2070466999,59.8368081000,384,336,48
4275,400,660,40,20,6,2,Grid Scanning,Local,12,0.41378340,8.27566804,85.86%,60.1127830000,0.1910122000,0.5874529999,7.1065356998,1.9570464001,43.1052470999,8.8058518000,0.0001931000,0.2140389000,60.1582611000,396,340,56
4275,400,680,40,20,6,2,Grid Scanning,Local,12,0.39918896,7.98377914,85.54%,67.7480712000,0.2153837000,0.6704322998,8.1460498999,2.2609305001,49.2189413000,9.1682902000,0.0002044000,0.2355871998,67.7589310000,408,349,59
4275,400,700,40,20,6,2,Grid Scanning,Local,12,0.38485822,7.69716432,88.57%,65.3621116000,0.2112436001,0.6945183002,8.2567293000,2.2907450001,46.6997824999,9.1648574000,0.0001978000,0.2334476000,65.3723646000,420,372,48
4275,400,720,40,20,6,2,Grid Scanning,Local,12,0.37961171,7.59223421,92.59%,67.3746956000,0.2192257000,0.7547352000,8.6983196999,2.4093036999,47.8880695000,9.4888703000,0.0001895000,0.2379083001,67.3838956000,432,400,32
4275,400,740,40,20,6,2,Grid Scanning,Local,12,0.36664371,7.33287428,89.86%,67.1649411000,0.2333175000,0.7641787001,8.6111292000,2.3835010999,47.4821289000,9.7179550999,0.0002021000,0.2484589000,67.1736217000,444,399,45
4275,400,760,40,20,6,2,Grid Scanning,Local,12,0.36782228,7.35644565,91.45%,68.7680356000,0.2475459001,0.8322333000,9.1113977000,2.5202153000,48.3747115000,9.9321123000,0.0002152001,0.1813838999,68.7859645000,456,417,39
4275,400,780,40,20,6,2,Grid Scanning,Local,12,0.33798248,6.75964970,86.11%,65.6302282000,0.2470199999,0.7825475999,8.9503912000,2.4712037000,46.6079146999,8.7839611999,0.0002225000,0.1739976000,65.6382949000,468,403,65
4275,400,800,40,20,6,2,Grid Scanning,Local,12,0.36577855,7.31557106,91.25%,72.8963735000,0.2695843001,0.9258698001,9.8519775999,2.7487861000,51.6297275000,9.9288532000,0.0002144001,0.1893442000,72.9055604000,480,438,42
4275,400,820,40,20,6,2,Grid Scanning,Local,12,0.33620797,6.72415948,91.06%,73.1953748000,0.2828055999,0.9467922001,10.1285630000,2.8105447001,51.7823260001,9.7673345999,0.0002551999,0.1947595000,73.2044751000,492,448,44
4275,400,840,40,20,6,2,Grid Scanning,Local,12,0.34553068,6.91061353,91.27%,73.9107664000,0.3026735001,0.9982371999,10.5082922003,2.9227828001,51.7174138000,10.1015696000,0.0002321000,0.1962755000,73.9199818000,504,460,44
4275,400,860,40,20,6,2,Grid Scanning,Local,12,0.31543846,6.30876921,94.96%,77.0867908000,0.3184777001,1.0897048000,11.3204556999,3.1735732000,53.9205429000,10.1118579001,0.0002473999,0.2097524000,77.0958019000,516,490,26
4275,400,880,40,20,6,2,Grid Scanning,Local,12,0.31081615,6.21632293,91.29%,74.8318779000,0.3224733000,1.0522528000,10.9506000000,3.0587090998,52.6226952000,9.5933602001,0.0002483000,0.2036606999,74.8836990000,528,482,46
4275,400,900,40,20,6,2,Grid Scanning,Local,12,0.32904006,6.58080129,93.52%,77.9845458000,0.3446414000,1.1704335001,11.2732298999,3.1551528999,54.3243243001,10.5624677001,0.0002476000,0.2019496001,77.9947979000,540,505,35
4275,400,920,40,20,6,2,Grid Scanning,Local,12,0.31572217,6.31444340,91.49%,77.7983633000,0.3556982000,1.1840446999,11.5519302000,3.2411709998,54.1650627000,10.2368075000,0.0002665000,0.2030629999,77.8082035000,552,505,47
4275,400,940,40,20,6,2,Grid Scanning,Local,12,0.33053551,6.61071023,94.15%,80.7291294000,0.3901930999,1.2615109999,12.0821605998,3.3827918004,55.7951098000,10.8730044999,0.0002679000,0.2067981000,80.7448141000,564,531,33
4275,400,960,40,20,6,2,Grid Scanning,Local,12,0.32450519,6.49010376,95.66%,83.0726378000,0.3837806001,1.3304346998,12.5604405998,3.5032921001,57.3667933999,11.1291496000,0.0002488999,0.2074110999,83.0854762000,576,551,25
4275,400,980,40,20,6,2,Grid Scanning,Local,12,0.31483133,6.29662658,95.07%,84.9147394000,0.4026851001,1.3883444999,13.0713140003,3.6489367004,58.6290158999,11.0978954000,0.0002776000,0.2097998000,84.9295019000,588,559,29
4275,400,1000,40,20,6,2,Grid Scanning,Local,12,0.30093951,6.01879020,95.00%,84.1918844000,0.4192466998,1.4490367001,13.4583531000,3.7706203001,57.4770598001,11.0863538999,0.0002610000,0.2159961001,84.2181077000,600,570,30
4275,400,60,40,20,6,2,Grid Scanning,Local,12,0.60799571,12.15991426,16.67%,1.6344546000,0.0014767000,0.0018191000,0.0863071000,0.0246086000,0.9365737000,0.5701779000,0.0000184000,0.0324066000,1.6356601000,36,6,30
4275,400,80,40,20,6,2,Grid Scanning,Local,12,0.64017480,12.80349597,25.00%,3.5848993000,0.0027918000,0.0039568000,0.1820791000,0.0504563000,2.5424858000,0.8099925000,0.0000251000,0.0351844000,3.5863770000,48,12,36
4275,400,100,40,20,6,2,Grid Scanning,Local,12,0.59815891,11.96317819,35.00%,6.1592579000,0.0050560000,0.0066656000,0.3310282999,0.0855384000,4.0462374000,1.7076627000,0.0000380000,0.0412625000,6.1607182000,60,21,39
4275,400,120,40,20,6,2,Grid Scanning,Local,12,0.45120458,9.02409152,36.11%,7.3609398000,0.0060097000,0.0111500000,0.4012208000,0.1087919000,4.7158824000,2.1671482000,0.0000465000,0.0447172000,7.3630337000,72,26,46
4275,400,140,40,20,6,2,Grid Scanning,Local,12,0.58686634,11.73732687,25.00%,5.7820343000,0.0092448000,0.0095331000,0.4064996000,0.1066584000,4.1135215000,1.1824033000,0.0000460000,0.0492330000,5.7843513000,84,21,63
4275,400,160,40,20,6,2,Grid Scanning,Local,12,0.45830376,9.16607530,36.46%,9.0969338000,0.0121925000,0.0178755000,0.5419495000,0.1450004000,6.0364944000,2.4067384000,0.0000544000,0.0594961000,9.1004414000,96,35,61
4275,400,180,40,20,6,2,Grid Scanning,Local,12,0.58314991,11.66299815,35.19%,9.3590973000,0.0147810000,0.0234559000,0.6303892000,0.1688735000,6.2368590000,2.3560181000,0.0000624000,0.0634655000,9.3623059000,108,38,70
4275,400,200,40,20,6,2,Grid Scanning,Local,12,0.60893590,12.17871803,36.67%,10.2789384000,0.0169033000,0.0273943000,0.6715201000,0.1754961000,6.8626646000,2.6049365000,0.0000644000,0.0656909000,10.2823144000,120,44,76
4275,400,220,40,20,6,2,Grid Scanning,Local,12,0.51502205,10.30044091,42.42%,13.9774376000,0.0223176000,0.0385598000,0.9356846001,0.2473510000,9.8400777000,3.0319860000,0.0000703000,0.0753425000,13.9806624000,132,56,76
4275,400,240,40,20,6,2,Grid Scanning,Local,12,0.51727974,10.34559484,45.83%,16.3802659000,0.0265877000,0.0469357000,1.1698546000,0.3070270000,11.6968965000,3.3317954000,0.0001047999,0.0792898001,16.3858880000,144,66,78
4275,400,260,40,20,6,2,Grid Scanning,Local,12,0.59327167,11.86543335,51.92%,19.8646685000,0.0302772000,0.0600969000,1.4467516000,0.3798928000,14.2697497999,3.9351340000,0.0000818000,0.0847691000,19.8681929000,156,81,75
4275,400,280,40,20,6,2,Grid Scanning,Local,12,0.55500454,11.10009087,56.55%,24.4539577000,0.0358719000,0.0785111000,1.8017356000,0.4763389000,17.8843830000,4.5215107000,0.0000870000,0.0936340999,24.4601416000,168,95,73
4275,400,300,40,20,6,2,Grid Scanning,Local,12,0.55175130,11.03502601,60.56%,24.8136106000,0.0389547000,0.0951036999,1.8972741999,0.5131354001,17.6315825001,5.0065822000,0.0000896000,0.0975491999,24.8533970000,180,109,71
4275,400,320,40,20,6,2,Grid Scanning,Local,12,0.53429793,10.68595857,59.38%,25.7608426000,0.0456765999,0.1118457000,2.0261405001,0.5349915000,18.6288556000,4.7768147000,0.0001029000,0.1054853001,25.7650713000,192,114,78
4275,400,340,40,20,6,2,Grid Scanning,Local,12,0.51992900,10.39858004,63.24%,27.9842603000,0.0535259000,0.1303067999,2.3343438000,0.6305287000,20.0881923999,5.2191994000,0.0001211000,0.1098683999,27.9887962000,204,129,75
4275,400,360,40,20,6,2,Grid Scanning,Local,12,0.53171279,10.63425582,63.43%,29.0752604000,0.0564471001,0.1520249000,2.5795653000,0.6894831001,20.9235574000,5.1872869000,0.0001417000,0.1153116000,29.0793738000,216,137,79
4275,400,380,40,20,6,2,Grid Scanning,Local,12,0.48366733,9.67334652,68.42%,33.3392443000,0.0624461000,0.1709932000,2.9126209000,0.7860500000,24.1553637000,5.8516695000,0.0001127001,0.1213060000,33.3440994000,228,156,72
4275,400,400,40,20,6,2,Grid Scanning,Local,12,0.47748753,9.54975052,71.67%,36.4092273000,0.0692208000,0.1893107999,3.2278670999,0.8754804000,26.4154254000,6.3020926000,0.0001190000,0.1332162000,36.4140212000,240,172,68
4275,400,420,40,20,6,2,Grid Scanning,Local,12,0.51069770,10.21395402,70.24%,36.1374871000,0.0790438000,0.2088315999,3.4180878002,0.9213139000,26.2237100000,6.0024004001,0.0001239000,0.1400140000,36.1421173000,252,177,75
4275,400,440,40,20,6,2,Grid Scanning,Local,12,0.47065785,9.41315704,72.73%,40.9262242000,0.0833076999,0.2385740000,3.8748594999,1.0479593000,30.0877326999,6.4290842000,0.0001319001,0.1458367000,40.9309181000,264,192,72
4275,400,460,40,20,6,2,Grid Scanning,Local,12,0.48961906,9.79238128,75.00%,42.0802320000,0.0921435000,0.2701163000,3.9258155000,1.0741583000,30.3798612000,7.1628791000,0.0001440001,0.1489365999,42.1303508000,276,207,69
4275,400,480,40,20,6,2,Grid Scanning,Local,12,0.45757763,9.15155262,76.39%,43.8369705000,0.1049610000,0.3027515000,4.1654322999,1.1393214000,31.6641713999,7.3606833000,0.0001445000,0.1648697000,43.8421327000,288,220,68
4275,400,500,40,20,6,2,Grid Scanning,Local,12,0.47776925,9.55538491,77.00%,44.0530808000,0.1068436001,0.3166784000,4.3874579999,1.2010019998,31.3982823000,7.5977917000,0.0001617001,0.1654925000,44.0587268000,300,231,69
4275,400,520,40,20,6,2,Grid Scanning,Local,12,0.45231022,9.04620431,80.45%,51.1100789000,0.1223699000,0.3604940002,5.2674788999,1.4188051002,37.4830512000,7.6324459000,0.0001530001,0.1755957000,51.1166844000,312,251,61
4275,400,540,40,20,6,2,Grid Scanning,Local,12,0.43371899,8.67437981,82.72%,50.5441465000,0.1331147999,0.4041141001,5.5667304998,1.5271392999,36.3308422000,7.8503515000,0.0001746001,0.1754899999,50.5513472000,324,268,56
4275,400,560,40,20,6,2,Grid Scanning,Local,12,0.43219403,8.64388061,79.46%,50.3215068000,0.1417892000,0.4055701000,5.4472159001,1.4841673000,36.2433637000,7.8300722999,0.0001764000,0.1826022001,50.3283135000,336,267,69
4275,400,580,40,20,6,2,Grid Scanning,Local,12,0.42077876,8.41557523,81.32%,51.8151962000,0.1481168999,0.4479484998,5.8222735999,1.5892567998,37.1895987000,7.9299218000,0.0001895000,0.1923174002,51.8382810000,348,283,65
4275,400,600,40,20,6,2,Grid Scanning,Local,12,0.40601285,8.12025698,86.11%,54.5393325000,0.1632512000,0.4969453000,6.4076808003,1.7598444999,38.6980095000,8.4861667001,0.0001696000,0.1987577000,54.5466794000,360,310,50
4275,400,620,40,20,6,2,Grid Scanning,Local,12,0.39360208,7.87204152,81.99%,56.1230649000,0.1690672000,0.5050733999,6.7140227999,1.8316441999,40.5941525999,7.8656615001,0.0001834001,0.2069871999,56.1305040000,372,305,67
4275,400,640,40,20,6,2,Grid Scanning,Local,12,0.40109088,8.02181759,87.50%,59.5593014000,0.1775076001,0.5642436000,7.2494582000,1.9787618996,42.6522142000,8.6090491000,0.0001779999,0.2145246000,59.5685044000,384,336,48
4275,400,660,40,20,6,2,Grid Scanning,Local,12,0.41378340,8.27566804,85.86%,60.4393956000,0.1951079999,0.5969889000,7.2360738999,2.0230246000,43.1928937000,8.9048849000,0.0001876002,0.2200216000,60.4862382000,396,340,56
4275,400,680,40,20,6,2,Grid Scanning,Local,12,0.39918896,7.98377914,85.54%,63.4276222000,0.2011138000,0.6273631000,7.6805726002,2.1037204001,45.9133058000,8.6893012000,0.0001862999,0.2211268000,63.4379363000,408,349,59
4275,400,700,40,20,6,2,Grid Scanning,Local,12,0.38485822,7.69716432,88.57%,64.9314250000,0.2221444001,0.6716097000,8.1629873998,2.2600029999,46.4798998000,9.0809635000,0.0001996000,0.2346695001,64.9422895000,420,372,48
4275,400,720,40,20,6,2,Grid Scanning,Local,12,0.37961171,7.59223421,92.59%,67.3274534000,0.2200923000,0.7563880000,8.7458247000,2.4199853999,47.9741527000,9.2740708000,0.0002133999,0.2474436000,67.3368660000,432,400,32
4275,400,740,40,20,6,2,Grid Scanning,Local,12,0.36664371,7.33287428,89.86%,66.8929925000,0.2338281001,0.7678591000,8.6422009001,2.3827789000,47.3075455000,9.6127693001,0.0002177000,0.2444013001,66.9012785000,444,399,45
4275,400,760,40,20,6,2,Grid Scanning,Local,12,0.36782228,7.35644565,91.45%,68.6111431000,0.2492621000,0.8369498001,9.0690516999,2.5235676001,48.3552945001,9.8252065999,0.0002115999,0.1782944000,68.6233078000,456,417,39
4275,400,780,40,20,6,2,Grid Scanning,Local,12,0.33798248,6.75964970,86.11%,65.3425095000,0.2503331000,0.8037771000,9.0376558999,2.4875240999,46.3075378000,8.6859333000,0.0002123000,0.1748729000,65.3530225000,468,403,65
4275,400,800,40,20,6,2,Grid Scanning,Local,12,0.36577855,7.31557106,91.25%,72.3572969000,0.2665759001,0.9045162001,9.6041558998,2.6690649001,51.2423500000,10.0504188001,0.0002225001,0.1863605000,72.3662370000,480,438,42
4275,400,820,40,20,6,2,Grid Scanning,Local,12,0.33620797,6.72415948,91.06%,72.2747472000,0.2800727999,0.9378894999,9.9415208999,2.7859452003,51.2714040000,9.5675506001,0.0002110000,0.1949596999,72.2845431000,492,448,44
4275,400,840,40,20,6,2,Grid Scanning,Local,12,0.34553068,6.91061353,91.27%,74.0506181000,0.2900125000,0.9772551001,10.3103031996,2.8500662997,52.1529002999,10.0430475000,0.0002433000,0.1927827000,74.0587872000,504,460,44
4275,400,860,40,20,6,2,Grid Scanning,Local,12,0.31543846,6.30876921,94.96%,76.7020277000,0.3072476999,1.0654085002,11.0919558001,3.0689235000,54.0208513000,9.9243465000,0.0002342000,0.1984616001,76.7123280000,516,490,26
4275,400,880,40,20,6,2,Grid Scanning,Local,12,0.31081615,6.21632293,91.29%,75.7270651000,0.3301721000,1.0878102001,11.0527342003,3.1177611998,53.1782212000,9.7809578001,0.0002763000,0.2100625999,75.7739228000,528,482,46
4275,400,900,40,20,6,2,Grid Scanning,Local,12,0.32904006,6.58080129,93.52%,78.6423145000,0.3441492000,1.1842572000,11.2817680000,3.1789984003,54.8895729999,10.6020376001,0.0002341002,0.2081922001,78.6539842000,540,505,35
4275,400,920,40,20,6,2,Grid Scanning,Local,12,0.31572217,6.31444340,91.49%,77.4080135000,0.3492291000,1.1532916002,11.4274977998,3.1941906003,54.0774545000,10.1034403998,0.0002317001,0.2053987999,77.4193131000,552,505,47
4275,400,940,40,20,6,2,Grid Scanning,Local,12,0.33053551,6.61071023,94.15%,80.5463220000,0.3750527000,1.2637504000,12.0240796999,3.3991677000,55.7051604002,10.8520723000,0.0002466999,0.2049096999,80.5639328000,564,531,33
4275,400,960,40,20,6,2,Grid Scanning,Local,12,0.32450519,6.49010376,95.66%,83.3055092000,0.3896345000,1.3249006999,12.6129058000,3.5558777001,57.6442218999,11.0261239000,0.0002577000,0.2066554997,83.3159742000,576,551,25
4275,400,980,40,20,6,2,Grid Scanning,Local,12,0.31483133,6.29662658,95.07%,83.7734564000,0.4019538001,1.3859756999,12.9700666999,3.6733136002,57.7964766001,10.9040553000,0.0002506000,0.2045971001,83.7844084000,588,559,29
4275,400,1000,40,20,6,2,Grid Scanning,Local,12,0.30093951,6.01879020,95.00%,83.5339292000,0.4302557000,1.4332431999,13.2990199000,3.7358906001,57.1307582000,10.9278905000,0.0002629000,0.2093599999,83.5449704000,600,570,30
4275,400,60,40,20,6,2,Grid Scanning,Local,14,0.60799571,12.15991426,16.67%,1.6327308000,0.0016166000,0.0015675000,0.0846784000,0.0255117000,0.9477008000,0.5614725000,0.0000178000,0.0304617000,1.6339727000,36,6,30
4275,400,80,40,20,6,2,Grid Scanning,Local,14,0.64017480,12.80349597,25.00%,3.4373184000,0.0032903000,0.0037946000,0.1955441000,0.0484494000,2.3981245000,0.7894259000,0.0000271000,0.0390963000,3.4385984000,48,12,36
4275,400,100,40,20,6,2,Grid Scanning,Local,14,0.59815891,11.96317819,35.00%,6.4069434000,0.0046327000,0.0078038000,0.3778055000,0.0942226000,4.2619950000,1.6931633000,0.0000327000,0.0432227000,6.4092684000,60,21,39
4275,400,120,40,20,6,2,Grid Scanning,Local,14,0.45120458,9.02409152,36.11%,7.3833621000,0.0066523000,0.0109255000,0.4339810000,0.1051585000,4.7025336000,2.1471160000,0.0000398000,0.0470164000,7.3865108000,72,26,46
4275,400,140,40,20,6,2,Grid Scanning,Local,14,0.58686634,11.73732687,25.00%,5.8682126000,0.0081880000,0.0094418000,0.4368168000,0.1071243000,4.1676136000,1.1860628000,0.0000426000,0.0484792000,5.8704041000,84,21,63
4275,400,160,40,20,6,2,Grid Scanning,Local,14,0.45830376,9.16607530,36.46%,9.1870969000,0.0112290000,0.0180446000,0.6111308000,0.1486700000,6.0794700000,2.3795878000,0.0000525000,0.0565493000,9.1911321000,96,35,61
4275,400,180,40,20,6,2,Grid Scanning,Local,14,0.58314991,11.66299815,35.19%,9.8787584000,0.0143432000,0.0229136000,0.6948403000,0.1661551000,6.7172635000,2.3445422000,0.0000591000,0.0639609000,9.8815502000,108,38,70
4275,400,200,40,20,6,2,Grid Scanning,Local,14,0.60893590,12.17871803,36.67%,10.4825267000,0.0181391000,0.0278256001,0.7438324001,0.1916675000,7.0137274000,2.5857448000,0.0000653000,0.0644446000,10.4852206000,120,44,76
4275,400,220,40,20,6,2,Grid Scanning,Local,14,0.51502205,10.30044091,42.42%,13.7411230000,0.0220328000,0.0372941000,0.9855035000,0.2417664000,9.6886739000,2.9101961000,0.0000735001,0.0699980999,13.7441684000,132,56,76
4275,400,240,40,20,6,2,Grid Scanning,Local,14,0.51727974,10.34559484,45.83%,16.5463928000,0.0267539000,0.0505032000,1.2800491000,0.3162744999,11.7342416000,3.3412352000,0.0000808000,0.0833267000,16.5495696000,144,66,78
4275,400,260,40,20,6,2,Grid Scanning,Local,14,0.59323987,11.86479745,51.92%,20.5821411000,0.0304044000,0.0622658999,1.5800204001,0.3805857000,14.7833302000,3.9858233000,0.0000811000,0.0898914000,20.5850241000,156,81,75
4275,400,280,40,20,6,2,Grid Scanning,Local,14,0.55500454,11.10009087,56.55%,24.3522403000,0.0345906999,0.0752929000,1.9450976999,0.4836116001,17.5870243000,4.5855949000,0.0000905999,0.0913184000,24.3578149000,168,95,73
4275,400,300,40,20,6,2,Grid Scanning,Local,14,0.55175130,11.03502601,60.56%,24.2624970000,0.0402653000,0.0987793999,1.9983085000,0.4992669000,17.1064532000,4.8689072000,0.0000984999,0.1062769000,24.2665676000,180,109,71
4275,400,320,40,20,6,2,Grid Scanning,Local,14,0.53410246,10.68204910,59.38%,27.6276948000,0.0458534000,0.1110488999,2.3519131000,0.5830571000,19.9457913000,5.0247540000,0.0001016000,0.1044578001,27.6322293000,192,114,78
4275,400,340,40,20,6,2,Grid Scanning,Local,14,0.51992900,10.39858004,63.24%,31.0254913000,0.0567764000,0.1420488000,2.8410841001,0.6903209000,22.0020530999,5.8035553000,0.0001310000,0.1234105000,31.0307441000,204,129,75
4275,400,360,40,20,6,2,Grid Scanning,Local,14,0.53174938,10.63498763,63.43%,29.3412287000,0.0581516000,0.1400133000,2.7797256999,0.6818832001,20.9237034000,5.2631384000,0.0001135000,0.1172622999,29.3466792000,216,137,79
4275,400,380,40,20,6,2,Grid Scanning,Local,14,0.48350833,9.67016664,68.42%,33.6240842000,0.0629504000,0.1722637001,3.1879070000,0.7877133000,24.0512548000,5.9648373000,0.0001143000,0.1251845999,33.6356735000,228,156,72
4275,400,400,40,20,6,2,Grid Scanning,Local,14,0.47718284,9.54365678,71.67%,37.6137900000,0.0718908000,0.1935993000,3.6562860001,0.9001211000,27.0880726001,6.3925124000,0.0001363000,0.1526827000,37.6186768000,240,172,68
4275,400,420,40,20,6,2,Grid Scanning,Local,14,0.51059124,10.21182478,70.24%,36.4006595000,0.0767718001,0.2030807000,3.6579673001,0.9192133000,26.2564366000,6.0037401000,0.0001247000,0.1364145000,36.4091158000,252,177,75
4275,400,440,40,20,6,2,Grid Scanning,Local,14,0.47064606,9.41292129,72.73%,41.5493650000,0.0872979001,0.2681923999,4.1740700002,1.0492166000,30.2009204000,6.6191814000,0.0001332000,0.1456628000,41.5547659000,264,192,72
4275,400,460,40,20,6,2,Grid Scanning,Local,14,0.48934712,9.78694239,75.00%,41.4934190000,0.0904933000,0.2580002001,4.1379275999,1.0459563999,29.7642314000,7.0158104000,0.0001300000,0.1494241000,41.5004811000,276,207,69
4275,400,480,40,20,6,2,Grid Scanning,Local,14,0.45747796,9.14955912,76.39%,43.9540717000,0.1075706000,0.3031140000,4.7131671000,1.1986707001,31.1476909000,7.4208679999,0.0001433000,0.1688636000,43.9607098000,288,220,68
4275,400,500,40,20,6,2,Grid Scanning,Local,14,0.47684867,9.53697341,77.00%,45.4449040000,0.1110720999,0.3254567000,4.8653531000,1.2329002000,32.1118735000,7.7724626000,0.0001450000,0.1654841999,45.4521351000,300,231,69
4275,400,520,40,20,6,2,Grid Scanning,Local,14,0.45148423,9.02968456,80.45%,50.8552632000,0.1199588000,0.3605757999,5.6817596000,1.4322461001,36.8854054000,7.5555441001,0.0001508000,0.1757503999,50.8610224000,312,251,61
4275,400,540,40,20,6,2,Grid Scanning,Local,14,0.43373759,8.67475188,82.72%,50.9472500000,0.1296897001,0.3983657000,5.8923076999,1.4767406001,36.3182120001,7.9307485000,0.0001748999,0.1757742001,50.9545652000,324,268,56
4275,400,560,40,20,6,2,Grid Scanning,Local,14,0.43225590,8.64511802,79.46%,50.2488635000,0.1424437000,0.4113981002,5.9021620999,1.4999473998,35.6481907999,7.8320909001,0.0001635000,0.1916317000,50.2615455000,336,267,69
4275,400,580,40,20,6,2,Grid Scanning,Local,14,0.42039684,8.40793676,81.32%,52.3897608000,0.1493346000,0.4385237001,6.3775312999,1.6349934000,37.1778871000,7.9312264001,0.0001643000,0.2076840000,52.3985794000,348,283,65
4275,400,600,40,20,6,2,Grid Scanning,Local,14,0.40524152,8.10483041,86.11%,55.0431891000,0.1583217000,0.5035062999,6.9413557002,1.7885155999,38.7492585000,8.4022798000,0.0001649001,0.1935531001,55.0507481000,360,310,50
4275,400,620,40,20,6,2,Grid Scanning,Local,14,0.39333184,7.86663687,81.99%,56.1099795000,0.1673113000,0.5286759000,7.1868394999,1.8391849000,40.0646305999,7.8974009000,0.0001706000,0.1949403000,56.1194114000,372,305,67
4275,400,640,40,20,6,2,Grid Scanning,Local,14,0.40064604,8.01292083,87.50%,60.0056587000,0.1827938000,0.5715692001,7.9032466002,2.0464653001,42.2962782999,8.7398222001,0.0001822000,0.2126977000,60.0127132000,384,336,48
4275,400,660,40,20,6,2,Grid Scanning,Local,14,0.41330382,8.26607645,85.86%,59.4664456000,0.1876500001,0.5764221999,7.6804458000,1.9769557000,41.8930410000,8.7998928000,0.0001869999,0.2162439001,59.4782500000,396,340,56
4275,400,680,40,20,6,2,Grid Scanning,Local,14,0.39807170,7.96143394,85.54%,63.2683915000,0.2081878000,0.6300081998,8.3068149999,2.1270983000,45.1045330000,8.6992797000,0.0001893000,0.2263657001,63.2778196000,408,349,59
4275,400,700,40,20,6,2,Grid Scanning,Local,14,0.38454847,7.69096944,88.57%,65.2089789000,0.2143724999,0.6769895000,8.8709030002,2.2801839998,46.1626770001,8.9743851000,0.0002200002,0.2327858999,65.2284428000,420,372,48
4275,400,720,40,20,6,2,Grid Scanning,Local,14,0.37953161,7.59063213,92.59%,68.1899322000,0.2295990000,0.7773739999,9.4920229999,2.4186121999,47.7896087001,9.5617059001,0.0001995000,0.2393195000,68.1981214000,432,400,32
4275,400,740,40,20,6,2,Grid Scanning,Local,14,0.36554259,7.31085180,89.86%,66.6799795000,0.2404162999,0.7873414000,9.4736623001,2.4895554001,46.2629525000,9.5743550999,0.0002166999,0.2349176001,66.6918972000,444,399,45
4275,400,760,40,20,6,2,Grid Scanning,Local,14,0.36728856,7.34577111,91.45%,68.7124515000,0.2627942000,0.8435007000,9.8923093998,2.5303198000,47.7017961000,9.7269523999,0.0002116000,0.1815673999,68.7318787000,456,417,39
4275,400,780,40,20,6,2,Grid Scanning,Local,14,0.33660509,6.73210181,86.11%,64.9751264000,0.2545240000,0.8225284001,9.9725393997,2.5522202000,44.9941537000,8.6728101000,0.0002379000,0.1793918001,64.9871185000,468,403,65
4275,400,800,40,20,6,2,Grid Scanning,Local,14,0.36454412,7.29088232,91.25%,72.0786441000,0.2861391000,0.9080916999,10.6528655001,2.7514583000,50.0574233000,9.8816379998,0.0002379998,0.1896573000,72.0866383000,480,438,42
4275,400,820,40,20,6,2,Grid Scanning,Local,14,0.33557480,6.71149590,91.06%,73.1811714000,0.2901089000,0.9459432000,11.0606832002,2.8721959000,50.9233399000,9.6725957999,0.0002252000,0.2018814000,73.1892920000,492,448,44
4275,400,840,40,20,6,2,Grid Scanning,Local,14,0.34505973,6.90119455,91.27%,73.2283304000,0.3004899001,0.9713021999,11.2933695001,2.9132170002,50.5627259000,9.8151525001,0.0002375001,0.1996217000,73.2391029000,504,460,44
4275,400,860,40,20,6,2,Grid Scanning,Local,14,0.31582524,6.31650487,94.96%,77.1112152000,0.3145404000,1.0688121000,12.1556914998,3.1681510000,53.3225025000,9.9507694000,0.0002480000,0.2040237999,77.1624491000,516,490,26
4275,400,880,40,20,6,2,Grid Scanning,Local,14,0.31031148,6.20622952,91.29%,75.4625212000,0.3498167999,1.0925397002,12.1220775000,3.1557497998,51.8306456000,9.7622172000,0.0002465999,0.2028159000,75.4749033000,528,482,46
4275,400,900,40,20,6,2,Grid Scanning,Local,14,0.32787414,6.55748288,93.52%,78.4137009000,0.3561841999,1.1913234002,12.3496570002,3.2148579001,53.4976507999,10.6793198000,0.0002748001,0.2163940000,78.4277648000,540,505,35
4275,400,920,40,20,6,2,Grid Scanning,Local,14,0.31567815,6.31356301,91.49%,78.0831001000,0.3607434999,1.1709528998,12.4987683002,3.2494228003,53.3897472000,10.3461993000,0.0002415999,0.2082714003,78.0998752000,552,505,47
4275,400,940,40,20,6,2,Grid Scanning,Local,14,0.33008897,6.60177945,94.15%,81.5670669000,0.3678156001,1.2826164000,13.3400477002,3.4714049999,55.3949345000,10.8723645999,0.0002451000,0.2042792999,81.5778245000,564,531,33
4275,400,960,40,20,6,2,Grid Scanning,Local,14,0.32393634,6.47872683,95.66%,84.0810195000,0.4020281999,1.3514983999,13.7447594002,3.6042575000,56.9974193999,11.2652701001,0.0002572000,0.2148132002,84.0960832000,576,551,25
4275,400,980,40,20,6,2,Grid Scanning,Local,14,0.31351416,6.27028322,95.07%,83.6068791000,0.4078552000,1.3719797001,14.1247424000,3.7142859000,56.4610777000,10.9304371000,0.0002561000,0.2138237001,83.6183575000,588,559,29
4275,400,1000,40,20,6,2,Grid Scanning,Local,14,0.30062666,6.01253329,95.00%,84.0787174000,0.4264692000,1.4828297001,14.8036078004,3.8930973994,55.9612106001,11.0802192000,0.0002673001,0.2148311002,84.0900820000,600,570,30
4275,400,60,40,20,6,2,Grid Scanning,Local,14,0.60799571,12.15991426,16.67%,1.8114417000,0.0017920000,0.0014868000,0.0814708000,0.0241625000,0.9942530000,0.6667012000,0.0000237001,0.0411169000,1.8124621000,36,6,30
4275,400,80,40,20,6,2,Grid Scanning,Local,14,0.64017480,12.80349597,25.00%,3.2976284000,0.0024371000,0.0033049000,0.1790336000,0.0432292000,2.2709216000,0.8006685000,0.0000226000,0.0335120001,3.3002950000,48,12,36
4275,400,100,40,20,6,2,Grid Scanning,Local,14,0.59815891,11.96317819,35.00%,6.5435370000,0.0048289000,0.0072193000,0.3980693000,0.0968511001,4.3198107000,1.7584225000,0.0000346001,0.0441943000,6.5453260000,60,21,39
4275,400,120,40,20,6,2,Grid Scanning,Local,14,0.45120458,9.02409152,36.11%,7.6395213000,0.0070095999,0.0112507001,0.4752438000,0.1216949001,4.8749012000,2.2075925000,0.0000388000,0.0489387001,7.6413892000,72,26,46
4275,400,140,40,20,6,2,Grid Scanning,Local,14,0.58686634,11.73732687,25.00%,5.9706134000,0.0084118000,0.0099043000,0.4716189000,0.1124263000,4.1660837000,1.2418688000,0.0000448000,0.0478243999,5.9745238000,84,21,63
4275,400,160,40,20,6,2,Grid Scanning,Local,14,0.45830376,9.16607530,36.46%,9.1975017000,0.0112424000,0.0173858999,0.5930036999,0.1470965999,6.0005503000,2.4963785000,0.0000527000,0.0580408000,9.1999435000,96,35,61
4275,400,180,40,20,6,2,Grid Scanning,Local,14,0.58314991,11.66299815,35.19%,9.7878955000,0.0146953000,0.0235910001,0.6877084999,0.1691444000,6.5725990000,2.3902918000,0.0000634999,0.0730348999,9.7922645000,108,38,70
4275,400,200,40,20,6,2,Grid Scanning,Local,14,0.60893590,12.17871803,36.67%,10.4925734000,0.0177074000,0.0293255000,0.7746228999,0.1917848999,6.8541428000,2.7163785000,0.0000633000,0.0663343000,10.4951739000,120,44,76
4275,400,220,40,20,6,2,Grid Scanning,Local,14,0.51502205,10.30044091,42.42%,14.5596565000,0.0220242000,0.0373632999,1.0095837000,0.2493726999,10.3189665000,3.0703487001,0.0000728999,0.0735590000,14.5630801000,132,56,76
4275,400,240,40,20,6,2,Grid Scanning,Local,14,0.51727974,10.34559484,45.83%,16.5969098000,0.0249807000,0.0469302000,1.2835311000,0.3151066001,11.6323103001,3.4910781000,0.0000761001,0.0743449001,16.5997385000,144,66,78
4275,400,260,40,20,6,2,Grid Scanning,Local,14,0.59323987,11.86479745,51.92%,20.3189054000,0.0305180999,0.0620532000,1.5848753001,0.3893832999,14.5388818999,3.9810728000,0.0000838000,0.0837147999,20.3229012000,156,81,75
4275,400,280,40,20,6,2,Grid Scanning,Local,14,0.55500454,11.10009087,56.55%,25.2143140000,0.0369367001,0.0772505999,1.9606151000,0.4869982999,18.4792740000,4.5192414000,0.0000897000,0.0940585002,25.2202590000,168,95,73
4275,400,300,40,20,6,2,Grid Scanning,Local,14,0.55175130,11.03502601,60.56%,25.0025192000,0.0426013999,0.1052414999,2.1290019000,0.5377584998,17.5957575001,4.9682304000,0.0000925000,0.1021673999,25.0075154000,180,109,71
4275,400,320,40,20,6,2,Grid Scanning,Local,14,0.53410246,10.68204910,59.38%,25.8669443000,0.0427628001,0.1051658998,2.2840790000,0.5654917002,18.4039414000,4.8757605999,0.0000936002,0.1051581999,25.8706714000,192,114,78
4275,400,340,40,20,6,2,Grid Scanning,Local,14,0.51992900,10.39858004,63.24%,28.2051055000,0.0510425000,0.1261057002,2.5551650000,0.6382397000,20.0273587000,5.2760452001,0.0001044999,0.1111146000,28.2146764000,204,129,75
4275,400,360,40,20,6,2,Grid Scanning,Local,14,0.53174938,10.63498763,63.43%,29.4750628000,0.0584755000,0.1374382001,2.7299168001,0.6920871002,21.1433402000,5.2281340000,0.0001134000,0.1103765999,29.4795304000,216,137,79
4275,400,380,40,20,6,2,Grid Scanning,Local,14,0.48350833,9.67016664,68.42%,33.7293857000,0.0658037999,0.1711546999,3.1896498999,0.7957041002,24.0513308000,6.0212012000,0.0001124000,0.1224247999,33.7345901000,228,156,72
4275,400,400,40,20,6,2,Grid Scanning,Local,14,0.47718284,9.54365678,71.67%,37.3718822000,0.0736217000,0.1922302999,3.6005059003,0.8985177001,26.8226177000,6.4846841999,0.0001260000,0.1352617000,37.3766099000,240,172,68
4275,400,420,40,20,6,2,Grid Scanning,Local,14,0.51059124,10.21182478,70.24%,36.7044387000,0.0790034001,0.2049471000,3.6812119004,0.9322930997,26.4557600000,6.0906886001,0.0001379999,0.1365212001,36.7117941000,252,177,75
4275,400,440,40,20,6,2,Grid Scanning,Local,14,0.47064606,9.41292129,72.73%,41.4487404000,0.0911377999,0.2320121000,4.1691816997,1.0603390999,29.9726189001,6.7476784999,0.0001422001,0.1481458998,41.4542640000,264,192,72
4275,400,460,40,20,6,2,Grid Scanning,Local,14,0.48934712,9.78694239,75.00%,41.9726839000,0.0932468000,0.2716932002,4.2474964001,1.0594540001,30.0194799999,7.1037006001,0.0001318001,0.1563979999,41.9798851000,276,207,69
4275,400,480,40,20,6,2,Grid Scanning,Local,14,0.45747796,9.14955912,76.39%,43.7938645000,0.1101512000,0.3104599000,4.6577249998,1.1734133000,31.0433957000,7.4103691998,0.0001522000,0.1693243000,43.8009089000,288,220,68
4275,400,500,40,20,6,2,Grid Scanning,Local,14,0.47684867,9.53697341,77.00%,44.4288670000,0.1097673999,0.3179342999,4.8274664001,1.2171785999,31.4096451000,7.5295372999,0.0001424001,0.1613327997,44.4343016000,300,231,69
4275,400,520,40,20,6,2,Grid Scanning,Local,14,0.45148423,9.02968456,80.45%,50.6242831000,0.1200006001,0.3546828002,5.6758104000,1.4463138002,36.7649389001,7.4475208002,0.0001561000,0.1799587003,50.6453421000,312,251,61
4275,400,540,40,20,6,2,Grid Scanning,Local,14,0.43373759,8.67475188,82.72%,51.1797142000,0.1302005000,0.3914243000,6.0182681003,1.5207467002,36.5252467999,7.8560990999,0.0001514999,0.1867463002,51.1860829000,324,268,56
4275,400,560,40,20,6,2,Grid Scanning,Local,14,0.43225590,8.64511802,79.46%,50.5581320000,0.1482067999,0.4061811000,6.0929976998,1.5415258000,35.6635911000,7.9604643000,0.0001827000,0.1861702998,50.5663290000,336,267,69
4275,400,580,40,20,6,2,Grid Scanning,Local,14,0.42039684,8.40793676,81.32%,52.8464292000,0.1523323001,0.4514249000,6.4076775001,1.6125493001,37.6326792001,7.9249991000,0.0001605001,0.1901321999,52.8596248000,348,283,65
4275,400,600,40,20,6,2,Grid Scanning,Local,14,0.40524152,8.10483041,86.11%,57.5419911000,0.1774901998,0.5310958002,7.2459555006,1.8459686999,40.5948247999,8.6890365000,0.0001815998,0.2071050002,57.5488074000,360,310,50
4275,400,620,40,20,6,2,Grid Scanning,Local,14,0.39333184,7.86663687,81.99%,56.1510360000,0.1741301999,0.5167365002,7.2554300997,1.8514611003,39.9052449000,7.9917286001,0.0001745000,0.2069456998,56.1681541000,372,305,67
4275,400,640,40,20,6,2,Grid Scanning,Local,14,0.40064604,8.01292083,87.50%,58.3705764000,0.1811558000,0.5528302999,7.6013772998,1.9474603003,41.3130434001,8.4149868001,0.0001785001,0.2147070000,58.4486902000,384,336,48
4275,400,660,40,20,6,2,Grid Scanning,Local,14,0.41330382,8.26607645,85.86%,53.6906561000,0.1686416999,0.5134384004,6.9196837004,1.7990493000,37.8224301999,7.9633526000,0.0001643000,0.2037628000,53.6996824000,396,340,56
4275,400,680,40,20,6,2,Grid Scanning,Local,14,0.39807170,7.96143394,85.54%,56.7379172000,0.1838907997,0.5420298994,7.3740546000,1.9237148999,40.4036761999,7.9516628999,0.0001718000,0.2057737001,56.7455223000,408,349,59
4275,400,700,40,20,6,2,Grid Scanning,Local,14,0.38454847,7.69096944,88.57%,58.6121764000,0.1977598000,0.6077527001,8.0103743004,2.0910354001,41.2241043000,8.2818586999,0.0001799000,0.2133181002,58.6201653000,420,372,48
4275,400,720,40,20,6,2,Grid Scanning,Local,14,0.37953161,7.59063213,92.59%,60.5089356000,0.2056872000,0.6533114000,8.4052156996,2.2182083996,42.4070683001,8.5122980001,0.0001779001,0.2294341001,60.5168891000,432,400,32
4275,400,740,40,20,6,2,Grid Scanning,Local,14,0.36554259,7.31085180,89.86%,59.8541835000,0.2098122001,0.6724935002,8.4121245994,2.2111698997,41.5193139999,8.7293089002,0.0001838000,0.2222758999,59.8614486000,444,399,45
4275,400,760,40,20,6,2,Grid Scanning,Local,14,0.36728856,7.34577111,91.45%,61.3649699000,0.2242803000,0.7212155002,8.7518207001,2.2785989000,42.5880229000,8.8346732999,0.0001904000,0.1598261002,61.3722299000,456,417,39
4275,400,780,40,20,6,2,Grid Scanning,Local,14,0.33660509,6.73210181,86.11%,58.5905471000,0.2325134001,0.7180798002,8.8166013003,2.2984424001,40.6432990999,7.9200416999,0.0001975998,0.1655049000,58.5982520000,468,403,65
4275,400,800,40,20,6,2,Grid Scanning,Local,14,0.36454412,7.29088232,91.25%,64.6121494000,0.2476619999,0.7846150998,9.3630266000,2.4436313002,44.9028197001,9.0436050000,0.0001983002,0.1784084999,64.6235075000,480,438,42
4275,400,820,40,20,6,2,Grid Scanning,Local,14,0.33557480,6.71149590,91.06%,64.8586045000,0.2644168000,0.8341530004,9.7736703002,2.5893462999,44.9056559001,8.7951848998,0.0002000001,0.1809498998,64.8664908000,492,448,44
4275,400,840,40,20,6,2,Grid Scanning,Local,14,0.34505973,6.90119455,91.27%,66.4267019000,0.2756443004,0.8650593998,10.1836270996,2.6830714998,45.7770504997,9.0339656000,0.0002367000,0.1917554997,66.4446319000,504,460,44
4275,400,860,40,20,6,2,Grid Scanning,Local,14,0.31582524,6.31650487,94.96%,71.0477715000,0.3018244999,1.0074670000,11.2476991999,2.9518849999,48.9881987999,9.2137554002,0.0002160998,0.1976006001,71.0645003000,516,490,26
4275,400,880,40,20,6,2,Grid Scanning,Local,14,0.31031148,6.20622952,91.29%,68.1718847000,0.3027138001,0.9718675000,10.9019902996,2.8637080004,46.7728142000,8.9464518002,0.0002161001,0.1908289999,68.1826596000,528,482,46
4275,400,900,40,20,6,2,Grid Scanning,Local,14,0.32787414,6.55748288,93.52%,69.3869253000,0.3235132001,1.0096001997,10.9337077998,2.8912139995,47.3175602001,9.4897975000,0.0002204002,0.2016664001,69.3997487000,540,505,35
4275,400,920,40,20,6,2,Grid Scanning,Local,14,0.31567815,6.31356301,91.49%,69.9056636000,0.3297345000,1.0172043997,11.2595229997,2.9556033006,47.7117475998,9.3074066999,0.0002460998,0.1904269001,69.9180112000,552,505,47
4275,400,940,40,20,6,2,Grid Scanning,Local,14,0.33008897,6.60177945,94.15%,72.2301824000,0.3433346998,1.1299102002,11.9181240994,3.1633183998,48.7172845998,9.8155827999,0.0002275001,0.2076043002,72.2401655000,564,531,33
4275,400,960,40,20,6,2,Grid Scanning,Local,14,0.32393634,6.47872683,95.66%,74.1718064000,0.3543801001,1.1888255995,12.3074676004,3.2914824994,49.9415451001,10.0732609000,0.0002483000,0.2026438999,74.1860433000,576,551,25
4275,400,980,40,20,6,2,Grid Scanning,Local,14,0.31351416,6.27028322,95.07%,75.1782435000,0.3725343001,1.2149594000,12.7098588998,3.3676325999,50.7209403999,9.8638765999,0.0002348002,0.2006702000,75.2003450000,588,559,29
4275,400,1000,40,20,6,2,Grid Scanning,Local,14,0.30062666,6.01253329,95.00%,74.6534791000,0.3813946998,1.2463931999,12.9546663999,3.4453470002,49.8980599001,9.8841771001,0.0002385001,0.2014337002,74.6668609000,600,570,30
4275,400,60,40,20,6,2,Grid Scanning,Local,14,0.60799571,12.15991426,16.67%,1.4920673000,0.0015517000,0.0012863000,0.0747188000,0.0227197000,0.8467954000,0.5292705000,0.0000188000,0.0327351001,1.4930605000,36,6,30
4275,400,80,40,20,6,2,Grid Scanning,Local,14,0.64017480,12.80349597,25.00%,3.0322222000,0.0024580001,0.0029109000,0.1643538999,0.0418088000,2.0955171000,0.7284713000,0.0000234001,0.0299008000,3.0339256000,48,12,36
4275,400,100,40,20,6,2,Grid Scanning,Local,14,0.59815891,11.96317819,35.00%,5.8303321000,0.0045535999,0.0067974999,0.3561897999,0.0882678000,3.8009542000,1.6068099000,0.0000310000,0.0377947999,5.8316676000,60,21,39
4275,400,120,40,20,6,2,Grid Scanning,Local,14,0.45120458,9.02409152,36.11%,6.5391383000,0.0052250999,0.0088432999,0.3605895000,0.0900166001,4.2261745000,1.8830642000,0.0000329001,0.0400420000,6.5406995000,72,26,46
4275,400,140,40,20,6,2,Grid Scanning,Local,14,0.58686634,11.73732687,25.00%,5.4397803000,0.0084133000,0.0083486001,0.3902281000,0.0985218000,3.8184145000,1.1423322000,0.0000436000,0.0523309000,5.4424518000,84,21,63
4275,400,160,40,20,6,2,Grid Scanning,Local,14,0.45830376,9.16607530,36.46%,8.3552922000,0.0103214000,0.0171994999,0.5590520000,0.1442530000,5.3996859999,2.2820767000,0.0000556000,0.0519993999,8.3578301000,96,35,61
4275,400,180,40,20,6,2,Grid Scanning,Local,14,0.58314991,11.66299815,35.19%,8.8654255000,0.0127812000,0.0191817999,0.5995673000,0.1488599999,6.0539262999,2.1020209000,0.0000543000,0.0546956999,8.8674567000,108,38,70
4275,400,200,40,20,6,2,Grid Scanning,Local,14,0.60893590,12.17871803,36.67%,9.2571668000,0.0166997999,0.0233711999,0.6770681001,0.1675292000,6.0988194001,2.3401577000,0.0000601000,0.0661242999,9.2597739000,120,44,76
4275,400,220,40,20,6,2,Grid Scanning,Local,14,0.51502205,10.30044091,42.42%,12.5604121000,0.0202036000,0.0321763999,0.9096983999,0.2410785000,8.7366474000,2.7639896000,0.0000642000,0.0689567001,12.5629433000,132,56,76
4275,400,240,40,20,6,2,Grid Scanning,Local,14,0.51727974,10.34559484,45.83%,14.7190246000,0.0214191000,0.0405437001,1.1323533001,0.2879649000,10.3528176000,3.0600332001,0.0000643000,0.0713898001,14.7217589000,144,66,78
4275,400,260,40,20,6,2,Grid Scanning,Local,14,0.59323987,11.86479745,51.92%,18.2037610000,0.0278519000,0.0535465000,1.4409868000,0.3758714001,12.9096858000,3.6610803000,0.0000784999,0.0766112000,18.2079801000,156,81,75
4275,400,280,40,20,6,2,Grid Scanning,Local,14,0.55500454,11.10009087,56.55%,22.4364568000,0.0310504999,0.0681996000,1.7421435002,0.4402043999,16.3118068000,4.1656557000,0.0000757998,0.0816575999,22.4403721000,168,95,73
4275,400,300,40,20,6,2,Grid Scanning,Local,14,0.55175130,11.03502601,60.56%,21.8871607000,0.0364588001,0.0873966000,1.8428153999,0.4712976000,15.3385339000,4.4436423000,0.0000904000,0.0879642002,21.8907856000,180,109,71
4275,400,320,40,20,6,2,Grid Scanning,Local,14,0.53410246,10.68204910,59.38%,23.0462012000,0.0412098000,0.0917161998,1.9857626000,0.5091300000,16.5425876001,4.2479672999,0.0002859000,0.0919868000,23.0497801000,192,114,78
4275,400,340,40,20,6,2,Grid Scanning,Local,14,0.51992900,10.39858004,63.24%,25.0800612000,0.0442479998,0.1085839999,2.2445102000,0.5805186998,17.7327136001,4.7881432000,0.0000976000,0.0968526000,25.0854388000,204,129,75
4275,400,360,40,20,6,2,Grid Scanning,Local,14,0.53174938,10.63498763,63.43%,26.1397936000,0.0532063000,0.1262820999,2.4540539998,0.6311209000,18.5570227000,4.7853952000,0.0001206000,0.1047957001,26.1442374000,216,137,79
4275,400,380,40,20,6,2,Grid Scanning,Local,14,0.48350833,9.67016664,68.42%,29.8617653000,0.0569832999,0.1468936001,2.8360172002,0.7269296997,21.3325705999,5.3202160000,0.0001118001,0.1135445001,29.8660562000,228,156,72
4275,400,400,40,20,6,2,Grid Scanning,Local,14,0.47718284,9.54365678,71.67%,33.2939090000,0.0669840999,0.1775969001,3.2377175998,0.8278461999,23.8691600000,5.7362761997,0.0001220000,0.1358869001,33.3001072000,240,172,68
4275,400,420,40,20,6,2,Grid Scanning,Local,14,0.51059124,10.21182478,70.24%,32.7057538000,0.0680065000,0.1798348000,3.2973345002,0.8384436000,23.4415715001,5.5354107000,0.0001138998,0.1241295001,32.7105034000,252,177,75
4275,400,440,40,20,6,2,Grid Scanning,Local,14,0.47064606,9.41292129,72.73%,36.9907261000,0.0782325001,0.2365150000,3.6979268002,0.9456805997,26.8937671000,5.8770774000,0.0001139000,0.1278688998,36.9955416000,264,192,72
4275,400,460,40,20,6,2,Grid Scanning,Local,14,0.48934712,9.78694239,75.00%,37.4449067000,0.0843460000,0.2344809000,3.7705028002,0.9741176000,26.8143635000,6.3191224001,0.0001301999,0.1479884002,37.4511198000,276,207,69
4275,400,480,40,20,6,2,Grid Scanning,Local,14,0.45747796,9.14955912,76.39%,38.7956134000,0.0892602999,0.2465865998,3.9733003997,1.0286588002,27.6700639000,6.5960855000,0.0001279001,0.1496155000,38.8010819000,288,220,68
4275,400,500,40,20,6,2,Grid Scanning,Local,14,0.47684867,9.53697341,77.00%,39.7800632000,0.1056464001,0.2792568002,4.3128950002,1.1180182003,27.9989297999,6.8355849000,0.0001349000,0.1503324999,39.7852936000,300,231,69
4275,400,520,40,20,6,2,Grid Scanning,Local,14,0.45148423,9.02968456,80.45%,45.3384266000,0.1162260000,0.3273422001,5.1242485998,1.3200525999,32.7886034000,6.7501912000,0.0001375001,0.1619158997,45.3434554000,312,251,61
4275,400,540,40,20,6,2,Grid Scanning,Local,14,0.43373759,8.67475188,82.72%,45.2375981000,0.1134605000,0.3385082002,5.2451105998,1.3390625005,32.2665818000,7.0312256000,0.0001594001,0.1644376000,45.2432134000,324,268,56
4275,400,560,40,20,6,2,Grid Scanning,Local,14,0.43225590,8.64511802,79.46%,45.2432391000,0.1267476999,0.3638575001,5.3440817003,1.3800230002,32.0138889000,7.1260132999,0.0001606002,0.1727947999,45.2490524000,336,267,69
4275,400,580,40,20,6,2,Grid Scanning,Local,14,0.42039684,8.40793676,81.32%,46.7855814000,0.1366866998,0.3903542998,5.7353814996,1.4842140003,33.0700499001,7.1679777000,0.0001611000,0.1887378003,46.7932209000,348,283,65
4275,400,600,40,20,6,2,Grid Scanning,Local,14,0.40524152,8.10483041,86.11%,48.9814257000,0.1463719001,0.4358243000,6.0929030998,1.5660759998,34.4563571999,7.5694289000,0.0001519999,0.1837022000,48.9910490000,360,310,50
4275,400,620,40,20,6,2,Grid Scanning,Local,14,0.39333184,7.86663687,81.99%,49.6688847000,0.1503873999,0.4457217002,6.4390473997,1.6654524000,35.2450415999,7.1098224000,0.0001628001,0.1917803002,49.6766330000,372,305,67
4275,400,640,40,20,6,2,Grid Scanning,Local,14,0.40064604,8.01292083,87.50%,53.1410806000,0.1645400002,0.5460264000,7.0174595001,1.8232724998,37.2330639000,7.8924360003,0.0001723998,0.2031052002,53.1486857000,384,336,48
4275,400,660,40,20,6,2,Grid Scanning,Local,14,0.41330382,8.26607645,85.86%,53.2823651000,0.1681920001,0.5156593001,6.9517857001,1.8169148003,37.4208968000,7.9440846999,0.0001645001,0.1998023997,53.2908892000,396,340,56
4275,400,680,40,20,6,2,Grid Scanning,Local,14,0.39807170,7.96143394,85.54%,56.3045253000,0.1839472999,0.5525005997,7.4670608997,1.9578889997,39.9011708999,7.9080615001,0.0001741001,0.2129094000,56.3124614000,408,349,59
4275,400,700,40,20,6,2,Grid Scanning,Local,14,0.38454847,7.69096944,88.57%,57.8204058000,0.1980827002,0.6034830000,8.0991440002,2.1193098999,40.6282836000,7.9969396998,0.0001785001,0.2117895003,57.8282598000,420,372,48
4275,400,720,40,20,6,2,Grid Scanning,Local,14,0.37953161,7.59063213,92.59%,60.3032160000,0.2164013000,0.6557834999,8.4699315997,2.2303417002,42.0918936000,8.5293290001,0.0001800000,0.2252737998,60.3130931000,432,400,32
4275,400,740,40,20,6,2,Grid Scanning,Local,14,0.36554259,7.31085180,89.86%,59.4117314000,0.2150376000,0.6739206999,8.3128791999,2.1572783999,41.2034396999,8.6850161999,0.0001800000,0.2225870999,59.4218200000,444,399,45
4275,400,760,40,20,6,2,Grid Scanning,Local,14,0.36728856,7.34577111,91.45%,61.6560238000,0.2253592001,0.7244137996,8.7523408994,2.2900367999,42.8311680000,8.8330910000,0.0001896999,0.1798082000,61.6652124000,456,417,39
4275,400,780,40,20,6,2,Grid Scanning,Local,14,0.33660509,6.73210181,86.11%,53.4195406000,0.2244073001,0.6337102000,8.0779252996,2.1338158998,37.0326309002,7.2035851000,0.0001814000,0.1714580996,53.4293271000,468,403,65
4275,400,800,40,20,6,2,Grid Scanning,Local,14,0.36454412,7.29088232,91.25%,58.3109268000,0.2276223999,0.7082281000,8.4757214994,2.2598912004,40.4355744999,8.2091618001,0.0001765998,0.1713342000,58.3194876000,480,438,42
4275,400,820,40,20,6,2,Grid Scanning,Local,14,0.33557480,6.71149590,91.06%,58.5308420000,0.2449688999,0.7315276004,8.7810622998,2.3458057006,40.6098179999,7.9010987000,0.0001858999,0.1700014000,58.5383301000,492,448,44
4275,400,840,40,20,6,2,Grid Scanning,Local,14,0.34505973,6.90119455,91.27%,59.6912871000,0.2519078001,0.7830113999,9.1503591005,2.4206453002,40.9530902999,8.2714712000,0.0001871000,0.1788908002,59.7027591000,504,460,44
4275,400,860,40,20,6,2,Grid Scanning,Local,14,0.31582524,6.31650487,94.96%,61.5544007000,0.2660757000,0.8445342999,9.8317902000,2.6373710006,42.1928261002,8.1548033002,0.0002457001,0.1765688001,61.5621470000,516,490,26
4275,400,880,40,20,6,2,Grid Scanning,Local,14,0.31031148,6.20622952,91.29%,60.4027695000,0.2712265999,0.8464953998,9.6717031002,2.6238188000,41.4834468003,7.8677746999,0.0002055003,0.1811987995,60.4414258000,528,482,46
4275,400,900,40,20,6,2,Grid Scanning,Local,14,0.32787414,6.55748288,93.52%,62.5989608000,0.2823557003,0.8968268001,9.8068748005,2.6542916999,42.6611681998,8.6790742001,0.0001963999,0.1749501998,62.6073904000,540,505,35
4275,400,920,40,20,6,2,Grid Scanning,Local,14,0.31567815,6.31356301,91.49%,63.1192476000,0.3098336000,0.9287921001,10.2250900005,2.7699514999,42.9581318001,8.4198861000,0.0002232002,0.1817926999,63.1286052000,552,505,47
4275,400,940,40,20,6,2,Grid Scanning,Local,14,0.33008897,6.60177945,94.15%,65.4886651000,0.3225438998,1.0123957006,10.7076148000,2.9207748999,44.1466979002,8.9924034002,0.0002035003,0.1925001999,65.5016586000,564,531,33
4275,400,960,40,20,6,2,Grid Scanning,Local,14,0.32393634,6.47872683,95.66%,67.0156693000,0.3340355001,1.0680737001,11.0992333000,3.0245533001,45.1452045999,9.0865356999,0.0002044000,0.1898619002,67.0235337000,576,551,25
4275,400,980,40,20,6,2,Grid Scanning,Local,14,0.31351416,6.27028322,95.07%,68.0006497000,0.3371544999,1.1009587998,11.5724031000,3.1758502004,45.6952595001,9.0132305000,0.0002105001,0.1847994000,68.0128942000,588,559,29
4275,400,1000,40,20,6,2,Grid Scanning,Local,14,0.30062666,6.01253329,95.00%,67.2530130000,0.3578143000,1.1562829000,11.8527332995,3.2414659996,44.6189256000,8.9828528001,0.0002294999,0.1903978004,67.2626158000,600,570,30
4275,400,60,40,20,6,2,Grid Scanning,Local,16,0.60799571,12.15991426,16.67%,1.3416579000,0.0012741001,0.0013738000,0.0678215000,0.0224869000,0.7698913000,0.4673537000,0.0000162000,0.0277381999,1.3426390000,36,6,30
4275,400,80,40,20,6,2,Grid Scanning,Local,16,0.64017480,12.80349597,25.00%,2.7491416000,0.0027590999,0.0036627000,0.1832188000,0.0558556000,1.8435533000,0.6736204000,0.0000217000,0.0339318000,2.7506433000,48,12,36
4275,400,100,40,20,6,2,Grid Scanning,Local,16,0.59815891,11.96317819,35.00%,5.2139813000,0.0036969000,0.0056454000,0.3341627000,0.0797199999,3.4059615000,1.4190715000,0.0000244001,0.0340155000,5.2162424000,60,21,39
4275,400,120,40,20,6,2,Grid Scanning,Local,16,0.45120458,9.02409152,36.11%,6.0468819000,0.0051328000,0.0087159999,0.3818639000,0.0966093001,3.8671271000,1.7243724000,0.0000312000,0.0435241001,6.0483495000,72,26,46
4275,400,140,40,20,6,2,Grid Scanning,Local,16,0.58686634,11.73732687,25.00%,4.8160982000,0.0062883001,0.0070805000,0.3704458001,0.0900035001,3.3991363000,0.9799542000,0.0000331999,0.0402237998,4.8180921000,84,21,63
4275,400,160,40,20,6,2,Grid Scanning,Local,16,0.45830376,9.16607530,36.46%,7.3965349000,0.0091026000,0.0144669000,0.5333096000,0.1343392001,4.7293024001,2.0399924000,0.0000411000,0.0465957000,7.3984969000,96,35,61
4275,400,180,40,20,6,2,Grid Scanning,Local,16,0.58314991,11.66299815,35.19%,7.7608611000,0.0114882000,0.0169115001,0.5802306999,0.1414668000,5.1234895000,1.9476485000,0.0001255000,0.0558575001,7.7633452000,108,38,70
4275,400,200,40,20,6,2,Grid Scanning,Local,16,0.60893590,12.17871803,36.67%,8.4408325000,0.0155788000,0.0216160999,0.6365693999,0.1599919001,5.4893778000,2.1858785000,0.0000515000,0.0640711000,8.4439473000,120,44,76
4275,400,220,40,20,6,2,Grid Scanning,Local,16,0.51502205,10.30044091,42.42%,11.4656538000,0.0234974999,0.0309495000,0.9280214000,0.2289127001,7.8415724000,2.5019194001,0.0000777001,0.0712824998,11.4679163000,132,56,76
4275,400,240,40,20,6,2,Grid Scanning,Local,16,0.51727974,10.34559484,45.83%,13.6801933000,0.0219749000,0.0370975999,1.1795285999,0.2969454000,9.4220790001,2.9108733001,0.0000634000,0.0757549999,13.6831676000,144,66,78
4275,400,260,40,20,6,2,Grid Scanning,Local,16,0.59323987,11.86479745,51.92%,16.1565073000,0.0230166000,0.0471871002,1.3712011998,0.3305336998,11.4213377000,3.1917781001,0.0000913000,0.0680657000,16.1593752000,156,81,75
4275,400,280,40,20,6,2,Grid Scanning,Local,16,0.55500454,11.10009087,56.55%,19.7306503000,0.0295963999,0.0588412000,1.7481487001,0.4197227999,14.0854656000,3.6959710001,0.0000731999,0.0792423001,19.7343002000,168,95,73
4275,400,300,40,20,6,2,Grid Scanning,Local,16,0.55175130,11.03502601,60.56%,19.9573053000,0.0386791000,0.0754001998,1.8060918002,0.4463179999,13.8615886000,4.0349410001,0.0001395999,0.0882340999,19.9606167000,180,109,71
4275,400,320,40,20,6,2,Grid Scanning,Local,16,0.53410246,10.68204910,59.38%,20.6791973000,0.0366439999,0.0805646000,1.9340141999,0.4784922001,14.6304999001,3.8448423000,0.0000882000,0.0897571001,20.6832012000,192,114,78
4275,400,340,40,20,6,2,Grid Scanning,Local,16,0.51992900,10.39858004,63.24%,22.5658359000,0.0430571999,0.0998736001,2.1552793000,0.5440945002,15.9585330000,4.1635060000,0.0000819001,0.0928547001,22.5704019000,204,129,75
4275,400,360,40,20,6,2,Grid Scanning,Local,16,0.53149684,10.62993680,63.43%,24.1599150000,0.0471849000,0.1072140002,2.4238225001,0.5942083999,17.0399828002,4.3825167999,0.0000915002,0.0987097999,24.1635534000,216,137,79
4275,400,380,40,20,6,2,Grid Scanning,Local,16,0.48349304,9.66986070,68.42%,27.0290227000,0.0549947000,0.1317423001,2.7551815999,0.6799508998,19.0227774000,4.8896119001,0.0000945999,0.1112310000,27.0327871000,228,156,72
4275,400,400,40,20,6,2,Grid Scanning,Local,16,0.47700428,9.54008568,71.67%,30.1609520000,0.0582876000,0.1478481999,3.0540084003,0.7617469000,21.5642839000,5.1642072001,0.0001031999,0.1093306000,30.1657974000,240,172,68
4275,400,420,40,20,6,2,Grid Scanning,Local,16,0.51059124,10.21182478,70.24%,29.5366012000,0.0692163999,0.1580837000,3.2585879003,0.8052482000,20.8740702999,4.9658867999,0.0001059001,0.1212684999,29.6033978000,252,177,75
4275,400,440,40,20,6,2,Grid Scanning,Local,16,0.47064606,9.41292129,72.73%,33.3255969000,0.0683838000,0.1832694999,3.6729211000,0.8986783999,23.7596852000,5.4540230000,0.0001082000,0.1219574002,33.3297267000,264,192,72
4275,400,460,40,20,6,2,Grid Scanning,Local,16,0.48921019,9.78420380,75.00%,34.1134627000,0.0781021001,0.2061676000,3.7197950001,0.9265525002,24.0161801001,5.8796901000,0.0001176000,0.1339535999,34.1183426000,276,207,69
4275,400,480,40,20,6,2,Grid Scanning,Local,16,0.45745408,9.14908154,76.39%,35.3010306000,0.0845104000,0.2272924001,4.0007796001,0.9956090000,24.6930880002,6.0688001000,0.0001154999,0.1437314998,35.3062091000,288,220,68
4275,400,500,40,20,6,2,Grid Scanning,Local,16,0.47677859,9.53557174,77.00%,35.8857620000,0.0902878000,0.2499851001,4.1885961999,1.0382117001,24.9598760001,6.1851466999,0.0001173001,0.1375582000,35.8938859000,300,231,69
4275,400,520,40,20,6,2,Grid Scanning,Local,16,0.45136418,9.02728358,80.45%,40.7990458000,0.0975086000,0.2708735000,4.9129104000,1.2320301002,29.1684806000,6.1372849999,0.0001256001,0.1484548000,40.8039323000,312,251,61
4275,400,540,40,20,6,2,Grid Scanning,Local,16,0.43372031,8.67440619,82.72%,41.1839013000,0.1042690000,0.3005753000,5.0992775994,1.2624442001,28.9829304001,6.4607885999,0.0001436998,0.1514375003,41.1891279000,324,268,56
4275,400,560,40,20,6,2,Grid Scanning,Local,16,0.43200586,8.64011721,79.46%,40.7710597000,0.1128964001,0.3187661002,5.1766397003,1.2823154001,28.4870798000,6.4426856999,0.0001410998,0.1597164003,40.7760301000,336,267,69
4275,400,580,40,20,6,2,Grid Scanning,Local,16,0.42029372,8.40587432,81.32%,42.1004961000,0.1254134000,0.3413391001,5.5262759000,1.4084579003,29.4609600999,6.3985390999,0.0001396001,0.1678402999,42.1081486000,348,283,65
4275,400,600,40,20,6,2,Grid Scanning,Local,16,0.40447751,8.08955020,86.11%,44.9569958000,0.1314270000,0.3885049998,6.0154979995,1.5021870003,31.3268405999,6.8311185002,0.0001402997,0.1782232000,44.9630241000,360,310,50
4275,400,620,40,20,6,2,Grid Scanning,Local,16,0.39321730,7.86434606,81.99%,45.3218674000,0.1425432000,0.3892133998,6.3072607002,1.5672346999,31.8330180002,6.4015160999,0.0001504000,0.1791225000,45.3584583000,372,305,67
4275,400,640,40,20,6,2,Grid Scanning,Local,16,0.40046990,8.00939800,87.50%,48.4590543000,0.1480726001,0.4583256000,6.8338351000,1.6983339996,33.6642452000,7.0756506999,0.0001765000,0.1836033996,48.4666780000,384,336,48
4275,400,660,40,20,6,2,Grid Scanning,Local,16,0.41325837,8.26516736,85.86%,48.0789591000,0.1573967001,0.4645120000,6.7418346999,1.6913272000,33.2449359999,7.1911298000,0.0001504000,0.1899592999,48.0858120000,396,340,56
4275,400,680,40,20,6,2,Grid Scanning,Local,16,0.39792944,7.95858886,85.54%,50.9625112000,0.1651900001,0.4952955004,7.2528369997,1.8361118001,35.6948673000,7.0825670998,0.0001568001,0.1944821999,50.9698607000,408,349,59
4275,400,700,40,20,6,2,Grid Scanning,Local,16,0.38436343,7.68726856,88.57%,52.0928094000,0.1799556001,0.5272232001,7.7089898999,1.9332905001,36.0813853999,7.3126292000,0.0001626998,0.2041495005,52.0992508000,420,372,48
4275,400,720,40,20,6,2,Grid Scanning,Local,16,0.37961466,7.59229325,92.59%,55.2003112000,0.1851927999,0.5869674000,8.2461494004,2.0573984997,38.2198760998,7.6680175000,0.0001689999,0.2082834000,55.2093677000,432,400,32
4275,400,740,40,20,6,2,Grid Scanning,Local,16,0.36531918,7.30638358,89.86%,54.4800290000,0.1972261001,0.6015966998,8.2131398999,2.0614455995,37.2674087000,7.8964413000,0.0001740999,0.2125371001,54.4904297000,444,399,45
4275,400,760,40,20,6,2,Grid Scanning,Local,16,0.36723682,7.34473647,91.45%,55.6856350000,0.2130614999,0.6466198000,8.5987715006,2.1696184000,37.9843142998,8.0017316000,0.0001774001,0.1518598999,55.6926868000,456,417,39
4275,400,780,40,20,6,2,Grid Scanning,Local,16,0.33653272,6.73065438,86.11%,53.0507084000,0.2159325002,0.6294065002,8.5712986002,2.1599044000,36.3566550000,7.0412241001,0.0001974001,0.1605112998,53.0594636000,468,403,65
4275,400,800,40,20,6,2,Grid Scanning,Local,16,0.36472488,7.29449757,91.25%,58.5520845000,0.2381718001,0.7123680002,9.2584885995,2.3296925999,39.8995803001,8.1924470998,0.0001996001,0.1641284000,58.5611543000,480,438,42
4275,400,820,40,20,6,2,Grid Scanning,Local,16,0.33548127,6.70962531,91.06%,61.5609783000,0.2625606000,0.8166830995,10.0046311000,2.5587522999,41.9898883999,8.2265374001,0.0002003001,0.1748130001,61.5726143000,492,448,44
4275,400,840,40,20,6,2,Grid Scanning,Local,16,0.34469779,6.89395572,91.27%,59.9142304000,0.2502289001,0.7783133001,9.7944476003,2.4948292998,40.6754456999,8.1521178002,0.0001952999,0.1793181999,59.9217103000,504,460,44
4275,400,860,40,20,6,2,Grid Scanning,Local,16,0.31569105,6.31382093,94.96%,62.0996793000,0.2619051999,0.8285208002,10.5564912998,2.6915978997,42.0848289000,8.1166044999,0.0001876999,0.1703672002,62.1105654000,516,490,26
4275,400,880,40,20,6,2,Grid Scanning,Local,16,0.31001298,6.20025962,91.29%,60.7879462000,0.2744537000,0.8417075996,10.4918597000,2.6679462003,41.0198367001,7.8969054000,0.0001885000,0.1799953998,60.7969368000,528,482,46
4275,400,900,40,20,6,2,Grid Scanning,Local,16,0.32784366,6.55687315,93.52%,63.2008510000,0.2917926001,0.9330931000,10.7133689004,2.7254541998,42.2998144000,8.6814170000,0.0002061002,0.1805187997,63.2087259000,540,505,35
4275,400,920,40,20,6,2,Grid Scanning,Local,16,0.31465879,6.29317587,91.49%,63.4452286000,0.3041693999,0.9380783004,11.1515232000,2.8433776004,42.3921591001,8.3737629002,0.0002110998,0.1788256003,63.4536230000,552,505,47
4275,400,940,40,20,6,2,Grid Scanning,Local,16,0.33001588,6.60031769,94.15%,65.3349734000,0.3140333000,0.9973479995,11.5333996001,2.9338864001,43.3871117000,8.8222986000,0.0002067002,0.1864080999,65.3492126000,564,531,33
4275,400,960,40,20,6,2,Grid Scanning,Local,16,0.32388306,6.47766122,95.66%,67.1737286000,0.3329422999,1.0521633998,11.9384920000,3.0580774003,44.4987449999,9.0790330000,0.0002218000,0.1804233000,67.1834536000,576,551,25
4275,400,980,40,20,6,2,Grid Scanning,Local,16,0.31338809,6.26776184,95.07%,68.4727803000,0.3516939001,1.1105595998,12.4564257006,3.1681235996,45.1959334001,9.0700395001,0.0002190001,0.1908241998,68.4879892000,588,559,29
4275,400,1000,40,20,6,2,Grid Scanning,Local,16,0.30008992,6.00179837,95.00%,67.8081101000,0.3643192001,1.1351250002,12.6682130000,3.2214029999,44.3086508999,9.0376932001,0.0002174000,0.1907111004,67.8169962000,600,570,30
4275,400,60,40,20,6,2,Grid Scanning,Local,16,0.60799571,12.15991426,16.67%,1.3200764000,0.0012603000,0.0012040000,0.0663150000,0.0216609000,0.7544789000,0.4610995000,0.0000152000,0.0302263001,1.3210182000,36,6,30
4275,400,80,40,20,6,2,Grid Scanning,Local,16,0.64017480,12.80349597,25.00%,2.8103470000,0.0025796000,0.0029925000,0.1694983001,0.0499079000,1.8710018000,0.7259564000,0.0000210001,0.0296232001,2.8118631000,48,12,36
4275,400,100,40,20,6,2,Grid Scanning,Local,16,0.59815891,11.96317819,35.00%,5.2995418000,0.0044254000,0.0057564000,0.3598949000,0.0860143001,3.4231206000,1.4540335000,0.0000293000,0.0405849000,5.3011568000,60,21,39
4275,400,120,40,20,6,2,Grid Scanning,Local,16,0.45120458,9.02409152,36.11%,6.0097002000,0.0054354000,0.0086013999,0.3634446001,0.0904345001,3.9007017000,1.6767968000,0.0000335001,0.0385664999,6.0111143000,72,26,46
4275,400,140,40,20,6,2,Grid Scanning,Local,16,0.58686634,11.73732687,25.00%,4.8461342000,0.0060293001,0.0070610000,0.3762229000,0.0883091000,3.3939810000,1.0108921000,0.0000340000,0.0389071000,4.8477172000,84,21,63
4275,400,160,40,20,6,2,Grid Scanning,Local,16,0.45830376,9.16607530,36.46%,7.3947608000,0.0089278000,0.0140348000,0.5187822000,0.1294181000,4.7547627000,2.0299333000,0.0000394000,0.0477608999,7.3970882000,96,35,61
4275,400,180,40,20,6,2,Grid Scanning,Local,16,0.58314991,11.66299815,35.19%,7.7241428000,0.0112613001,0.0171206000,0.6304185001,0.1592211001,5.1396789999,1.8459005000,0.0000443000,0.0564515000,7.7261826000,108,38,70
4275,400,200,40,20,6,2,Grid Scanning,Local,16,0.60893590,12.17871803,36.67%,8.5235831000,0.0137321999,0.0228892999,0.6673884000,0.1724793000,5.5194455999,2.2081524000,0.0000538000,0.0627711999,8.5263250000,120,44,76
4275,400,220,40,20,6,2,Grid Scanning,Local,16,0.51502205,10.30044091,42.42%,11.5922445000,0.0176381000,0.0318115001,0.9366043000,0.2288420000,7.9938506000,2.5167133000,0.0000585000,0.0633084000,11.5948864000,132,56,76
4275,400,240,40,20,6,2,Grid Scanning,Local,16,0.51727974,10.34559484,45.83%,13.3867597000,0.0196651000,0.0351939000,1.1252267000,0.2755426000,9.3347605999,2.7673463001,0.0000588000,0.0684285000,13.3896820000,144,66,78
4275,400,260,40,20,6,2,Grid Scanning,Local,16,0.59323987,11.86479745,51.92%,16.4856891000,0.0238129001,0.0502085999,1.4135991998,0.3408754002,11.4914497000,3.3795754000,0.0000654000,0.0738249000,16.4887186000,156,81,75
4275,400,280,40,20,6,2,Grid Scanning,Local,16,0.55500454,11.10009087,56.55%,19.8586734000,0.0287970001,0.0661209004,1.7078564000,0.4163199999,14.3531439001,3.5802068999,0.0000723000,0.0799751001,19.8623719000,168,95,73
4275,400,300,40,20,6,2,Grid Scanning,Local,16,0.55175130,11.03502601,60.56%,20.0008638000,0.0344552999,0.0783165998,1.8103656001,0.4484754000,13.8807473000,4.0616767000,0.0000845998,0.0848975002,20.0040165000,180,109,71
4275,400,320,40,20,6,2,Grid Scanning,Local,16,0.53410246,10.68204910,59.38%,20.5877381000,0.0380294000,0.0818940999,1.9692864001,0.4890847002,14.4816714999,3.8713835999,0.0001055000,0.0920040002,20.5908770000,192,114,78
4275,400,340,40,20,6,2,Grid Scanning,Local,16,0.51992900,10.39858004,63.24%,22.5697739000,0.0442928999,0.0953390002,2.1636213001,0.5351903002,15.8152020000,4.3034778000,0.0000876000,0.0933079000,22.5736826000,204,129,75
4275,400,360,40,20,6,2,Grid Scanning,Local,16,0.53149684,10.62993680,63.43%,24.1131654000,0.0460961000,0.1059856998,2.4224889998,0.5998863002,17.0943413001,4.2923974001,0.0001113000,0.0971768000,24.1177042000,216,137,79
4275,400,380,40,20,6,2,Grid Scanning,Local,16,0.48349304,9.66986070,68.42%,26.9946388000,0.0553906001,0.1262234997,2.7625401000,0.6697957002,19.0034152001,4.8726011001,0.0000946999,0.1121841999,27.0024096000,228,156,72
4275,400,400,40,20,6,2,Grid Scanning,Local,16,0.47700428,9.54008568,71.67%,30.4788959000,0.0600537999,0.1816122001,3.1235782997,0.7532696000,21.6784111999,5.2676350000,0.0000981000,0.1125262001,30.4826700000,240,172,68
4275,400,420,40,20,6,2,Grid Scanning,Local,16,0.51059124,10.21182478,70.24%,29.3295435000,0.0723290000,0.1625559000,3.2648205000,0.8213810999,20.7259489999,4.9263559999,0.0001181000,0.1186181000,29.3358163000,252,177,75
4275,400,440,40,20,6,2,Grid Scanning,Local,16,0.47064606,9.41292129,72.73%,34.0184121000,0.0719483001,0.1860950000,3.6904524000,0.8997340999,24.3739291000,5.5072712000,0.0001260001,0.1259545000,34.0227352000,264,192,72
4275,400,460,40,20,6,2,Grid Scanning,Local,16,0.48921019,9.78420380,75.00%,33.7279651000,0.0825046000,0.2184389000,3.7785145000,0.9250983000,23.6657939001,5.7531931999,0.0001243000,0.1363165000,33.7326986000,276,207,69
4275,400,480,40,20,6,2,Grid Scanning,Local,16,0.45745408,9.14908154,76.39%,35.7038564000,0.0853066000,0.2316409999,4.0275360996,0.9946113002,25.0329581000,6.0908644001,0.0001153999,0.1407315002,35.7086355000,288,220,68
4275,400,500,40,20,6,2,Grid Scanning,Local,16,0.47677859,9.53557174,77.00%,36.0710356000,0.0962175000,0.2483204999,4.1823137995,1.0431773002,25.0332867000,6.2764601000,0.0001219000,0.1583697999,36.0758065000,300,231,69
4275,400,520,40,20,6,2,Grid Scanning,Local,16,0.45136418,9.02728358,80.45%,41.0282272000,0.0967995001,0.2692384001,5.0278141002,1.2233035997,29.2806007001,6.1338873999,0.0001257001,0.1470829999,41.0330344000,312,251,61
4275,400,540,40,20,6,2,Grid Scanning,Local,16,0.43372031,8.67440619,82.72%,41.5552373000,0.1104657000,0.3130344999,5.3421972001,1.3068462998,29.1117370001,6.4245393000,0.0001296001,0.1710556997,41.5640064000,324,268,56
4275,400,560,40,20,6,2,Grid Scanning,Local,16,0.43200586,8.64011721,79.46%,41.0980959000,0.1177472000,0.3226528001,5.2204122995,1.2872039996,28.6940494001,6.4866444999,0.0001475001,0.1682159998,41.1051540000,336,267,69
4275,400,580,40,20,6,2,Grid Scanning,Local,16,0.42029372,8.40587432,81.32%,42.8771062000,0.1226612001,0.3463709002,5.5925015998,1.3769349003,29.9882757999,6.5755739000,0.0001526000,0.1666448001,42.8830218000,348,283,65
4275,400,600,40,20,6,2,Grid Scanning,Local,16,0.40447751,8.08955020,86.11%,44.3471666000,0.1328358000,0.3855160999,6.0968078003,1.5307457999,30.6159413000,6.8470173000,0.0002386000,0.1736957001,44.3863703000,360,310,50
4275,400,620,40,20,6,2,Grid Scanning,Local,16,0.39321730,7.86434606,81.99%,45.6446671000,0.1420096001,0.3950634997,6.4213291997,1.5804584003,31.8877370001,6.5454422000,0.0001495002,0.1767241998,45.6513889000,372,305,67
4275,400,640,40,20,6,2,Grid Scanning,Local,16,0.40046990,8.00939800,87.50%,48.4925162000,0.1489323001,0.4518957002,6.9176737997,1.7160185998,33.6695545997,7.0274330999,0.0001487001,0.1835794002,48.5007328000,384,336,48
4275,400,660,40,20,6,2,Grid Scanning,Local,16,0.41325837,8.26516736,85.86%,48.7139478000,0.1566456000,0.4702082002,6.7970779002,1.6865336995,33.7678948000,7.2443118001,0.0001545001,0.1870632000,48.7226218000,396,340,56
4275,400,680,40,20,6,2,Grid Scanning,Local,16,0.39792944,7.95858886,85.54%,51.3311489000,0.1680337998,0.4892586001,7.2373985001,1.8094135000,36.0064297002,7.1520357999,0.0001585001,0.1923309999,51.3383813000,408,349,59
4275,400,700,40,20,6,2,Grid Scanning,Local,16,0.38436343,7.68726856,88.57%,53.1580349000,0.1812306998,0.5370361002,7.8226527003,1.9498803002,36.8775687999,7.4570710001,0.0001567000,0.2040020000,53.1643006000,420,372,48
4275,400,720,40,20,6,2,Grid Scanning,Local,16,0.37961466,7.59229325,92.59%,55.3524202000,0.1905140000,0.5948543999,8.3371891001,2.1149670000,38.1739573000,7.7598272999,0.0001821999,0.2114417001,55.3583960000,432,400,32
4275,400,740,40,20,6,2,Grid Scanning,Local,16,0.36531918,7.30638358,89.86%,54.2098548000,0.2040104001,0.6052237002,8.2170970004,2.0565679002,36.9297444000,7.9336260999,0.0001745001,0.2180292998,54.2167915000,444,399,45
4275,400,760,40,20,6,2,Grid Scanning,Local,16,0.36723682,7.34473647,91.45%,56.3710480000,0.2064068000,0.6534618999,8.6291407995,2.1824838998,38.4509743000,8.1863070000,0.0002314002,0.1574433002,56.3784936000,456,417,39
4275,400,780,40,20,6,2,Grid Scanning,Local,16,0.33653272,6.73065438,86.11%,52.6187434000,0.2222592001,0.6196673001,8.5374017007,2.1503060005,35.8601765002,7.1432239999,0.0002134000,0.1588389999,52.6271368000,468,403,65
4275,400,800,40,20,6,2,Grid Scanning,Local,16,0.36472488,7.29449757,91.25%,58.8095613000,0.2376926001,0.7166323003,9.2310880001,2.3237278999,40.1595224999,8.1844531003,0.0001764000,0.1663079000,58.8171059000,480,438,42
4275,400,820,40,20,6,2,Grid Scanning,Local,16,0.33548127,6.70962531,91.06%,59.4079789000,0.2508801001,0.7305288001,9.5908989000,2.4188357006,40.6790861001,7.9091778999,0.0001791001,0.1646819999,59.4865932000,492,448,44
4275,400,840,40,20,6,2,Grid Scanning,Local,16,0.34469779,6.89395572,91.27%,60.4077424000,0.2499241999,0.7727713999,9.9661170995,2.4927837002,40.8507551000,8.3111007000,0.0002063999,0.1735388999,60.4191583000,504,460,44
4275,400,860,40,20,6,2,Grid Scanning,Local,16,0.31569105,6.31382093,94.96%,62.2762207000,0.2765405000,0.8475786994,10.5855192997,2.6716422997,42.2047939999,8.0964526998,0.0001893001,0.1787225998,62.2859781000,516,490,26
4275,400,880,40,20,6,2,Grid Scanning,Local,16,0.31001298,6.20025962,91.29%,61.5165656000,0.2885031002,0.8600753994,10.6285092002,2.6841827004,41.4407082003,8.0261440002,0.0001979998,0.1852615001,61.5249244000,528,482,46
4275,400,900,40,20,6,2,Grid Scanning,Local,16,0.32784366,6.55687315,93.52%,63.8868325000,0.2950315001,0.9304989000,10.7105031003,2.7060738998,42.8986625999,8.7642390002,0.0002070998,0.1831604000,63.8957490000,540,505,35
4275,400,920,40,20,6,2,Grid Scanning,Local,16,0.31465879,6.29317587,91.49%,63.6557076000,0.3029916999,0.9459825001,11.0760246001,2.7794252997,42.5620726000,8.4993564999,0.0002361999,0.1791003999,63.6650745000,552,505,47
4275,400,940,40,20,6,2,Grid Scanning,Local,16,0.33001588,6.60031769,94.15%,67.2910557000,0.3314944000,1.0269864999,11.7598653001,2.9890679004,44.7235151999,9.1519125001,0.0002118000,0.1883902001,67.3045741000,564,531,33
4275,400,960,40,20,6,2,Grid Scanning,Local,16,0.32388306,6.47766122,95.66%,68.5652921000,0.3386635999,1.0733089003,12.2061458999,3.1156368003,45.4017866000,9.2471021001,0.0002069999,0.1917250999,68.5775665000,576,551,25
4275,400,980,40,20,6,2,Grid Scanning,Local,16,0.31338809,6.26776184,95.07%,69.1233720000,0.3576164000,1.0944463001,12.5513785002,3.1754731999,45.8096504999,9.0307132999,0.0002245999,0.1880214999,69.1332393000,588,559,29
4275,400,1000,40,20,6,2,Grid Scanning,Local,16,0.30008992,6.00179837,95.00%,68.4300102000,0.3547517002,1.1415982000,12.7685987998,3.2365033001,44.8716641000,9.0186203998,0.0002379999,0.1867789001,68.4521855000,600,570,30
4275,400,60,40,20,6,2,Grid Scanning,Local,16,0.60799571,12.15991426,16.67%,1.4378401000,0.0012702000,0.0011641000,0.0645367000,0.0204472000,0.8592819000,0.4780637000,0.0000165000,0.0280642000,1.4388456000,36,6,30
4275,400,80,40,20,6,2,Grid Scanning,Local,16,0.64017480,12.80349597,25.00%,2.8185418000,0.0025162000,0.0029419000,0.1829414000,0.0541666999,1.9071079001,0.6851419000,0.0000233000,0.0291301000,2.8196312000,48,12,36
4275,400,100,40,20,6,2,Grid Scanning,Local,16,0.59815891,11.96317819,35.00%,5.3186189000,0.0042483999,0.0064974000,0.3566156000,0.0911445001,3.4246798000,1.4737167000,0.0000300000,0.0401115001,5.3201663000,60,21,39
4275,400,120,40,20,6,2,Grid Scanning,Local,16,0.45120458,9.02409152,36.11%,6.0099822000,0.0047874000,0.0089925000,0.3836347000,0.0961695000,3.8612109000,1.6917702000,0.0000294000,0.0407705000,6.0114539000,72,26,46
4275,400,140,40,20,6,2,Grid Scanning,Local,16,0.58686634,11.73732687,25.00%,4.8773905000,0.0072507001,0.0083160000,0.4114845999,0.1010006000,3.4164128000,0.9756514000,0.0000370999,0.0423875000,4.8790710000,84,21,63
4275,400,160,40,20,6,2,Grid Scanning,Local,16,0.45830376,9.16607530,36.46%,7.6721301000,0.0094397999,0.0143312000,0.5551258999,0.1403466001,5.0313828000,1.9933752001,0.0000430000,0.0479977000,7.6744560000,96,35,61
4275,400,180,40,20,6,2,Grid Scanning,Local,16,0.58314991,11.66299815,35.19%,7.9890150000,0.0117180000,0.0167131000,0.5872045998,0.1430669000,5.2227199000,2.0757288000,0.0000505000,0.0524854000,7.9914881000,108,38,70
4275,400,200,40,20,6,2,Grid Scanning,Local,16,0.60893590,12.17871803,36.67%,8.4580414000,0.0138148999,0.0217839000,0.6488304000,0.1627143000,5.4647517000,2.2276226000,0.0000502001,0.0538790000,8.4605923000,120,44,76
4275,400,220,40,20,6,2,Grid Scanning,Local,16,0.51502205,10.30044091,42.42%,11.4059928000,0.0166541000,0.0284181000,0.8742252000,0.2089557000,7.9497124000,2.4477531000,0.0000547001,0.0613124999,11.4087058000,132,56,76
4275,400,240,40,20,6,2,Grid Scanning,Local,16,0.51727974,10.34559484,45.83%,13.6793430000,0.0212427000,0.0358476000,1.1142695998,0.2692424999,9.4973563000,2.9056255000,0.0000672000,0.0733408000,13.6821934000,144,66,78
4275,400,260,40,20,6,2,Grid Scanning,Local,16,0.59323987,11.86479745,51.92%,16.5688718000,0.0232877999,0.0490068000,1.3743583000,0.3389417000,11.7135589000,3.3037339000,0.0000653001,0.0705296999,16.5716505000,156,81,75
4275,400,280,40,20,6,2,Grid Scanning,Local,16,0.55500454,11.10009087,56.55%,20.3521732000,0.0292714001,0.0587838001,1.7848156001,0.4311147002,14.5590253000,3.7709641001,0.0000745001,0.0944662000,20.3554955000,168,95,73
4275,400,300,40,20,6,2,Grid Scanning,Local,16,0.55175130,11.03502601,60.56%,20.2709051000,0.0332777001,0.0746117001,1.8144476998,0.4455406999,14.1770886000,4.0387731000,0.0000792000,0.0858506001,20.2751048000,180,109,71
4275,400,320,40,20,6,2,Grid Scanning,Local,16,0.53410246,10.68204910,59.38%,20.6377306000,0.0360480000,0.0798108002,1.9252256999,0.4733979000,14.5708040999,3.8940535999,0.0000814998,0.0858804003,20.6447532000,192,114,78
4275,400,340,40,20,6,2,Grid Scanning,Local,16,0.51992900,10.39858004,63.24%,23.2011307000,0.0423925999,0.0980693999,2.2524505999,0.5460091000,16.2785470000,4.3794358000,0.0000885001,0.0974627999,23.2045117000,204,129,75
4275,400,360,40,20,6,2,Grid Scanning,Local,16,0.53149684,10.62993680,63.43%,23.6037706000,0.0460006001,0.1028591999,2.3846062000,0.5855471001,16.6208332000,4.2990606000,0.0000873000,0.0940230002,23.6075496000,216,137,79
4275,400,380,40,20,6,2,Grid Scanning,Local,16,0.48349304,9.66986070,68.42%,27.1464282000,0.0525871000,0.1279041002,2.7357845999,0.6728072999,19.3015546001,4.7623189001,0.0001144000,0.1061660000,27.1505781000,228,156,72
4275,400,400,40,20,6,2,Grid Scanning,Local,16,0.47700428,9.54008568,71.67%,30.5160478000,0.0607132000,0.1495598002,3.1642753002,0.7750796000,21.7127538000,5.2543321001,0.0001047999,0.1168510999,30.5214450000,240,172,68
4275,400,420,40,20,6,2,Grid Scanning,Local,16,0.51059124,10.21182478,70.24%,29.8130022000,0.0645971001,0.2303379000,3.2558609998,0.7966700001,20.9920301001,5.0886229001,0.0001170001,0.1176606999,29.8171262000,252,177,75
4275,400,440,40,20,6,2,Grid Scanning,Local,16,0.47064606,9.41292129,72.73%,33.7284260000,0.0702537998,0.1808338001,3.6313724999,0.8850142003,24.2552475999,5.4155669000,0.0001107001,0.1184866001,33.7333968000,264,192,72
4275,400,460,40,20,6,2,Grid Scanning,Local,16,0.48921019,9.78420380,75.00%,33.7090358000,0.0759441999,0.2054714003,3.6885557999,0.9011170001,23.7373393000,5.7975657000,0.0001169000,0.1315876000,33.7181951000,276,207,69
4275,400,480,40,20,6,2,Grid Scanning,Local,16,0.45745408,9.14908154,76.39%,35.9176238000,0.0882546999,0.2269830999,4.0072505003,0.9820144000,25.2890927998,6.0742093001,0.0001380000,0.1441629001,35.9228920000,288,220,68
4275,400,500,40,20,6,2,Grid Scanning,Local,16,0.47677859,9.53557174,77.00%,37.8311061000,0.0947505999,0.2578786998,4.4185680000,1.1038301000,26.3778479000,6.4585475999,0.0001306000,0.1458380001,37.8360161000,300,231,69
4275,400,520,40,20,6,2,Grid Scanning,Local,16,0.45136418,9.02728358,80.45%,41.1804298000,0.0996913001,0.2793753999,5.0640136000,1.2330033003,29.3155446001,6.2049342000,0.0001320001,0.1470425999,41.1854462000,312,251,61
4275,400,540,40,20,6,2,Grid Scanning,Local,16,0.43372031,8.67440619,82.72%,41.8305598000,0.1126048997,0.3154579000,5.3613485001,1.3197087003,29.2556138998,6.5400456000,0.0001304000,0.1553766001,41.8366515000,324,268,56
4275,400,560,40,20,6,2,Grid Scanning,Local,16,0.43200586,8.64011721,79.46%,41.0237425000,0.1177135000,0.3157872001,5.2611137999,1.3160838997,28.5737419999,6.4961457998,0.0001373000,0.1621545001,41.0297442000,336,267,69
4275,400,580,40,20,6,2,Grid Scanning,Local,16,0.42029372,8.40587432,81.32%,43.1695478000,0.1230320002,0.3435741998,5.5596626999,1.3626173002,30.3255443997,6.5738338000,0.0001428999,0.1668167998,43.1754821000,348,283,65
4275,400,600,40,20,6,2,Grid Scanning,Local,16,0.40447751,8.08955020,86.11%,45.1414585000,0.1318721000,0.3920641000,6.0994364998,1.5287397999,31.3427471001,6.9187655001,0.0001368001,0.1737156999,45.1477090000,360,310,50
4275,400,620,40,20,6,2,Grid Scanning,Local,16,0.39321730,7.86434606,81.99%,45.4919206000,0.1394747999,0.4295263001,6.2404799001,1.5544811997,31.8913778001,6.5233209998,0.0001432999,0.1782543000,45.4991328000,372,305,67
4275,400,640,40,20,6,2,Grid Scanning,Local,16,0.40046990,8.00939800,87.50%,49.2238891000,0.1516123998,0.4520757998,6.8644423999,1.7047453996,34.2437169002,7.2421122000,0.0001587002,0.1878667001,49.2314716000,384,336,48
4275,400,660,40,20,6,2,Grid Scanning,Local,16,0.41325837,8.26516736,85.86%,49.2187901000,0.1628390001,0.4665010000,6.8344260004,1.6837350002,34.1881371001,7.2838319000,0.0001514996,0.1905171002,49.2286063000,396,340,56
4275,400,680,40,20,6,2,Grid Scanning,Local,16,0.39792944,7.95858886,85.54%,51.9087266000,0.1764350002,0.5016676002,7.3033437999,1.8129615997,36.4197851999,7.2233301001,0.0001943000,0.2003213999,51.9194914000,408,349,59
4275,400,700,40,20,6,2,Grid Scanning,Local,16,0.38436343,7.68726856,88.57%,53.3631588000,0.1841266998,0.5386063999,7.8529683995,1.9579477996,37.0495686001,7.4392256999,0.0001684000,0.2080475999,53.3701815000,420,372,48
4275,400,720,40,20,6,2,Grid Scanning,Local,16,0.37961466,7.59229325,92.59%,55.5784127000,0.1944458002,0.6062360998,8.3162677996,2.0844932003,38.3531980001,7.8039510001,0.0001753998,0.2061850003,55.5853041000,432,400,32
4275,400,740,40,20,6,2,Grid Scanning,Local,16,0.36531918,7.30638358,89.86%,55.1633959000,0.1996582999,0.6122368002,8.3605462000,2.1050409002,37.6831678998,8.0026210999,0.0001853003,0.2160010997,55.1718514000,444,399,45
4275,400,760,40,20,6,2,Grid Scanning,Local,16,0.36723682,7.34473647,91.45%,56.1773556000,0.2119832001,0.6491420997,8.6354519001,2.1694133003,38.2815567001,8.1545419000,0.0001732999,0.1565720999,56.1841387000,456,417,39
4275,400,780,40,20,6,2,Grid Scanning,Local,16,0.33653272,6.73065438,86.11%,53.6570602000,0.2168400003,0.6339669003,8.6235627998,2.1515014000,36.6975835002,7.2434566999,0.0001904000,0.1527717996,53.6680759000,468,403,65
4275,400,800,40,20,6,2,Grid Scanning,Local,16,0.36472488,7.29449757,91.25%,59.0714003000,0.2288773998,0.7171524998,9.2847979993,2.3297886000,40.3545470996,8.2340243000,0.0001954000,0.1660042998,59.0797868000,480,438,42
4275,400,820,40,20,6,2,Grid Scanning,Local,16,0.33548127,6.70962531,91.06%,62.4446844000,0.2589407002,0.7704134999,10.0705345000,2.5517083005,42.6814512000,8.3917246999,0.0001995999,0.1838758000,62.4543179000,492,448,44
4275,400,840,40,20,6,2,Grid Scanning,Local,16,0.34469779,6.89395572,91.27%,61.1860980000,0.2614841001,0.8237657000,10.0458455006,2.5552020999,41.4705974999,8.3094125000,0.0002065001,0.1887458998,61.1946061000,504,460,44
4275,400,860,40,20,6,2,Grid Scanning,Local,16,0.31569105,6.31382093,94.96%,63.0860217000,0.2791127998,0.8572924000,10.7677579995,2.7221325001,42.6268326999,8.2778530001,0.0001872002,0.1880080999,63.0936555000,516,490,26
4275,400,880,40,20,6,2,Grid Scanning,Local,16,0.31001298,6.20025962,91.29%,61.5346228000,0.2855760998,0.8508557997,10.5244068995,2.6617786998,41.5788466000,8.0133158002,0.0001952000,0.1855456001,61.5418060000,528,482,46
4275,400,900,40,20,6,2,Grid Scanning,Local,16,0.32784366,6.55687315,93.52%,63.7677617000,0.2953664000,0.9195443001,10.7448036999,2.7296006004,42.7271657001,8.8026291999,0.0002055001,0.1776676999,63.7762994000,540,505,35
4275,400,920,40,20,6,2,Grid Scanning,Local,16,0.31465879,6.29317587,91.49%,63.9158299000,0.3148181000,0.9299520000,11.0873773997,2.8157624001,42.8202342999,8.4872984001,0.0002168000,0.1788482997,63.9254319000,552,505,47
4275,400,940,40,20,6,2,Grid Scanning,Local,16,0.33001588,6.60031769,94.15%,66.2135934000,0.3203846999,1.0022202000,11.5417493003,2.9115954996,44.0830051997,8.9660820999,0.0002330001,0.1936999999,66.2282636000,564,531,33
4275,400,960,40,20,6,2,Grid Scanning,Local,16,0.32388306,6.47766122,95.66%,68.8945605000,0.3368244001,1.0728687001,12.1589272002,3.0572166004,45.7325447999,9.3016041002,0.0002133998,0.1934097001,68.9140857000,576,551,25
4275,400,980,40,20,6,2,Grid Scanning,Local,16,0.31338809,6.26776184,95.07%,68.8556708000,0.3481576001,1.0960873999,12.4996973998,3.1447962001,45.5116464997,9.1218572002,0.0002175001,0.1909061000,68.8666173000,588,559,29
4275,400,1000,40,20,6,2,Grid Scanning,Local,16,0.30008992,6.00179837,95.00%,68.4501281000,0.3658207000,1.1485425001,12.6743171001,3.2293327002,44.9418481001,9.0403906999,0.0002244999,0.1881601000,68.4610426000,600,570,30
4275,400,60,40,20,6,2,Grid Scanning,Local,18,0.60799571,12.15991426,16.67%,1.3333054000,0.0012910000,0.0014114000,0.0667663000,0.0207509000,0.7392350000,0.4905936000,0.0000168001,0.0284749000,1.3342964000,36,6,30
4275,400,80,40,20,6,2,Grid Scanning,Local,18,0.64017480,12.80349597,25.00%,2.8638360000,0.0023051001,0.0029277000,0.1729876000,0.0492887001,1.9370799000,0.7101232000,0.0000204000,0.0300959999,2.8652379000,48,12,36
4275,400,100,40,20,6,2,Grid Scanning,Local,18,0.59815891,11.96317819,35.00%,5.2928630000,0.0042038000,0.0064331001,0.3943419001,0.0945490000,3.4094483000,1.4267867000,0.0000307000,0.0394412000,5.2946324000,60,21,39
4275,400,120,40,20,6,2,Grid Scanning,Local,18,0.45120458,9.02409152,36.11%,6.1556307000,0.0051775000,0.0083128999,0.4103822000,0.0918506000,3.8948859000,1.7797030000,0.0000542999,0.0415479001,6.1571362000,72,26,46
4275,400,140,40,20,6,2,Grid Scanning,Local,18,0.58686634,11.73732687,25.00%,4.9166665000,0.0068658000,0.0073864001,0.4108748000,0.0967697001,3.4029078000,1.0315516000,0.0000395000,0.0437910000,4.9183271000,84,21,63
4275,400,160,40,20,6,2,Grid Scanning,Local,18,0.45830376,9.16607530,36.46%,7.6174662000,0.0084329999,0.0133604000,0.5667885999,0.1296435000,4.9108924000,2.0331474000,0.0000407001,0.0479076998,7.6197130000,96,35,61
4275,400,180,40,20,6,2,Grid Scanning,Local,18,0.58314991,11.66299815,35.19%,7.8032423000,0.0107618000,0.0168242999,0.6122831999,0.1396707999,5.1349286000,1.9560328000,0.0000462000,0.0494304999,7.8054891000,108,38,70
4275,400,200,40,20,6,2,Grid Scanning,Local,18,0.60893590,12.17871803,36.67%,8.3511756000,0.0139295000,0.0212155001,0.6988478000,0.1602628001,5.3734720999,2.1583221000,0.0000510000,0.0590268000,8.3537062000,120,44,76
4275,400,220,40,20,6,2,Grid Scanning,Local,18,0.51502205,10.30044091,42.42%,11.4691487000,0.0170340999,0.0295843000,0.9665386998,0.2203421001,7.8678667000,2.4941305000,0.0000576999,0.0618723001,11.4717250000,132,56,76
4275,400,240,40,20,6,2,Grid Scanning,Local,18,0.51727974,10.34559484,45.83%,13.8386444000,0.0205544000,0.0383658999,1.2013482001,0.2734105997,9.5347936001,2.9421895000,0.0000653999,0.0697094000,13.8414659000,144,66,78
4275,400,260,40,20,6,2,Grid Scanning,Local,18,0.59323987,11.86479745,51.92%,16.8838817000,0.0248299000,0.0495465999,1.5451006999,0.3438518002,11.7466918000,3.4020461000,0.0000835000,0.0748201999,16.8873805000,156,81,75
4275,400,280,40,20,6,2,Grid Scanning,Local,18,0.55500454,11.10009087,56.55%,20.1430859000,0.0268387001,0.0582813999,1.8527680001,0.4320130000,14.4550966000,3.6415142000,0.0000674999,0.0715873001,20.1470260000,168,95,73
4275,400,300,40,20,6,2,Grid Scanning,Local,18,0.55175130,11.03502601,60.56%,20.3763951000,0.0329730000,0.0761924999,1.9393948999,0.4455822999,14.1790683000,4.0102192001,0.0000751001,0.0862930999,20.3798917000,180,109,71
4275,400,320,40,20,6,2,Grid Scanning,Local,18,0.53410246,10.68204910,59.38%,21.3378008000,0.0392800000,0.0797815002,2.1360830998,0.4943536998,15.0035545000,3.9245099000,0.0000908001,0.0904603001,21.3409012000,192,114,78
4275,400,340,40,20,6,2,Grid Scanning,Local,18,0.51992900,10.39858004,63.24%,22.9142474000,0.0422507000,0.0987108999,2.3442930001,0.5527687000,16.0485930001,4.2348198999,0.0001113998,0.0928678999,22.9182964000,204,129,75
4275,400,360,40,20,6,2,Grid Scanning,Local,18,0.53149684,10.62993680,63.43%,24.4340268000,0.0496560999,0.1097442999,2.6603025998,0.6022348003,17.0703957001,4.3864753999,0.0000920001,0.1010386000,24.4379675000,216,137,79
4275,400,380,40,20,6,2,Grid Scanning,Local,18,0.48334239,9.66684775,68.42%,27.2680249000,0.0512397000,0.1837072999,2.9722792001,0.6914748002,19.0677488000,4.8280053000,0.0000936000,0.1041808001,27.2724655000,228,156,72
4275,400,400,40,20,6,2,Grid Scanning,Local,18,0.47700428,9.54008568,71.67%,30.7717747000,0.0630581999,0.1531249999,3.3291901002,0.7658926998,21.6823016000,5.3378444999,0.0001072001,0.1194219999,30.7764540000,240,172,68
4275,400,420,40,20,6,2,Grid Scanning,Local,18,0.51059124,10.21182478,70.24%,30.8012348000,0.0704814999,0.1660399000,3.5547977002,0.8223238998,21.6281626000,5.1758963998,0.0001205001,0.1262940999,30.8060607000,252,177,75
4275,400,440,40,20,6,2,Grid Scanning,Local,18,0.47064606,9.41292129,72.73%,33.9747434000,0.0721362998,0.1823694001,3.9530355998,0.9116876003,24.0888613999,5.4930057000,0.0001180001,0.1265656001,33.9790574000,264,192,72
4275,400,460,40,20,6,2,Grid Scanning,Local,18,0.48921019,9.78420380,75.00%,34.4401734000,0.0809772001,0.2077177000,3.9789707999,0.9231088003,24.1182647000,5.8391209000,0.0001134001,0.1364998001,34.4452025000,276,207,69
4275,400,480,40,20,6,2,Grid Scanning,Local,18,0.45745408,9.14908154,76.39%,35.9961301000,0.0844531999,0.2249542999,4.2624683997,0.9911174997,25.1081053000,6.1028621000,0.0001190000,0.1350676001,36.0008704000,288,220,68
4275,400,500,40,20,6,2,Grid Scanning,Local,18,0.47677859,9.53557174,77.00%,37.0551776000,0.0925647000,0.2540485999,4.5693742002,1.0738822000,25.6147768000,6.3058599999,0.0001270000,0.1408648000,37.0602046000,300,231,69
4275,400,520,40,20,6,2,Grid Scanning,Local,18,0.45131116,9.02622317,80.45%,41.5649944000,0.1000364000,0.2722622000,5.3395466000,1.2291776003,29.3673657999,6.2628941000,0.0001318000,0.1444288999,41.5702648000,312,251,61
4275,400,540,40,20,6,2,Grid Scanning,Local,18,0.43372031,8.67440619,82.72%,42.1481659000,0.1081944998,0.3171566001,5.6736960003,1.3095631997,29.2325335001,6.5711443000,0.0001306001,0.1581769000,42.1536808000,324,268,56
4275,400,560,40,20,6,2,Grid Scanning,Local,18,0.43200586,8.64011721,79.46%,41.5440970000,0.1179108001,0.3148295998,5.5668427002,1.2922943002,28.7417971000,6.5606555999,0.0001377002,0.1632352997,41.5575237000,336,267,69
4275,400,580,40,20,6,2,Grid Scanning,Local,18,0.42029372,8.40587432,81.32%,43.7855019000,0.1252792998,0.3534604000,6.0190810999,1.3962954002,30.4569686001,6.5674824000,0.0001391002,0.1759144000,43.7949103000,348,283,65
4275,400,600,40,20,6,2,Grid Scanning,Local,18,0.40442135,8.08842708,86.11%,45.2022778000,0.1320600000,0.3878839998,6.4688761000,1.5176819001,31.0788964000,6.8768827999,0.0001393000,0.1741956000,45.2080735000,360,310,50
4275,400,620,40,20,6,2,Grid Scanning,Local,18,0.39321730,7.86434606,81.99%,45.9739726000,0.1419222998,0.3961783999,6.7620592001,1.5903234003,31.9182547001,6.5095004003,0.0001608999,0.1738045999,45.9853973000,372,305,67
4275,400,640,40,20,6,2,Grid Scanning,Local,18,0.40038009,8.00760188,87.50%,49.9069423000,0.1499602000,0.4484204001,7.4683564996,1.7466944001,34.3264974998,7.2485160001,0.0001645000,0.1868811001,49.9133568000,384,336,48
4275,400,660,40,20,6,2,Grid Scanning,Local,18,0.41325837,8.26516736,85.86%,49.3252493000,0.1590854999,0.4597521001,7.3256499000,1.7362652002,33.8607390001,7.2318920000,0.0001535000,0.1976457001,49.3321471000,396,340,56
4275,400,680,40,20,6,2,Grid Scanning,Local,18,0.39790883,7.95817664,85.54%,52.3032575000,0.1673857001,0.4973516000,7.9322797997,1.8803662998,36.2735524999,7.1557217000,0.0001567001,0.1992113000,52.3137945000,408,349,59
4275,400,700,40,20,6,2,Grid Scanning,Local,18,0.38432736,7.68654726,88.57%,54.0337531000,0.1836011999,0.5451723003,8.4909129998,1.9776756000,37.0086222999,7.4988391000,0.0001677001,0.2040604997,54.0419433000,420,372,48
4275,400,720,40,20,6,2,Grid Scanning,Local,18,0.37961802,7.59236032,92.59%,56.0411562000,0.1899028001,0.5958266004,8.9577046001,2.1187291001,38.1878349001,7.8156695999,0.0001626000,0.2107551001,56.0482409000,432,400,32
4275,400,740,40,20,6,2,Grid Scanning,Local,18,0.36529687,7.30593741,89.86%,55.7378466000,0.1996074998,0.6119781001,8.9777985002,2.1238583997,37.5711328999,8.0667476997,0.0001710003,0.2121659998,55.7476693000,444,399,45
4275,400,760,40,20,6,2,Grid Scanning,Local,18,0.36717902,7.34358039,91.45%,57.0643816000,0.2086829000,0.6476216002,9.2625343998,2.1751287001,38.5693743001,8.1334590999,0.0001746002,0.1543362002,57.0750929000,456,417,39
4275,400,780,40,20,6,2,Grid Scanning,Local,18,0.33648157,6.72963146,86.11%,53.9071652000,0.2163429000,0.6196148995,9.2289310001,2.1731411999,36.4924611001,7.1158943001,0.0001781000,0.1592787001,53.9145593000,468,403,65
4275,400,800,40,20,6,2,Grid Scanning,Local,18,0.36461232,7.29224631,91.25%,59.8963112000,0.2376824000,0.7118319001,9.9893739004,2.3645049002,40.4504971001,8.2458081001,0.0001887000,0.1664202999,59.9495958000,480,438,42
4275,400,820,40,20,6,2,Grid Scanning,Local,18,0.33548127,6.70962531,91.06%,59.9379123000,0.2476255000,0.7442021006,10.2837210000,2.4360999002,40.3826733002,8.0201801000,0.0001872001,0.1694678001,59.9458955000,492,448,44
4275,400,840,40,20,6,2,Grid Scanning,Local,18,0.34419102,6.88382043,91.27%,60.9358930000,0.2637933002,0.7978926001,10.7508282000,2.5696685003,40.6238210000,8.2348130000,0.0002088999,0.1756105002,60.9492119000,504,460,44
4275,400,860,40,20,6,2,Grid Scanning,Local,18,0.31569105,6.31382093,94.96%,63.9443593000,0.2808611000,0.8675073000,11.5755122996,2.7208700998,42.7173336000,8.2271873999,0.0001917999,0.1884370999,63.9521789000,516,490,26
4275,400,880,40,20,6,2,Grid Scanning,Local,18,0.30999644,6.19992873,91.29%,62.5007943000,0.2847232000,0.8689927000,11.4732285001,2.7250364001,41.4531623002,8.1509191001,0.0002042998,0.1773956996,62.5079733000,528,482,46
4275,400,900,40,20,6,2,Grid Scanning,Local,18,0.32781984,6.55639681,93.52%,64.7057042000,0.3007857997,0.9276683996,11.5717562998,2.7760126998,42.8123464998,8.7923403000,0.0002049000,0.1828400999,64.7138297000,540,505,35
4275,400,920,40,20,6,2,Grid Scanning,Local,18,0.31465879,6.29317587,91.49%,64.8536852000,0.3205682999,0.9576397999,12.0995788002,2.9004633995,42.6129344999,8.5770369000,0.0004097002,0.1922458000,64.8654526000,552,505,47
4275,400,940,40,20,6,2,Grid Scanning,Local,18,0.32986246,6.59724920,94.15%,67.2632563000,0.3232200999,1.0127053000,12.4154214999,2.9415102000,44.0925269001,9.1294649998,0.0002111000,0.1928561002,67.2711234000,564,531,33
4275,400,960,40,20,6,2,Grid Scanning,Local,18,0.32362855,6.47257108,95.66%,68.4304230000,0.3424357999,1.0612161004,12.9361471002,3.1002710996,44.6504443001,9.1516709998,0.0002188002,0.1862181993,68.4385000000,576,551,25
4275,400,980,40,20,6,2,Grid Scanning,Local,18,0.31338297,6.26765947,95.07%,69.7431926000,0.3530586998,1.0916473996,13.3846681996,3.2100841997,45.5729297001,9.0661915999,0.0002206999,0.1839457998,69.7562259000,588,559,29
4275,400,1000,40,20,6,2,Grid Scanning,Local,18,0.29997607,5.99952132,95.00%,69.3486511000,0.3782152999,1.1421734003,13.6951294999,3.2750821998,44.7281883000,9.1223980001,0.0002516999,0.1945914001,69.3591920000,600,570,30
4275,400,60,40,20,6,2,Grid Scanning,Local,18,0.60799571,12.15991426,16.67%,1.3835111000,0.0014469000,0.0012784000,0.0713131000,0.0232160000,0.7568302000,0.5154887000,0.0000182000,0.0316030000,1.3845909000,36,6,30
4275,400,80,40,20,6,2,Grid Scanning,Local,18,0.64017480,12.80349597,25.00%,2.7574741000,0.0021253000,0.0031405000,0.1734652000,0.0480253000,1.8656553000,0.6740429000,0.0000187000,0.0311710000,2.7591581000,48,12,36
4275,400,100,40,20,6,2,Grid Scanning,Local,18,0.59815891,11.96317819,35.00%,5.4503260000,0.0039477001,0.0062245001,0.3992338000,0.0877936000,3.5608745000,1.4316409000,0.0000278000,0.0361989000,5.4519257000,60,21,39
4275,400,120,40,20,6,2,Grid Scanning,Local,18,0.45120458,9.02409152,36.11%,6.2982306000,0.0052660000,0.0085583000,0.4032567000,0.0939042000,4.0210752000,1.8045841001,0.0000319000,0.0399673000,6.3002037000,72,26,46
4275,400,140,40,20,6,2,Grid Scanning,Local,18,0.58686634,11.73732687,25.00%,5.0389053000,0.0074014000,0.0073604000,0.4092688000,0.0951162999,3.5578111000,0.9994208000,0.0000395001,0.0452322000,5.0407864000,84,21,63
4275,400,160,40,20,6,2,Grid Scanning,Local,18,0.45830376,9.16607530,36.46%,7.4217537000,0.0086369001,0.0130902999,0.5433048002,0.1212493001,4.8485966000,1.9421977000,0.0000393000,0.0465308000,7.4240262000,96,35,61
4275,400,180,40,20,6,2,Grid Scanning,Local,18,0.58314991,11.66299815,35.19%,7.9037460000,0.0117576001,0.0161821001,0.6307997003,0.1439966000,5.2496428000,1.9168339000,0.0000479000,0.0549013000,7.9061740000,108,38,70
4275,400,200,40,20,6,2,Grid Scanning,Local,18,0.60893590,12.17871803,36.67%,8.4721590000,0.0132219001,0.0209003000,0.6806444999,0.1600997000,5.5193018001,2.1546135000,0.0000499000,0.0559103001,8.4751134000,120,44,76
4275,400,220,40,20,6,2,Grid Scanning,Local,18,0.51502205,10.30044091,42.42%,11.4936230000,0.0173636999,0.0294372000,0.9711201000,0.2192889999,7.8189957000,2.5626930000,0.0000535000,0.0612218001,11.4965324000,132,56,76
4275,400,240,40,20,6,2,Grid Scanning,Local,18,0.51727974,10.34559484,45.83%,13.6411965000,0.0204962000,0.0359450999,1.1859341000,0.2778520001,9.4810409000,2.8253848000,0.0000642000,0.0620702001,13.6447798000,144,66,78
4275,400,260,40,20,6,2,Grid Scanning,Local,18,0.59323987,11.86479745,51.92%,17.0996649000,0.0257333999,0.0465744000,1.5153727000,0.3421785999,11.9770729001,3.4233665001,0.0000664999,0.0715407001,17.1026708000,156,81,75
4275,400,280,40,20,6,2,Grid Scanning,Local,18,0.55500454,11.10009087,56.55%,20.1334526000,0.0278936000,0.0589570001,1.7975392000,0.4112014000,14.4860136001,3.6498268000,0.0000710999,0.0776901001,20.1373107000,168,95,73
4275,400,300,40,20,6,2,Grid Scanning,Local,18,0.55175130,11.03502601,60.56%,20.3938140000,0.0326029999,0.0745381000,1.9422466998,0.4467516998,14.1847248001,4.0153722001,0.0000745000,0.0845231001,20.3988198000,180,109,71
4275,400,320,40,20,6,2,Grid Scanning,Local,18,0.53410246,10.68204910,59.38%,21.3217295000,0.0412114001,0.0813598000,2.1383648998,0.4925815000,14.9862270001,3.9033399999,0.0000823999,0.0917866000,21.3262974000,192,114,78
4275,400,340,40,20,6,2,Grid Scanning,Local,18,0.51992900,10.39858004,63.24%,22.9803480000,0.0424236002,0.0990734002,2.4065570999,0.5647028998,16.0085720000,4.2623204001,0.0000857000,0.1004886001,22.9850435000,204,129,75
4275,400,360,40,20,6,2,Grid Scanning,Local,18,0.53149684,10.62993680,63.43%,24.1508037000,0.0475621000,0.1057733000,2.6059532001,0.6037665999,16.9356555001,4.3022350001,0.0000883000,0.1020501000,24.1542842000,216,137,79
4275,400,380,40,20,6,2,Grid Scanning,Local,18,0.48334239,9.66684775,68.42%,27.8335778000,0.0537058000,0.1320538998,3.0247844001,0.6918594999,19.5073698000,4.9447274001,0.0000925000,0.1103142004,27.8377251000,228,156,72
4275,400,400,40,20,6,2,Grid Scanning,Local,18,0.47700428,9.54008568,71.67%,30.6315345000,0.0581588000,0.1458308999,3.3670419000,0.7699348003,21.6519280000,5.2316474000,0.0001008998,0.1157990999,30.6352219000,240,172,68
4275,400,420,40,20,6,2,Grid Scanning,Local,18,0.51059124,10.21182478,70.24%,30.3988015000,0.0665740002,0.1633577001,3.5356593001,0.8066819999,21.4075635001,5.0322495999,0.0001044001,0.1224098998,30.4042116000,252,177,75
4275,400,440,40,20,6,2,Grid Scanning,Local,18,0.47064606,9.41292129,72.73%,34.1720148000,0.0701050001,0.1796902998,3.9017683999,0.8963386002,24.3254958000,5.5149299999,0.0001296001,0.1190870999,34.1766912000,264,192,72
4275,400,460,40,20,6,2,Grid Scanning,Local,18,0.48921019,9.78420380,75.00%,34.7187773000,0.0812899000,0.2098737000,4.0170748000,0.9454856999,24.2357512998,5.9582380000,0.0001383001,0.1348357000,34.7256982000,276,207,69
4275,400,480,40,20,6,2,Grid Scanning,Local,18,0.45745408,9.14908154,76.39%,36.0152281000,0.0871378002,0.2270800999,4.3191293999,0.9930810001,25.1176513001,6.0495357000,0.0001172000,0.1422894001,36.0198850000,288,220,68
4275,400,500,40,20,6,2,Grid Scanning,Local,18,0.47677859,9.53557174,77.00%,36.9673761000,0.0943618998,0.2531099000,4.5867860001,1.0688936004,25.5210218000,6.2753517000,0.0001246001,0.1416747000,36.9734742000,300,231,69
4275,400,520,40,20,6,2,Grid Scanning,Local,18,0.45131116,9.02622317,80.45%,41.9158943000,0.0992739001,0.2823131999,5.3986353002,1.2551867999,29.6276615002,6.2849790999,0.0001301000,0.1554456997,41.9205408000,312,251,61
4275,400,540,40,20,6,2,Grid Scanning,Local,18,0.43372031,8.67440619,82.72%,42.3155926000,0.1080710001,0.3140848999,5.7119081001,1.3328864000,29.4945771999,6.4541451999,0.0001289003,0.1561550999,42.3268220000,324,268,56
4275,400,560,40,20,6,2,Grid Scanning,Local,18,0.43200586,8.64011721,79.46%,41.6400539000,0.1160376000,0.3116957999,5.6181233997,1.3154406996,28.8062001002,6.5294002001,0.0001678001,0.1676894999,41.6478436000,336,267,69
4275,400,580,40,20,6,2,Grid Scanning,Local,18,0.42029372,8.40587432,81.32%,43.2180761000,0.1232989000,0.3396268000,5.9052219003,1.3766324998,30.0666760000,6.5293947000,0.0001407000,0.1770043001,43.2240015000,348,283,65
4275,400,600,40,20,6,2,Grid Scanning,Local,18,0.40442135,8.08842708,86.11%,45.6274308000,0.1377986997,0.3944423001,6.6209286000,1.5678712007,31.2707500001,6.9253003999,0.0001382998,0.1821202001,45.6341169000,360,310,50
4275,400,620,40,20,6,2,Grid Scanning,Local,18,0.39321730,7.86434606,81.99%,46.6393045000,0.1475149001,0.4047497001,6.8463867997,1.5942170004,32.3920891998,6.5736474999,0.0001453000,0.1938187000,46.6484909000,372,305,67
4275,400,640,40,20,6,2,Grid Scanning,Local,18,0.40038009,8.00760188,87.50%,49.3017645000,0.1566669000,0.4533189001,7.3964096997,1.7390426000,33.9354134998,7.0832168998,0.0001517000,0.1837108000,49.3086968000,384,336,48
4275,400,660,40,20,6,2,Grid Scanning,Local,18,0.41325837,8.26516736,85.86%,49.7972922000,0.1627872999,0.4713578003,7.3905156998,1.7394357001,34.1221756999,7.3489503000,0.0001561997,0.2172763003,49.8031981000,396,340,56
4275,400,680,40,20,6,2,Grid Scanning,Local,18,0.39790883,7.95817664,85.54%,52.7837942000,0.1747871001,0.5017318001,7.8683736001,1.8569062997,36.5923707001,7.3733333000,0.0001811001,0.1934911002,52.7936569000,408,349,59
4275,400,700,40,20,6,2,Grid Scanning,Local,18,0.38432736,7.68654726,88.57%,54.1369001000,0.1821848001,0.5408457999,8.5192242001,1.9951479000,37.1646473001,7.4378934001,0.0001632001,0.2089853000,54.1440092000,420,372,48
4275,400,720,40,20,6,2,Grid Scanning,Local,18,0.37961802,7.59236032,92.59%,56.4389425000,0.1898272001,0.5937855999,8.9745373996,2.1060702993,38.4323804001,7.9463911998,0.0001644001,0.2151111000,56.4458400000,432,400,32
4275,400,740,40,20,6,2,Grid Scanning,Local,18,0.36529687,7.30593741,89.86%,55.5945977000,0.1989217000,0.6131918999,8.9044765001,2.1099358997,37.4671712001,8.0816215000,0.0001764002,0.2156271997,55.6013811000,444,399,45
4275,400,760,40,20,6,2,Grid Scanning,Local,18,0.36717902,7.34358039,91.45%,56.8678038000,0.2083579000,0.6632078999,9.3483174006,2.1961515998,38.4347465001,7.9633216998,0.0001930001,0.1584588001,56.8749815000,456,417,39
4275,400,780,40,20,6,2,Grid Scanning,Local,18,0.33648157,6.72963146,86.11%,54.2463578000,0.2204000002,0.6476292999,9.4003185005,2.1966237003,36.5471359000,7.2006027999,0.0001999002,0.1563748998,54.2543147000,468,403,65
4275,400,800,40,20,6,2,Grid Scanning,Local,18,0.36461232,7.29224631,91.25%,63.1681580000,0.2527617999,0.7653874999,10.5824123001,2.5147442001,42.6139452000,8.6886890998,0.0002012999,0.1732896998,63.2132142000,480,438,42
4275,400,820,40,20,6,2,Grid Scanning,Local,18,0.33548127,6.70962531,91.06%,60.2761114000,0.2538381999,0.7474876999,10.3848910995,2.4516867000,40.6538265001,7.9843051001,0.0001888999,0.1708198001,60.2843616000,492,448,44
4275,400,840,40,20,6,2,Grid Scanning,Local,18,0.34419102,6.88382043,91.27%,61.1787811000,0.2675272999,0.7855088002,10.7510551000,2.5228595998,40.7634764999,8.3470457999,0.0001937000,0.1752102996,61.1899076000,504,460,44
4275,400,860,40,20,6,2,Grid Scanning,Local,18,0.31569105,6.31382093,94.96%,63.7613447000,0.2746337999,0.8483187002,11.4875596001,2.6991088003,42.6477495000,8.2372809000,0.0002084000,0.1800786001,63.7702055000,516,490,26
4275,400,880,40,20,6,2,Grid Scanning,Local,18,0.30999644,6.19992873,91.29%,62.1278484000,0.2863787996,0.8535399996,11.2915471001,2.6853178004,41.3556633999,8.0616422002,0.0002021998,0.1814083999,62.1399826000,528,482,46
4275,400,900,40,20,6,2,Grid Scanning,Local,18,0.32781984,6.55639681,93.52%,64.1819618000,0.3010723000,0.9383786999,11.5352503007,2.7504131999,42.3426292999,8.7720281001,0.0002171999,0.1817404001,64.1981942000,540,505,35
4275,400,920,40,20,6,2,Grid Scanning,Local,18,0.31465879,6.29317587,91.49%,64.6911487000,0.3120629000,0.9347039001,11.8259304000,2.8229916000,42.7020772000,8.6423046999,0.0002144999,0.1790687002,64.7068439000,552,505,47
4275,400,940,40,20,6,2,Grid Scanning,Local,18,0.32986246,6.59724920,94.15%,66.6923129000,0.3192385000,1.0074234998,12.4121251996,2.9637964005,43.6909019001,8.9707939001,0.0002093999,0.1960907000,66.7017406000,564,531,33
4275,400,960,40,20,6,2,Grid Scanning,Local,18,0.32362855,6.47257108,95.66%,69.1350458000,0.3348683001,1.0781281001,13.0514152005,3.1299623997,45.1663452002,9.2185594000,0.0002186001,0.1896943001,69.1474084000,576,551,25
4275,400,980,40,20,6,2,Grid Scanning,Local,18,0.31338297,6.26765947,95.07%,69.4073928000,0.3495626999,1.0890898999,13.4611208997,3.2401663996,45.2066716000,9.0235880000,0.0002358001,0.1880071000,69.4244931000,588,559,29
4275,400,1000,40,20,6,2,Grid Scanning,Local,18,0.29997607,5.99952132,95.00%,69.0881557000,0.3598017000,1.1408870000,13.6533436993,3.2760957006,44.5640830000,9.0739162003,0.0002239001,0.1850592002,69.1014655000,600,570,30
4275,400,60,40,20,6,2,Grid Scanning,Local,18,0.60799571,12.15991426,16.67%,1.3720597000,0.0013260000,0.0012171000,0.0646120000,0.0196937000,0.7510338000,0.5133188000,0.0000158000,0.0345067000,1.3730028000,36,6,30
4275,400,80,40,20,6,2,Grid Scanning,Local,18,0.64017480,12.80349597,25.00%,2.7615236000,0.0023293001,0.0030155000,0.1919763000,0.0593321001,1.8507359000,0.6755986000,0.0000210000,0.0294593000,2.7629870000,48,12,36
4275,400,100,40,20,6,2,Grid Scanning,Local,18,0.59815891,11.96317819,35.00%,5.3898856000,0.0041145999,0.0058853999,0.3861748000,0.0884410000,3.4645344000,1.4785847000,0.0000289999,0.0387868001,5.3914631000,60,21,39
4275,400,120,40,20,6,2,Grid Scanning,Local,18,0.45120458,9.02409152,36.11%,6.0508149000,0.0057872000,0.0084497000,0.4070437999,0.0931375000,3.8948991000,1.6719051000,0.0000332000,0.0415344000,6.0525916000,72,26,46
4275,400,140,40,20,6,2,Grid Scanning,Local,18,0.58686634,11.73732687,25.00%,4.7971162000,0.0066242000,0.0076911000,0.4098712000,0.0936256000,3.3439456000,0.9760790000,0.0000352999,0.0402575000,4.7989161000,84,21,63
4275,400,160,40,20,6,2,Grid Scanning,Local,18,0.45830376,9.16607530,36.46%,7.6165545000,0.0085443000,0.0134364999,0.5817275000,0.1301502000,4.9530988000,1.9927111000,0.0000401999,0.0441069000,7.6188459000,96,35,61
4275,400,180,40,20,6,2,Grid Scanning,Local,18,0.58314991,11.66299815,35.19%,8.0913707000,0.0128163001,0.0181349999,0.6750418001,0.1557954999,5.3784842000,1.9294193000,0.0000493000,0.0542439000,8.0936483000,108,38,70
4275,400,200,40,20,6,2,Grid Scanning,Local,18,0.60893590,12.17871803,36.67%,8.5198850000,0.0138251000,0.0206757998,0.6799845001,0.1599530000,5.5529229000,2.1702502999,0.0000502001,0.0549081000,8.5227856000,120,44,76
4275,400,220,40,20,6,2,Grid Scanning,Local,18,0.51502205,10.30044091,42.42%,11.4692416000,0.0168816999,0.0325006002,0.9542487002,0.2246593000,7.7791116000,2.5834395000,0.0000573001,0.0669921999,11.4717740000,132,56,76
4275,400,240,40,20,6,2,Grid Scanning,Local,18,0.51727974,10.34559484,45.83%,13.6517833000,0.0209173001,0.0350396001,1.1789924001,0.2668899999,9.4716429001,2.8471514000,0.0000621999,0.0668705999,13.6544445000,144,66,78
4275,400,260,40,20,6,2,Grid Scanning,Local,18,0.59323987,11.86479745,51.92%,16.9612409000,0.0284862001,0.0483124000,1.5156505001,0.3429911999,11.7774411000,3.4506598000,0.0000871000,0.0747074000,16.9639132000,156,81,75
4275,400,280,40,20,6,2,Grid Scanning,Local,18,0.55500454,11.10009087,56.55%,20.3249801000,0.0282810000,0.0597234999,1.8789294002,0.4285467002,14.5597643999,3.6805801001,0.0000714000,0.0790630000,20.3282877000,168,95,73
4275,400,300,40,20,6,2,Grid Scanning,Local,18,0.55175130,11.03502601,60.56%,20.2864843000,0.0335705000,0.0729312999,1.9469293998,0.4547503001,14.0214237000,4.0754830000,0.0000730000,0.0886382001,20.2900849000,180,109,71
4275,400,320,40,20,6,2,Grid Scanning,Local,18,0.53410246,10.68204910,59.38%,21.0954913000,0.0384337999,0.0818735001,2.0928143001,0.4809440000,14.8953479000,3.8401972000,0.0000842999,0.0899759000,21.0989140000,192,114,78
4275,400,340,40,20,6,2,Grid Scanning,Local,18,0.51992900,10.39858004,63.24%,23.0766380000,0.0412536001,0.0958373001,2.3253786002,0.5306732999,16.1495527001,4.3152958000,0.0000864002,0.0896032001,23.0802765000,204,129,75
4275,400,360,40,20,6,2,Grid Scanning,Local,18,0.53149684,10.62993680,63.43%,24.2585725000,0.0485671000,0.1098767000,2.6509147000,0.6067831000,16.9485686000,4.3454399000,0.0000959999,0.1020816001,24.2620129000,216,137,79
4275,400,380,40,20,6,2,Grid Scanning,Local,18,0.48334239,9.66684775,68.42%,27.3903355000,0.0529791999,0.1319982999,2.9130884998,0.6779366999,19.3273345999,4.8011696999,0.0000962000,0.1058894002,27.3947550000,228,156,72
4275,400,400,40,20,6,2,Grid Scanning,Local,18,0.47700428,9.54008568,71.67%,30.7845872000,0.0576739000,0.1514870999,3.3637358995,0.7750122002,21.8199309999,5.2177927000,0.0001025999,0.1112294002,30.8172813000,240,172,68
4275,400,420,40,20,6,2,Grid Scanning,Local,18,0.51059124,10.21182478,70.24%,29.2963357000,0.0604539999,0.1603862000,3.4880333001,0.7994557001,20.5008589000,4.9120631000,0.0000974000,0.1163360000,29.3019432000,252,177,75
4275,400,440,40,20,6,2,Grid Scanning,Local,18,0.47064606,9.41292129,72.73%,34.7997944000,0.0753567001,0.1836432002,4.0037247001,0.9323302000,24.8319020999,5.5222244000,0.0001159001,0.1249233999,34.8044229000,264,192,72
4275,400,460,40,20,6,2,Grid Scanning,Local,18,0.48921019,9.78420380,75.00%,34.4518609000,0.0756403000,0.2056026001,3.9311993002,0.9169682995,24.1636216000,5.8715199000,0.0001096999,0.1303685999,34.4572670000,276,207,69
4275,400,480,40,20,6,2,Grid Scanning,Local,18,0.45745408,9.14908154,76.39%,36.2487071000,0.0861972002,0.2275137000,4.2918843999,0.9993007000,25.3457607001,6.0918036001,0.0001163001,0.1347055999,36.2531642000,288,220,68
4275,400,500,40,20,6,2,Grid Scanning,Local,18,0.47677859,9.53557174,77.00%,36.9966196000,0.0919207001,0.2462044001,4.5618703998,1.0799484999,25.5256050000,6.3510002001,0.0001231998,0.1434192997,37.0011351000,300,231,69
4275,400,520,40,20,6,2,Grid Scanning,Local,18,0.45131116,9.02622317,80.45%,41.7461775000,0.1002598001,0.2854014003,5.4155471001,1.2626365000,29.4345674000,6.2585470000,0.0001257000,0.1634162999,41.7513948000,312,251,61
4275,400,540,40,20,6,2,Grid Scanning,Local,18,0.43372031,8.67440619,82.72%,41.6584665000,0.1073153000,0.3034802002,5.5652991002,1.2927952002,29.0007788999,6.4514616000,0.0001249997,0.1568218003,41.6654402000,324,268,56
4275,400,560,40,20,6,2,Grid Scanning,Local,18,0.43200586,8.64011721,79.46%,41.4103052000,0.1137377000,0.3677827999,5.5865692001,1.2971369003,28.5569145999,6.5407452999,0.0001325999,0.1652533000,41.4314675000,336,267,69
4275,400,580,40,20,6,2,Grid Scanning,Local,18,0.42029372,8.40587432,81.32%,44.8541110000,0.1351739999,0.3691460000,6.2389713997,1.4705971000,31.1617369000,6.6855014000,0.0001529998,0.1767905002,44.8595423000,348,283,65
4275,400,600,40,20,6,2,Grid Scanning,Local,18,0.40442135,8.08842708,86.11%,47.7686750000,0.1507570000,0.4192442999,6.9866088001,1.6751893000,32.6929619000,7.2067621998,0.0001562001,0.2161194003,47.7751135000,360,310,50
4275,400,620,40,20,6,2,Grid Scanning,Local,18,0.39321730,7.86434606,81.99%,46.6699453000,0.1479057000,0.4030896002,6.9001484003,1.6037977999,32.4442733999,6.5019614002,0.0001478000,0.1932162999,46.6809929000,372,305,67
4275,400,640,40,20,6,2,Grid Scanning,Local,18,0.40038009,8.00760188,87.50%,48.4244038000,0.1484545999,0.4474750001,7.3063870999,1.7160923997,33.3244111000,6.9360628000,0.0001440001,0.1831292000,48.4304430000,384,336,48
4275,400,660,40,20,6,2,Grid Scanning,Local,18,0.41325837,8.26516736,85.86%,48.2742525000,0.1601700000,0.4693930999,7.3709062001,1.7471394998,32.9743475001,7.0281276000,0.0001457999,0.1846159001,48.2824077000,396,340,56
4275,400,680,40,20,6,2,Grid Scanning,Local,18,0.39790883,7.95817664,85.54%,50.6307828000,0.1635733001,0.4966724003,7.7450134997,1.8503992000,35.0348876000,6.9221407002,0.0001506000,0.1906858002,50.6373678000,408,349,59
4275,400,700,40,20,6,2,Grid Scanning,Local,18,0.38432736,7.68654726,88.57%,52.3125630000,0.1736397002,0.5218892998,8.2315611000,1.9546624003,35.8907275000,7.2226968000,0.0001834000,0.1942325998,52.3283144000,420,372,48
4275,400,720,40,20,6,2,Grid Scanning,Local,18,0.37961802,7.59236032,92.59%,54.2840811000,0.1953197000,0.5979037996,8.8199108002,2.1311047004,36.8305065000,7.5416294001,0.0001653002,0.2102066999,54.2950413000,432,400,32
4275,400,740,40,20,6,2,Grid Scanning,Local,18,0.36529687,7.30593741,89.86%,54.0969609000,0.1941059999,0.5975515998,8.7832201004,2.1040594000,36.5394815996,7.6814563000,0.0001624001,0.1993002000,54.1037916000,444,399,45
4275,400,760,40,20,6,2,Grid Scanning,Local,18,0.36717902,7.34358039,91.45%,55.4320730000,0.2048914002,0.6515271999,9.1656924001,2.1982668007,37.3831772999,7.7700275002,0.0001748000,0.1596199003,55.4399520000,456,417,39
4275,400,780,40,20,6,2,Grid Scanning,Local,18,0.33648157,6.72963146,86.11%,52.3453349000,0.2161245999,0.6148620000,9.1177476997,2.2001608006,35.3571364001,6.7999812000,0.0002184999,0.1635149002,52.3517607000,468,403,65
4275,400,800,40,20,6,2,Grid Scanning,Local,18,0.36461232,7.29224631,91.25%,58.0175441000,0.2304010999,0.6929237002,9.8093142000,2.3805690001,39.1942796001,7.8237403999,0.0001814000,0.1625901999,58.0672181000,480,438,42
4275,400,820,40,20,6,2,Grid Scanning,Local,18,0.33548127,6.70962531,91.06%,58.4386945000,0.2509249001,0.7323558999,10.0812617004,2.4581025001,39.3397982000,7.7642393002,0.0001964999,0.1701744999,58.4460794000,492,448,44
4275,400,840,40,20,6,2,Grid Scanning,Local,18,0.34419102,6.88382043,91.27%,59.1125032000,0.2586576001,0.7669417999,10.4592577001,2.5301576002,39.3387395997,8.0247014001,0.0002212999,0.1734256000,59.1202274000,504,460,44
4275,400,860,40,20,6,2,Grid Scanning,Local,18,0.31569105,6.31382093,94.96%,61.2908649000,0.2662032003,0.8289605998,11.2621799992,2.7301902001,40.8558161998,7.8202043000,0.0001883999,0.1764835000,61.3035157000,516,490,26
4275,400,880,40,20,6,2,Grid Scanning,Local,18,0.30999644,6.19992873,91.29%,60.0609380000,0.2828805002,0.8373426003,11.1413312995,2.6918096000,39.7398067001,7.7923954002,0.0002014998,0.1793685001,60.0747320000,528,482,46
4275,400,900,40,20,6,2,Grid Scanning,Local,18,0.32781984,6.55639681,93.52%,62.3789569000,0.2912826998,0.9016463000,11.2456559004,2.7181783998,41.2516692998,8.4142504001,0.0001989001,0.1776922001,62.3950067000,540,505,35
4275,400,920,40,20,6,2,Grid Scanning,Local,18,0.31465879,6.29317587,91.49%,62.6507034000,0.3047390003,0.9108096997,11.6560178000,2.8378020000,41.3431720003,8.1630537000,0.0002119001,0.1776594999,62.6626192000,552,505,47
4275,400,940,40,20,6,2,Grid Scanning,Local,18,0.32986246,6.59724920,94.15%,65.1168213000,0.3181961001,0.9809781997,12.2308992998,2.9537715003,42.6874107000,8.6185605003,0.0002058999,0.1839383004,65.1256974000,564,531,33
4275,400,960,40,20,6,2,Grid Scanning,Local,18,0.32362855,6.47257108,95.66%,66.6164268000,0.3269592997,1.0503476001,12.8116377000,3.1112988997,43.3029060999,8.8391110999,0.0002140002,0.1793905000,66.6300235000,576,551,25
4275,400,980,40,20,6,2,Grid Scanning,Local,18,0.31338297,6.26765947,95.07%,67.2972119000,0.3402997998,1.0630309001,13.0969569005,3.1920563004,43.7719228999,8.7502949000,0.0002047001,0.1849174002,67.3112943000,588,559,29
4275,400,1000,40,20,6,2,Grid Scanning,Local,18,0.29997607,5.99952132,95.00%,66.8399514000,0.3567981998,1.1134826001,13.4496153005,3.2782507003,42.8854634000,8.7551233001,0.0002179001,0.1921822003,66.8575998000,600,570,30
4275,400,60,40,20,6,2,Grid Scanning,Local,20,0.60799571,12.15991426,16.67%,1.3784318000,0.0013396000,0.0014155999,0.0663854000,0.0215706999,0.7692023000,0.5001156000,0.0000321000,0.0338284000,1.3795298000,36,6,30
4275,400,80,40,20,6,2,Grid Scanning,Local,20,0.64017480,12.80349597,25.00%,2.7731400000,0.0025858000,0.0033365000,0.2111884999,0.0646172000,1.7938025000,0.7102535000,0.0000444000,0.0358390000,2.7745130000,48,12,36
4275,400,100,40,20,6,2,Grid Scanning,Local,20,0.59815891,11.96317819,35.00%,5.0762427000,0.0033689000,0.0053487000,0.4026544999,0.1039646999,3.3136274000,1.3056313000,0.0000228000,0.0338320999,5.0774963000,60,21,39
4275,400,120,40,20,6,2,Grid Scanning,Local,20,0.45120458,9.02409152,36.11%,5.9943643000,0.0056584000,0.0084392000,0.4236220999,0.0917986001,3.7770400999,1.7229441000,0.0000536000,0.0417601999,5.9964583000,72,26,46
4275,400,140,40,20,6,2,Grid Scanning,Local,20,0.58686634,11.73732687,25.00%,4.6906671000,0.0077004000,0.0075359001,0.4333976001,0.0958730000,3.2241163000,0.9611284000,0.0000344999,0.0447684999,4.6928129000,84,21,63
4275,400,160,40,20,6,2,Grid Scanning,Local,20,0.45830376,9.16607530,36.46%,7.2413353000,0.0096456999,0.0146679001,0.5911988999,0.1359633000,4.6452201999,1.9133978000,0.0000394000,0.0477827001,7.2432711000,96,35,61
4275,400,180,40,20,6,2,Grid Scanning,Local,20,0.58314991,11.66299815,35.19%,7.7835830000,0.0112739999,0.0170158000,0.6698788000,0.1551346000,5.1752107001,1.8355316000,0.0000481000,0.0486439001,7.7856707000,108,38,70
4275,400,200,40,20,6,2,Grid Scanning,Local,20,0.60893590,12.17871803,36.67%,8.2717921000,0.0127258001,0.0216369999,0.7287291000,0.1656384000,5.4156948000,2.0120091000,0.0000480000,0.0518655999,8.2742641000,120,44,76
4275,400,220,40,20,6,2,Grid Scanning,Local,20,0.51502205,10.30044091,42.42%,11.2663448000,0.0179755001,0.0302511000,1.0102879000,0.2309400002,7.6686806000,2.4476010000,0.0000580998,0.0629249999,11.2692150000,132,56,76
4275,400,240,40,20,6,2,Grid Scanning,Local,20,0.51727974,10.34559484,45.83%,13.0897199000,0.0202821001,0.0347656001,1.2285299001,0.2766380001,8.9562064000,2.7519394001,0.0000606000,0.0663509000,13.0921370000,144,66,78
4275,400,260,40,20,6,2,Grid Scanning,Local,20,0.59323987,11.86479745,51.92%,15.4188435000,0.0238559000,0.0455790001,1.5495811000,0.3610971000,10.7182019001,2.9770437000,0.0000745000,0.0671089001,15.4215230000,156,81,75
4275,400,280,40,20,6,2,Grid Scanning,Local,20,0.55500454,11.10009087,56.55%,18.4187226000,0.0282873000,0.0574939000,1.8623908002,0.4261066002,12.9785095000,3.3716410000,0.0000641001,0.0778770999,18.4215262000,168,95,73
4275,400,300,40,20,6,2,Grid Scanning,Local,20,0.55175130,11.03502601,60.56%,18.4369319000,0.0321655000,0.0698408998,1.9238260000,0.4556077000,12.6254246001,3.6535469000,0.0000700999,0.0824630999,18.4398908000,180,109,71
4275,400,320,40,20,6,2,Grid Scanning,Local,20,0.53410246,10.68204910,59.38%,20.1683001000,0.0356735002,0.0784143001,2.2044023000,0.5055032000,14.0458193001,3.6567774000,0.0000759001,0.0883570000,20.1715044000,192,114,78
4275,400,340,40,20,6,2,Grid Scanning,Local,20,0.51992900,10.39858004,63.24%,20.9842839000,0.0404680000,0.0900372000,2.3199477001,0.5431159002,14.5405411000,3.8463103000,0.0000804001,0.0921631999,20.9874305000,204,129,75
4275,400,360,40,20,6,2,Grid Scanning,Local,20,0.53149684,10.62993680,63.43%,21.9646332000,0.0462715001,0.1029115001,2.5860540999,0.6089774001,15.1818227000,3.9005822000,0.0001141000,0.0931645998,21.9681501000,216,137,79
4275,400,380,40,20,6,2,Grid Scanning,Local,20,0.48334239,9.66684775,68.42%,25.0844356000,0.0506535998,0.1208641001,2.9640354999,0.6850502002,17.4622485999,4.3139498000,0.0000825999,0.0995205002,25.1271427000,228,156,72
4275,400,400,40,20,6,2,Grid Scanning,Local,20,0.47700428,9.54008568,71.67%,28.1689695000,0.0556086000,0.1417264999,3.3599027998,0.7841316999,19.6055173001,4.8033640000,0.0000894000,0.1050343002,28.1730661000,240,172,68
4275,400,420,40,20,6,2,Grid Scanning,Local,20,0.51059124,10.21182478,70.24%,27.2209157000,0.0632385998,0.1487451000,3.4027735999,0.7877402005,18.9316579000,4.4891928000,0.0001080000,0.1117618002,27.2250190000,252,177,75
4275,400,440,40,20,6,2,Grid Scanning,Local,20,0.47064606,9.41292129,72.73%,30.8215164000,0.0683408000,0.1679437000,3.8661107001,0.9004245003,21.6364187000,4.8943370001,0.0000984999,0.1284967001,30.8273259000,264,192,72
4275,400,460,40,20,6,2,Grid Scanning,Local,20,0.48921019,9.78420380,75.00%,31.1667216000,0.0724106001,0.1958413002,3.9169751998,0.9295577998,21.5733268999,5.2064849000,0.0000980998,0.1260199001,31.1713531000,276,207,69
4275,400,480,40,20,6,2,Grid Scanning,Local,20,0.45745408,9.14908154,76.39%,35.7678551000,0.0994332001,0.2389750998,4.8564458999,1.1614047001,24.4102563000,5.8979879001,0.0001262999,0.1664960999,35.7753487000,288,220,68
4275,400,500,40,20,6,2,Grid Scanning,Local,20,0.47677859,9.53557174,77.00%,35.9766432000,0.1042557001,0.2548364002,5.0995385003,1.2466759001,24.3394477001,5.9166133001,0.0001552999,0.1602063000,35.9851079000,300,231,69
4275,400,520,40,20,6,2,Grid Scanning,Local,20,0.45131116,9.02622317,80.45%,40.9288779000,0.1083848002,0.2962510999,5.9266747998,1.4409219999,28.3831904001,5.9648103000,0.0001358000,0.1743400998,40.9338195000,312,251,61
4275,400,540,40,20,6,2,Grid Scanning,Local,20,0.43372031,8.67440619,82.72%,38.9145011000,0.1044220000,0.3112499001,5.5557287995,1.2968988999,26.3746942999,5.8383792999,0.0001210000,0.6558215998,38.9199816000,324,268,56
4275,400,560,40,20,6,2,Grid Scanning,Local,20,0.43200586,8.64011721,79.46%,37.4572827000,0.1111013999,0.2872651998,5.5050232997,1.2982849000,25.5461327001,5.7848882000,0.0001453000,0.1477037999,37.4641954000,336,267,69
4275,400,580,40,20,6,2,Grid Scanning,Local,20,0.42029372,8.40587432,81.32%,39.0235314000,0.1141778001,0.3196530001,5.8661342001,1.3803328997,26.6835728001,5.8091126999,0.0001281999,0.1538280002,39.0311344000,348,283,65
4275,400,600,40,20,6,2,Grid Scanning,Local,20,0.40442135,8.08842708,86.11%,41.0282747000,0.1232027001,0.3593768999,6.3713344001,1.4965745998,27.8518261000,6.0764664001,0.0001434002,0.1628412001,41.0338409000,360,310,50
4275,400,620,40,20,6,2,Grid Scanning,Local,20,0.39321730,7.86434606,81.99%,41.9609154000,0.1326557001,0.3623683003,6.6765137999,1.5499977000,28.7842406002,5.7691711001,0.0001495000,0.1627579000,41.9683980000,372,305,67
4275,400,640,40,20,6,2,Grid Scanning,Local,20,0.40038009,8.00760188,87.50%,44.9215723000,0.1410963998,0.4075373997,7.2459346998,1.6776549000,30.5397224001,6.3372890000,0.0001603997,0.1695017000,44.9272972000,384,336,48
4275,400,660,40,20,6,2,Grid Scanning,Local,20,0.41325837,8.26516736,85.86%,44.6378350000,0.1517972999,0.4234660000,7.1652877998,1.6762802002,30.1788483000,6.4550752001,0.0001392000,0.1766535002,44.6439777000,396,340,56
4275,400,680,40,20,6,2,Grid Scanning,Local,20,0.39790883,7.95817664,85.54%,46.9915072000,0.1618384002,0.4526504997,7.6381491004,1.7874849999,32.0065135999,6.4664046000,0.0002186002,0.1844028998,47.0015355000,408,349,59
4275,400,700,40,20,6,2,Grid Scanning,Local,20,0.38432736,7.68654726,88.57%,48.8603468000,0.1655924999,0.4969342002,8.2342306998,1.9386841999,33.0332021002,6.6596149001,0.0001841000,0.1879149001,48.8707055000,420,372,48
4275,400,720,40,20,6,2,Grid Scanning,Local,20,0.37961802,7.59236032,92.59%,50.5807470000,0.1786485996,0.5407638999,8.7113799996,2.0484868000,33.9470018001,6.9233821000,0.0001881998,0.1937276001,50.5907233000,432,400,32
4275,400,740,40,20,6,2,Grid Scanning,Local,20,0.36529687,7.30593741,89.86%,50.0096956000,0.1860669999,0.5563049001,8.7164069004,2.0429199999,33.1830326999,7.0761591998,0.0001903999,0.2015071000,50.0199100000,444,399,45
4275,400,760,40,20,6,2,Grid Scanning,Local,20,0.36717902,7.34358039,91.45%,51.5915847000,0.1940990000,0.6279761997,8.9856711004,2.0833027997,34.3429298999,7.2104792000,0.0001782001,0.1453901000,51.5983630000,456,417,39
4275,400,780,40,20,6,2,Grid Scanning,Local,20,0.33648157,6.72963146,86.11%,48.9344411000,0.2157597001,0.5809696997,9.0269705999,2.0899554000,32.5570603000,6.3257844000,0.0001927000,0.1481061002,48.9408911000,468,403,65
4275,400,800,40,20,6,2,Grid Scanning,Local,20,0.36461232,7.29224631,91.25%,58.9814726000,0.2701719002,0.7391836001,10.8858763998,2.6954141994,38.8950759998,7.8760369001,0.0002151998,0.2162161001,58.9882962000,480,438,42
4275,400,820,40,20,6,2,Grid Scanning,Local,20,0.33548127,6.70962531,91.06%,54.7774632000,0.2312860000,0.6888020004,10.1606309003,2.4241556003,36.2930439999,7.1422769999,0.0002117002,0.1772644999,54.8002921000,492,448,44
4275,400,840,40,20,6,2,Grid Scanning,Local,20,0.34419102,6.88382043,91.27%,56.1965120000,0.2504827001,0.7395790000,10.7669633002,2.6165199000,36.7447418000,7.4260172999,0.0001858000,0.1686988999,56.2034728000,504,460,44
4275,400,860,40,20,6,2,Grid Scanning,Local,20,0.31569105,6.31382093,94.96%,57.5984067000,0.2558772001,0.7749796003,11.2586363000,2.6769144000,37.7133066002,7.3372879000,0.0001725998,0.1659513999,57.6063971000,516,490,26
4275,400,880,40,20,6,2,Grid Scanning,Local,20,0.30996392,6.19927836,91.29%,56.3234043000,0.2665485001,0.7827509998,10.9703101003,2.5756427999,36.9050738001,7.1411563000,0.0002095001,0.1705476997,56.3305822000,528,482,46
4275,400,900,40,20,6,2,Grid Scanning,Local,20,0.32781984,6.55639681,93.52%,58.1659953000,0.2737974001,0.8431293998,11.2044408002,2.6607441001,37.7853075000,7.7845941001,0.0001829999,0.1760321997,58.1792609000,540,505,35
4275,400,920,40,20,6,2,Grid Scanning,Local,20,0.31464695,6.29293905,91.49%,58.4372965000,0.2862157999,0.8493735999,11.5081019998,2.7483489993,38.0046978000,7.5313800999,0.0001860000,0.1696214002,58.4496462000,552,505,47
4275,400,940,40,20,6,2,Grid Scanning,Local,20,0.32986246,6.59724920,94.15%,60.7466267000,0.3047198001,0.9200507997,12.0340207007,2.8502741000,39.1603505000,8.0621143000,0.0001886001,0.1691271001,60.7600875000,564,531,33
4275,400,960,40,20,6,2,Grid Scanning,Local,20,0.32359955,6.47199104,95.66%,62.2425065000,0.3105671003,0.9660879002,12.5497080001,2.9790251004,39.9969771999,8.1472732002,0.0001901000,0.1772357998,62.2513576000,576,551,25
4275,400,980,40,20,6,2,Grid Scanning,Local,20,0.31336831,6.26736625,95.07%,63.1038612000,0.3250394999,0.9981688001,12.9893647001,3.0924751006,40.3997540999,8.1244953001,0.0002052000,0.1797634999,63.1153931000,588,559,29
4275,400,1000,40,20,6,2,Grid Scanning,Local,20,0.29984420,5.99688399,95.00%,62.7034652000,0.3416832999,1.0687158996,13.2828176001,3.1573206997,39.6861583999,8.0536139002,0.0002533000,0.1802671004,62.7116894000,600,570,30
4275,400,60,40,20,6,2,Grid Scanning,Local,20,0.60799571,12.15991426,16.67%,1.2194092000,0.0012803000,0.0013183000,0.0681636000,0.0240501000,0.6730262000,0.4390201000,0.0000136000,0.0310808000,1.2203109000,36,6,30
4275,400,80,40,20,6,2,Grid Scanning,Local,20,0.64017480,12.80349597,25.00%,2.5677270000,0.0021511000,0.0027979000,0.1680598000,0.0514205000,1.7549257000,0.6037871000,0.0000174000,0.0277858000,2.5689027000,48,12,36
4275,400,100,40,20,6,2,Grid Scanning,Local,20,0.59815891,11.96317819,35.00%,4.8899373000,0.0039999001,0.0061104999,0.4129776000,0.1190779001,3.1253504000,1.2893472000,0.0000261000,0.0394006000,4.8913991000,60,21,39
4275,400,120,40,20,6,2,Grid Scanning,Local,20,0.45120458,9.02409152,36.11%,5.4279066000,0.0051984000,0.0090439000,0.4136753000,0.0980803000,3.4225998000,1.5233637000,0.0000286000,0.0375806000,5.4295826000,72,26,46
4275,400,140,40,20,6,2,Grid Scanning,Local,20,0.58686634,11.73732687,25.00%,4.3586567000,0.0059351000,0.0072051000,0.4033683000,0.0965931000,3.0183724000,0.8695701000,0.0000340000,0.0408716999,4.3602747000,84,21,63
4275,400,160,40,20,6,2,Grid Scanning,Local,20,0.45830376,9.16607530,36.46%,6.8401647000,0.0085486000,0.0127185000,0.5650570000,0.1341727001,4.3721324000,1.8146082999,0.0000652000,0.0440278000,6.8420549000,96,35,61
4275,400,180,40,20,6,2,Grid Scanning,Local,20,0.58314991,11.66299815,35.19%,7.0748891000,0.0118911000,0.0162951999,0.6407078000,0.1529860999,4.6319476000,1.6970288000,0.0000452999,0.0536006002,7.0773037000,108,38,70
4275,400,200,40,20,6,2,Grid Scanning,Local,20,0.60893590,12.17871803,36.67%,7.7368938000,0.0162663000,0.0205385999,0.6908759999,0.1641631001,4.9949388000,1.9287881000,0.0000614001,0.0558654000,7.7390949000,120,44,76
4275,400,220,40,20,6,2,Grid Scanning,Local,20,0.51502205,10.30044091,42.42%,10.4511042000,0.0170694002,0.0282657002,0.9414196000,0.2299032999,7.1191368000,2.2537583000,0.0000725000,0.0599133999,10.4542749000,132,56,76
4275,400,240,40,20,6,2,Grid Scanning,Local,20,0.51727974,10.34559484,45.83%,12.4272001000,0.0203156000,0.0344817002,1.1750015001,0.2682387001,8.5707124000,2.5276180001,0.0000845000,0.0657345001,12.4297661000,144,66,78
4275,400,260,40,20,6,2,Grid Scanning,Local,20,0.59323987,11.86479745,51.92%,15.0466999000,0.0226304999,0.0447818000,1.4608518999,0.3352149999,10.4753584000,2.9374802000,0.0000581999,0.0712174001,15.0492339000,156,81,75
4275,400,280,40,20,6,2,Grid Scanning,Local,20,0.55500454,11.10009087,56.55%,18.0666104000,0.0289877999,0.0544270999,1.7987381003,0.4194216999,12.7718704000,3.3012598000,0.0000644000,0.0765336000,18.0695859000,168,95,73
4275,400,300,40,20,6,2,Grid Scanning,Local,20,0.55175130,11.03502601,60.56%,18.2777674000,0.0319708999,0.0695001001,1.9219751000,0.4482410999,12.4741451000,3.6534684000,0.0000679000,0.0793639000,18.2809566000,180,109,71
4275,400,320,40,20,6,2,Grid Scanning,Local,20,0.53410246,10.68204910,59.38%,19.0932705000,0.0361176001,0.0749908000,2.0611995001,0.4744369000,13.2787420000,3.5072008000,0.0000757000,0.0879220999,19.0964418000,192,114,78
4275,400,340,40,20,6,2,Grid Scanning,Local,20,0.51992900,10.39858004,63.24%,20.7636295000,0.0418095000,0.0899427000,2.3670255002,0.5540455999,14.2903636000,3.8272380000,0.0000812999,0.0903177001,20.7667831000,204,129,75
4275,400,360,40,20,6,2,Grid Scanning,Local,20,0.53149684,10.62993680,63.43%,21.7473657000,0.0461471002,0.1018151999,2.5403943001,0.5907196004,15.0429998000,3.8661239999,0.0001016000,0.0944214998,21.7557914000,216,137,79
4275,400,380,40,20,6,2,Grid Scanning,Local,20,0.48334239,9.66684775,68.42%,24.6484618000,0.0520280000,0.1179944000,2.8829514000,0.6850499003,17.1047126998,4.3299863000,0.0000850001,0.1031375998,24.6524524000,228,156,72
4275,400,400,40,20,6,2,Grid Scanning,Local,20,0.47700428,9.54008568,71.67%,27.6167333000,0.0571704999,0.1410193999,3.2825035001,0.7680828000,19.2933659001,4.6752295000,0.0001008001,0.1073038003,27.6205464000,240,172,68
4275,400,420,40,20,6,2,Grid Scanning,Local,20,0.51059124,10.21182478,70.24%,26.9836466000,0.0634928000,0.1508698998,3.4252749000,0.7913041000,18.7288960000,4.4428460001,0.0001300000,0.1117382999,26.9875238000,252,177,75
4275,400,440,40,20,6,2,Grid Scanning,Local,20,0.47064606,9.41292129,72.73%,30.8272630000,0.0685598999,0.1715221999,3.9427105001,0.9154964997,21.6336114999,4.8341882999,0.0001185999,0.1183219003,30.8311905000,264,192,72
4275,400,460,40,20,6,2,Grid Scanning,Local,20,0.48921019,9.78420380,75.00%,30.9618445000,0.0748890001,0.2207039999,3.9037159998,0.9098231001,21.3992395999,5.1685077000,0.0001066000,0.1256328001,30.9670087000,276,207,69
4275,400,480,40,20,6,2,Grid Scanning,Local,20,0.45745408,9.14908154,76.39%,32.6096583000,0.0850412999,0.2162678999,4.2540671000,0.9844515999,22.4190670000,5.4176437002,0.0001080000,0.1355887000,32.6161384000,288,220,68
4275,400,500,40,20,6,2,Grid Scanning,Local,20,0.47677859,9.53557174,77.00%,32.9708341000,0.0882583001,0.2319527997,4.4052215999,1.0222811000,22.4527049000,5.5718881999,0.0001104000,0.1319124001,32.9755413000,300,231,69
4275,400,520,40,20,6,2,Grid Scanning,Local,20,0.45131116,9.02622317,80.45%,37.5874312000,0.0938422001,0.2541278000,5.2229932999,1.2133292001,26.2555023001,5.5577858998,0.0001276002,0.1361408000,37.5939519000,312,251,61
4275,400,540,40,20,6,2,Grid Scanning,Local,20,0.43372031,8.67440619,82.72%,37.9995829000,0.1042116001,0.2822156001,5.4529309999,1.2647018005,26.1531520999,5.7862409000,0.0001189000,0.1476379001,38.0076572000,324,268,56
4275,400,560,40,20,6,2,Grid Scanning,Local,20,0.43200586,8.64011721,79.46%,37.2852606000,0.1094276001,0.2897275003,5.4780564002,1.2798145003,25.4495970002,5.7270618001,0.0001221000,0.1551820999,37.2937786000,336,267,69
4275,400,580,40,20,6,2,Grid Scanning,Local,20,0.42029372,8.40587432,81.32%,38.9157404000,0.1177350000,0.3161124001,5.8142256003,1.3497457999,26.6106012001,5.8233659001,0.0001235999,0.1538936001,38.9224972000,348,283,65
4275,400,600,40,20,6,2,Grid Scanning,Local,20,0.40442135,8.08842708,86.11%,41.0649170000,0.1244467999,0.3601976998,6.3364225996,1.4779728998,27.8473393001,6.1460015001,0.0001271999,0.1627742999,41.0702797000,360,310,50
4275,400,620,40,20,6,2,Grid Scanning,Local,20,0.39321730,7.86434606,81.99%,41.7967529000,0.1331471002,0.3674921000,6.6054675999,1.5256000999,28.6470982002,5.7965850001,0.0001519000,0.1688715999,41.8029211000,372,305,67
4275,400,640,40,20,6,2,Grid Scanning,Local,20,0.40038009,8.00760188,87.50%,44.7300056000,0.1430773000,0.4137721003,7.1523873002,1.6820920003,30.4848398999,6.2757143000,0.0001460001,0.1763726999,44.7354879000,384,336,48
4275,400,660,40,20,6,2,Grid Scanning,Local,20,0.41325837,8.26516736,85.86%,44.7090608000,0.1502155000,0.4297033001,7.1148436997,1.6776084000,30.2847405000,6.4633308998,0.0001495002,0.1737492001,44.7149146000,396,340,56
4275,400,680,40,20,6,2,Grid Scanning,Local,20,0.39790883,7.95817664,85.54%,46.9871554000,0.1580857000,0.4451738002,7.5818781997,1.7812650999,32.1565379999,6.3845806999,0.0001436000,0.1850815000,47.0560003000,408,349,59
4275,400,700,40,20,6,2,Grid Scanning,Local,20,0.38432736,7.68654726,88.57%,48.6772097000,0.1764258000,0.4871586998,8.1897758996,1.9144142000,32.8626893001,6.6828243000,0.0001639999,0.1929570001,48.6832516000,420,372,48
4275,400,720,40,20,6,2,Grid Scanning,Local,20,0.37961802,7.59236032,92.59%,50.9207091000,0.1788657001,0.5410595999,8.8052905007,2.0792144000,34.1691802000,6.9440930001,0.0001466000,0.1933437999,50.9302760000,432,400,32
4275,400,740,40,20,6,2,Grid Scanning,Local,20,0.36529687,7.30593741,89.86%,49.9742931000,0.1879155000,0.5536462000,8.6798655995,2.0619882994,33.1406161000,7.1110890001,0.0002019001,0.2097707999,49.9839226000,444,399,45
4275,400,760,40,20,6,2,Grid Scanning,Local,20,0.36717902,7.34358039,91.45%,51.7294937000,0.1997461000,0.5884970001,8.9678234000,2.0895850001,34.4854697998,7.2508097001,0.0001744999,0.1473977001,51.7371836000,456,417,39
4275,400,780,40,20,6,2,Grid Scanning,Local,20,0.33648157,6.72963146,86.11%,48.7513885000,0.2050189999,0.5756039998,9.0226185996,2.0918494998,32.3164704001,6.4093394999,0.0001584001,0.1476500999,48.7599384000,468,403,65
4275,400,800,40,20,6,2,Grid Scanning,Local,20,0.36461232,7.29224631,91.25%,53.8432074000,0.2185569001,0.6574389004,9.6495060000,2.2790426997,35.7648362000,7.3013855002,0.0001801001,0.1621580000,53.8502977000,480,438,42
4275,400,820,40,20,6,2,Grid Scanning,Local,20,0.33548127,6.70962531,91.06%,54.5595127000,0.2288695000,0.6825442999,10.1117726997,2.3859085001,36.1504412999,7.1373668000,0.0001830999,0.1566515998,54.5709044000,492,448,44
4275,400,840,40,20,6,2,Grid Scanning,Local,20,0.34419102,6.88382043,91.27%,55.1912742000,0.2378412999,0.7197484000,10.3392958995,2.4368198004,36.2791455000,7.3645356000,0.0001651002,0.1645982003,55.2006007000,504,460,44
4275,400,860,40,20,6,2,Grid Scanning,Local,20,0.31569105,6.31382093,94.96%,57.4258216000,0.2509769997,0.7718029004,11.0133102002,2.5908000999,37.8777571999,7.2611006002,0.0001685001,0.1665066000,57.4327845000,516,490,26
4275,400,880,40,20,6,2,Grid Scanning,Local,20,0.30996392,6.19927836,91.29%,56.2691901000,0.2717509999,0.7833697002,11.0402067998,2.6137021002,36.7796432001,7.1402800999,0.0001798001,0.1689023002,56.2763375000,528,482,46
4275,400,900,40,20,6,2,Grid Scanning,Local,20,0.32781984,6.55639681,93.52%,58.1656707000,0.2766923002,0.8244024000,11.0887950005,2.6187608999,37.9498889999,7.7605683998,0.0001838000,0.1687607999,58.1731850000,540,505,35
4275,400,920,40,20,6,2,Grid Scanning,Local,20,0.31464695,6.29293905,91.49%,58.3095622000,0.2874897000,0.8393749000,11.3925439997,2.6827615999,38.0004927001,7.5297710001,0.0002164000,0.1720611000,58.3167221000,552,505,47
4275,400,940,40,20,6,2,Grid Scanning,Local,20,0.32986246,6.59724920,94.15%,60.3109033000,0.2965988001,0.9186213998,12.0500613003,2.8488887005,38.7700010999,7.9930123002,0.0002018999,0.1776647999,60.3185903000,564,531,33
4275,400,960,40,20,6,2,Grid Scanning,Local,20,0.32359955,6.47199104,95.66%,62.4000538000,0.3089828001,0.9565750999,12.5794692999,2.9867020995,40.1463244003,8.1421552000,0.0001868999,0.1709246002,62.4166846000,576,551,25
4275,400,980,40,20,6,2,Grid Scanning,Local,20,0.31336831,6.26736625,95.07%,63.0516102000,0.3211783999,0.9858359999,12.9782039004,3.0914259001,40.4577787000,8.0298746000,0.0002010002,0.1773006994,63.0636915000,588,559,29
4275,400,1000,40,20,6,2,Grid Scanning,Local,20,0.29984420,5.99688399,95.00%,62.6938541000,0.3435598999,1.0458265000,13.3668473997,3.1840689000,39.6305579999,8.0410819001,0.0001985998,0.1767922003,62.7069445000,600,570,30
4275,400,60,40,20,6,2,Grid Scanning,Local,20,0.60799571,12.15991426,16.67%,1.2174838000,0.0013614000,0.0013645000,0.0661855000,0.0229869000,0.6872966000,0.4240581000,0.0000138000,0.0314071000,1.2183902000,36,6,30
4275,400,80,40,20,6,2,Grid Scanning,Local,20,0.64017480,12.80349597,25.00%,2.5395880000,0.0023761000,0.0030401000,0.1796308000,0.0632829000,1.6944935000,0.6224751000,0.0000194000,0.0291149000,2.5406961000,48,12,36
4275,400,100,40,20,6,2,Grid Scanning,Local,20,0.59815891,11.96317819,35.00%,4.7449554000,0.0033373999,0.0056421999,0.3956137000,0.1110064000,3.0641508000,1.2300753000,0.0000223000,0.0327712000,4.7461789000,60,21,39
4275,400,120,40,20,6,2,Grid Scanning,Local,20,0.45120458,9.02409152,36.11%,5.5110754000,0.0058152001,0.0091886001,0.4119994000,0.1022259000,3.4692678000,1.5507002000,0.0000309000,0.0447461000,5.5125903000,72,26,46
4275,400,140,40,20,6,2,Grid Scanning,Local,20,0.58686634,11.73732687,25.00%,4.3962480000,0.0062774000,0.0068069000,0.3915026001,0.0917317000,3.0445728999,0.8922689000,0.0000309999,0.0416927001,4.3978812000,84,21,63
4275,400,160,40,20,6,2,Grid Scanning,Local,20,0.45830376,9.16607530,36.46%,6.8866763000,0.0085398999,0.0132584000,0.5568682000,0.1337052000,4.4494216000,1.7913909000,0.0000495999,0.0461199000,6.8887671000,96,35,61
4275,400,180,40,20,6,2,Grid Scanning,Local,20,0.58314991,11.66299815,35.19%,7.0794363000,0.0109090000,0.0154594001,0.6092368000,0.1447250999,4.6818897000,1.6921715000,0.0000408999,0.0465019001,7.0813073000,108,38,70
4275,400,200,40,20,6,2,Grid Scanning,Local,20,0.60893590,12.17871803,36.67%,7.6286645000,0.0135955000,0.0201843000,0.6813340999,0.1638769001,4.9233876001,1.9096240001,0.0000613999,0.0522834998,7.6312286000,120,44,76
4275,400,220,40,20,6,2,Grid Scanning,Local,20,0.51502205,10.30044091,42.42%,10.3784901000,0.0174239999,0.0283109001,0.9431587000,0.2226126000,7.0534634999,2.2264634000,0.0000576000,0.0647129999,10.3807584000,132,56,76
4275,400,240,40,20,6,2,Grid Scanning,Local,20,0.51727974,10.34559484,45.83%,12.3400528000,0.0198708000,0.0334426001,1.1665492000,0.2749887000,8.4851425999,2.5343223000,0.0000702999,0.0654091001,12.3424803000,144,66,78
4275,400,260,40,20,6,2,Grid Scanning,Local,20,0.59323987,11.86479745,51.92%,15.0250950000,0.0246752000,0.0458592000,1.4818185001,0.3452866000,10.4402503001,2.9224649000,0.0000608001,0.0733147000,15.0277651000,156,81,75
4275,400,280,40,20,6,2,Grid Scanning,Local,20,0.55500454,11.10009087,56.55%,18.1430639000,0.0275574998,0.0558246999,1.8062529000,0.4174655000,12.8486605000,3.2885724000,0.0000648000,0.0787297001,18.1460923000,168,95,73
4275,400,300,40,20,6,2,Grid Scanning,Local,20,0.55175130,11.03502601,60.56%,18.1521473000,0.0303750000,0.0698149002,1.8676128000,0.4337594998,12.5218015000,3.5361235000,0.0000677999,0.0779947999,18.1552383000,180,109,71
4275,400,320,40,20,6,2,Grid Scanning,Local,20,0.53410246,10.68204910,59.38%,19.2398641000,0.0359416000,0.0736410999,2.0784108000,0.4900929000,13.4055188001,3.5080721999,0.0000730001,0.0843823001,19.2429594000,192,114,78
4275,400,340,40,20,6,2,Grid Scanning,Local,20,0.51992900,10.39858004,63.24%,20.5659002000,0.0415489001,0.0898133001,2.2839371001,0.5359027001,14.2300028000,3.7801179001,0.0000788000,0.0889576000,20.5690085000,204,129,75
4275,400,360,40,20,6,2,Grid Scanning,Local,20,0.53149684,10.62993680,63.43%,21.7537856000,0.0433491000,0.1011121000,2.5314641999,0.5962694999,15.0436661001,3.8869100001,0.0000818001,0.0962314001,21.7590664000,216,137,79
4275,400,380,40,20,6,2,Grid Scanning,Local,20,0.48334239,9.66684775,68.42%,25.0144678000,0.0508279000,0.1210314001,2.9253626001,0.6826831000,17.4466812998,4.3141714002,0.0000857001,0.0996302001,25.0181067000,228,156,72
4275,400,400,40,20,6,2,Grid Scanning,Local,20,0.47700428,9.54008568,71.67%,27.7086338000,0.0547764001,0.1432453001,3.2889753000,0.7666287000,19.3499770999,4.7003172000,0.0001280999,0.1052208999,27.7143897000,240,172,68
4275,400,420,40,20,6,2,Grid Scanning,Local,20,0.51059124,10.21182478,70.24%,26.9456454000,0.0611127999,0.1494360000,3.4024878003,0.7932414999,18.7662312001,4.3950900000,0.0000966998,0.1126322003,26.9496337000,252,177,75
4275,400,440,40,20,6,2,Grid Scanning,Local,20,0.47064606,9.41292129,72.73%,30.9626700000,0.0689925001,0.1698607000,3.8836352998,0.9099090004,21.7801305999,4.8795158001,0.0001137000,0.1184738997,30.9671956000,264,192,72
4275,400,460,40,20,6,2,Grid Scanning,Local,20,0.48921019,9.78420380,75.00%,31.1674615000,0.0741058000,0.1953441003,3.8961910997,0.9089730997,21.5658560000,5.2352227001,0.0000998999,0.1248658000,31.1749008000,276,207,69
4275,400,480,40,20,6,2,Grid Scanning,Local,20,0.45745408,9.14908154,76.39%,32.6820286000,0.0828397000,0.2141563003,4.2736708998,0.9897622000,22.5228538001,5.3785378001,0.0001300001,0.1291664001,32.6862793000,288,220,68
4275,400,500,40,20,6,2,Grid Scanning,Local,20,0.47677859,9.53557174,77.00%,33.0720395000,0.0843726000,0.2305056000,4.4504492005,1.0429396002,22.5464685999,5.5551473998,0.0001406000,0.1319301999,33.0769150000,300,231,69
4275,400,520,40,20,6,2,Grid Scanning,Local,20,0.45131116,9.02622317,80.45%,37.7584066000,0.0960058999,0.2600356999,5.2173722002,1.2202047995,26.4032416001,5.5715591999,0.0001209999,0.1424851000,37.7635343000,312,251,61
4275,400,540,40,20,6,2,Grid Scanning,Local,20,0.43372031,8.67440619,82.72%,38.0322024000,0.0988756999,0.2856100999,5.4451807000,1.2623829000,26.1830086001,5.7997582000,0.0001203001,0.1462004998,38.0377156000,324,268,56
4275,400,560,40,20,6,2,Grid Scanning,Local,20,0.43200586,8.64011721,79.46%,37.4546053000,0.1087989999,0.2921448002,5.4394582002,1.2612891999,25.6896350000,5.7006517000,0.0001459999,0.1470707001,37.4602934000,336,267,69
4275,400,580,40,20,6,2,Grid Scanning,Local,20,0.42029372,8.40587432,81.32%,39.3134902000,0.1165267000,0.3261816001,5.9236446000,1.3668858001,26.8636033000,5.8416154000,0.0001304000,0.1549116999,39.3185911000,348,283,65
4275,400,600,40,20,6,2,Grid Scanning,Local,20,0.40442135,8.08842708,86.11%,40.8976556000,0.1237065001,0.3560376002,6.3033613000,1.4722530997,27.7358381001,6.1348529999,0.0001287001,0.1615886999,40.9371953000,360,310,50
4275,400,620,40,20,6,2,Grid Scanning,Local,20,0.39321730,7.86434606,81.99%,42.0408071000,0.1351706001,0.3645635001,6.6491291000,1.5435912999,28.8847142999,5.7662261000,0.0001496001,0.1665805999,42.0469581000,372,305,67
4275,400,640,40,20,6,2,Grid Scanning,Local,20,0.40038009,8.00760188,87.50%,44.6227424000,0.1411552999,0.4221525997,7.2378166997,1.6785831999,30.2300764000,6.3374751000,0.0001329001,0.1711278999,44.6315695000,384,336,48
4275,400,660,40,20,6,2,Grid Scanning,Local,20,0.41325837,8.26516736,85.86%,44.6704881000,0.1485046001,0.4280782001,7.1597519997,1.6743579001,30.2833860000,6.3884690000,0.0001728001,0.1756676001,44.6761785000,396,340,56
4275,400,680,40,20,6,2,Grid Scanning,Local,20,0.39790883,7.95817664,85.54%,47.2983738000,0.1594109000,0.4535641999,7.6895994998,1.8052944998,32.3467636000,6.3928423000,0.0001529001,0.1798089000,47.3061688000,408,349,59
4275,400,700,40,20,6,2,Grid Scanning,Local,20,0.38432736,7.68654726,88.57%,48.5889954000,0.1701001001,0.4942223001,8.2014889998,1.9275992995,32.8359811999,6.6138050001,0.0001452000,0.1880335000,48.5948014000,420,372,48
4275,400,720,40,20,6,2,Grid Scanning,Local,20,0.37961802,7.59236032,92.59%,50.8904746000,0.1731279000,0.5473244999,8.7417375000,2.0454130999,34.2431830001,6.9055026003,0.0001478999,0.1963662999,50.8962805000,432,400,32
4275,400,740,40,20,6,2,Grid Scanning,Local,20,0.36529687,7.30593741,89.86%,50.0190502000,0.1852313001,0.5516888999,8.6188906998,2.0232721998,33.3386830000,7.0440012000,0.0001535000,0.1943750001,50.0287827000,444,399,45
4275,400,760,40,20,6,2,Grid Scanning,Local,20,0.36717902,7.34358039,91.45%,51.6253766000,0.1956248997,0.5949639002,9.0546360003,2.1018937997,34.3388527000,7.1993348001,0.0001625000,0.1483345003,51.6326715000,456,417,39
4275,400,780,40,20,6,2,Grid Scanning,Local,20,0.33648157,6.72963146,86.11%,48.9644796000,0.2086705999,0.5857529000,9.1187186004,2.1355615999,32.4449922001,6.3791575001,0.0001797998,0.1481995998,48.9724616000,468,403,65
4275,400,800,40,20,6,2,Grid Scanning,Local,20,0.36461232,7.29224631,91.25%,53.8158656000,0.2145628002,0.6449035005,9.5720322003,2.2483268002,35.8152530001,7.3241929998,0.0001622000,0.1511020998,53.8269018000,480,438,42
4275,400,820,40,20,6,2,Grid Scanning,Local,20,0.33548127,6.70962531,91.06%,54.0305508000,0.2340386001,0.6737749999,9.9797544992,2.3421626994,35.8154477999,7.0786429001,0.0001716000,0.1640730001,54.0697708000,492,448,44
4275,400,840,40,20,6,2,Grid Scanning,Local,20,0.34419102,6.88382043,91.27%,55.2915541000,0.2426295998,0.7130454998,10.3517097002,2.4239441999,36.4254417999,7.3161544001,0.0001947001,0.1601842001,55.3026711000,504,460,44
4275,400,860,40,20,6,2,Grid Scanning,Local,20,0.31569105,6.31382093,94.96%,57.3400762000,0.2509059999,0.7671172001,11.1330514998,2.6073376999,37.6389545999,7.3000807001,0.0001720999,0.1665598997,57.3518939000,516,490,26
4275,400,880,40,20,6,2,Grid Scanning,Local,20,0.30996392,6.19927836,91.29%,56.6987973000,0.2703181999,0.7754223001,11.1242755000,2.6548012999,37.0948792998,7.1809895999,0.0001993000,0.1658636003,56.7106386000,528,482,46
4275,400,900,40,20,6,2,Grid Scanning,Local,20,0.32781984,6.55639681,93.52%,58.1583128000,0.2738289999,0.8341504002,11.1093621007,2.6249317001,37.8873617998,7.7856313998,0.0001761000,0.1707034000,58.1700828000,540,505,35
4275,400,920,40,20,6,2,Grid Scanning,Local,20,0.31464695,6.29293905,91.49%,58.5440118000,0.2935734997,0.8362745000,11.5049145004,2.7441262992,38.0737628999,7.5670108000,0.0001871001,0.1776272003,58.5521782000,552,505,47
4275,400,940,40,20,6,2,Grid Scanning,Local,20,0.32986246,6.59724920,94.15%,61.6602625000,0.3213394999,0.9506865998,12.4353790003,3.0298810006,39.5779039998,8.0902622000,0.0002046001,0.1781381000,61.6700272000,564,531,33
4275,400,960,40,20,6,2,Grid Scanning,Local,20,0.32359955,6.47199104,95.66%,62.4106516000,0.3155945001,0.9643234999,12.5743785005,2.9693958995,40.0918342999,8.2010244000,0.0001929000,0.1741861000,62.4236808000,576,551,25
4275,400,980,40,20,6,2,Grid Scanning,Local,20,0.31336831,6.26736625,95.07%,63.4615573000,0.3253981002,0.9887872999,13.0371994998,3.0760741994,40.7353780000,8.1021088003,0.0002099999,0.1787707998,63.4792713000,588,559,29
4275,400,1000,40,20,6,2,Grid Scanning,Local,20,0.29984420,5.99688399,95.00%,64.1913452000,0.3507837000,1.0613516000,13.5848512008,3.2270943996,40.5509635001,8.2405561999,0.0002007001,0.3134591999,64.2125950000,600,570,30
