Seed,SimulationSize_m,NumberOfNodes,PercentageAnchor,DetectionRadius_m,Clusters_K,GridSize_m,Algorithm,VoronoiMode,k_neighbors,AverageEstimationError,LocalizationError,Pe,MainLoop,DetectableCalc,GroupSplitting,VoronoiProc,VoronoiCalc,IntersectionCalc,ShapeCalc,DrawingOps,UIUpdates,TotalTime,UnknownNodes,LocalizedNodes,UnlocalizableNodes
4275,200,60,40,20,6,2,Grid Scanning,Local,6,0.51141933,10.22838669,41.67%,3.3360733000,0.0012864000,0.0030447000,0.1599610000,0.0573659000,2.4522789000,0.6297984000,0.0000149000,0.0834104000,3.3373614000,36,15,21
4275,200,80,40,20,6,2,Grid Scanning,Local,6,0.68573887,13.71477742,66.67%,6.5156104000,0.0022306000,0.0085866000,0.3661641000,0.1350073000,4.2468822000,1.0124050000,0.0000181000,0.8688636000,6.5167855000,48,32,16
4275,200,100,40,20,6,2,Grid Scanning,Local,6,0.52294330,10.45886602,80.00%,8.4223203000,0.0040594000,0.0147079000,0.5913916000,0.2114490999,6.4289762000,1.3171850000,0.0000245000,0.0542408000,8.4237779000,60,48,12
4275,200,120,40,20,6,2,Grid Scanning,Local,6,0.48180862,9.63617244,81.94%,10.2450828000,0.0054484000,0.0213664000,0.6828410000,0.2449641000,6.9435218000,1.4928441000,0.0000259000,1.0828928000,10.2470019000,72,59,13
4275,200,140,40,20,6,2,Grid Scanning,Local,6,0.45588599,9.11771980,72.62%,11.7738799000,0.0086594000,0.0276148000,0.9074854000,0.3431886000,8.2583213000,1.2457616000,0.0000539000,1.3101928000,11.7756462000,84,61,23
4275,200,160,40,20,6,2,Grid Scanning,Local,6,0.46350131,9.27002622,83.33%,14.9950203000,0.0100699000,0.0355899000,1.0930547000,0.3938383000,11.9271513000,1.8213362000,0.0000379000,0.0930914000,14.9976763000,96,80,16
4275,200,180,40,20,6,2,Grid Scanning,Local,6,0.43251775,8.65035494,81.48%,13.5958513000,0.0127160000,0.0450511000,1.1952305001,0.4404685000,10.4972313001,1.6691878001,0.0000468000,0.1554407000,13.5987388000,108,88,20
4275,200,200,40,20,6,2,Grid Scanning,Local,6,0.41823624,8.36472482,81.67%,15.5817461000,0.0144698000,0.0538310999,1.3479433000,0.4906851001,12.3618328000,1.6198221000,0.0000460000,0.1641845999,15.5842512000,120,98,22
4275,200,220,40,20,6,2,Grid Scanning,Local,6,0.37680196,7.53603924,93.94%,19.4468207000,0.0184893000,0.0720943000,1.7634546001,0.6255245000,15.5418555000,1.8078615000,0.0000488000,0.2249608000,19.4495319000,132,124,8
4275,200,240,40,20,6,2,Grid Scanning,Local,6,0.36538031,7.30760620,88.19%,21.5187254000,0.0231232000,0.0876403000,1.9868358000,0.7020272000,17.4476637000,1.8490818000,0.0000600000,0.1033869000,21.5218759000,144,127,17
4275,200,260,40,20,6,2,Grid Scanning,Local,6,0.34586296,6.91725910,91.67%,24.0899508000,0.0286133001,0.1021637000,2.3385117999,0.8472110000,19.6120315001,1.8919777000,0.0000686000,0.1003009001,24.0946585000,156,143,13
4275,200,280,40,20,6,2,Grid Scanning,Local,6,0.30921318,6.18426364,95.83%,25.8035331000,0.0319764000,0.1310869001,2.7082436001,0.9805876000,21.0292462000,1.7912372000,0.0000661001,0.0988250000,25.8079998000,168,161,7
4275,200,300,40,20,6,2,Grid Scanning,Local,6,0.31454009,6.29080186,98.89%,24.3231459000,0.0313264000,0.1238880000,2.5773380000,0.9213625000,19.8235210000,1.6556748000,0.0000597000,0.0979831000,24.3271680000,180,178,2
4275,200,320,40,20,6,2,Grid Scanning,Local,6,0.26342228,5.26844566,95.83%,23.6169076000,0.0353998001,0.1376238000,2.6274877000,0.9342637999,19.1038200000,1.5957489000,0.0000647000,0.0981012000,23.6207045000,192,184,8
4275,200,340,40,20,6,2,Grid Scanning,Local,6,0.27123716,5.42474313,95.59%,25.0541707000,0.0390641000,0.1512072001,2.8379324001,1.0069852000,20.2814245000,1.6281682999,0.0000691000,0.1008854000,25.0580306000,204,195,9
4275,200,360,40,20,6,2,Grid Scanning,Local,6,0.26946293,5.38925866,97.22%,27.0697965000,0.0458223000,0.1790619999,3.1006965001,1.1050191999,21.9100849999,1.7099453999,0.0000718000,0.1087960001,27.0745512000,216,210,6
4275,200,380,40,20,6,2,Grid Scanning,Local,6,0.24412603,4.88252065,98.25%,28.3184842000,0.0494403000,0.1910910000,3.3246160000,1.1940210000,22.9374421000,1.6868824000,0.0000734000,0.1146333000,28.3228415000,228,224,4
4275,200,400,40,20,6,2,Grid Scanning,Local,6,0.26586790,5.31735792,96.67%,30.1719982000,0.0546818000,0.2072055001,3.4497506000,1.2496641999,24.5347266999,1.7938932000,0.0000781999,0.1161748000,30.1766432000,240,232,8
4275,200,420,40,20,6,2,Grid Scanning,Local,6,0.22918193,4.58363853,100.00%,30.0995166000,0.0603824000,0.2375240000,3.7516969000,1.3573117998,24.2070666000,1.6972957000,0.0000805001,0.1275342999,30.1045127000,252,252,0
4275,200,440,40,20,6,2,Grid Scanning,Local,6,0.24422264,4.88445275,100.00%,45.6532852000,0.0875137000,0.3488111001,5.1520267001,1.8341769001,37.4655731000,2.4137422999,0.0001094000,0.1654248999,45.6699885000,264,264,0
4275,200,460,40,20,6,2,Grid Scanning,Local,6,0.24087090,4.81741795,99.64%,54.5730134000,0.1058307000,0.4555560001,5.9522700002,2.0419208999,44.9429556999,2.9118015000,0.0001255000,0.1824804999,54.5835562000,276,275,1
4275,200,480,40,20,6,2,Grid Scanning,Local,6,0.22377978,4.47559550,100.00%,57.0462983000,0.1164476000,0.4880247000,6.2476738999,2.1228971001,47.0186035000,2.9591701001,0.0001403000,0.1955025000,57.0526402000,288,288,0
4275,200,500,40,20,6,2,Grid Scanning,Local,6,0.23333463,4.66669262,100.00%,56.5745648000,0.1208522001,0.5015369000,6.1321012000,2.1032436000,46.6312241999,2.9751167000,0.0001369000,0.1886052000,56.5816251000,300,300,0
4275,200,520,40,20,6,2,Grid Scanning,Local,6,0.22060181,4.41203615,99.68%,58.6023405000,0.1346971000,0.5744148000,6.7767397001,2.3301436998,47.9026399000,2.9913394999,0.0001495999,0.1996582001,58.6143608000,312,311,1
4275,200,540,40,20,6,2,Grid Scanning,Local,6,0.21347900,4.26957994,100.00%,56.3564325000,0.1440818000,0.6035254001,7.0102257000,2.4249015000,45.6058987001,2.7647559000,0.0001444001,0.2053383000,56.3684919000,324,324,0
4275,200,560,40,20,6,2,Grid Scanning,Local,6,0.22118821,4.42376424,99.70%,58.3004895000,0.1485566001,0.6204059002,6.8586136000,2.3696851000,47.2844552001,3.1459414001,0.0001539001,0.2124312000,58.3090407000,336,335,1
4275,200,580,40,20,6,2,Grid Scanning,Local,6,0.19685836,3.93716712,100.00%,60.7875614000,0.1668783001,0.7101759999,7.6114069000,2.5998212998,49.0585099000,2.9918843000,0.0001590000,0.2225860000,60.7949505000,348,348,0
4275,200,600,40,20,6,2,Grid Scanning,Local,6,0.19300061,3.86001215,100.00%,61.1471830000,0.1758296001,0.7436581000,7.8144029001,2.6737857001,49.3220878000,2.8372993000,0.0001657001,0.2276450999,61.1632506000,360,360,0
4275,200,620,40,20,6,2,Grid Scanning,Local,6,0.19257844,3.85156878,100.00%,60.1877090000,0.1791190999,0.7465530999,7.6536949000,2.6655237999,48.5218151000,2.8292947000,0.0001622000,0.2280101999,60.2019716000,372,372,0
4275,200,640,40,20,6,2,Grid Scanning,Local,6,0.17396939,3.47938789,100.00%,62.5882655000,0.2079077000,0.8944948000,8.7478900000,3.0295429999,49.4428228000,3.0152162000,0.0001861000,0.2500637001,62.6061265000,384,384,0
4275,200,660,40,20,6,2,Grid Scanning,Local,6,0.17570457,3.51409132,100.00%,67.2175573000,0.2245141000,0.9617892001,9.1845762000,3.2255886000,53.3240530000,3.2219967999,0.0001888001,0.2670158000,67.2341631000,396,396,0
4275,200,680,40,20,6,2,Grid Scanning,Local,6,0.18481413,3.69628266,100.00%,61.9965161000,0.2141533999,0.9139451000,8.5416034001,2.9923684998,48.9357850001,3.1090660000,0.0001831000,0.2494633999,62.0116503000,408,408,0
4275,200,700,40,20,6,2,Grid Scanning,Local,6,0.16577510,3.31550205,100.00%,64.2747708000,0.2370183999,1.0119766001,9.2533951000,3.1973620000,50.3897742999,3.0876491000,0.0001960000,0.2599891001,64.2912884000,420,420,0
4275,200,720,40,20,6,2,Grid Scanning,Local,6,0.17491141,3.49822817,100.00%,68.6715305000,0.2476717999,1.0758169000,9.5589355001,3.3335507000,54.1964949000,3.2895266001,0.0001980001,0.2658577000,68.6816957000,432,432,0
4275,200,740,40,20,6,2,Grid Scanning,Local,6,0.17837195,3.56743897,100.00%,64.1036286000,0.2576178000,1.0554655001,9.1108893999,3.2036360003,50.0552655999,3.3240173000,0.0001986000,0.2617443000,64.1238012000,444,444,0
4275,200,760,40,20,6,2,Grid Scanning,Local,6,0.17275752,3.45515035,100.00%,72.4518278000,0.2798113999,1.1966014999,10.0877566000,3.5091516001,57.2300434999,3.4192721000,0.0002137000,0.1980294001,72.4668982000,456,456,0
4275,200,780,40,20,6,2,Grid Scanning,Local,6,0.16516815,3.30336304,100.00%,71.3617923000,0.2895380999,1.2202010999,10.0666543999,3.5267181004,56.1239473000,3.4228855000,0.0002123999,0.1982564000,71.3781086000,468,468,0
4275,200,800,40,20,6,2,Grid Scanning,Local,6,0.17763183,3.55263652,100.00%,71.5189365000,0.3032474001,1.2713572000,10.2305222998,3.5931872996,55.9900432000,3.4831709999,0.0002220000,0.2006672000,71.5279272000,480,480,0
4275,200,820,40,20,6,2,Grid Scanning,Local,6,0.16090227,3.21804534,100.00%,74.6063061000,0.3307961000,1.3856116001,10.9463405001,3.8505042001,58.0929970001,3.5858258998,0.0002394000,0.2211166999,74.6264267000,492,492,0
4275,200,840,40,20,6,2,Grid Scanning,Local,6,0.16519355,3.30387090,100.00%,70.9081466000,0.3276234001,1.3821110999,10.5914363000,3.7252552002,54.9585767000,3.3901688000,0.0002280002,0.2140427001,70.9241227000,504,504,0
4275,200,860,40,20,6,2,Grid Scanning,Local,6,0.15339803,3.06796062,100.00%,74.2176943000,0.3545999999,1.5064996001,11.3900652003,4.0476797003,57.2514499000,3.4508913000,0.0002397999,0.2183183001,74.2737655000,516,516,0
4275,200,880,40,20,6,2,Grid Scanning,Local,6,0.16513723,3.30274455,100.00%,76.7188012000,0.3721399000,1.5546049001,11.4223681000,4.0479589003,59.4833641000,3.6111206999,0.0002386000,0.2267078999,76.7407648000,528,528,0
4275,200,900,40,20,6,2,Grid Scanning,Local,6,0.15919531,3.18390625,100.00%,79.9168363000,0.3990621000,1.5947236001,11.4550312999,4.0660807999,62.6133815001,3.5895400000,0.0002424000,0.2152306003,79.9329768000,540,540,0
4275,200,920,40,20,6,2,Grid Scanning,Local,6,0.15525522,3.10510434,100.00%,83.6597146000,0.4324540001,1.7555223001,12.4186856003,4.4105658002,64.7957658000,3.9659897000,0.0002653000,0.2327054000,83.6809055000,552,552,0
4275,200,940,40,20,6,2,Grid Scanning,Local,6,0.14894100,2.97882008,100.00%,80.9314477000,0.4414470000,1.7919622001,12.3397731001,4.3888440001,62.4077500000,3.6689971000,0.0002574000,0.2242899001,80.9447743000,564,564,0
4275,200,960,40,20,6,2,Grid Scanning,Local,6,0.14835532,2.96710646,100.00%,83.5197780000,0.4656537000,1.9023302000,12.9040290998,4.6058832001,64.1626221001,3.7981138999,0.0002600000,0.2282119001,83.5383971000,576,576,0
4275,200,980,40,20,6,2,Grid Scanning,Local,6,0.15824297,3.16485932,100.00%,84.0749432000,0.4742509999,1.9328624002,12.9884271001,4.6181464001,64.4036104000,3.9808816999,0.0002762998,0.2349952001,84.1010389000,588,588,0
4275,200,1000,40,20,6,2,Grid Scanning,Local,6,0.14277219,2.85544385,100.00%,82.5125784000,0.4986115000,1.9931465001,12.9500360000,4.6297094999,62.8486065999,3.9334308000,0.0002741000,0.2283665000,82.5303990000,600,600,0
4275,200,60,40,20,6,2,Grid Scanning,Local,6,0.51141933,10.22838669,41.67%,5.3399601000,0.0020365000,0.0048366000,0.2400505000,0.0777596000,3.9882109000,1.0541757000,0.0000257000,0.0443171000,5.3419695000,36,15,21
4275,200,80,40,20,6,2,Grid Scanning,Local,6,0.68573887,13.71477742,66.67%,9.3075028000,0.0036887000,0.0125770000,0.4975705000,0.1634293000,7.0784628000,1.6562933000,0.0000257000,0.0478566000,9.3100332000,48,32,16
4275,200,100,40,20,6,2,Grid Scanning,Local,6,0.52294330,10.45886602,80.00%,12.9272057000,0.0058968000,0.0237614000,0.8299611000,0.2780937000,9.9569088000,2.0392809000,0.0000349000,0.0504447000,12.9289401000,60,48,12
4275,200,120,40,20,6,2,Grid Scanning,Local,6,0.48180862,9.63617244,81.94%,14.2721781000,0.0079440000,0.0316037000,0.9080677999,0.3011825000,10.9649198000,2.2792115000,0.0000397000,0.0592348000,14.2742285000,72,59,13
4275,200,140,40,20,6,2,Grid Scanning,Local,6,0.45588599,9.11771980,72.62%,14.7649492000,0.0110412000,0.0355060001,1.0540453000,0.3520099000,11.7675966000,1.8086333000,0.0000498001,0.0677578000,14.7679010000,84,61,23
4275,200,160,40,20,6,2,Grid Scanning,Local,6,0.46350131,9.27002622,83.33%,22.1757716000,0.0146830000,0.0527950999,1.4776074000,0.4923307000,17.9837668000,2.5527267000,0.0000485000,0.0746418999,22.1786057000,96,80,16
4275,200,180,40,20,6,2,Grid Scanning,Local,6,0.43251775,8.65035494,81.48%,19.6585764000,0.0176374000,0.0664173000,1.4823942001,0.4961884000,15.6521375000,2.3316502000,0.0000546000,0.0796384000,19.6629885000,108,88,20
4275,200,200,40,20,6,2,Grid Scanning,Local,6,0.41823624,8.36472482,81.67%,21.6906645000,0.0202999000,0.0733989000,1.6698302999,0.5585198001,17.5904211000,2.2328834000,0.0000606000,0.0813894000,21.6935520000,120,98,22
4275,200,220,40,20,6,2,Grid Scanning,Local,6,0.37680196,7.53603924,93.94%,26.2096920000,0.0246498000,0.1055520001,2.1768229001,0.7286670000,21.4595778999,2.3318295000,0.0000651000,0.0905094000,26.2126486000,132,124,8
4275,200,240,40,20,6,2,Grid Scanning,Local,6,0.36538031,7.30760620,88.19%,29.1374652000,0.0309673000,0.1162372999,2.4422230000,0.8298989000,23.9852362001,2.4332346000,0.0000737000,0.0994033000,29.1413660000,144,127,17
4275,200,260,40,20,6,2,Grid Scanning,Local,6,0.34586296,6.91725910,91.67%,33.4123360000,0.0410812000,0.1387239999,2.8592202001,0.9625557001,27.6947197000,2.5370462999,0.0000792999,0.1106657000,33.4199341000,156,143,13
4275,200,280,40,20,6,2,Grid Scanning,Local,6,0.30921318,6.18426364,95.83%,35.1420175000,0.0428129000,0.1656465001,3.2686927998,1.0963381000,29.1220246000,2.4013912000,0.0000846000,0.1199582000,35.1457589000,168,161,7
4275,200,300,40,20,6,2,Grid Scanning,Local,6,0.31454009,6.29080186,98.89%,36.0287282000,0.0463023000,0.1875867001,3.5507353000,1.1964475001,29.7099987000,2.3889636000,0.0000837000,0.1250878001,36.0369472000,180,178,2
4275,200,320,40,20,6,2,Grid Scanning,Local,6,0.26342228,5.26844566,95.83%,34.2887811000,0.0492196999,0.1955649001,3.4184716000,1.1669482001,28.2244628000,2.2566836000,0.0000856001,0.1228486999,34.2967496000,192,184,8
4275,200,340,40,20,6,2,Grid Scanning,Local,6,0.27123716,5.42474313,95.59%,36.6108011000,0.0597069000,0.2250593000,3.7656381001,1.2807945998,29.9653265000,2.4373240000,0.0001098999,0.1351039000,36.6197541000,204,195,9
4275,200,360,40,20,6,2,Grid Scanning,Local,6,0.26946293,5.38925866,97.22%,43.7207532000,0.0696247000,0.2769657000,4.4203076000,1.4978190001,36.0633815000,2.7234188000,0.0001083999,0.1464431000,43.7297402000,216,210,6
4275,200,380,40,20,6,2,Grid Scanning,Local,6,0.24412603,4.88252065,98.25%,44.4137839000,0.0774090000,0.2979276999,4.6170259001,1.5726060999,36.6186387000,2.6277546999,0.0001096000,0.1560424000,44.4222000000,228,224,4
4275,200,400,40,20,6,2,Grid Scanning,Local,6,0.26586790,5.31735792,96.67%,45.5853419000,0.0801939000,0.3143460000,4.6014043000,1.5602931998,37.7911243001,2.6266605999,0.0001131001,0.1510776000,45.5904364000,240,232,8
4275,200,420,40,20,6,2,Grid Scanning,Local,6,0.22918193,4.58363853,100.00%,44.2686981000,0.0872018999,0.3479959998,4.8778161001,1.6744262999,36.3865614000,2.3842240001,0.0001124001,0.1605322001,44.2785866000,252,252,0
4275,200,440,40,20,6,2,Grid Scanning,Local,6,0.24422264,4.88445275,100.00%,54.4704807000,0.1033757999,0.4195981998,5.7338529000,1.9451961999,45.1588302999,2.8491306999,0.0001268000,0.1817751999,54.4795764000,264,264,0
4275,200,460,40,20,6,2,Grid Scanning,Local,6,0.24087090,4.81741795,99.64%,53.0388980000,0.1099400000,0.4379185999,5.7791488000,1.9866327999,43.6247137001,2.8817919000,0.0001276000,0.1812827999,53.0478891000,276,275,1
4275,200,480,40,20,6,2,Grid Scanning,Local,6,0.22377978,4.47559550,100.00%,52.5777882000,0.1211813000,0.4630816999,5.8961947002,2.0329709998,43.1083574000,2.7812066999,0.0001389000,0.1861346000,52.5836659000,288,288,0
4275,200,500,40,20,6,2,Grid Scanning,Local,6,0.23333463,4.66669262,100.00%,56.9010283000,0.1242201000,0.5019022000,6.1611196998,2.1221865999,46.7840935000,3.1114718999,0.0001435000,0.1928989999,56.9126648000,300,300,0
4275,200,520,40,20,6,2,Grid Scanning,Local,6,0.22060181,4.41203615,99.68%,57.7455110000,0.1434987000,0.5709223998,6.7875196001,2.3532099999,46.9857256000,3.0227925001,0.0001460000,0.2104681999,57.7571062000,312,311,1
4275,200,540,40,20,6,2,Grid Scanning,Local,6,0.21347900,4.26957994,100.00%,54.9012112000,0.1510559000,0.6039645999,6.9361335000,2.4180563002,44.2377721001,2.7344477001,0.0001463001,0.2123064999,54.9134504000,324,324,0
4275,200,560,40,20,6,2,Grid Scanning,Local,6,0.22118821,4.42376424,99.70%,56.2724344000,0.1536946000,0.6107939000,6.7797720001,2.3449225999,45.4837293999,3.0046799001,0.0001528000,0.2117746999,56.3122593000,336,335,1
4275,200,580,40,20,6,2,Grid Scanning,Local,6,0.19685836,3.93716712,100.00%,60.5364716000,0.1776303999,0.7091512998,7.7100342000,2.6602219001,48.7675822999,2.9198938000,0.0001628001,0.2240145001,60.5479618000,348,348,0
4275,200,600,40,20,6,2,Grid Scanning,Local,6,0.19300061,3.86001215,100.00%,60.7640786000,0.1888016000,0.7564155998,7.9094810000,2.7518163001,48.7924842000,2.8502704000,0.0001698999,0.2365888001,60.7772056000,360,360,0
4275,200,620,40,20,6,2,Grid Scanning,Local,6,0.19257844,3.85156878,100.00%,61.9506607000,0.2008458001,0.7783323000,7.8740911001,2.7467709998,49.9025258999,2.9272991001,0.0001695001,0.2343492999,61.9655158000,372,372,0
4275,200,640,40,20,6,2,Grid Scanning,Local,6,0.17396939,3.47938789,100.00%,58.0012544000,0.2115518001,0.8420904000,8.2958637002,2.8985629001,45.6642733000,2.7123247999,0.0001728000,0.2434448001,58.0177818000,384,384,0
4275,200,660,40,20,6,2,Grid Scanning,Local,6,0.17570457,3.51409132,100.00%,64.5927784000,0.2289705000,0.9237134000,8.9168966000,3.1189771999,51.1939395000,3.0449678999,0.0001835001,0.2496409000,64.6102970000,396,396,0
4275,200,680,40,20,6,2,Grid Scanning,Local,6,0.18481413,3.69628266,100.00%,60.8236345000,0.2344777000,0.9156874000,8.5685278000,3.0201526000,47.7497508000,3.0673569001,0.0002091001,0.2528635000,60.8369676000,408,408,0
4275,200,700,40,20,6,2,Grid Scanning,Local,6,0.16577510,3.31550205,100.00%,61.1388724000,0.2592190000,1.0197961001,9.0732117000,3.1925487999,47.4225174001,3.0663105999,0.0001915000,0.2586094000,61.1527054000,420,420,0
4275,200,720,40,20,6,2,Grid Scanning,Local,6,0.17491141,3.49822817,100.00%,68.1740499000,0.2725714000,1.0921010001,9.6681450000,3.3854112000,53.5881916000,3.2346935000,0.0002076999,0.2787699000,68.1898527000,432,432,0
4275,200,740,40,20,6,2,Grid Scanning,Local,6,0.17837195,3.56743897,100.00%,63.4868249000,0.2730161000,1.0967904001,9.3896337004,3.3233279002,49.2105483000,3.2049559001,0.0001997999,0.2693799000,63.5020054000,444,444,0
4275,200,760,40,20,6,2,Grid Scanning,Local,6,0.17275752,3.45515035,100.00%,70.0326583000,0.3030305999,1.1752256999,9.8422746000,3.4835525000,55.0827245999,3.3929623999,0.0002190000,0.1942395999,70.0467630000,456,456,0
4275,200,780,40,20,6,2,Grid Scanning,Local,6,0.16516815,3.30336304,100.00%,73.8853169000,0.3259973001,1.2687562001,10.3943902998,3.6615212997,58.0841746999,3.5569198000,0.0002236999,0.2106864001,73.9019055000,468,468,0
4275,200,800,40,20,6,2,Grid Scanning,Local,6,0.17763183,3.55263652,100.00%,71.3336703000,0.3226854999,1.2735488999,10.3480402999,3.6444712000,55.6738421000,3.4663595001,0.0002169000,0.2055106998,71.3509368000,480,480,0
4275,200,820,40,20,6,2,Grid Scanning,Local,6,0.16090227,3.21804534,100.00%,74.9917094000,0.3441184000,1.3954112002,10.9246376001,3.8702506000,58.5392567999,3.5280739001,0.0002258000,0.2135144001,74.9999863000,492,492,0
4275,200,840,40,20,6,2,Grid Scanning,Local,6,0.16519355,3.30387090,100.00%,69.8785332000,0.3509143000,1.3764240002,10.6206628999,3.7610007996,53.8036449000,3.4633037000,0.0002281000,0.2162956998,69.8874375000,504,504,0
4275,200,860,40,20,6,2,Grid Scanning,Local,6,0.15339803,3.06796062,100.00%,74.7518799000,0.3856314000,1.5525448000,11.6604745001,4.0989256003,57.3291961001,3.5501404999,0.0002442999,0.2232190001,74.7685419000,516,516,0
4275,200,880,40,20,6,2,Grid Scanning,Local,6,0.16513723,3.30274455,100.00%,76.7461895000,0.3867037001,1.5622384001,11.5934553000,4.1258779000,59.3293146000,3.5990333000,0.0002458000,0.2232943999,76.7653870000,528,528,0
4275,200,900,40,20,6,2,Grid Scanning,Local,6,0.15919531,3.18390625,100.00%,83.8561224000,0.4149554000,1.6555125999,12.0302641001,4.2868829997,65.7218730999,3.7523735000,0.0002532001,0.2260860001,83.8669497000,540,540,0
4275,200,920,40,20,6,2,Grid Scanning,Local,6,0.15525522,3.10510434,100.00%,80.2429088000,0.4306079000,1.7265346000,12.1438447002,4.3370975998,61.9061541000,3.7499762000,0.0002547999,0.2292270000,80.2608672000,552,552,0
4275,200,940,40,20,6,2,Grid Scanning,Local,6,0.14894100,2.97882008,100.00%,73.6160512000,0.4065812999,1.6052897001,11.4369019000,4.1206303996,56.5803370000,3.3217836000,0.0002366999,0.2117149999,73.6397203000,564,564,0
4275,200,960,40,20,6,2,Grid Scanning,Local,6,0.14835532,2.96710646,100.00%,69.3723669000,0.4069203000,1.5996130000,11.4402858999,4.1685750003,52.4696072000,3.1886960999,0.0002387000,0.2125061002,69.3818188000,576,576,0
4275,200,980,40,20,6,2,Grid Scanning,Local,6,0.15824297,3.16485932,100.00%,56.2725245000,0.3494240001,1.3010368001,9.4862338999,3.5270451999,42.2556249000,2.6490042000,0.0002047002,0.1866757001,56.2825674000,588,588,0
4275,200,1000,40,20,6,2,Grid Scanning,Local,6,0.14277219,2.85544385,100.00%,59.7330990000,0.3798135000,1.4498984999,10.4016140003,3.8443722999,44.3964586999,2.8627777001,0.0002152000,0.1936825000,59.7449420000,600,600,0
4275,200,60,40,20,6,2,Grid Scanning,Local,6,0.51141933,10.22838669,41.67%,3.7178880000,0.0018081000,0.0039128000,0.1890490000,0.0651519000,2.7642996000,0.7128802000,0.0000197000,0.0394664000,3.7189844000,36,15,21
4275,200,80,40,20,6,2,Grid Scanning,Local,6,0.68573887,13.71477742,66.67%,6.5582169000,0.0034843000,0.0099478000,0.4111381000,0.1426725000,4.9497897000,1.1328624000,0.0000247000,0.0418294000,6.5611303000,48,32,16
4275,200,100,40,20,6,2,Grid Scanning,Local,6,0.52294330,10.45886602,80.00%,8.8703949000,0.0047413000,0.0176633000,0.6432404000,0.2207246000,6.7579306000,1.3918440000,0.0000282000,0.0441909999,8.8733481000,60,48,12
4275,200,120,40,20,6,2,Grid Scanning,Local,6,0.48180862,9.63617244,81.94%,9.9103300000,0.0064143000,0.0234167000,0.7302280000,0.2582834000,7.5079959000,1.5779756000,0.0000323000,0.0480055000,9.9119654000,72,59,13
4275,200,140,40,20,6,2,Grid Scanning,Local,6,0.45588599,9.11771980,72.62%,10.3741122000,0.0085924000,0.0269531000,0.8472069001,0.2977286000,8.1733619000,1.2503716000,0.0000380001,0.0550996000,10.3777305000,84,61,23
4275,200,160,40,20,6,2,Grid Scanning,Local,6,0.46350131,9.27002622,83.33%,15.7364656000,0.0111166000,0.0409990999,1.1692844000,0.4034019000,12.5305276000,1.9122580000,0.0000420000,0.0585455000,15.7387369000,96,80,16
4275,200,180,40,20,6,2,Grid Scanning,Local,6,0.43251775,8.65035494,81.48%,13.3867305000,0.0143845000,0.0482595000,1.1446286999,0.3993391001,10.4424518000,1.6522253000,0.0000473000,0.0653946999,13.3893276000,108,88,20
4275,200,200,40,20,6,2,Grid Scanning,Local,6,0.41823624,8.36472482,81.67%,15.3510266000,0.0165493000,0.0542888999,1.3153361999,0.4642490000,12.2547677001,1.6289648000,0.0000668000,0.0634425000,15.3560997000,120,98,22
4275,200,220,40,20,6,2,Grid Scanning,Local,6,0.37680196,7.53603924,93.94%,18.2725970000,0.0189911000,0.0713368000,1.6871450000,0.5936054000,14.7262298000,1.6739585000,0.0000490001,0.0772511000,18.2779046000,132,124,8
4275,200,240,40,20,6,2,Grid Scanning,Local,6,0.36538031,7.30760620,88.19%,18.8062373000,0.0224850000,0.0799904000,1.7808463999,0.6228017001,15.1859731000,1.6420908000,0.0000563000,0.0778808001,18.8095766000,144,127,17
4275,200,260,40,20,6,2,Grid Scanning,Local,6,0.34586296,6.91725910,91.67%,21.9674172000,0.0279576000,0.0988108998,2.1442177999,0.7479104000,17.9008664999,1.6958372000,0.0000608000,0.0848633999,21.9716797000,156,143,13
4275,200,280,40,20,6,2,Grid Scanning,Local,6,0.30921318,6.18426364,95.83%,24.7781828000,0.0319814999,0.1166238000,2.5180688999,0.8859786002,20.3468510000,1.6590771000,0.0000642999,0.0929764001,24.7821936000,168,161,7
4275,200,300,40,20,6,2,Grid Scanning,Local,6,0.31454009,6.29080186,98.89%,26.3253232000,0.0361218000,0.1422947000,2.8787079001,1.0046792000,21.4210451000,1.7305351000,0.0000658000,0.1013040000,26.3293722000,180,178,2
4275,200,320,40,20,6,2,Grid Scanning,Local,6,0.26342228,5.26844566,95.83%,25.9865314000,0.0405901000,0.1544998999,2.8687372999,1.0051465999,21.0878977999,1.7152441999,0.0000713000,0.1013868000,25.9915995000,192,184,8
4275,200,340,40,20,6,2,Grid Scanning,Local,6,0.27123716,5.42474313,95.59%,26.9888508000,0.0445657999,0.1758837001,3.1429792001,1.1007769999,21.7100259000,1.7883358000,0.0000803001,0.1099467000,26.9951147000,204,195,9
4275,200,360,40,20,6,2,Grid Scanning,Local,6,0.26946293,5.38925866,97.22%,28.3431788000,0.0467516001,0.1846404999,3.1740692001,1.1184408001,23.0714637001,1.7394596000,0.0000741000,0.1105119999,28.3519183000,216,210,6
4275,200,380,40,20,6,2,Grid Scanning,Local,6,0.24412603,4.88252065,98.25%,28.3798607000,0.0552243999,0.2050119001,3.4429318002,1.2270452999,22.7930741000,1.7537146000,0.0000783001,0.1144034999,28.3854036000,228,224,4
4275,200,400,40,20,6,2,Grid Scanning,Local,6,0.26586790,5.31735792,96.67%,32.9390367000,0.0637493000,0.2361340999,3.7657928000,1.3305703999,26.7120958000,2.0142069000,0.0000920000,0.1284256000,32.9444668000,240,232,8
4275,200,420,40,20,6,2,Grid Scanning,Local,6,0.22918193,4.58363853,100.00%,32.6359123000,0.0679518000,0.2645510000,4.0555803999,1.4443850998,26.2659094000,1.8241738000,0.0000880000,0.1372402001,32.6413961000,252,252,0
4275,200,440,40,20,6,2,Grid Scanning,Local,6,0.24422264,4.88445275,100.00%,37.2579796000,0.0770316999,0.2918936000,4.3679803999,1.5498540000,30.3322865000,2.0299393000,0.0000960000,0.1411582999,37.2640767000,264,264,0
4275,200,460,40,20,6,2,Grid Scanning,Local,6,0.24087090,4.81741795,99.64%,34.6077957000,0.0783616000,0.2967826001,4.2833336001,1.5343918001,27.9252322999,1.8639008000,0.0000957000,0.1408564000,34.6140337000,276,275,1
4275,200,480,40,20,6,2,Grid Scanning,Local,6,0.22377978,4.47559550,100.00%,33.0810952000,0.0804806001,0.2980646001,4.1900934000,1.5117012999,26.6030606000,1.7517358001,0.0000916001,0.1420341000,33.0867399000,288,288,0
4275,200,500,40,20,6,2,Grid Scanning,Local,6,0.23333463,4.66669262,100.00%,35.8696556000,0.0907732000,0.3263672001,4.4301894997,1.5947993002,28.8599529000,1.9926850000,0.0000971999,0.1499494999,35.8767595000,300,300,0
4275,200,520,40,20,6,2,Grid Scanning,Local,6,0.22060181,4.41203615,99.68%,36.3762641000,0.0976742000,0.3589923001,4.7888351001,1.7307933998,29.0389676000,1.9158314000,0.0001013999,0.1578136000,36.3876626000,312,311,1
4275,200,540,40,20,6,2,Grid Scanning,Local,6,0.21347900,4.26957994,100.00%,34.6281855000,0.0997155999,0.3729156999,4.8922432000,1.7746892000,27.3604026001,1.7291816000,0.0000987001,0.1554856999,34.6338481000,324,324,0
4275,200,560,40,20,6,2,Grid Scanning,Local,6,0.22118821,4.42376424,99.70%,36.1635962000,0.1099353000,0.3929965000,4.8257446999,1.7461523000,28.6531015000,2.0033524000,0.0001175001,0.1578576000,36.1699454000,336,335,1
4275,200,580,40,20,6,2,Grid Scanning,Local,6,0.19685836,3.93716712,100.00%,36.1112937000,0.1162362000,0.4285292002,5.1407275000,1.8707954000,28.4497124000,1.7891762000,0.0001098000,0.1666672999,36.1183542000,348,348,0
4275,200,600,40,20,6,2,Grid Scanning,Local,6,0.19300061,3.86001215,100.00%,38.3382162000,0.1304267000,0.4772510001,5.5704259004,2.0233549002,30.1148077999,1.8475613000,0.0001209000,0.1764241000,38.3459941000,360,360,0
4275,200,620,40,20,6,2,Grid Scanning,Local,6,0.19257844,3.85156878,100.00%,40.3581551000,0.1347807000,0.4963800999,5.6936373001,2.0711502999,31.8947065000,1.9325688000,0.0001178001,0.1825384000,40.3651843000,372,372,0
4275,200,640,40,20,6,2,Grid Scanning,Local,6,0.17396939,3.47938789,100.00%,35.6044711000,0.1408841001,0.5061145999,5.6233943001,2.0594563000,27.4538292000,1.6778862999,0.0001130000,0.1796318998,35.6152292000,384,384,0
4275,200,660,40,20,6,2,Grid Scanning,Local,6,0.17570457,3.51409132,100.00%,37.8898935000,0.1483057001,0.5468904000,5.9009362003,2.1747188000,29.2550680000,1.8335471000,0.0001214000,0.1805362002,37.8981164000,396,396,0
4275,200,680,40,20,6,2,Grid Scanning,Local,6,0.18481413,3.69628266,100.00%,40.9633385000,0.1613279000,0.6052961000,6.4082917000,2.3481062999,31.4963729000,2.0709333000,0.0001328000,0.1952990000,40.9707670000,408,408,0
4275,200,700,40,20,6,2,Grid Scanning,Local,6,0.16577510,3.31550205,100.00%,40.4742001000,0.1754491001,0.6384354001,6.5426664999,2.3996629000,30.9145321000,1.9732872000,0.0001321999,0.2019025001,40.4831477000,420,420,0
4275,200,720,40,20,6,2,Grid Scanning,Local,6,0.17491141,3.49822817,100.00%,41.9483353000,0.1821298999,0.6616616000,6.6268505000,2.4436754000,32.2406707000,2.0010921999,0.0001363000,0.2083461002,41.9559244000,432,432,0
4275,200,740,40,20,6,2,Grid Scanning,Local,6,0.17837195,3.56743897,100.00%,40.3207066000,0.1925642999,0.6807769000,6.5321270997,2.4357457999,30.5907902000,2.0831282000,0.0001391999,0.2106579001,40.3286154000,444,444,0
4275,200,760,40,20,6,2,Grid Scanning,Local,6,0.17275752,3.45515035,100.00%,44.0153484000,0.2051994001,0.7312022000,6.8089133001,2.5021621997,33.9734347000,2.1171328000,0.0001503001,0.1500717001,44.0270352000,456,456,0
4275,200,780,40,20,6,2,Grid Scanning,Local,6,0.16516815,3.30336304,100.00%,46.6160344000,0.2184216000,0.7957754998,7.2898381997,2.6881383001,35.8692620000,2.2546602000,0.0001475001,0.1578561001,46.6519442000,468,468,0
4275,200,800,40,20,6,2,Grid Scanning,Local,6,0.17763183,3.55263652,100.00%,47.3120723000,0.2349506000,0.8218595999,7.4532296003,2.7495390001,36.3086282001,2.2980056000,0.0001679999,0.1645404001,47.3201590000,480,480,0
4275,200,820,40,20,6,2,Grid Scanning,Local,6,0.16090227,3.21804534,100.00%,45.0183052000,0.2319698999,0.8229056001,7.3312129996,2.7496127000,34.2824296999,2.1562905000,0.0001503000,0.1625219002,45.0274271000,492,492,0
4275,200,840,40,20,6,2,Grid Scanning,Local,6,0.16519355,3.30387090,100.00%,44.0800756000,0.2465558999,0.8790946999,7.4697783001,2.7659833001,33.0989549999,2.1878059998,0.0001653000,0.1651032000,44.0895548000,504,504,0
4275,200,860,40,20,6,2,Grid Scanning,Local,6,0.15339803,3.06796062,100.00%,46.9443833000,0.2661154000,0.9591601001,8.0579545000,2.9640578999,35.2385976001,2.2164278001,0.0001726001,0.1712285002,46.9581104000,516,516,0
4275,200,880,40,20,6,2,Grid Scanning,Local,6,0.16513723,3.30274455,100.00%,49.3546704000,0.2752171000,1.0101591001,8.2337985001,3.0673142998,37.2706343000,2.3547392999,0.0001701001,0.1736939002,49.3630704000,528,528,0
4275,200,900,40,20,6,2,Grid Scanning,Local,6,0.15919531,3.18390625,100.00%,49.8631135000,0.2859833000,1.0016582999,8.0366601002,3.0000894997,38.0744923000,2.2574756000,0.0001713001,0.1698800001,49.8729361000,540,540,0
4275,200,920,40,20,6,2,Grid Scanning,Local,6,0.15525522,3.10510434,100.00%,52.2511355000,0.3045959000,1.0926116000,8.5988967999,3.1954696998,39.5811203000,2.4578691001,0.0001901998,0.1758668999,52.2611390000,552,552,0
4275,200,940,40,20,6,2,Grid Scanning,Local,6,0.14894100,2.97882008,100.00%,53.3918524000,0.3202513000,1.1524941001,8.9784401001,3.3485869001,40.2988439000,2.4178072002,0.0001839001,0.1833982000,53.4016069000,564,564,0
4275,200,960,40,20,6,2,Grid Scanning,Local,6,0.14835532,2.96710646,100.00%,50.1540194000,0.3149508000,1.1335623000,8.6479000998,3.2442211000,37.5516020000,2.2934619001,0.0001833002,0.1727736999,50.1659050000,576,576,0
4275,200,980,40,20,6,2,Grid Scanning,Local,6,0.15824297,3.16485932,100.00%,54.5185456000,0.3393426000,1.2302844000,9.2759004998,3.4500136999,40.8602858001,2.5917648001,0.0002002000,0.1785207999,54.5274212000,588,588,0
4275,200,1000,40,20,6,2,Grid Scanning,Local,6,0.14277219,2.85544385,100.00%,54.3733097000,0.3589804000,1.2868716001,9.4708379999,3.5298284997,40.4407336000,2.5917025999,0.0002014000,0.1806519000,54.3835552000,600,600,0
4275,200,60,40,20,6,2,Grid Scanning,Local,8,0.51141933,10.22838669,41.67%,3.2733317000,0.0015588000,0.0031262000,0.1875549000,0.0595499000,2.4033971000,0.6411497000,0.0000155000,0.0308678000,3.2752093000,36,15,21
4275,200,80,40,20,6,2,Grid Scanning,Local,8,0.68090516,13.61810318,66.67%,5.5354451000,0.0028257000,0.0085225000,0.4094857000,0.1287237000,4.1208760000,0.9504496000,0.0000212000,0.0344275000,5.5367400000,48,32,16
4275,200,100,40,20,6,2,Grid Scanning,Local,8,0.52249880,10.44997590,80.00%,7.5449417000,0.0040711000,0.0141758000,0.6367120000,0.1929960000,5.6625508000,1.1785879000,0.0000235000,0.0375833000,7.5462821000,60,48,12
4275,200,120,40,20,6,2,Grid Scanning,Local,8,0.47597785,9.51955692,81.94%,8.3605552000,0.0055357000,0.0208898000,0.7208939000,0.2232279000,6.2527248000,1.3017957000,0.0000282000,0.0429171000,8.3622188000,72,59,13
4275,200,140,40,20,6,2,Grid Scanning,Local,8,0.45530832,9.10616646,72.62%,8.4668144000,0.0076698000,0.0215413000,0.8208559000,0.2582696000,6.5148644000,1.0412498000,0.0000362000,0.0474345000,8.4704936000,84,61,23
4275,200,160,40,20,6,2,Grid Scanning,Local,8,0.45236131,9.04722619,83.33%,12.4725255000,0.0096550000,0.0317926000,1.1158254000,0.3447244000,9.7347742000,1.5174861000,0.0000384000,0.0500966000,12.4744817000,96,80,16
4275,200,180,40,20,6,2,Grid Scanning,Local,8,0.40972791,8.19455821,81.48%,10.8825819000,0.0124208000,0.0405954000,1.1757335002,0.3670381000,8.2305316000,1.3464049000,0.0000418000,0.0577564999,10.8865037000,108,88,20
4275,200,200,40,20,6,2,Grid Scanning,Local,8,0.40328728,8.06574563,81.67%,13.0487087000,0.0162033000,0.0503242999,1.4438589999,0.4550125000,10.0242051000,1.4271556001,0.0000485000,0.0686306000,13.0536220000,120,98,22
4275,200,220,40,20,6,2,Grid Scanning,Local,8,0.36347865,7.26957303,93.94%,16.1756301000,0.0188469000,0.0687115001,1.9387503000,0.6088626999,12.4646932000,1.5959515000,0.0000478001,0.0710736000,16.1795635000,132,124,8
4275,200,240,40,20,6,2,Grid Scanning,Local,8,0.36056173,7.21123453,88.19%,17.1177527000,0.0227589000,0.0788891001,2.0589199000,0.6430191999,13.3087830000,1.5527517001,0.0000578000,0.0776028000,17.1225266000,144,127,17
4275,200,260,40,20,6,2,Grid Scanning,Local,8,0.32433488,6.48669754,91.67%,18.5073051000,0.0260177000,0.0877278001,2.3195656000,0.7312999001,14.4903279001,1.4876746000,0.0000564999,0.0797797001,18.5113228000,156,143,13
4275,200,280,40,20,6,2,Grid Scanning,Local,8,0.29922564,5.98451276,95.83%,19.7420660000,0.0289260000,0.1095365000,2.7413553000,0.8520351999,15.2670502999,1.4945793000,0.0000649000,0.0873547000,19.7458890000,168,161,7
4275,200,300,40,20,6,2,Grid Scanning,Local,8,0.30305559,6.06111173,98.89%,20.5771844000,0.0335435000,0.1229118000,2.9398625000,0.9210384001,15.8690874000,1.5051202000,0.0000577000,0.0924416000,20.5809135000,180,178,2
4275,200,320,40,20,6,2,Grid Scanning,Local,8,0.24801325,4.96026502,95.83%,19.1474491000,0.0384451000,0.1314352001,2.8736920000,0.9125588999,14.5704687000,1.4164426000,0.0000661000,0.0984090002,19.1540462000,192,184,8
4275,200,340,40,20,6,2,Grid Scanning,Local,8,0.26351278,5.27025568,95.59%,19.8369810000,0.0412975999,0.1490504999,3.1002518999,0.9887169999,14.9686216000,1.4641169000,0.0000675999,0.0972660001,19.8409454000,204,195,9
4275,200,360,40,20,6,2,Grid Scanning,Local,8,0.25781155,5.15623102,97.22%,22.2764028000,0.0460379001,0.1627388000,3.3811646000,1.0787964000,17.0239304000,1.5426013001,0.0000687001,0.1039733000,22.2826580000,216,210,6
4275,200,380,40,20,6,2,Grid Scanning,Local,8,0.22800203,4.56004056,98.25%,24.0990429000,0.0548881000,0.1956146000,3.8452254003,1.2193103999,18.3082106999,1.5631475000,0.0000761000,0.1155088000,24.1068332000,228,224,4
4275,200,400,40,20,6,2,Grid Scanning,Local,8,0.24316474,4.86329481,96.67%,25.4901420000,0.0583818001,0.2097513001,3.9818359000,1.2775147000,19.4971776000,1.6078051000,0.0000787001,0.1178537000,25.4957135000,240,232,8
4275,200,420,40,20,6,2,Grid Scanning,Local,8,0.21703021,4.34060425,100.00%,25.4335312000,0.0667353001,0.2470969000,4.3701477998,1.3815237002,18.9980707000,1.6051970000,0.0000873000,0.1270296000,25.4411001000,252,252,0
4275,200,440,40,20,6,2,Grid Scanning,Local,8,0.23054940,4.61098794,100.00%,26.9576780000,0.0682194001,0.2543567001,4.4244728002,1.4026369001,20.4115572000,1.6566101000,0.0000921000,0.1259279000,26.9634462000,264,264,0
4275,200,460,40,20,6,2,Grid Scanning,Local,8,0.22162040,4.43240808,99.64%,26.4232636000,0.0773752999,0.2711749000,4.5229263998,1.4589141001,19.8400492000,1.5609910000,0.0000876999,0.1320274000,26.4284061000,276,275,1
4275,200,480,40,20,6,2,Grid Scanning,Local,8,0.20353344,4.07066871,100.00%,26.8067901000,0.0821725999,0.2880163001,4.7664000999,1.5489125002,19.9311503000,1.5858617999,0.0000978001,0.1373725001,26.8128255000,288,288,0
4275,200,500,40,20,6,2,Grid Scanning,Local,8,0.20641591,4.12831813,100.00%,29.7931770000,0.0935186000,0.3315112001,5.1513537000,1.6454708000,22.2713477001,1.7803126000,0.0001015000,0.1441069999,29.7998689000,300,300,0
4275,200,520,40,20,6,2,Grid Scanning,Local,8,0.19727300,3.94546002,99.68%,30.3093542000,0.1012908000,0.3624253999,5.4935125999,1.7674054999,22.4580235999,1.7212915999,0.0001091000,0.1536172999,30.3539425000,312,311,1
4275,200,540,40,20,6,2,Grid Scanning,Local,8,0.19307740,3.86154794,100.00%,28.9266648000,0.1138763000,0.3833488001,5.6814030001,1.8215267001,20.9122460000,1.6590069999,0.0001067000,0.1584848000,28.9370531000,324,324,0
4275,200,560,40,20,6,2,Grid Scanning,Local,8,0.19835881,3.96717618,99.70%,30.6809291000,0.1147467999,0.4043849999,5.7150768999,1.8486661999,22.4216030000,1.8489015000,0.0001088000,0.1549671000,30.6874409000,336,335,1
4275,200,580,40,20,6,2,Grid Scanning,Local,8,0.18147605,3.62952101,100.00%,28.9002109000,0.1194257999,0.4181532001,5.7999419999,1.8836600000,20.7424835001,1.6359389000,0.0001065000,0.1638635000,28.9082420000,348,348,0
4275,200,600,40,20,6,2,Grid Scanning,Local,8,0.17450488,3.49009758,100.00%,29.7299779000,0.1311086001,0.4578064001,6.1663580000,2.0164882001,21.1741267999,1.6137604000,0.0001253999,0.1658293001,29.7370554000,360,360,0
4275,200,620,40,20,6,2,Grid Scanning,Local,8,0.17418520,3.48370391,100.00%,33.3705433000,0.1419935000,0.5073980999,6.6097638000,2.1447751001,24.1243071000,1.7886600999,0.0001348001,0.1753217999,33.3808574000,372,372,0
4275,200,640,40,20,6,2,Grid Scanning,Local,8,0.16471435,3.29428708,100.00%,31.6376485000,0.1488031000,0.5443486000,6.9102314998,2.2508013000,22.0714127999,1.7531851999,0.0001228000,0.1861929000,31.6452964000,384,384,0
4275,200,660,40,20,6,2,Grid Scanning,Local,8,0.16187839,3.23756773,100.00%,32.7383630000,0.1597321000,0.5638379000,6.9873554000,2.2632948000,22.9879772000,1.8247820001,0.0001261000,0.1905167001,32.7461387000,396,396,0
4275,200,680,40,20,6,2,Grid Scanning,Local,8,0.17121632,3.42432638,100.00%,31.7235195000,0.1605875000,0.5789961999,7.0532080000,2.3151728998,21.8348942998,1.8722305000,0.0001286000,0.1993052001,31.7337814000,408,408,0
4275,200,700,40,20,6,2,Grid Scanning,Local,8,0.15236959,3.04739170,100.00%,30.6407211000,0.1706662000,0.6066562999,7.0472018000,2.3077234996,20.8350094000,1.7589154000,0.0001394000,0.1949577000,30.6470207000,420,420,0
4275,200,720,40,20,6,2,Grid Scanning,Local,8,0.16076331,3.21526614,100.00%,33.6112535000,0.1821174000,0.6633986999,7.5075149000,2.4640359998,23.1722220000,1.8526198000,0.0001360000,0.2057929001,33.6190805000,432,432,0
4275,200,740,40,20,6,2,Grid Scanning,Local,8,0.16233458,3.24669154,100.00%,34.9212790000,0.1973396999,0.7306585999,8.0296229999,2.6300340999,23.6376567000,2.0764857998,0.0001455000,0.2182248999,34.9289604000,444,444,0
4275,200,760,40,20,6,2,Grid Scanning,Local,8,0.15356587,3.07131745,100.00%,36.2947466000,0.2089106000,0.7573408001,8.1248202002,2.6531675999,24.9976224000,2.0241956000,0.0001514000,0.1512186000,36.3020403000,456,456,0
4275,200,780,40,20,6,2,Grid Scanning,Local,8,0.14928649,2.98572979,100.00%,36.1884339000,0.2171757000,0.7801313000,8.1808225998,2.6774439000,24.7261715000,2.0994082000,0.0001515000,0.1535299000,36.1992853000,468,468,0
4275,200,800,40,20,6,2,Grid Scanning,Local,8,0.15348918,3.06978352,100.00%,35.8460530000,0.2180337000,0.7977895000,8.0946254997,2.6595746001,24.5482827999,1.9978163999,0.0001525000,0.1578527000,35.8534280000,480,480,0
4275,200,820,40,20,6,2,Grid Scanning,Local,8,0.14563284,2.91265685,100.00%,35.5586043000,0.2264871000,0.8374282001,8.4143749000,2.7793576999,23.8758036001,2.0115945999,0.0001537999,0.1608098000,35.5658747000,492,492,0
4275,200,840,40,20,6,2,Grid Scanning,Local,8,0.15076026,3.01520517,100.00%,37.7059098000,0.2589754000,0.9304374001,9.0718492001,2.9968132002,25.0381164000,2.1996428000,0.0001623000,0.1734541999,37.7164266000,504,504,0
4275,200,860,40,20,6,2,Grid Scanning,Local,8,0.14528515,2.90570291,100.00%,37.0616724000,0.2656973000,0.9501090000,9.2206500002,3.0329840003,24.2909551001,2.1302434000,0.0001639001,0.1709617002,37.0715752000,516,516,0
4275,200,880,40,20,6,2,Grid Scanning,Local,8,0.13659603,2.73192061,100.00%,37.8887150000,0.2716321999,0.9863130001,9.2155403998,3.0355100002,25.0888311999,2.1170618001,0.0001720000,0.1732949000,37.8972611000,528,528,0
4275,200,900,40,20,6,2,Grid Scanning,Local,8,0.14149717,2.82994342,100.00%,38.8623884000,0.2781289998,0.9825050999,9.0733874001,3.0331583000,26.2217719000,2.1005246000,0.0001842000,0.1698108001,38.8707832000,540,540,0
4275,200,920,40,20,6,2,Grid Scanning,Local,8,0.14097016,2.81940312,100.00%,39.4555900000,0.2962724001,1.0853819000,9.7798306999,3.2552278998,25.8307249000,2.2490286000,0.0001952000,0.1748247999,39.4670521000,552,552,0
4275,200,940,40,20,6,2,Grid Scanning,Local,8,0.13831232,2.76624648,100.00%,42.6252030000,0.3194493000,1.1841155000,10.3370214997,3.4069826000,28.1774124000,2.3824050000,0.0001894000,0.1823064999,42.6348147000,564,564,0
4275,200,960,40,20,6,2,Grid Scanning,Local,8,0.13271404,2.65428072,100.00%,41.2565741000,0.3249815000,1.2078083001,10.4558121000,3.4815714999,26.7107015001,2.3340953001,0.0001835001,0.1810793001,41.2668885000,576,576,0
4275,200,980,40,20,6,2,Grid Scanning,Local,8,0.13328790,2.66575803,100.00%,41.7201976000,0.3366513999,1.2254063000,10.4477252999,3.4659199998,27.1220631000,2.3656914000,0.0001944001,0.1793189997,41.7304740000,588,588,0
4275,200,1000,40,20,6,2,Grid Scanning,Local,8,0.12611722,2.52234437,100.00%,39.3699410000,0.3424059000,1.2359405998,10.2325430001,3.4268891000,25.0915051000,2.2546012000,0.0001895000,0.1725468000,39.4100534000,600,600,0
4275,200,60,40,20,6,2,Grid Scanning,Local,8,0.51141933,10.22838669,41.67%,3.1356759000,0.0016524000,0.0031248000,0.1766627000,0.0580048000,2.2907180000,0.6254738000,0.0000174000,0.0321064000,3.1367929000,36,15,21
4275,200,80,40,20,6,2,Grid Scanning,Local,8,0.68090516,13.61810318,66.67%,5.3483191000,0.0031304000,0.0080360999,0.3862861000,0.1254540000,3.9722655000,0.9319716000,0.0000227000,0.0375312000,5.3498506000,48,32,16
4275,200,100,40,20,6,2,Grid Scanning,Local,8,0.52249880,10.44997590,80.00%,7.7047634000,0.0042741000,0.0139549000,0.6488661001,0.2007050999,5.7658565000,1.2225594000,0.0000246999,0.0380553000,7.7072796000,60,48,12
4275,200,120,40,20,6,2,Grid Scanning,Local,8,0.47597785,9.51955692,81.94%,8.7307926000,0.0058128000,0.0212729000,0.7676872000,0.2342642000,6.4795717000,1.3960750000,0.0000287000,0.0433475000,8.7324122000,72,59,13
4275,200,140,40,20,6,2,Grid Scanning,Local,8,0.45530832,9.10616646,72.62%,8.9686050000,0.0078941000,0.0241541000,0.8724003000,0.2701184000,6.8423491000,1.1580700000,0.0000364000,0.0511094000,8.9706745000,84,61,23
4275,200,160,40,20,6,2,Grid Scanning,Local,8,0.45236131,9.04722619,83.33%,13.2096472000,0.0099388000,0.0338090000,1.2056544000,0.3762855001,10.2944324001,1.5974696000,0.0000365000,0.0548335000,13.2123196000,96,80,16
4275,200,180,40,20,6,2,Grid Scanning,Local,8,0.40972791,8.19455821,81.48%,11.3483213000,0.0131625000,0.0437928000,1.2459572000,0.3858453000,8.5712317000,1.3923218001,0.0000454000,0.0622513000,11.3521067000,108,88,20
4275,200,200,40,20,6,2,Grid Scanning,Local,8,0.40328728,8.06574563,81.67%,13.3639097000,0.0172575000,0.0514673001,1.4671448000,0.4685322000,10.2786352000,1.4618462000,0.0000502000,0.0691176000,13.3669522000,120,98,22
4275,200,220,40,20,6,2,Grid Scanning,Local,8,0.36347865,7.26957303,93.94%,16.0904730000,0.0187372000,0.0670416999,1.9176245000,0.5975087000,12.4145649000,1.5824925000,0.0000494000,0.0718914000,16.0934661000,132,124,8
4275,200,240,40,20,6,2,Grid Scanning,Local,8,0.36056173,7.21123453,88.19%,16.5555377000,0.0233039000,0.0759800000,1.9273235000,0.6107706001,12.9024372999,1.5319135000,0.0000559000,0.0761248000,16.5586861000,144,127,17
4275,200,260,40,20,6,2,Grid Scanning,Local,8,0.32433488,6.48669754,91.67%,18.2873555000,0.0259526000,0.0869699000,2.3035010999,0.7102801000,14.2882242999,1.4857395999,0.0000563000,0.0816641001,18.2907759000,156,143,13
4275,200,280,40,20,6,2,Grid Scanning,Local,8,0.29922564,5.98451276,95.83%,19.0810068000,0.0301913000,0.1026215001,2.6064973001,0.8158672000,14.7944456000,1.4462395000,0.0000573000,0.0883477000,19.0852918000,168,161,7
4275,200,300,40,20,6,2,Grid Scanning,Local,8,0.30305559,6.06111173,98.89%,19.3946786000,0.0324628000,0.1169350000,2.7863540000,0.8726802000,14.9298678000,1.4273211000,0.0000593000,0.0883343000,19.3992599000,180,178,2
4275,200,320,40,20,6,2,Grid Scanning,Local,8,0.24801325,4.96026502,95.83%,18.9502186000,0.0380203001,0.1313017000,2.8840268999,0.9327602000,14.4120565000,1.3687047001,0.0000637999,0.0972871000,18.9556384000,192,184,8
4275,200,340,40,20,6,2,Grid Scanning,Local,8,0.26351278,5.27025568,95.59%,21.1520656000,0.0421989000,0.1496103001,3.2504644001,1.0164760000,16.0825680000,1.5102011000,0.0000705000,0.1002655001,21.1563953000,204,195,9
4275,200,360,40,20,6,2,Grid Scanning,Local,8,0.25781155,5.15623102,97.22%,23.6760828000,0.0476421000,0.1740337000,3.5652584000,1.1400816998,18.1604850000,1.6057372000,0.0000714001,0.1062867000,23.6808421000,216,210,6
4275,200,380,40,20,6,2,Grid Scanning,Local,8,0.22800203,4.56004056,98.25%,24.2222435000,0.0553345000,0.1941701001,3.9052770000,1.2778203002,18.4049958000,1.5324739000,0.0000788999,0.1138212999,24.2280754000,228,224,4
4275,200,400,40,20,6,2,Grid Scanning,Local,8,0.24316474,4.86329481,96.67%,26.0246444000,0.0603761999,0.2167236999,4.0880894998,1.2992041001,19.8564008999,1.6633789000,0.0000830000,0.1217590000,26.0298583000,240,232,8
4275,200,420,40,20,6,2,Grid Scanning,Local,8,0.21703021,4.34060425,100.00%,24.2591635000,0.0615418000,0.2331503000,4.1057531000,1.3152733002,18.2166054001,1.5014551001,0.0000787000,0.1213923000,24.2651220000,252,252,0
4275,200,440,40,20,6,2,Grid Scanning,Local,8,0.23054940,4.61098794,100.00%,26.1209094000,0.0712192999,0.2488151999,4.3123776000,1.3851567000,19.7291788000,1.6153292000,0.0000963000,0.1272289000,26.1257173000,264,264,0
4275,200,460,40,20,6,2,Grid Scanning,Local,8,0.22162040,4.43240808,99.64%,25.9894800000,0.0754607000,0.2676920000,4.4632422999,1.4533357002,19.4833996000,1.5467159999,0.0000872000,0.1347817001,25.9940564000,276,275,1
4275,200,480,40,20,6,2,Grid Scanning,Local,8,0.20353344,4.07066871,100.00%,27.9504380000,0.0854081000,0.2979523000,4.9137977000,1.5853544000,20.8750793001,1.6221853000,0.0000966000,0.1394785999,27.9570468000,288,288,0
4275,200,500,40,20,6,2,Grid Scanning,Local,8,0.20641591,4.12831813,100.00%,30.5027487000,0.0911646999,0.3327788000,5.2077520000,1.6732365000,22.9278539000,1.7729525000,0.0001003001,0.1492214000,30.5103177000,300,300,0
4275,200,520,40,20,6,2,Grid Scanning,Local,8,0.19727300,3.94546002,99.68%,30.1727043000,0.1016250001,0.3594129001,5.5025328998,1.7570019999,22.3361727000,1.6948902999,0.0001025001,0.1589960000,30.1792013000,312,311,1
4275,200,540,40,20,6,2,Grid Scanning,Local,8,0.19307740,3.86154794,100.00%,29.1864619000,0.1087943001,0.3889619998,5.7495440000,1.8418083999,21.0724691000,1.6885311999,0.0001099999,0.1586815000,29.1932405000,324,324,0
4275,200,560,40,20,6,2,Grid Scanning,Local,8,0.19835881,3.96717618,99.70%,30.5702678000,0.1158616000,0.4040560000,5.7011509002,1.8317819003,22.3561688000,1.8128732000,0.0001069000,0.1583681000,30.5771417000,336,335,1
4275,200,580,40,20,6,2,Grid Scanning,Local,8,0.18147605,3.62952101,100.00%,29.1785310000,0.1179492000,0.4172113998,5.8197497001,1.8924543999,20.9944356001,1.6486520000,0.0001147999,0.1594094000,29.1856945000,348,348,0
4275,200,600,40,20,6,2,Grid Scanning,Local,8,0.17450488,3.49009758,100.00%,30.4350258000,0.1302061000,0.4699747000,6.2710402001,2.0353572001,21.7239804000,1.6470080000,0.0001174000,0.1717264000,30.4418603000,360,360,0
4275,200,620,40,20,6,2,Grid Scanning,Local,8,0.17418520,3.48370391,100.00%,36.9888807000,0.1568254000,0.5756347999,7.3753034001,2.4145471001,26.6551229000,1.9934036000,0.0001411000,0.2053082000,36.9995182000,372,372,0
4275,200,640,40,20,6,2,Grid Scanning,Local,8,0.16471435,3.29428708,100.00%,30.5730375000,0.1452089999,0.5216987999,6.6561833999,2.1709462002,21.3524988000,1.6860301000,0.0001269001,0.1874958000,30.5823881000,384,384,0
4275,200,660,40,20,6,2,Grid Scanning,Local,8,0.16187839,3.23756773,100.00%,32.1304807000,0.1563669000,0.5635397999,6.9186857002,2.2672016998,22.5073156999,1.7684799001,0.0001301000,0.1908742000,32.1384564000,396,396,0
4275,200,680,40,20,6,2,Grid Scanning,Local,8,0.17121632,3.42432638,100.00%,31.0952264000,0.1611058000,0.5770062999,6.9530140002,2.2763140997,21.3604189000,1.8297406000,0.0001309002,0.1879012998,31.1034076000,408,408,0
4275,200,700,40,20,6,2,Grid Scanning,Local,8,0.15236959,3.04739170,100.00%,32.5184546000,0.1739440001,0.6480469000,7.4354657000,2.4287918000,22.1902934999,1.8419109001,0.0001375000,0.1994469002,32.5264467000,420,420,0
4275,200,720,40,20,6,2,Grid Scanning,Local,8,0.16076331,3.21526614,100.00%,34.9137204000,0.1894726000,0.6843278999,7.8016053001,2.5495050001,24.0729954000,1.9311350000,0.0001384000,0.2059606999,34.9232463000,432,432,0
4275,200,740,40,20,6,2,Grid Scanning,Local,8,0.16233458,3.24669154,100.00%,34.4991803000,0.1974034000,0.7160776000,7.8968652002,2.5906515003,23.3858761001,2.0567855000,0.0001537001,0.2139277999,34.5072867000,444,444,0
4275,200,760,40,20,6,2,Grid Scanning,Local,8,0.15356587,3.07131745,100.00%,34.0387277000,0.2055840001,0.7206802000,7.6556744003,2.5093438999,23.3707205000,1.9098573000,0.0001387000,0.1450941998,34.0472930000,456,456,0
4275,200,780,40,20,6,2,Grid Scanning,Local,8,0.14928649,2.98572979,100.00%,34.8638800000,0.2085779999,0.7475516001,7.8801306001,2.5841678003,23.8325878999,2.0106162999,0.0001454001,0.1535162001,34.8709890000,468,468,0
4275,200,800,40,20,6,2,Grid Scanning,Local,8,0.15348918,3.06978352,100.00%,37.8581645000,0.2306712000,0.8378211999,8.5436148000,2.7917379999,25.9647554001,2.0817141000,0.0001536998,0.1670891999,37.9063454000,480,480,0
4275,200,820,40,20,6,2,Grid Scanning,Local,8,0.14563284,2.91265685,100.00%,37.5167041000,0.2510717000,0.8885363998,8.9494594999,2.9565081001,25.0588845002,2.1686195001,0.0001653999,0.1656257000,37.5254891000,492,492,0
4275,200,840,40,20,6,2,Grid Scanning,Local,8,0.15076026,3.01520517,100.00%,37.0881181000,0.2607324000,0.9304045000,9.0616072000,2.9827623000,24.4615422999,2.1655116001,0.0001682000,0.1726663001,37.1015093000,504,504,0
4275,200,860,40,20,6,2,Grid Scanning,Local,8,0.14528515,2.90570291,100.00%,35.8337979000,0.2690392999,0.9276763998,8.9124154002,2.9279835000,23.4718692001,2.0461705001,0.0001625999,0.1696814000,35.8425552000,516,516,0
4275,200,880,40,20,6,2,Grid Scanning,Local,8,0.13659603,2.73192061,100.00%,36.1287011000,0.2725790001,0.9502179999,8.8243824002,2.9333131998,23.8575001999,2.0167235001,0.0001682001,0.1701805000,36.1374738000,528,528,0
4275,200,900,40,20,6,2,Grid Scanning,Local,8,0.14149717,2.82994342,100.00%,41.8431444000,0.2917081001,1.0702506998,9.7182341000,3.2079351998,28.2940044001,2.2548013000,0.0001773999,0.1750696001,41.8531249000,540,540,0
4275,200,920,40,20,6,2,Grid Scanning,Local,8,0.14097016,2.81940312,100.00%,40.9683150000,0.3028798001,1.1153005000,10.0706232999,3.3225273998,26.9504737001,2.3118181999,0.0001766998,0.1765175002,40.9777215000,552,552,0
4275,200,940,40,20,6,2,Grid Scanning,Local,8,0.13831232,2.76624648,100.00%,40.5708546000,0.3122985999,1.1242428003,9.9169873005,3.2757696999,26.7690099000,2.2307309001,0.0001825999,0.1757631000,40.5822970000,564,564,0
4275,200,960,40,20,6,2,Grid Scanning,Local,8,0.13271404,2.65428072,100.00%,39.5364906000,0.3295820999,1.1502204002,10.0306592001,3.3540912998,25.6322409000,2.1799921000,0.0001791000,0.1745795000,39.5457821000,576,576,0
4275,200,980,40,20,6,2,Grid Scanning,Local,8,0.13328790,2.66575803,100.00%,42.8834370000,0.3497192000,1.2561159000,10.7447406998,3.5625364001,27.8844968997,2.4182031000,0.0001980000,0.1863606999,42.8964756000,588,588,0
4275,200,1000,40,20,6,2,Grid Scanning,Local,8,0.12611722,2.52234437,100.00%,41.7339485000,0.3582506000,1.2934199001,10.7629499998,3.5927455002,26.7161620999,2.3776860000,0.0001974000,0.1831876001,41.7438340000,600,600,0
4275,200,60,40,20,6,2,Grid Scanning,Local,8,0.51141933,10.22838669,41.67%,3.3290875000,0.0014953000,0.0032935000,0.1930822000,0.0577676000,2.4649012000,0.6294347000,0.0000174000,0.0309490000,3.3302564000,36,15,21
4275,200,80,40,20,6,2,Grid Scanning,Local,8,0.68090516,13.61810318,66.67%,5.5198757000,0.0030843000,0.0084663000,0.4110056000,0.1299273999,4.0938185000,0.9590068000,0.0000231000,0.0342180000,5.5215490000,48,32,16
4275,200,100,40,20,6,2,Grid Scanning,Local,8,0.52249880,10.44997590,80.00%,7.6149766000,0.0043141000,0.0147158000,0.6409584000,0.1969075000,5.6744036000,1.2212994000,0.0000268000,0.0471353999,7.6176113000,60,48,12
4275,200,120,40,20,6,2,Grid Scanning,Local,8,0.47597785,9.51955692,81.94%,8.4779629000,0.0057382000,0.0206674000,0.7374495001,0.2339403000,6.3268339000,1.3255672001,0.0000271000,0.0461239001,8.4810902000,72,59,13
4275,200,140,40,20,6,2,Grid Scanning,Local,8,0.45530832,9.10616646,72.62%,8.3403412000,0.0075035001,0.0236831000,0.8460301000,0.2604723999,6.3687224000,1.0350431000,0.0000336000,0.0461950000,8.3427761000,84,61,23
4275,200,160,40,20,6,2,Grid Scanning,Local,8,0.45236131,9.04722619,83.33%,12.1290405000,0.0099911000,0.0332209000,1.1501977999,0.3697668000,9.3765642000,1.4890893000,0.0000490000,0.0558387001,12.1331894000,96,80,16
4275,200,180,40,20,6,2,Grid Scanning,Local,8,0.40972791,8.19455821,81.48%,10.5493663000,0.0123127000,0.0399592999,1.1440729000,0.3639367001,7.9814619000,1.2942503000,0.0000407000,0.0578421000,10.5514963000,108,88,20
4275,200,200,40,20,6,2,Grid Scanning,Local,8,0.40328728,8.06574563,81.67%,12.4080163000,0.0159019000,0.0484358999,1.3617511001,0.4374505000,9.5314270000,1.3672715000,0.0000535999,0.0647541000,12.4106644000,120,98,22
4275,200,220,40,20,6,2,Grid Scanning,Local,8,0.36347865,7.26957303,93.94%,16.1846461000,0.0196023999,0.0687339000,1.9045220001,0.5977807001,12.5333927000,1.5689168000,0.0000499000,0.0711500999,16.1873215000,132,124,8
4275,200,240,40,20,6,2,Grid Scanning,Local,8,0.36056173,7.21123453,88.19%,16.8686050000,0.0232378000,0.0745896000,1.9706586001,0.6138977001,13.1610427001,1.5431181001,0.0000546000,0.0783434000,16.8738807000,144,127,17
4275,200,260,40,20,6,2,Grid Scanning,Local,8,0.32433488,6.48669754,91.67%,18.6030292000,0.0264222001,0.0888058000,2.3129613001,0.7314136998,14.5795846000,1.4967142000,0.0000562000,0.0828994001,18.6073241000,156,143,13
4275,200,280,40,20,6,2,Grid Scanning,Local,8,0.29922564,5.98451276,95.83%,19.6308703000,0.0306896999,0.1046848999,2.7134754999,0.8424793999,15.2158541000,1.4682394000,0.0000606000,0.0855698999,19.6346435000,168,161,7
4275,200,300,40,20,6,2,Grid Scanning,Local,8,0.30305559,6.06111173,98.89%,21.0856311000,0.0356391000,0.1244176000,2.9589385000,0.9254215000,16.2991799000,1.5611091000,0.0000614000,0.0920142000,21.0897933000,180,178,2
4275,200,320,40,20,6,2,Grid Scanning,Local,8,0.24801325,4.96026502,95.83%,20.2581724000,0.0397764001,0.1351643000,2.9779287999,0.9368447001,15.4944227000,1.4933386000,0.0000681000,0.0991202999,20.2634945000,192,184,8
4275,200,340,40,20,6,2,Grid Scanning,Local,8,0.26351278,5.27025568,95.59%,20.6250545000,0.0428011999,0.1483712999,3.1583322001,0.9930789001,15.6718237000,1.4836646000,0.0000666000,0.1037748000,20.6295655000,204,195,9
4275,200,360,40,20,6,2,Grid Scanning,Local,8,0.25781155,5.15623102,97.22%,22.3472695000,0.0476235001,0.1682170000,3.4223560001,1.0955860000,17.0695189000,1.5129104000,0.0000691000,0.1096640000,22.3517782000,216,210,6
4275,200,380,40,20,6,2,Grid Scanning,Local,8,0.22800203,4.56004056,98.25%,22.9201943000,0.0544068000,0.1851527000,3.6379571000,1.1674407001,17.4259235999,1.4896892000,0.0000796000,0.1115309000,22.9270585000,228,224,4
4275,200,400,40,20,6,2,Grid Scanning,Local,8,0.24316474,4.86329481,96.67%,25.2758938000,0.0593040000,0.2078704001,3.9374202000,1.2565415002,19.3114568001,1.6280286999,0.0000814001,0.1137689000,25.2814073000,240,232,8
4275,200,420,40,20,6,2,Grid Scanning,Local,8,0.21703021,4.34060425,100.00%,25.4352654000,0.0678929001,0.2472198000,4.3147705999,1.3764405999,19.0169422000,1.6369287001,0.0000854999,0.1311739000,25.4412718000,252,252,0
4275,200,440,40,20,6,2,Grid Scanning,Local,8,0.23054940,4.61098794,100.00%,27.9323708000,0.0705496000,0.2602489000,4.6243443000,1.4823849999,21.1155826000,1.7134576001,0.0000911999,0.1312153000,27.9368963000,264,264,0
4275,200,460,40,20,6,2,Grid Scanning,Local,8,0.22162040,4.43240808,99.64%,27.9847590000,0.0808922000,0.2850543000,4.7569536999,1.5264337001,21.0665547000,1.6396469000,0.0000911001,0.1357535000,27.9941473000,276,275,1
4275,200,480,40,20,6,2,Grid Scanning,Local,8,0.20353344,4.07066871,100.00%,26.9257470000,0.0867562999,0.2958718000,4.7811692999,1.5478958000,20.0429714000,1.5638808000,0.0000955000,0.1383019000,26.9323124000,288,288,0
4275,200,500,40,20,6,2,Grid Scanning,Local,8,0.20641591,4.12831813,100.00%,29.5974514000,0.0937573999,0.3308736001,5.1287899998,1.6478442999,22.1252149000,1.7529424001,0.0001002000,0.1446917000,29.6040687000,300,300,0
4275,200,520,40,20,6,2,Grid Scanning,Local,8,0.19727300,3.94546002,99.68%,30.3658201000,0.0987809000,0.3603372000,5.4874382999,1.7793283002,22.5242658999,1.7239068999,0.0001136001,0.1511408000,30.3726145000,312,311,1
4275,200,540,40,20,6,2,Grid Scanning,Local,8,0.19307740,3.86154794,100.00%,29.0013723000,0.1079472000,0.3906196000,5.7728935000,1.8524291001,20.9031792000,1.6529576000,0.0001034000,0.1543857001,29.0102111000,324,324,0
4275,200,560,40,20,6,2,Grid Scanning,Local,8,0.19835881,3.96717618,99.70%,31.0096711000,0.1166981000,0.4024587000,5.7227859001,1.8365344000,22.7286830000,1.8529744000,0.0001091000,0.1638414000,31.0541665000,336,335,1
4275,200,580,40,20,6,2,Grid Scanning,Local,8,0.18147605,3.62952101,100.00%,28.9550079000,0.1243118001,0.4195517000,5.7641086001,1.8633899002,20.8156086001,1.6476848001,0.0001089001,0.1627289999,28.9633223000,348,348,0
4275,200,600,40,20,6,2,Grid Scanning,Local,8,0.17450488,3.49009758,100.00%,30.4506676000,0.1334815999,0.4633771999,6.2575926000,2.0255955000,21.7408898999,1.6620251001,0.0001245000,0.1709880999,30.4603261000,360,360,0
4275,200,620,40,20,6,2,Grid Scanning,Local,8,0.17418520,3.48370391,100.00%,33.5779900000,0.1463925999,0.5152498998,6.7252216000,2.2022294000,24.1602340000,1.8221027001,0.0001251999,0.1839333001,33.5861171000,372,372,0
4275,200,640,40,20,6,2,Grid Scanning,Local,8,0.16471435,3.29428708,100.00%,31.4661441000,0.1576274000,0.5483677000,6.9442275999,2.2542751002,21.8720323000,1.7323397999,0.0001281999,0.1861005001,31.4785025000,384,384,0
4275,200,660,40,20,6,2,Grid Scanning,Local,8,0.16187839,3.23756773,100.00%,32.5162607000,0.1606058999,0.5698584998,7.0234499000,2.3043341997,22.7373124001,1.8106791000,0.0001303000,0.1880157000,32.5276168000,396,396,0
4275,200,680,40,20,6,2,Grid Scanning,Local,8,0.17121632,3.42432638,100.00%,31.3710955000,0.1671262001,0.5838272002,6.9667178999,2.2826239999,21.5873502001,1.8509308000,0.0001291000,0.1889468998,31.3791733000,408,408,0
4275,200,700,40,20,6,2,Grid Scanning,Local,8,0.15236959,3.04739170,100.00%,31.6627581000,0.1793399001,0.6251674999,7.2775440999,2.3854548998,21.5620000000,1.7921023001,0.0001520999,0.1976087003,31.6694134000,420,420,0
4275,200,720,40,20,6,2,Grid Scanning,Local,8,0.16076331,3.21526614,100.00%,35.2821171000,0.1964172000,0.7000809000,7.8986592998,2.5854395002,24.3207055999,1.9225286000,0.0001424999,0.2124529000,35.2898286000,432,432,0
4275,200,740,40,20,6,2,Grid Scanning,Local,8,0.16233458,3.24669154,100.00%,35.2272030000,0.2018725001,0.7312189000,8.1120291002,2.6564098001,23.8675669000,2.0660360001,0.0001444000,0.2161928999,35.2377994000,444,444,0
4275,200,760,40,20,6,2,Grid Scanning,Local,8,0.15356587,3.07131745,100.00%,34.8967621000,0.2060391000,0.7340574001,7.9145320999,2.5897533000,23.9022733000,1.9570274999,0.0001528000,0.1507316000,34.9044119000,456,456,0
4275,200,780,40,20,6,2,Grid Scanning,Local,8,0.14928649,2.98572979,100.00%,34.3190832000,0.2158295001,0.7506455998,7.8233060999,2.5749128998,23.3657971000,1.9835154000,0.0001528999,0.1482607001,34.3267182000,468,468,0
4275,200,800,40,20,6,2,Grid Scanning,Local,8,0.15348918,3.06978352,100.00%,37.9647291000,0.2355007001,0.8299832999,8.6147839001,2.8135456999,25.9730655001,2.1136116000,0.0001539000,0.1651223999,37.9753923000,480,480,0
4275,200,820,40,20,6,2,Grid Scanning,Local,8,0.14563284,2.91265685,100.00%,37.2354663000,0.2503996001,0.8946816999,8.9158095000,2.9243587000,24.8235780001,2.1454736999,0.0001680000,0.1699713999,37.2444841000,492,492,0
4275,200,840,40,20,6,2,Grid Scanning,Local,8,0.15076026,3.01520517,100.00%,36.9459732000,0.2545176000,0.9044820999,8.9954439001,2.9479837000,24.4054752000,2.1791684000,0.0001685000,0.1714150000,36.9546443000,504,504,0
4275,200,860,40,20,6,2,Grid Scanning,Local,8,0.14528515,2.90570291,100.00%,35.0560877000,0.2614933000,0.9169932001,8.8069381999,2.9153424999,22.8192344001,2.0487323001,0.0001678000,0.1689666000,35.0640391000,516,516,0
4275,200,880,40,20,6,2,Grid Scanning,Local,8,0.13659603,2.73192061,100.00%,38.7961051000,0.2799049999,1.0077462002,9.5290249001,3.1433848000,25.6193156000,2.1478776001,0.0001730999,0.1736461001,38.8076265000,528,528,0
4275,200,900,40,20,6,2,Grid Scanning,Local,8,0.14149717,2.82994342,100.00%,41.9236185000,0.2927192001,1.0673762998,9.7789101001,3.2184218004,28.3190097001,2.2486224001,0.0001722000,0.1777101999,41.9334968000,540,540,0
4275,200,920,40,20,6,2,Grid Scanning,Local,8,0.14097016,2.81940312,100.00%,38.4548826000,0.2933819999,1.0418011998,9.4922683998,3.1390685000,25.2536578001,2.1650458999,0.0001751998,0.1689967998,38.4642425000,552,552,0
4275,200,940,40,20,6,2,Grid Scanning,Local,8,0.13831232,2.76624648,100.00%,39.2494317000,0.3100323000,1.0958842001,9.7003733001,3.2435977998,25.7398498000,2.1902665999,0.0001825998,0.1712492000,39.2599071000,564,564,0
4275,200,960,40,20,6,2,Grid Scanning,Local,8,0.13271404,2.65428072,100.00%,41.3776970000,0.3292429999,1.1963295001,10.4905692998,3.4793842998,26.8403284000,2.3015757001,0.0001879000,0.1775390000,41.3912802000,576,576,0
4275,200,980,40,20,6,2,Grid Scanning,Local,8,0.13328790,2.66575803,100.00%,42.3483727000,0.3420685999,1.2508968002,10.6905004000,3.5440653999,27.4348470000,2.4041777000,0.0001887000,0.1815403999,42.3642200000,588,588,0
4275,200,1000,40,20,6,2,Grid Scanning,Local,8,0.12611722,2.52234437,100.00%,40.5742119000,0.3547135001,1.2593122000,10.4695391001,3.4688692000,25.9279721001,2.3431165000,0.0001910999,0.1748861998,40.5841453000,600,600,0
4275,200,60,40,20,6,2,Grid Scanning,Local,10,0.51141933,10.22838669,41.67%,3.1983548000,0.0014802000,0.0033525000,0.1992847000,0.0544299000,2.3290766000,0.6301500000,0.0000159000,0.0294694000,3.1994819000,36,15,21
4275,200,80,40,20,6,2,Grid Scanning,Local,10,0.68084937,13.61698734,66.67%,5.3831805000,0.0026954000,0.0083906000,0.4441381000,0.1296006000,3.9427151000,0.9440325000,0.0000212000,0.0323982000,5.3843746000,48,32,16
4275,200,100,40,20,6,2,Grid Scanning,Local,10,0.52053527,10.41070543,80.00%,7.5214170000,0.0041122000,0.0146155000,0.7125605000,0.1972095000,5.5666155000,1.1710718000,0.0000245000,0.0409730000,7.5233595000,60,48,12
4275,200,120,40,20,6,2,Grid Scanning,Local,10,0.47368989,9.47379777,81.94%,8.1549769000,0.0057601000,0.0206152000,0.8177787000,0.2319279000,5.9627286000,1.2872121000,0.0000254000,0.0448769000,8.1569683000,72,59,13
4275,200,140,40,20,6,2,Grid Scanning,Local,10,0.45691700,9.13834003,72.62%,8.3162821000,0.0076358000,0.0223671000,0.9227296000,0.2613631001,6.2611724000,1.0421318000,0.0000344001,0.0465913000,8.3180216000,84,61,23
4275,200,160,40,20,6,2,Grid Scanning,Local,10,0.44918046,8.98360919,83.33%,12.3624950000,0.0100372000,0.0340785000,1.2901052999,0.3567542000,9.4294635000,1.5243512000,0.0000359001,0.0604221000,12.3647797000,96,80,16
4275,200,180,40,20,6,2,Grid Scanning,Local,10,0.40809807,8.16196139,81.48%,11.3197446000,0.0129524000,0.0429532001,1.3788170000,0.3945782000,8.4416377000,1.3641163000,0.0000423000,0.0597118000,11.3224036000,108,88,20
4275,200,200,40,20,6,2,Grid Scanning,Local,10,0.40069327,8.01386533,81.67%,12.8122229000,0.0164178001,0.0514706000,1.6654498000,0.4619957001,9.5665578000,1.4270787000,0.0000467000,0.0670119000,12.8148772000,120,98,22
4275,200,220,40,20,6,2,Grid Scanning,Local,10,0.35930436,7.18608711,93.94%,15.9049325000,0.0202950000,0.0689186000,2.1501628001,0.6014140001,12.0404160000,1.5315743000,0.0000576000,0.0753575001,15.9082542000,132,124,8
4275,200,240,40,20,6,2,Grid Scanning,Local,10,0.35475184,7.09503689,88.19%,15.8196622000,0.0232199000,0.0745097001,2.1899143000,0.6182624001,11.9169857000,1.5186147000,0.0000553000,0.0777294000,15.8239228000,144,127,17
4275,200,260,40,20,6,2,Grid Scanning,Local,10,0.31827973,6.36559450,91.67%,18.2743695000,0.0271733000,0.0881365000,2.6837738999,0.7487365001,13.8873175001,1.4921874000,0.0000574000,0.0811563001,18.2816616000,156,143,13
4275,200,280,40,20,6,2,Grid Scanning,Local,10,0.29905579,5.98111570,95.83%,19.3218374000,0.0320747999,0.1091277000,3.0650713000,0.8609966001,14.5332681000,1.4772175999,0.0000644000,0.0917312999,19.3256767000,168,161,7
4275,200,300,40,20,6,2,Grid Scanning,Local,10,0.29873224,5.97464488,98.89%,19.8569542000,0.0373356000,0.1250447000,3.3861216001,0.9536463999,14.6666421000,1.5325134001,0.0000619000,0.0945408000,19.8609952000,180,178,2
4275,200,320,40,20,6,2,Grid Scanning,Local,10,0.24724327,4.94486545,95.83%,19.0923384000,0.0392686000,0.1366790998,3.4091864999,0.9746441002,13.9083473000,1.4777385000,0.0000659999,0.1016546999,19.0974287000,192,184,8
4275,200,340,40,20,6,2,Grid Scanning,Local,10,0.25640093,5.12801868,95.59%,19.6630283000,0.0443947001,0.1459164000,3.5895878000,1.0120721999,14.2525265000,1.5133374000,0.0000691001,0.1004168001,19.6673186000,204,195,9
4275,200,360,40,20,6,2,Grid Scanning,Local,10,0.25449544,5.08990887,97.22%,20.8329858000,0.0476308000,0.1680718000,3.7667062999,1.0854131000,15.2549292000,1.4767489000,0.0000702999,0.1022898999,20.8377284000,216,210,6
4275,200,380,40,20,6,2,Grid Scanning,Local,10,0.22486355,4.49727097,98.25%,21.5176071000,0.0546753000,0.1842033000,4.1269586000,1.1840295000,15.6149501000,1.4106661000,0.0000747001,0.1098011999,21.5225541000,228,224,4
4275,200,400,40,20,6,2,Grid Scanning,Local,10,0.23806118,4.76122362,96.67%,24.0161579000,0.0617082000,0.2126569001,4.5461917999,1.2974678001,17.4610050000,1.5961614000,0.0000849000,0.1203277999,24.0216581000,240,232,8
4275,200,420,40,20,6,2,Grid Scanning,Local,10,0.21491558,4.29831161,100.00%,26.5019149000,0.0762315000,0.2651464000,5.3328173998,1.5396085001,18.2709600000,1.7137719000,0.0000946000,0.8207344000,26.5080887000,252,252,0
4275,200,440,40,20,6,2,Grid Scanning,Local,10,0.22684060,4.53681200,100.00%,28.0442507000,0.0811492000,0.2963901001,5.8193607000,1.6973398001,19.8577766999,1.8273661000,0.0000998000,0.1425701000,28.0516553000,264,264,0
4275,200,460,40,20,6,2,Grid Scanning,Local,10,0.21459032,4.29180633,99.64%,26.1367850000,0.0847066001,0.2942017001,5.5821435001,1.6308231000,18.3389960001,1.6716286000,0.0000941000,0.1445759999,26.1433295000,276,275,1
4275,200,480,40,20,6,2,Grid Scanning,Local,10,0.19878782,3.97575639,100.00%,24.7311441000,0.0810886000,0.2907367000,5.4219296998,1.5929341000,17.2478181001,1.5354594000,0.0000936000,0.1376639000,24.7387126000,288,288,0
4275,200,500,40,20,6,2,Grid Scanning,Local,10,0.20221448,4.04428954,100.00%,25.9874619000,0.0919933000,0.3202321000,5.6194307999,1.6278047000,18.1135500000,1.6777586000,0.0000964999,0.1427518001,25.9927276000,300,300,0
4275,200,520,40,20,6,2,Grid Scanning,Local,10,0.19104151,3.82083023,99.68%,27.2385483000,0.1025744000,0.3657220000,6.2258304000,1.8018345002,18.7026865001,1.6637776999,0.0001059000,0.1572677000,27.2480208000,312,311,1
4275,200,540,40,20,6,2,Grid Scanning,Local,10,0.18886534,3.77730682,100.00%,26.9583051000,0.1110705000,0.3953180001,6.5682707001,1.9051196998,18.0323752001,1.6720877000,0.0001056999,0.1594874001,26.9702930000,324,324,0
4275,200,560,40,20,6,2,Grid Scanning,Local,10,0.18779199,3.75583983,99.70%,28.5875893000,0.1168882000,0.4162866000,6.6299711000,1.9357101999,19.4463041999,1.7957702000,0.0001244000,0.1598456001,28.5954080000,336,335,1
4275,200,580,40,20,6,2,Grid Scanning,Local,10,0.17740280,3.54805608,100.00%,27.4242517000,0.1250983000,0.4417177000,6.9165999999,2.0252879001,18.0566844000,1.6939264000,0.0001157001,0.1698414000,27.4328171000,348,348,0
4275,200,600,40,20,6,2,Grid Scanning,Local,10,0.16998093,3.39961853,100.00%,27.2146452000,0.1323734000,0.4595403000,6.9473391001,2.0346074000,17.9080627001,1.5752113000,0.0001104000,0.1710175001,27.2250794000,360,360,0
4275,200,620,40,20,6,2,Grid Scanning,Local,10,0.16735850,3.34717002,100.00%,27.6909774000,0.1376317001,0.4780784001,7.0120252000,2.0548448999,18.2230049999,1.6450456999,0.0001186999,0.1717691000,27.7095366000,372,372,0
4275,200,640,40,20,6,2,Grid Scanning,Local,10,0.15780756,3.15615112,100.00%,28.7330784000,0.1527144999,0.5465501999,7.7915165997,2.2769030001,18.3186733001,1.7162314000,0.0001285000,0.1825249001,28.7442973000,384,384,0
4275,200,660,40,20,6,2,Grid Scanning,Local,10,0.15740669,3.14813377,100.00%,30.1719400000,0.1595899000,0.5748898998,7.9582118002,2.3570706998,19.4748414001,1.7910623001,0.0001362999,0.1876141000,30.1830103000,396,396,0
4275,200,680,40,20,6,2,Grid Scanning,Local,10,0.16827027,3.36540530,100.00%,30.3188105000,0.1703348001,0.6139484999,8.3097556999,2.4228656000,19.0714666000,1.9355808001,0.0001360000,0.1936990000,30.3316774000,408,408,0
4275,200,700,40,20,6,2,Grid Scanning,Local,10,0.14655851,2.93117017,100.00%,29.4600554000,0.1755653000,0.6345527999,8.2647333998,2.4587344002,18.3848762000,1.7744319000,0.0001345000,0.1978346000,29.4709391000,420,420,0
4275,200,720,40,20,6,2,Grid Scanning,Local,10,0.15551132,3.11022642,100.00%,29.5892797000,0.1786760000,0.6425079000,8.2536702000,2.4607784001,18.5328691000,1.7570143001,0.0001418000,0.1967144999,29.5964674000,432,432,0
4275,200,740,40,20,6,2,Grid Scanning,Local,10,0.15942011,3.18840213,100.00%,31.5293747000,0.1982333001,0.7318758001,8.9432183002,2.6420124001,19.3905173000,2.0248501999,0.0001505001,0.2070861999,31.5392562000,444,444,0
4275,200,760,40,20,6,2,Grid Scanning,Local,10,0.14666087,2.93321741,100.00%,33.2868564000,0.2150763001,0.7751019999,9.3465571998,2.7702291998,20.7175339999,2.0480063000,0.0001524999,0.1524279999,33.2944644000,456,456,0
4275,200,780,40,20,6,2,Grid Scanning,Local,10,0.14612758,2.92255167,100.00%,34.8223628000,0.2324260999,0.8518253000,10.0049014998,2.9584957000,21.3927669000,2.1392680001,0.0001648998,0.1673562998,34.8302640000,468,468,0
4275,200,800,40,20,6,2,Grid Scanning,Local,10,0.15076875,3.01537508,100.00%,33.6458266000,0.2313613000,0.8170354000,9.5103236999,2.8078145997,20.8360648000,2.0531340000,0.0001614000,0.1658748999,33.6539138000,480,480,0
4275,200,820,40,20,6,2,Grid Scanning,Local,10,0.14128624,2.82572481,100.00%,31.7936481000,0.2375289999,0.8360714999,9.4271815001,2.8073314002,19.1205296999,1.9768669999,0.0001637000,0.1639291000,31.8039537000,492,492,0
4275,200,840,40,20,6,2,Grid Scanning,Local,10,0.14429090,2.88581794,100.00%,33.2055929000,0.2575945000,0.9221799999,10.1242549999,3.0337050002,19.5648109001,2.1281039000,0.0001682000,0.1718373999,33.2433431000,504,504,0
4275,200,860,40,20,6,2,Grid Scanning,Local,10,0.14049103,2.80982067,100.00%,33.9359240000,0.2888114001,0.9974774999,10.6237303000,3.1517194999,19.7010436999,2.1118816000,0.0001775999,0.1764355000,33.9472410000,516,516,0
4275,200,880,40,20,6,2,Grid Scanning,Local,10,0.13080200,2.61603991,100.00%,33.9961475000,0.2831056999,1.0016347999,10.5600411002,3.1610083999,19.8274233000,2.1045194999,0.0001776000,0.1806030000,34.0075766000,528,528,0
4275,200,900,40,20,6,2,Grid Scanning,Local,10,0.13653664,2.73073271,100.00%,35.2005138000,0.2926021000,1.0220126001,10.4992953001,3.1675358001,21.0949673001,2.0828410001,0.0001822999,0.1697424000,35.2119352000,540,540,0
4275,200,920,40,20,6,2,Grid Scanning,Local,10,0.13498456,2.69969125,100.00%,36.2906697000,0.3156010999,1.1124395001,11.1343480004,3.3217632997,21.2854335000,2.2239173000,0.0001860999,0.1779659000,36.2995713000,552,552,0
4275,200,940,40,20,6,2,Grid Scanning,Local,10,0.13448282,2.68965645,100.00%,42.5195952000,0.3922538001,1.3324820000,13.1091760001,4.0122612999,24.8639129999,2.5403362001,0.0002306000,0.2272505000,42.5309545000,564,564,0
4275,200,960,40,20,6,2,Grid Scanning,Local,10,0.12616337,2.52326745,100.00%,55.0892198000,0.4673528001,1.8426184000,16.2226306002,4.6339616000,32.8075339000,3.4615560000,0.0002623000,0.2323091999,55.1139054000,576,576,0
4275,200,980,40,20,6,2,Grid Scanning,Local,10,0.12894219,2.57884371,100.00%,54.8394828000,0.4892858000,1.9003727999,16.3326772998,4.6608898999,32.2746874001,3.5634855001,0.0002697001,0.2191657000,54.8561611000,588,588,0
4275,200,1000,40,20,6,2,Grid Scanning,Local,10,0.12101937,2.42038746,100.00%,59.5379231000,0.5165070001,2.1147854999,17.8193367001,5.0679072001,35.0207970001,3.7653644000,0.0002824000,0.2396635002,59.5521215000,600,600,0
4275,200,60,40,20,6,2,Grid Scanning,Local,10,0.51141933,10.22838669,41.67%,5.3422155000,0.0020535000,0.0053594000,0.3072538000,0.0785188000,4.0138718000,0.9626603000,0.0000211000,0.0445756000,5.3438131000,36,15,21
4275,200,80,40,20,6,2,Grid Scanning,Local,10,0.68084937,13.61698734,66.67%,9.2358685000,0.0039448000,0.0137099000,0.6673162000,0.1715685000,6.8217830000,1.6702455000,0.0000288000,0.0470194000,9.2384883000,48,32,16
4275,200,100,40,20,6,2,Grid Scanning,Local,10,0.52053527,10.41070543,80.00%,12.7031103000,0.0062514000,0.0216040000,1.0411703999,0.2659820001,9.5869253000,1.9831267000,0.0000339000,0.0526882000,12.7054862000,60,48,12
4275,200,120,40,20,6,2,Grid Scanning,Local,10,0.47368989,9.47379777,81.94%,13.9061367000,0.0085185000,0.0315274000,1.1927899000,0.3154333000,10.3315069000,2.2648588000,0.0000400000,0.0571752000,13.9079713000,72,59,13
4275,200,140,40,20,6,2,Grid Scanning,Local,10,0.45691700,9.13834003,72.62%,14.2745169000,0.0114609000,0.0353184000,1.3769619000,0.3553030000,11.0077599000,1.7603794000,0.0000476000,0.0669104000,14.2773343000,84,61,23
4275,200,160,40,20,6,2,Grid Scanning,Local,10,0.44918046,8.98360919,83.33%,19.9919961000,0.0147938000,0.0493563000,1.8262387000,0.4742709000,15.6195705000,2.3911514000,0.0000504000,0.0736357000,19.9961069000,96,80,16
4275,200,180,40,20,6,2,Grid Scanning,Local,10,0.40809807,8.16196139,81.48%,16.8426665000,0.0177326000,0.0603997000,1.8527011000,0.4863697000,12.7935414000,2.0107615000,0.0000578001,0.0771921000,16.8469554000,108,88,20
4275,200,200,40,20,6,2,Grid Scanning,Local,10,0.40069327,8.01386533,81.67%,19.6132453000,0.0225839000,0.0760027000,2.2017936000,0.5741885000,15.0245467000,2.1771229000,0.0000639999,0.0858222000,19.6189170000,120,98,22
4275,200,220,40,20,6,2,Grid Scanning,Local,10,0.35930436,7.18608711,93.94%,24.9988390000,0.0258320001,0.0995285000,2.9296446001,0.7661348001,19.4108919000,2.4190577000,0.0000649000,0.0907911000,25.0018744000,132,124,8
4275,200,240,40,20,6,2,Grid Scanning,Local,10,0.35475184,7.09503689,88.19%,24.7409769000,0.0313245000,0.1128464001,3.1382263000,0.8337526001,19.0690775000,2.2694829000,0.0000727001,0.0978605000,24.7485213000,144,127,17
4275,200,260,40,20,6,2,Grid Scanning,Local,10,0.31827973,6.36559450,91.67%,27.6199124000,0.0359037000,0.1318974000,3.6110119999,0.9555934001,21.4052012000,2.3154859999,0.0000771999,0.1002035000,27.6244562000,156,143,13
4275,200,280,40,20,6,2,Grid Scanning,Local,10,0.29905579,5.98111570,95.83%,27.7151226000,0.0419057000,0.1528579000,3.9739992000,1.0505213001,21.2243145000,2.1963232000,0.0000803001,0.1107867999,27.7194467000,168,161,7
4275,200,300,40,20,6,2,Grid Scanning,Local,10,0.29873224,5.97464488,98.89%,29.8703493000,0.0475569000,0.1834528000,4.5169232999,1.1996077000,22.7552383000,2.2315017000,0.0000859000,0.1168465000,29.8773791000,180,178,2
4275,200,320,40,20,6,2,Grid Scanning,Local,10,0.24724327,4.94486545,95.83%,30.3957505000,0.0560282000,0.2090744000,4.8431555000,1.2760624000,22.7957664000,2.3429777000,0.0000933000,0.1270483000,30.4043017000,192,184,8
4275,200,340,40,20,6,2,Grid Scanning,Local,10,0.25640093,5.12801868,95.59%,31.8894452000,0.0611379001,0.2336468000,5.2518307002,1.3757944000,23.8099530000,2.3711942999,0.0001022001,0.1396901999,31.8961434000,204,195,9
4275,200,360,40,20,6,2,Grid Scanning,Local,10,0.25449544,5.08990887,97.22%,39.9319396000,0.0831301999,0.3127902000,6.4675376998,1.7044335000,29.9367091001,2.8766005000,0.0001369000,0.1688130999,39.9424440000,216,210,6
4275,200,380,40,20,6,2,Grid Scanning,Local,10,0.22486355,4.49727097,98.25%,34.0877787000,0.0717398000,0.2862267000,5.9485326002,1.5815700999,25.3954917000,2.2230880000,0.0001052999,0.1439427001,34.0948024000,228,224,4
4275,200,400,40,20,6,2,Grid Scanning,Local,10,0.23806118,4.76122362,96.67%,34.4594702000,0.0831186000,0.3028464999,5.8934551001,1.5680136999,25.6719592000,2.3384926000,0.0001118001,0.1479707000,34.4700563000,240,232,8
4275,200,420,40,20,6,2,Grid Scanning,Local,10,0.21491558,4.29831161,100.00%,36.2012257000,0.0915735000,0.3577479000,6.7571648001,1.7971318999,26.4415873000,2.3663688000,0.0001173000,0.1613741000,36.2074089000,252,252,0
4275,200,440,40,20,6,2,Grid Scanning,Local,10,0.22684060,4.53681200,100.00%,40.3866533000,0.1014560000,0.4008011000,7.2590941999,1.9403785001,29.7874107000,2.6425786000,0.0001247001,0.1723912000,40.3966571000,264,264,0
4275,200,460,40,20,6,2,Grid Scanning,Local,10,0.21459032,4.29180633,99.64%,40.0224263000,0.1135548000,0.4467524001,7.7165866000,2.0794190999,28.9890776000,2.5541579999,0.0001377001,0.1782554000,40.0338364000,276,275,1
4275,200,480,40,20,6,2,Grid Scanning,Local,10,0.19878782,3.97575639,100.00%,40.8132621000,0.1228660999,0.4763183000,8.0877003001,2.1776051001,29.3733026000,2.5489521000,0.0001361000,0.1818928999,40.8217334000,288,288,0
4275,200,500,40,20,6,2,Grid Scanning,Local,10,0.20221448,4.04428954,100.00%,39.8385042000,0.1286885000,0.4925442000,7.9192703001,2.1320838001,28.5319012000,2.5540522000,0.0001384999,0.1854144000,39.8510213000,300,300,0
4275,200,520,40,20,6,2,Grid Scanning,Local,10,0.19104151,3.82083023,99.68%,40.5406599000,0.1408801001,0.5380882000,8.4050796000,2.2810040001,28.7937527000,2.4414641000,0.0001449001,0.1959959001,40.5556407000,312,311,1
4275,200,540,40,20,6,2,Grid Scanning,Local,10,0.18886534,3.77730682,100.00%,41.9885500000,0.1577512000,0.6130080000,9.3285307000,2.5478620002,29.0508148000,2.5983238000,0.0001648999,0.2129424001,42.0046000000,324,324,0
4275,200,560,40,20,6,2,Grid Scanning,Local,10,0.18779199,3.75583983,99.70%,45.3194261000,0.1710090999,0.6524319001,9.5405074998,2.6065564003,31.8131633000,2.8897595000,0.0001645001,0.2219640999,45.3340232000,336,335,1
4275,200,580,40,20,6,2,Grid Scanning,Local,10,0.17740280,3.54805608,100.00%,43.3372331000,0.1821111999,0.7311442002,9.8701490000,2.6915467001,29.6761812000,2.6248610999,0.0001618001,0.2239243000,43.3531031000,348,348,0
4275,200,600,40,20,6,2,Grid Scanning,Local,10,0.16998093,3.39961853,100.00%,40.7053167000,0.1910287000,0.6950615001,9.5173815002,2.6027548997,27.6408696002,2.4146199001,0.0001629001,0.2175420999,40.7168967000,360,360,0
4275,200,620,40,20,6,2,Grid Scanning,Local,10,0.16735850,3.34717002,100.00%,44.4550178000,0.2006653000,0.7708213000,10.3301791998,2.8415882001,30.2475961999,2.6459072000,0.0001701000,0.2282325000,44.4637589000,372,372,0
4275,200,640,40,20,6,2,Grid Scanning,Local,10,0.15780756,3.15615112,100.00%,44.2192916000,0.2235169001,0.8466626000,11.0822968000,3.0466252998,29.1074339000,2.6847996001,0.0001825001,0.2408588998,44.2315364000,384,384,0
4275,200,660,40,20,6,2,Grid Scanning,Local,10,0.15740669,3.14813377,100.00%,46.4788248000,0.2311234000,0.8903978998,11.3962101998,3.1165691000,30.9741171001,2.7042989999,0.0001786000,0.2475946000,46.4915827000,396,396,0
4275,200,680,40,20,6,2,Grid Scanning,Local,10,0.16827027,3.36540530,100.00%,45.4221002000,0.2445649000,0.9376702000,11.4583236000,3.2020713002,29.5908425001,2.8952410000,0.0001865000,0.2574295998,45.4397428000,408,408,0
4275,200,700,40,20,6,2,Grid Scanning,Local,10,0.14655851,2.93117017,100.00%,46.7551124000,0.2627156000,1.0150080998,12.1736680999,3.3686323000,30.1012610000,2.9051515000,0.0001989000,0.2579465999,46.7668038000,420,420,0
4275,200,720,40,20,6,2,Grid Scanning,Local,10,0.15551132,3.11022642,100.00%,46.0891172000,0.2654388000,1.0302913001,11.8820711000,3.3088447001,29.7905933000,2.8181368000,0.0001949000,0.2627333999,46.0990868000,432,432,0
4275,200,740,40,20,6,2,Grid Scanning,Local,10,0.15942011,3.18840213,100.00%,47.3528203000,0.2768561000,1.1135968999,12.5338083000,3.4915138001,30.1178030000,2.9932594000,0.0002012000,0.2737147000,47.3682271000,444,444,0
4275,200,760,40,20,6,2,Grid Scanning,Local,10,0.14666087,2.93321741,100.00%,50.9882641000,0.3180747000,1.2013703001,13.1677329999,3.6872978001,32.9017762000,3.1554523000,0.0002298000,0.1978099000,51.0032181000,456,456,0
4275,200,780,40,20,6,2,Grid Scanning,Local,10,0.14612758,2.92255167,100.00%,50.3265230000,0.3211434000,1.2448324999,13.3703132001,3.7269462002,31.9722763000,3.1667936999,0.0002169999,0.2026228999,50.3443596000,468,468,0
4275,200,800,40,20,6,2,Grid Scanning,Local,10,0.15076875,3.01537508,100.00%,50.3831435000,0.3302737999,1.2444866001,13.1344771998,3.6886431000,32.4186190999,3.0047998000,0.0002295000,0.2044287002,50.3956036000,480,480,0
4275,200,820,40,20,6,2,Grid Scanning,Local,10,0.14128624,2.82572481,100.00%,50.3590317000,0.3528801000,1.3591894000,13.9128616003,3.9329196999,31.2654489000,3.2053452000,0.0002285001,0.2173056000,50.3710432000,492,492,0
4275,200,840,40,20,6,2,Grid Scanning,Local,10,0.14429090,2.88581794,100.00%,52.0129548000,0.3707952001,1.4437438999,14.5911059000,4.1090846000,31.9901266001,3.3436304000,0.0002593999,0.2221771001,52.0263339000,504,504,0
4275,200,860,40,20,6,2,Grid Scanning,Local,10,0.14049103,2.80982067,100.00%,50.4511657000,0.3744675000,1.5051836000,14.7798370001,4.1533106000,30.3550440000,3.1605774999,0.0002336000,0.2243010999,50.4713390000,516,516,0
4275,200,880,40,20,6,2,Grid Scanning,Local,10,0.13080200,2.61603991,100.00%,53.4035603000,0.3998760000,1.5951310002,15.1993534003,4.3054329000,32.6482224000,3.2794708001,0.0002466000,0.2270199999,53.4214808000,528,528,0
4275,200,900,40,20,6,2,Grid Scanning,Local,10,0.13653664,2.73073271,100.00%,53.5227766000,0.4015739999,1.5727106001,14.7693783999,4.2094640001,33.3060550000,3.2028560001,0.0002403001,0.2176257000,53.5416643000,540,540,0
4275,200,920,40,20,6,2,Grid Scanning,Local,10,0.13498456,2.69969125,100.00%,55.8331627000,0.4413554000,1.7517684998,16.0305663998,4.5685104002,33.8065814001,3.5142920000,0.0002626001,0.2324152999,55.8517072000,552,552,0
4275,200,940,40,20,6,2,Grid Scanning,Local,10,0.13448282,2.68965645,100.00%,57.5903260000,0.4543317001,1.8304842002,16.5676293002,4.7839150001,34.8372449001,3.6125169000,0.0002665999,0.2258109001,57.6033346000,564,564,0
4275,200,960,40,20,6,2,Grid Scanning,Local,10,0.12616337,2.52326745,100.00%,56.5062187000,0.4735871999,1.9119638000,16.8550034002,4.8164462998,33.4777190001,3.4971007000,0.0002663000,0.2314872000,56.5291581000,576,576,0
4275,200,980,40,20,6,2,Grid Scanning,Local,10,0.12894219,2.57884371,100.00%,54.3763119000,0.4860413000,1.8736528999,16.4421134999,4.7587346000,31.8084895999,3.4751541998,0.0002598999,0.2270962998,54.3953871000,588,588,0
4275,200,1000,40,20,6,2,Grid Scanning,Local,10,0.12101937,2.42038746,100.00%,58.6832326000,0.5242243000,2.0667945002,17.7539067002,5.1535387998,34.4034769000,3.6372679000,0.0003477001,0.2344030999,58.7064678000,600,600,0
4275,200,60,40,20,6,2,Grid Scanning,Local,10,0.51141933,10.22838669,41.67%,5.7552071000,0.0024613000,0.0048967000,0.3281844000,0.0849520000,4.2076240000,1.1011387000,0.0000275000,0.0608993999,5.7569900000,36,15,21
4275,200,80,40,20,6,2,Grid Scanning,Local,10,0.68084937,13.61698734,66.67%,10.3412383000,0.0052717000,0.0145506000,0.8068354000,0.2176748000,7.5961982000,1.8088183000,0.0000397000,0.0574759000,10.3440692000,48,32,16
4275,200,100,40,20,6,2,Grid Scanning,Local,10,0.52053527,10.41070543,80.00%,14.0310158000,0.0065857000,0.0285367000,1.1480956999,0.3016632000,10.5984462000,2.1391066000,0.0000393000,0.0638383001,14.0341281000,60,48,12
4275,200,120,40,20,6,2,Grid Scanning,Local,10,0.47368989,9.47379777,81.94%,14.1679077000,0.0083422000,0.0306930000,1.2104110000,0.3148736000,10.6553804000,2.1812921000,0.0000386000,0.0608821000,14.1697689000,72,59,13
4275,200,140,40,20,6,2,Grid Scanning,Local,10,0.45691700,9.13834003,72.62%,14.4759186000,0.0117412000,0.0372583000,1.4555882000,0.3921712000,11.0285824000,1.8200526000,0.0000554000,0.0676724000,14.4793798000,84,61,23
4275,200,160,40,20,6,2,Grid Scanning,Local,10,0.44918046,8.98360919,83.33%,20.4741315000,0.0144653000,0.0497786000,1.8926477001,0.4985596000,16.0200861000,2.4062946001,0.0000528001,0.0734001000,20.4769263000,96,80,16
4275,200,180,40,20,6,2,Grid Scanning,Local,10,0.40809807,8.16196139,81.48%,17.1023213000,0.0213319000,0.0603920000,1.9353150000,0.5258235999,12.8805861000,2.0831807000,0.0000598000,0.0815320000,17.1070747000,108,88,20
4275,200,200,40,20,6,2,Grid Scanning,Local,10,0.40069327,8.01386533,81.67%,19.3846013000,0.0225521000,0.0725086999,2.1937649999,0.5825964999,14.7966403000,2.1464214000,0.0000666000,0.0799696999,19.3874166000,120,98,22
4275,200,220,40,20,6,2,Grid Scanning,Local,10,0.35930436,7.18608711,93.94%,25.2272114000,0.0278345000,0.1043681000,3.0097628998,0.7990115999,19.4744421000,2.4856259000,0.0000685001,0.0933619000,25.2332309000,132,124,8
4275,200,240,40,20,6,2,Grid Scanning,Local,10,0.35475184,7.09503689,88.19%,25.8049418000,0.0330733000,0.1164174000,3.2774695999,0.8616620000,19.9001531000,2.3232563000,0.0000768000,0.1025559000,25.8099808000,144,127,17
4275,200,260,40,20,6,2,Grid Scanning,Local,10,0.31827973,6.36559450,91.67%,29.3666893000,0.0389712000,0.1434720000,3.9572406001,1.0549945001,22.7307905000,2.3515760000,0.0000829000,0.1203127001,29.3746267000,156,143,13
4275,200,280,40,20,6,2,Grid Scanning,Local,10,0.29905579,5.98111570,95.83%,30.1288845000,0.0441752000,0.1660755001,4.4345981000,1.1966504001,23.0160720000,2.3315512999,0.0000838000,0.1191068999,30.1366895000,168,161,7
4275,200,300,40,20,6,2,Grid Scanning,Local,10,0.29873224,5.97464488,98.89%,31.2725121000,0.0509389001,0.1892941001,4.7471601000,1.2594451999,23.7862124001,2.3478590000,0.0000884000,0.1303985001,31.2781371000,180,178,2
4275,200,320,40,20,6,2,Grid Scanning,Local,10,0.24724327,4.94486545,95.83%,29.5432446000,0.0560488001,0.2033351001,4.6716855000,1.2558972000,22.1430758000,2.2952762000,0.0000907000,0.1355447000,29.5509112000,192,184,8
4275,200,340,40,20,6,2,Grid Scanning,Local,10,0.25640093,5.12801868,95.59%,32.7481336000,0.0640539000,0.2381476000,5.3705559000,1.4395867999,24.4428638000,2.4371689001,0.0001092000,0.1420621000,32.7579392000,204,195,9
4275,200,360,40,20,6,2,Grid Scanning,Local,10,0.25449544,5.08990887,97.22%,35.2597776000,0.0736103000,0.2721803999,5.8366296999,1.5558606999,26.3352359000,2.5575910000,0.0001118000,0.1570155999,35.2705685000,216,210,6
4275,200,380,40,20,6,2,Grid Scanning,Local,10,0.22486355,4.49727097,98.25%,37.0477401000,0.0832866000,0.3073198000,6.3802818000,1.7067886000,27.6282781999,2.4625013000,0.0001141000,0.1651824999,37.0585256000,228,224,4
4275,200,400,40,20,6,2,Grid Scanning,Local,10,0.23806118,4.76122362,96.67%,37.3040720000,0.0928632000,0.3391531999,6.4778186002,1.7464082001,27.6748357000,2.4922159000,0.0001208000,0.1690543000,37.3186258000,240,232,8
4275,200,420,40,20,6,2,Grid Scanning,Local,10,0.21491558,4.29831161,100.00%,37.2776112000,0.1001382999,0.3804471998,6.9791101001,1.8726845999,27.1110971000,2.5065289000,0.0001262001,0.1739124000,37.2885817000,252,252,0
4275,200,440,40,20,6,2,Grid Scanning,Local,10,0.22684060,4.53681200,100.00%,39.4794847000,0.1063698000,0.4027906001,7.2045971001,1.9561955997,28.9817839000,2.5806560000,0.0001338000,0.1780557000,39.4916649000,264,264,0
4275,200,460,40,20,6,2,Grid Scanning,Local,10,0.21459032,4.29180633,99.64%,40.5693634000,0.1193223000,0.4455567999,7.7520022999,2.1140020001,29.4235909999,2.6051191000,0.0001344000,0.1877300000,40.5749999000,276,275,1
4275,200,480,40,20,6,2,Grid Scanning,Local,10,0.19878782,3.97575639,100.00%,42.3250017000,0.1271696000,0.4963715000,8.3594509000,2.2813313001,30.4710108999,2.6514846001,0.0001424000,0.1962378001,42.3365335000,288,288,0
4275,200,500,40,20,6,2,Grid Scanning,Local,10,0.20221448,4.04428954,100.00%,44.2857245000,0.1369454000,0.5511834000,8.6892634000,2.3776372999,31.8658956000,2.8125473000,0.0001473000,0.2006765000,44.2984914000,300,300,0
4275,200,520,40,20,6,2,Grid Scanning,Local,10,0.19104151,3.82083023,99.68%,44.4295618000,0.1526229000,0.5826382001,9.2197708999,2.5426936001,31.5506608999,2.6634419999,0.0001530000,0.2284833001,44.4463930000,312,311,1
4275,200,540,40,20,6,2,Grid Scanning,Local,10,0.18886534,3.77730682,100.00%,42.2980618000,0.1641813000,0.6148635000,9.5180040999,2.6010082000,29.1329591000,2.6248001000,0.0001554000,0.2157600999,42.3147699000,324,324,0
4275,200,560,40,20,6,2,Grid Scanning,Local,10,0.18779199,3.75583983,99.70%,44.5131850000,0.1695153001,0.6396850002,9.4442502999,2.6094587002,31.2178392000,2.7874815000,0.0001666999,0.2217331000,44.5233985000,336,335,1
4275,200,580,40,20,6,2,Grid Scanning,Local,10,0.17740280,3.54805608,100.00%,41.3963441000,0.1737747001,0.6642430001,9.5050113000,2.6292673000,28.2594890000,2.5458692001,0.0001597001,0.2195874998,41.4099967000,348,348,0
4275,200,600,40,20,6,2,Grid Scanning,Local,10,0.16998093,3.39961853,100.00%,45.4731834000,0.1959559000,0.7783934000,10.5914419999,2.8991331001,30.9666871000,2.6740133000,0.0001728000,0.2349869000,45.4851681000,360,360,0
4275,200,620,40,20,6,2,Grid Scanning,Local,10,0.16735850,3.34717002,100.00%,47.3083401000,0.2139980999,0.8173500000,10.9788996999,3.0578537001,32.1512391000,2.8513375000,0.0002963001,0.2617515001,47.3258888000,372,372,0
4275,200,640,40,20,6,2,Grid Scanning,Local,10,0.15780756,3.15615112,100.00%,45.6359325000,0.2242819000,0.8694244001,11.4445237001,3.1716103001,30.0829100999,2.7231309000,0.0001871000,0.2560420000,45.6497980000,384,384,0
4275,200,660,40,20,6,2,Grid Scanning,Local,10,0.15740669,3.14813377,100.00%,47.0723469000,0.2318585000,0.9037240000,11.4559777999,3.1916455000,31.3773961999,2.7986346999,0.0001855000,0.2695128000,47.0918640000,396,396,0
4275,200,680,40,20,6,2,Grid Scanning,Local,10,0.16827027,3.36540530,100.00%,45.0628600000,0.2407752000,0.9239112999,11.4326327001,3.2328518999,29.2999178000,2.8618746000,0.0001928000,0.2531305000,45.0798787000,408,408,0
4275,200,700,40,20,6,2,Grid Scanning,Local,10,0.14655851,2.93117017,100.00%,47.9301778000,0.2612797999,1.0332983002,12.4774182999,3.4940261000,30.9836758000,2.8613671998,0.0001985000,0.2715139000,47.9430214000,420,420,0
4275,200,720,40,20,6,2,Grid Scanning,Local,10,0.15551132,3.11022642,100.00%,50.0643863000,0.2863620000,1.1148689000,12.7836295000,3.6353064000,32.5465018000,3.0085508001,0.0002069001,0.2824128000,50.0807978000,432,432,0
4275,200,740,40,20,6,2,Grid Scanning,Local,10,0.15942011,3.18840213,100.00%,50.5913131000,0.3004738000,1.1639619001,13.1316942000,3.6590036003,32.4334708001,3.2248886000,0.0002237000,0.2909243001,50.6101879000,444,444,0
4275,200,760,40,20,6,2,Grid Scanning,Local,10,0.14666087,2.93321741,100.00%,50.8220927000,0.3097502001,1.1916041001,13.1539107000,3.7087695999,32.8138838000,3.1093221000,0.0002112000,0.1978121000,50.8312632000,456,456,0
4275,200,780,40,20,6,2,Grid Scanning,Local,10,0.14612758,2.92255167,100.00%,49.0539728000,0.3170600000,1.2143096001,12.9150778002,3.6716995998,31.3025767000,3.0512570001,0.0002228999,0.2074404001,49.0711123000,468,468,0
4275,200,800,40,20,6,2,Grid Scanning,Local,10,0.15076875,3.01537508,100.00%,54.4168167000,0.3608960000,1.3575115000,14.2332449000,4.0230560999,34.8826731000,3.3095557000,0.0002288000,0.2233858000,54.4370950000,480,480,0
4275,200,820,40,20,6,2,Grid Scanning,Local,10,0.14128624,2.82572481,100.00%,53.3627772000,0.3629876000,1.4342566001,14.7516980997,4.2058818001,33.1493107000,3.3852275000,0.0002385001,0.2284629000,53.3769761000,492,492,0
4275,200,840,40,20,6,2,Grid Scanning,Local,10,0.14429090,2.88581794,100.00%,52.9623708000,0.3822092999,1.4727156000,14.8806082002,4.2083411001,32.5088493000,3.4285796000,0.0005606999,0.2374586000,52.9808364000,504,504,0
4275,200,860,40,20,6,2,Grid Scanning,Local,10,0.14049103,2.80982067,100.00%,49.9925260000,0.3844936999,1.4800872001,14.5158580002,4.1324182998,30.1292405000,3.2026987000,0.0002407998,0.2285551001,50.0702280000,516,516,0
4275,200,880,40,20,6,2,Grid Scanning,Local,10,0.13080200,2.61603991,100.00%,54.9618440000,0.4247150000,1.6437631001,15.6915867998,4.4782707000,33.5900610000,3.3137411999,0.0002512999,0.2409784000,54.9730401000,528,528,0
4275,200,900,40,20,6,2,Grid Scanning,Local,10,0.13653664,2.73073271,100.00%,57.9710100000,0.4312583001,1.7376136000,16.2058052001,4.6214691998,35.8363371000,3.4708894000,0.0002519001,0.2305507002,57.9904965000,540,540,0
4275,200,920,40,20,6,2,Grid Scanning,Local,10,0.13498456,2.69969125,100.00%,54.7839582000,0.4533833001,1.7232735000,15.8473065998,4.5368982997,33.0804389999,3.3803309000,0.0002527999,0.2385614998,54.8007866000,552,552,0
4275,200,940,40,20,6,2,Grid Scanning,Local,10,0.13448282,2.68965645,100.00%,56.5880886000,0.4641375000,1.7920057000,16.3403402002,4.6771361002,34.2095319998,3.4836574999,0.0002683000,0.2327310001,56.6028424000,564,564,0
4275,200,960,40,20,6,2,Grid Scanning,Local,10,0.12616337,2.52326745,100.00%,57.7103741000,0.4924486000,1.9508384000,17.2769067997,4.9699585001,34.0803101000,3.5816167000,0.0002685999,0.2613949001,57.7452310000,576,576,0
4275,200,980,40,20,6,2,Grid Scanning,Local,10,0.12894219,2.57884371,100.00%,58.7864473000,0.5166497999,2.0383306002,17.5962561999,5.0463582999,34.5162497001,3.8077777001,0.0002855000,0.2461456999,58.7985023000,588,588,0
4275,200,1000,40,20,6,2,Grid Scanning,Local,10,0.12101937,2.42038746,100.00%,56.4590338000,0.5356225999,2.0061965001,17.0607617999,4.9289255999,32.9768787000,3.5751287000,0.0002851001,0.2348459999,56.4717266000,600,600,0
4275,200,60,40,20,6,2,Grid Scanning,Local,12,0.51141933,10.22838669,41.67%,5.0918245000,0.0021276000,0.0044465000,0.3461723000,0.0998031000,3.8046368000,0.8869037000,0.0000228000,0.0403428000,5.0937456000,36,15,21
4275,200,80,40,20,6,2,Grid Scanning,Local,12,0.68084937,13.61698734,66.67%,9.3903823000,0.0038969000,0.0123073000,0.7045660000,0.1701084000,6.9765003000,1.6373357000,0.0000279000,0.0445053000,9.3929256000,48,32,16
4275,200,100,40,20,6,2,Grid Scanning,Local,12,0.51868425,10.37368496,80.00%,13.1432312000,0.0061825000,0.0220474000,1.2088549000,0.2919218000,9.9309328000,1.9025946000,0.0000347000,0.0555562000,13.1462702000,60,48,12
4275,200,120,40,20,6,2,Grid Scanning,Local,12,0.47368989,9.47379777,81.94%,14.1397394000,0.0089843999,0.0336198000,1.3873249001,0.3310232000,10.3173220000,2.2893728000,0.0000427000,0.0621172000,14.1418097000,72,59,13
4275,200,140,40,20,6,2,Grid Scanning,Local,12,0.45623018,9.12460353,72.62%,14.1026395000,0.0112900000,0.0360065000,1.6121588001,0.3997427001,10.5410158000,1.8148965000,0.0000518000,0.0687850000,14.1078340000,84,61,23
4275,200,160,40,20,6,2,Grid Scanning,Local,12,0.44934976,8.98699516,83.33%,21.0278066000,0.0148092000,0.0510161000,2.2290345000,0.5326354001,16.0853265000,2.5524017000,0.0000541000,0.0735469000,21.0322825000,96,80,16
4275,200,180,40,20,6,2,Grid Scanning,Local,12,0.40868505,8.17370109,81.48%,17.9658300000,0.0196407000,0.0698671001,2.3120119000,0.5494173999,13.1849341000,2.2235214000,0.0000622000,0.0854918000,17.9681635000,108,88,20
4275,200,200,40,20,6,2,Grid Scanning,Local,12,0.40096262,8.01925246,81.67%,20.7064630000,0.0238987000,0.0753230000,2.6042210001,0.6276783000,15.5727217000,2.2660251000,0.0000919000,0.0900393000,20.7139539000,120,98,22
4275,200,220,40,20,6,2,Grid Scanning,Local,12,0.35955050,7.19101006,93.94%,25.2356102000,0.0272967000,0.1018682000,3.4751179000,0.8360658000,19.0590144000,2.4428928000,0.0000983000,0.0928194001,25.2394556000,132,124,8
4275,200,240,40,20,6,2,Grid Scanning,Local,12,0.35523741,7.10474821,88.19%,25.6412368000,0.0353680000,0.1158831000,3.6178525999,0.8748007001,19.3409302999,2.3828946000,0.0000846001,0.1019142999,25.6473054000,144,127,17
4275,200,260,40,20,6,2,Grid Scanning,Local,12,0.31680176,6.33603521,91.67%,32.4333545000,0.0489606000,0.1673208000,4.8867924000,1.2132841999,24.4064520000,2.6871457001,0.0001002000,0.1363772000,32.4413424000,156,143,13
4275,200,280,40,20,6,2,Grid Scanning,Local,12,0.29692330,5.93846601,95.83%,31.3702798000,0.0466903999,0.1682631001,5.0376793999,1.2427989000,23.4898980000,2.4513790000,0.0000932000,0.1317304000,31.3779255000,168,161,7
4275,200,300,40,20,6,2,Grid Scanning,Local,12,0.29775567,5.95511345,98.89%,31.4623417000,0.0545194000,0.1931969000,5.5013373000,1.3585991000,23.1191958000,2.4400057000,0.0000940000,0.1327041999,31.4711668000,180,178,2
4275,200,320,40,20,6,2,Grid Scanning,Local,12,0.24619355,4.92387093,95.83%,31.4582967000,0.0574824000,0.2237487000,5.6346551001,1.3808125001,22.9599438999,2.4141164000,0.0000980000,0.1359969999,31.4653673000,192,184,8
4275,200,340,40,20,6,2,Grid Scanning,Local,12,0.25579016,5.11580314,95.59%,31.4837801000,0.0636566000,0.2430880000,5.9862686000,1.4366129000,22.6399717999,2.3633386999,0.0001087000,0.1385480000,31.4924786000,204,195,9
4275,200,360,40,20,6,2,Grid Scanning,Local,12,0.25242856,5.04857125,97.22%,33.9304516000,0.0707644000,0.2671995999,6.4836265999,1.5959644000,24.5505400001,2.3834869000,0.0001128000,0.1535761000,33.9403686000,216,210,6
4275,200,380,40,20,6,2,Grid Scanning,Local,12,0.22117875,4.42357495,98.25%,32.2108731000,0.0769918000,0.2834732000,6.5709345001,1.6304324001,23.0043251000,2.1055772000,0.0001073000,0.1495816000,32.2234162000,228,224,4
4275,200,400,40,20,6,2,Grid Scanning,Local,12,0.23753024,4.75060488,96.67%,35.0266809000,0.0887256000,0.3304644001,7.0942236000,1.7586609000,24.9209910000,2.4041255000,0.0001206000,0.1640068001,35.0379908000,240,232,8
4275,200,420,40,20,6,2,Grid Scanning,Local,12,0.21234993,4.24699867,100.00%,29.4852079000,0.0856770000,0.3154503000,6.6996002000,1.7018220999,20.1822781000,2.0090283000,0.0001111001,0.1556560999,29.4930609000,252,252,0
4275,200,440,40,20,6,2,Grid Scanning,Local,12,0.22420615,4.48412307,100.00%,32.3275900000,0.0923770001,0.3437867000,7.1964183002,1.8394683001,22.3076368000,2.1896296999,0.0001179999,0.1589171999,32.3370150000,264,264,0
4275,200,460,40,20,6,2,Grid Scanning,Local,12,0.21314886,4.26297711,99.64%,35.2578692000,0.1195129001,0.4256721999,8.3103514002,2.1309709998,23.8665719000,2.3164074000,0.0001332001,0.1923671000,35.2684438000,276,275,1
4275,200,480,40,20,6,2,Grid Scanning,Local,12,0.19616111,3.92322219,100.00%,37.2208013000,0.1179770000,0.4381879999,9.3486299999,2.9267031999,24.8022055000,2.2964881000,0.0001316000,0.1935721000,37.2363762000,288,288,0
4275,200,500,40,20,6,2,Grid Scanning,Local,12,0.19903276,3.98065518,100.00%,37.9298693000,0.1334764001,0.4879654000,9.3573072999,2.6961090000,25.3079541000,2.4134514002,0.0001435001,0.2001903001,37.9378602000,300,300,0
4275,200,520,40,20,6,2,Grid Scanning,Local,12,0.18989602,3.79792048,99.68%,36.5929908000,0.1356896999,0.4864091999,9.0415550001,2.3307635000,24.4095683999,2.3021457000,0.0001393000,0.1921642999,36.6047097000,312,311,1
4275,200,540,40,20,6,2,Grid Scanning,Local,12,0.18665785,3.73315692,100.00%,43.5513035000,0.1702750000,0.6589105000,11.4728125999,3.0636015001,28.2879865000,2.7058768000,0.0001642001,0.2282624000,43.5664335000,324,324,0
4275,200,560,40,20,6,2,Grid Scanning,Local,12,0.18575595,3.71511894,99.70%,39.2935105000,0.1655398999,0.5963014001,9.9449280998,2.5642493003,25.8018189000,2.5240556000,0.0001522999,0.2307402000,39.3113514000,336,335,1
4275,200,580,40,20,6,2,Grid Scanning,Local,12,0.17588330,3.51766596,100.00%,39.4432014000,0.1796764000,0.6494446998,10.6356391998,2.7183780000,25.2665896000,2.4540686001,0.0001610001,0.2285832998,39.4574981000,348,348,0
4275,200,600,40,20,6,2,Grid Scanning,Local,12,0.16984273,3.39685464,100.00%,39.1485270000,0.1867006000,0.6923279000,10.9234823999,2.8390376003,24.7236596001,2.3610495000,0.0001678000,0.2310609000,39.1587595000,360,360,0
4275,200,620,40,20,6,2,Grid Scanning,Local,12,0.16531054,3.30621087,100.00%,38.8849475000,0.1868254000,0.6985680001,10.8259257001,2.8513552998,24.5449214000,2.3732273000,0.0001720000,0.2205518000,38.9452551000,372,372,0
4275,200,640,40,20,6,2,Grid Scanning,Local,12,0.15499814,3.09996290,100.00%,35.6666347000,0.1975346000,0.7113838000,10.7439467003,2.8577522002,21.5795699000,2.1730903000,0.0001594000,0.2273402000,35.6799185000,384,384,0
4275,200,660,40,20,6,2,Grid Scanning,Local,12,0.15672540,3.13450793,100.00%,37.9338969000,0.2151701999,0.7705934000,11.3427253001,3.0365225000,23.0391124001,2.2868002000,0.0001740000,0.2429985999,37.9541450000,396,396,0
4275,200,680,40,20,6,2,Grid Scanning,Local,12,0.16692525,3.33850494,100.00%,34.2880364000,0.2033344000,0.7324475999,10.6026749997,2.8011526001,20.3269314000,2.1694021000,0.0001583000,0.2224967001,34.3040722000,408,408,0
4275,200,700,40,20,6,2,Grid Scanning,Local,12,0.14535568,2.90711361,100.00%,33.6965242000,0.2097259000,0.7600755999,10.7324232000,2.8630858999,19.6614902000,2.0712956000,0.0001591999,0.2283928000,33.7079123000,420,420,0
4275,200,720,40,20,6,2,Grid Scanning,Local,12,0.15301077,3.06021532,100.00%,35.1740570000,0.2243587001,0.8169039000,11.1579919001,2.9909381002,20.5129477001,2.1862369001,0.0001650000,0.2411952998,35.1826013000,432,432,0
4275,200,740,40,20,6,2,Grid Scanning,Local,12,0.15675530,3.13510609,100.00%,35.7133530000,0.2361407999,0.8493273000,11.3291588998,3.0138124001,20.6580967000,2.3555061000,0.0001805000,0.2472314001,35.7268443000,444,444,0
4275,200,760,40,20,6,2,Grid Scanning,Local,12,0.14268870,2.85377392,100.00%,36.5363747000,0.2457972001,0.8949120999,11.5646143002,3.1122689003,21.3365160000,2.2799272999,0.0001783001,0.1715042999,36.5456249000,456,456,0
4275,200,780,40,20,6,2,Grid Scanning,Local,12,0.14397214,2.87944285,100.00%,35.9229385000,0.2484066000,0.8954991001,11.5166220001,3.0981199000,20.7700100000,2.2844983000,0.0001717999,0.1729777000,35.9309533000,468,468,0
4275,200,800,40,20,6,2,Grid Scanning,Local,12,0.14786363,2.95727260,100.00%,33.9104576000,0.2429802001,0.8714704002,11.0087357002,2.9970423002,19.4495562000,2.1326925000,0.0001645000,0.1694347001,33.9189289000,480,480,0
4275,200,820,40,20,6,2,Grid Scanning,Local,12,0.13981459,2.79629171,100.00%,33.8457976000,0.2518762001,0.9153149001,11.3709797999,3.1040865999,18.9371796001,2.1605206999,0.0001728999,0.1749275001,33.8542575000,492,492,0
4275,200,840,40,20,6,2,Grid Scanning,Local,12,0.14366374,2.87327473,100.00%,34.0351303000,0.2628041000,0.9666701000,11.6265539001,3.1581652999,18.7477015000,2.2125508000,0.0001777999,0.1816880999,34.0447646000,504,504,0
4275,200,860,40,20,6,2,Grid Scanning,Local,12,0.13659294,2.73185870,100.00%,34.3490520000,0.2937671001,1.0365409999,12.1493525997,3.2974670003,18.4174137999,2.2286721000,0.0001835000,0.1847500999,34.3587829000,516,516,0
4275,200,880,40,20,6,2,Grid Scanning,Local,12,0.12971064,2.59421273,100.00%,34.8315088000,0.2931992001,1.0627599999,12.2382803999,3.3419142997,18.8437266000,2.1694277999,0.0001844000,0.1824263000,34.8399562000,528,528,0
4275,200,900,40,20,6,2,Grid Scanning,Local,12,0.13409807,2.68196143,100.00%,36.7044937000,0.3197304000,1.1289073001,12.7044326001,3.4948399003,20.0310775000,2.2894320001,0.0001881000,0.1896572998,36.7184126000,540,540,0
4275,200,920,40,20,6,2,Grid Scanning,Local,12,0.13224951,2.64499027,100.00%,36.2510459000,0.3229454000,1.1620801001,12.8136823003,3.5237127999,19.4110912000,2.3066463001,0.0001901001,0.1898923000,36.2598389000,552,552,0
4275,200,940,40,20,6,2,Grid Scanning,Local,12,0.13304932,2.66098648,100.00%,37.4080217000,0.3524491000,1.2191556001,13.1613698000,3.6359862997,20.0903594999,2.3430680000,0.0001945000,0.1957864999,37.4205918000,564,564,0
4275,200,960,40,20,6,2,Grid Scanning,Local,12,0.12544474,2.50889483,100.00%,36.8565759000,0.3548184999,1.2592826998,13.5146384001,3.7337082001,19.1025755000,2.3877013000,0.0002027000,0.1929194000,36.8656775000,576,576,0
4275,200,980,40,20,6,2,Grid Scanning,Local,12,0.12726650,2.54533006,100.00%,37.8008748000,0.3741332000,1.3330537001,13.8667035001,3.8196387001,19.5218463001,2.4630585999,0.0002053000,0.1951796999,37.8143973000,588,588,0
4275,200,1000,40,20,6,2,Grid Scanning,Local,12,0.11937584,2.38751676,100.00%,38.3759382000,0.3832517000,1.3922079999,14.1470300002,3.9222693999,19.7850859000,2.4260103001,0.0002084000,0.1943237000,38.3896116000,600,600,0
4275,200,60,40,20,6,2,Grid Scanning,Local,12,0.51141933,10.22838669,41.67%,3.6850636000,0.0016282000,0.0036386000,0.2768398000,0.0784409000,2.6588168000,0.7030297000,0.0000172000,0.0354432000,3.6861045000,36,15,21
4275,200,80,40,20,6,2,Grid Scanning,Local,12,0.68084937,13.61698734,66.67%,6.1745423000,0.0030556000,0.0099464000,0.5697428000,0.1465827999,4.4745907000,1.0700860000,0.0000225000,0.0370327000,6.1765512000,48,32,16
4275,200,100,40,20,6,2,Grid Scanning,Local,12,0.51868425,10.37368496,80.00%,8.4251011000,0.0044439000,0.0165683000,0.8780647001,0.2148351000,6.1376710000,1.3316392000,0.0000239000,0.0444058000,8.4268606000,60,48,12
4275,200,120,40,20,6,2,Grid Scanning,Local,12,0.47368989,9.47379777,81.94%,9.3169521000,0.0064539000,0.0217482001,0.9693785001,0.2443613999,6.7690905000,1.4866185000,0.0000312000,0.0460772001,9.3186610000,72,59,13
4275,200,140,40,20,6,2,Grid Scanning,Local,12,0.45623018,9.12460353,72.62%,9.0954314000,0.0084921000,0.0240021000,1.1334897000,0.3082039001,6.7249155000,1.1359810000,0.0000375000,0.0491437000,9.0976339000,84,61,23
4275,200,160,40,20,6,2,Grid Scanning,Local,12,0.44934976,8.98699516,83.33%,13.1847275000,0.0110904000,0.0339846999,1.5085503000,0.3887542000,9.9684961000,1.5887342000,0.0000393000,0.0595596000,13.1878964000,96,80,16
4275,200,180,40,20,6,2,Grid Scanning,Local,12,0.40868505,8.17370109,81.48%,11.3482312000,0.0146010000,0.0426164000,1.5449797000,0.3950979999,8.2574753000,1.4034790000,0.0000481000,0.0621490000,11.3530881000,108,88,20
4275,200,200,40,20,6,2,Grid Scanning,Local,12,0.40096262,8.01925246,81.67%,13.0499264000,0.0175964000,0.0505993001,1.8054315000,0.4617851999,9.6449062000,1.4370295000,0.0000518000,0.0660299000,13.0526674000,120,98,22
4275,200,220,40,20,6,2,Grid Scanning,Local,12,0.35955050,7.19101006,93.94%,15.5573414000,0.0201537000,0.0666703000,2.4204447000,0.6190853000,11.4172840000,1.5321622000,0.0000516000,0.0743175000,15.5605747000,132,124,8
4275,200,240,40,20,6,2,Grid Scanning,Local,12,0.35523741,7.10474821,88.19%,16.2037669000,0.0241582001,0.0748531000,2.4953676999,0.6555939000,11.9616163000,1.5500895000,0.0000561000,0.0799608998,16.2102333000,144,127,17
4275,200,260,40,20,6,2,Grid Scanning,Local,12,0.31680176,6.33603521,91.67%,18.2954058000,0.0289261000,0.0969989001,3.0303103000,0.7791973002,13.5053268000,1.5278586000,0.0000596000,0.0834006000,18.2993217000,156,143,13
4275,200,280,40,20,6,2,Grid Scanning,Local,12,0.29692330,5.93846601,95.83%,19.9131397000,0.0337238000,0.1105470000,3.5530778000,0.9039788001,14.4880815000,1.6120873000,0.0000648000,0.0949639000,19.9172293000,168,161,7
4275,200,300,40,20,6,2,Grid Scanning,Local,12,0.29775567,5.95511345,98.89%,20.4914195000,0.0379821000,0.1277655999,3.8948499999,1.0135058000,14.7470821000,1.5731978000,0.0000686000,0.0952866999,20.4959648000,180,178,2
4275,200,320,40,20,6,2,Grid Scanning,Local,12,0.24619355,4.92387093,95.83%,20.0249900000,0.0433547999,0.1434230000,3.9376391999,1.0248909000,14.2436051000,1.5348340000,0.0000703000,0.1024499000,20.0304292000,192,184,8
4275,200,340,40,20,6,2,Grid Scanning,Local,12,0.25579016,5.11580314,95.59%,20.9875540000,0.0496191000,0.1659851001,4.3079760001,1.1102166999,14.7233574000,1.6087801000,0.0000770000,0.1135395000,20.9969703000,204,195,9
4275,200,360,40,20,6,2,Grid Scanning,Local,12,0.25242856,5.04857125,97.22%,22.4793084000,0.0521364000,0.1777614000,4.6106803000,1.1982666003,15.9019479000,1.6073084000,0.0000807001,0.1112449000,22.4854735000,216,210,6
4275,200,380,40,20,6,2,Grid Scanning,Local,12,0.22117875,4.42357495,98.25%,22.9762497000,0.0630697000,0.2038929001,4.9719505002,1.2925609001,16.0653905001,1.5371775001,0.0000796000,0.1175152999,22.9816959000,228,224,4
4275,200,400,40,20,6,2,Grid Scanning,Local,12,0.23753024,4.75060488,96.67%,24.0751239000,0.0647310000,0.2234627001,5.2210305999,1.3705393002,16.7904489001,1.6327619000,0.0000877000,0.1233538000,24.0807248000,240,232,8
4275,200,420,40,20,6,2,Grid Scanning,Local,12,0.21234993,4.24699867,100.00%,23.4913623000,0.0743425000,0.2494629999,5.5374085000,1.4374500002,15.8330116000,1.6323136000,0.0000905000,0.1331295000,23.4976423000,252,252,0
4275,200,440,40,20,6,2,Grid Scanning,Local,12,0.22420615,4.48412307,100.00%,25.5058963000,0.0806872000,0.2735723999,5.9149808000,1.5490858002,17.3213148001,1.7471526000,0.0000965000,0.1391057001,25.5175435000,264,264,0
4275,200,460,40,20,6,2,Grid Scanning,Local,12,0.21314886,4.26297711,99.64%,24.4832890000,0.0855245000,0.2889469001,5.9676324999,1.5722159999,16.3692217000,1.6084957001,0.0000925000,0.1432319999,24.4901240000,276,275,1
4275,200,480,40,20,6,2,Grid Scanning,Local,12,0.19616111,3.92322219,100.00%,24.8438446000,0.0872490001,0.3015700001,6.1968720998,1.6345406001,16.5269227000,1.5710831000,0.0000938999,0.1427235000,24.8513206000,288,288,0
4275,200,500,40,20,6,2,Grid Scanning,Local,12,0.19903276,3.98065518,100.00%,26.9417938000,0.1003687001,0.3491418001,6.7724061998,1.7906248000,17.7791428000,1.7633015001,0.0001050001,0.1547321000,26.9527311000,300,300,0
4275,200,520,40,20,6,2,Grid Scanning,Local,12,0.18989602,3.79792048,99.68%,27.3937856000,0.1064274000,0.3763185000,7.1066253001,1.8687427002,17.9159426001,1.7087026001,0.0001111000,0.1584368001,27.4009988000,312,311,1
4275,200,540,40,20,6,2,Grid Scanning,Local,12,0.18665785,3.73315692,100.00%,26.7089536000,0.1164628000,0.4058459000,7.4931702999,1.9955815001,16.8114262000,1.6965028000,0.0001129000,0.1643490000,26.7187621000,324,324,0
4275,200,560,40,20,6,2,Grid Scanning,Local,12,0.18575595,3.71511894,99.70%,28.7697695000,0.1262085001,0.4348461000,7.6278419000,2.0306626001,18.5191664999,1.8632264000,0.0001166001,0.1743817001,28.7825850000,336,335,1
4275,200,580,40,20,6,2,Grid Scanning,Local,12,0.17588330,3.51766596,100.00%,28.0009706000,0.1347183001,0.4537680001,7.9638023001,2.1073388999,17.4873012000,1.7624401000,0.0001194999,0.1758385000,28.0162501000,348,348,0
4275,200,600,40,20,6,2,Grid Scanning,Local,12,0.16984273,3.39685464,100.00%,28.5052253000,0.1430131001,0.4998465001,8.4042534000,2.2468168999,17.5342895000,1.7160872000,0.0001294000,0.1831568000,28.5138015000,360,360,0
4275,200,620,40,20,6,2,Grid Scanning,Local,12,0.16531054,3.30621087,100.00%,29.1110466000,0.1519099000,0.5204506999,8.5289755001,2.2804774001,17.9418281999,1.7549985000,0.0001282000,0.1873501001,29.1231053000,372,372,0
4275,200,640,40,20,6,2,Grid Scanning,Local,12,0.15499814,3.09996290,100.00%,28.9370625000,0.1623320999,0.5660546999,8.9979247999,2.4077189003,17.2445932999,1.7448569001,0.0001334000,0.1943841000,28.9466212000,384,384,0
4275,200,660,40,20,6,2,Grid Scanning,Local,12,0.15672540,3.13450793,100.00%,29.8919356000,0.1714951000,0.5938040999,9.1250582999,2.4441456000,17.9401595000,1.8414464000,0.0001356000,0.1921039000,29.9020802000,396,396,0
4275,200,680,40,20,6,2,Grid Scanning,Local,12,0.16692525,3.33850494,100.00%,29.9467326000,0.1792824999,0.6260044001,9.4173018997,2.5477632000,17.5809448000,1.9117546001,0.0001416000,0.2023672999,29.9585040000,408,408,0
4275,200,700,40,20,6,2,Grid Scanning,Local,12,0.14535568,2.90711361,100.00%,30.4405536000,0.1919524001,0.6778077000,9.7582754000,2.6373181002,17.7114457000,1.8514110001,0.0001500999,0.2178432000,30.4488326000,420,420,0
4275,200,720,40,20,6,2,Grid Scanning,Local,12,0.15301077,3.06021532,100.00%,31.2637971000,0.1990794000,0.7146028999,9.9746814998,2.6864497999,18.1996670999,1.9247413001,0.0001536000,0.2188703001,31.2712146000,432,432,0
4275,200,740,40,20,6,2,Grid Scanning,Local,12,0.15675530,3.13510609,100.00%,31.9922674000,0.2074001000,0.7463302001,10.1618361002,2.7641866001,18.5334216000,2.0864724000,0.0001454999,0.2227493000,32.0006796000,444,444,0
4275,200,760,40,20,6,2,Grid Scanning,Local,12,0.14268870,2.85377392,100.00%,32.3685738000,0.2193837000,0.7953468001,10.4475515002,2.8533332001,18.7348333001,1.9819642001,0.0001502000,0.1552494999,32.3772301000,456,456,0
4275,200,780,40,20,6,2,Grid Scanning,Local,12,0.14397214,2.87944285,100.00%,33.0850790000,0.2371474001,0.8430155001,10.8055536001,2.9217209000,18.9289450000,2.0737531001,0.0001611001,0.1614884000,33.0925299000,468,468,0
4275,200,800,40,20,6,2,Grid Scanning,Local,12,0.14786363,2.95727260,100.00%,34.4726079000,0.2517675000,0.8881702000,11.2723475001,3.0761698998,19.7224218000,2.1262167000,0.0001693000,0.1752669001,34.4813135000,480,480,0
4275,200,820,40,20,6,2,Grid Scanning,Local,12,0.13981459,2.79629171,100.00%,33.6588066000,0.2626835000,0.9126773999,11.3532558002,3.1111190999,18.7451169001,2.1672421001,0.0001677000,0.1819367000,33.6675934000,492,492,0
4275,200,840,40,20,6,2,Grid Scanning,Local,12,0.14366374,2.87327473,100.00%,33.5488148000,0.2753602999,0.9449586001,11.4603782999,3.1208600002,18.5052770000,2.1433420000,0.0001753000,0.1820795999,33.5591706000,504,504,0
4275,200,860,40,20,6,2,Grid Scanning,Local,12,0.13659294,2.73185870,100.00%,33.1169354000,0.2869663001,1.0092860001,11.8158834997,3.2101564001,17.6515518001,2.1332065001,0.0001782000,0.1814864000,33.1260914000,516,516,0
4275,200,880,40,20,6,2,Grid Scanning,Local,12,0.12971064,2.59421273,100.00%,34.6094621000,0.3037610000,1.0503103000,12.1976957998,3.3540634000,18.6687898000,2.1600820000,0.0001757999,0.1863631999,34.6182548000,528,528,0
4275,200,900,40,20,6,2,Grid Scanning,Local,12,0.13409807,2.68196143,100.00%,35.9409044000,0.3168322999,1.1040368999,12.4223641002,3.4167081000,19.6739318999,2.1974750001,0.0001830000,0.1846223000,35.9608325000,540,540,0
4275,200,920,40,20,6,2,Grid Scanning,Local,12,0.13224951,2.64499027,100.00%,35.7006062000,0.3309414999,1.1525603999,12.7339707000,3.4922404000,18.9698615000,2.2816689000,0.0001960999,0.1862467999,35.7101764000,552,552,0
4275,200,940,40,20,6,2,Grid Scanning,Local,12,0.13304932,2.66098648,100.00%,38.4441234000,0.3796116000,1.2784950000,13.8621337999,3.8508269001,20.2785989000,2.3876471999,0.0002214000,0.2050104999,38.4530645000,564,564,0
4275,200,960,40,20,6,2,Grid Scanning,Local,12,0.12544474,2.50889483,100.00%,39.8489630000,0.4108725000,1.3856611001,14.8641112000,4.2252010999,20.4559639002,2.4607026000,0.0002311000,0.2157066001,39.8627615000,576,576,0
4275,200,980,40,20,6,2,Grid Scanning,Local,12,0.12726650,2.54533006,100.00%,40.6778726000,0.4311241000,1.4656037001,15.3442691999,4.4013745000,20.6395338000,2.5212337000,0.0002573999,0.2156287000,40.6883942000,588,588,0
4275,200,1000,40,20,6,2,Grid Scanning,Local,12,0.11937584,2.38751676,100.00%,41.9528936000,0.4472663000,1.5165449001,15.6086295000,4.4603470996,21.4850762000,2.6177478000,0.0002377000,0.2166126000,41.9700039000,600,600,0
4275,200,60,40,20,6,2,Grid Scanning,Local,12,0.51141933,10.22838669,41.67%,3.9206219000,0.0021628000,0.0042569000,0.3315486000,0.1059506000,2.7536192000,0.7837866000,0.0000211000,0.0396093000,3.9223580000,36,15,21
4275,200,80,40,20,6,2,Grid Scanning,Local,12,0.68084937,13.61698734,66.67%,6.6298441000,0.0033633000,0.0097152000,0.5658400000,0.1487111000,4.8880298000,1.1171035000,0.0000247000,0.0351964000,6.6313788000,48,32,16
4275,200,100,40,20,6,2,Grid Scanning,Local,12,0.51868425,10.37368496,80.00%,9.0782438000,0.0058485000,0.0165359999,0.9485490000,0.2537746000,6.6696059000,1.3759671000,0.0000321000,0.0501302000,9.0814008000,60,48,12
4275,200,120,40,20,6,2,Grid Scanning,Local,12,0.47368989,9.47379777,81.94%,9.7718839000,0.0078796000,0.0237820000,1.0483735999,0.2811388000,7.0712390000,1.5521015000,0.0000363000,0.0517245000,9.7737120000,72,59,13
4275,200,140,40,20,6,2,Grid Scanning,Local,12,0.45623018,9.12460353,72.62%,10.3441761000,0.0096036000,0.0273982000,1.2924545000,0.3461954000,7.6939984000,1.2430849000,0.0000438000,0.0581159000,10.3466493000,84,61,23
4275,200,160,40,20,6,2,Grid Scanning,Local,12,0.44934976,8.98699516,83.33%,14.7122047000,0.0126465000,0.0402373000,1.7176287001,0.4524021001,11.0242507000,1.8342103001,0.0000455001,0.0671489000,14.7159317000,96,80,16
4275,200,180,40,20,6,2,Grid Scanning,Local,12,0.40868505,8.17370109,81.48%,12.5416233000,0.0155456000,0.0467745001,1.7067651000,0.4519088001,9.2060409001,1.4748370000,0.0000505000,0.0701880000,12.5444442000,108,88,20
4275,200,200,40,20,6,2,Grid Scanning,Local,12,0.40096262,8.01925246,81.67%,14.5932086000,0.0210524000,0.0606405000,2.1280328000,0.5553729000,10.7105297000,1.5656475000,0.0000665000,0.0795784000,14.5969434000,120,98,22
4275,200,220,40,20,6,2,Grid Scanning,Local,12,0.35955050,7.19101006,93.94%,17.9762689000,0.0238199000,0.0804896000,2.7755828001,0.7365018998,13.2444961999,1.7489254000,0.0000582000,0.0824656000,17.9800556000,132,124,8
4275,200,240,40,20,6,2,Grid Scanning,Local,12,0.35523741,7.10474821,88.19%,17.7740476000,0.0256563000,0.0859824001,2.8321832001,0.7398155000,13.0400742000,1.6646341000,0.0000693000,0.0890629000,17.7776166000,144,127,17
4275,200,260,40,20,6,2,Grid Scanning,Local,12,0.31680176,6.33603521,91.67%,19.9455996000,0.0345545999,0.1004819001,3.3268144000,0.8746810000,14.7483509000,1.6126836000,0.0000766000,0.1026223999,19.9494428000,156,143,13
4275,200,280,40,20,6,2,Grid Scanning,Local,12,0.29692330,5.93846601,95.83%,21.3151748000,0.0362666000,0.1198982000,3.8263809999,0.9976010000,15.5486868000,1.6614752001,0.0000740999,0.1072721000,21.3205934000,168,161,7
4275,200,300,40,20,6,2,Grid Scanning,Local,12,0.29775567,5.95511345,98.89%,22.4947518000,0.0416890000,0.1427738000,4.2872451000,1.1239573000,16.1529701000,1.7370173000,0.0000873000,0.1150877000,22.5007019000,180,178,2
4275,200,320,40,20,6,2,Grid Scanning,Local,12,0.24619355,4.92387093,95.83%,21.8634616000,0.0496886000,0.1582275999,4.3072776999,1.1512300002,15.5533453000,1.6593397999,0.0000805000,0.1138798001,21.8702218000,192,184,8
4275,200,340,40,20,6,2,Grid Scanning,Local,12,0.25579016,5.11580314,95.59%,22.4853944000,0.0562156000,0.1761329000,4.6928331000,1.2362955000,15.7158221000,1.7005094000,0.0000861000,0.1217442001,22.4931086000,204,195,9
4275,200,360,40,20,6,2,Grid Scanning,Local,12,0.25242856,5.04857125,97.22%,25.8220269000,0.0636712000,0.2147338000,5.4100768000,1.4228728999,18.1477360000,1.8314433001,0.0000965001,0.1329286000,25.8314200000,216,210,6
4275,200,380,40,20,6,2,Grid Scanning,Local,12,0.22117875,4.42357495,98.25%,26.2001947000,0.0695405000,0.2316320000,5.7206302002,1.5335462000,18.3149208001,1.6987057000,0.0000944000,0.1418300001,26.2069271000,228,224,4
4275,200,400,40,20,6,2,Grid Scanning,Local,12,0.23753024,4.75060488,96.67%,25.9415193000,0.0764912000,0.2485710000,5.8542313999,1.5739118999,17.7971185000,1.7963274000,0.0000996001,0.1459571000,25.9534346000,240,232,8
4275,200,420,40,20,6,2,Grid Scanning,Local,12,0.21234993,4.24699867,100.00%,25.4814363000,0.0842713001,0.2754151999,6.1220692002,1.6440309001,17.1510952999,1.6745672000,0.0001030001,0.1487416001,25.4952842000,252,252,0
4275,200,440,40,20,6,2,Grid Scanning,Local,12,0.22420615,4.48412307,100.00%,27.9109599000,0.0932641000,0.2964107999,6.4442147000,1.7366818000,19.0056456000,1.8931519000,0.0001243000,0.1518967999,27.9236673000,264,264,0
4275,200,460,40,20,6,2,Grid Scanning,Local,12,0.21314886,4.26297711,99.64%,27.5720499000,0.0998481001,0.3302285000,6.8120892001,1.8597287999,18.3402594999,1.8030194000,0.0001157000,0.1624395000,27.5794895000,276,275,1
4275,200,480,40,20,6,2,Grid Scanning,Local,12,0.19616111,3.92322219,100.00%,28.8554550000,0.1104425000,0.3695697999,7.2882151999,1.9830806003,19.0346327000,1.8599596000,0.0001264000,0.1695823000,28.8637453000,288,288,0
4275,200,500,40,20,6,2,Grid Scanning,Local,12,0.19903276,3.98065518,100.00%,31.1344972000,0.1212396000,0.4041073000,7.8736838000,2.1476412001,20.5136517000,2.0201366000,0.0001229000,0.1733080000,31.1435863000,300,300,0
4275,200,520,40,20,6,2,Grid Scanning,Local,12,0.18989602,3.79792048,99.68%,31.3661668000,0.1289813000,0.4308610000,8.2379798001,2.2582465001,20.4314351999,1.9208577000,0.0001408001,0.1889748000,31.3748676000,312,311,1
4275,200,540,40,20,6,2,Grid Scanning,Local,12,0.18665785,3.73315692,100.00%,30.8732117000,0.1385928999,0.4789138001,8.7098977001,2.3593247001,19.3906756000,1.9391371000,0.0001277000,0.1896874000,30.8897734000,324,324,0
4275,200,560,40,20,6,2,Grid Scanning,Local,12,0.18575595,3.71511894,99.70%,32.6144178000,0.1457623999,0.5117457003,8.8690400001,2.4165189999,20.8074747000,2.0475925000,0.0001383999,0.2029759002,32.6233757000,336,335,1
4275,200,580,40,20,6,2,Grid Scanning,Local,12,0.17588330,3.51766596,100.00%,32.7110424000,0.1580031999,0.5387889000,9.4041318998,2.5686149001,20.3965550999,1.9793791000,0.0001472000,0.2053332001,32.7220362000,348,348,0
4275,200,600,40,20,6,2,Grid Scanning,Local,12,0.16984273,3.39685464,100.00%,32.6346004000,0.1718077000,0.5766304001,9.6162421999,2.6551728998,20.0955419000,1.9309052999,0.0001475000,0.2136639998,32.6493298000,360,360,0
4275,200,620,40,20,6,2,Grid Scanning,Local,12,0.16531054,3.30621087,100.00%,34.1646815000,0.1908569001,0.6426681000,10.0643230000,2.7621769000,20.9253492000,2.0779148000,0.0001816000,0.2300193000,34.1762427000,372,372,0
4275,200,640,40,20,6,2,Grid Scanning,Local,12,0.15499814,3.09996290,100.00%,33.1219764000,0.1953617000,0.6553844000,10.3205008998,2.8280880001,19.6646907000,2.0074505000,0.0001608999,0.2433067001,33.1905921000,384,384,0
4275,200,660,40,20,6,2,Grid Scanning,Local,12,0.15672540,3.13450793,100.00%,34.7960524000,0.2110206000,0.6913850999,10.6732389001,2.9634772999,20.8561426001,2.0934854000,0.0001865001,0.2360945000,34.8070940000,396,396,0
4275,200,680,40,20,6,2,Grid Scanning,Local,12,0.16692525,3.33850494,100.00%,34.7189886000,0.2182564000,0.7400497000,10.9978592002,3.0688769001,20.2875038000,2.2012764000,0.0001664000,0.2383329001,34.7310764000,408,408,0
4275,200,700,40,20,6,2,Grid Scanning,Local,12,0.14535568,2.90711361,100.00%,35.3875473000,0.2338483999,0.7915326000,11.3762929999,3.1531769998,20.5224528000,2.1764103000,0.0001708000,0.2482650999,35.3977373000,420,420,0
4275,200,720,40,20,6,2,Grid Scanning,Local,12,0.15301077,3.06021532,100.00%,36.2163973000,0.2495441999,0.8573140000,11.7027534999,3.2525177000,20.8961688999,2.2072951000,0.0001850000,0.2625669999,36.2255595000,432,432,0
4275,200,740,40,20,6,2,Grid Scanning,Local,12,0.15675530,3.13510609,100.00%,36.9642095000,0.2526418001,0.9020597999,11.9827404001,3.3728649003,21.1511118000,2.3678093000,0.0001833999,0.2639435000,36.9768875000,444,444,0
4275,200,760,40,20,6,2,Grid Scanning,Local,12,0.14268870,2.85377392,100.00%,37.7624186000,0.2700036000,0.9268484999,12.2223064003,3.4033167000,21.7720082000,2.3388510999,0.0001890001,0.1903268001,37.7737145000,456,456,0
4275,200,780,40,20,6,2,Grid Scanning,Local,12,0.14397214,2.87944285,100.00%,38.2520958000,0.2959765000,0.9719202000,12.6028159999,3.5460529998,21.7341329999,2.4150652999,0.0001889000,0.1880688000,38.2614149000,468,468,0
4275,200,800,40,20,6,2,Grid Scanning,Local,12,0.14786363,2.95727260,100.00%,39.9269789000,0.3058700000,1.0307071001,13.1228715001,3.7100380000,22.7339229000,2.4872178000,0.0002166001,0.2007002999,39.9374458000,480,480,0
4275,200,820,40,20,6,2,Grid Scanning,Local,12,0.13981459,2.79629171,100.00%,38.4995334000,0.3101653999,1.0659661003,13.2342780998,3.7242508999,21.2329313999,2.4047226000,0.0001976001,0.2048485000,38.5157459000,492,492,0
4275,200,840,40,20,6,2,Grid Scanning,Local,12,0.14366374,2.87327473,100.00%,39.5481551000,0.3305808000,1.1443096999,13.7921404000,3.8886659000,21.5228848000,2.4901653000,0.0001997999,0.2180319999,39.5574440000,504,504,0
4275,200,860,40,20,6,2,Grid Scanning,Local,12,0.13659294,2.73185870,100.00%,44.1999746000,0.3988269001,1.3655855000,15.9840065001,4.5024768998,23.3168711002,2.8424221999,0.0002784000,0.2327749999,44.2100483000,516,516,0
4275,200,880,40,20,6,2,Grid Scanning,Local,12,0.12971064,2.59421273,100.00%,40.0070892000,0.3635080000,1.2382142999,14.2389365002,4.0367205002,21.3546846000,2.5422097001,0.0002220000,0.2161385000,40.0165980000,528,528,0
4275,200,900,40,20,6,2,Grid Scanning,Local,12,0.13409807,2.68196143,100.00%,42.3051472000,0.3845256999,1.2946281002,14.6104939999,4.1449323997,23.1826186000,2.5562999000,0.0002203998,0.2241815001,42.3183779000,540,540,0
4275,200,920,40,20,6,2,Grid Scanning,Local,12,0.13224951,2.64499027,100.00%,41.7775600000,0.3949053000,1.3650318000,15.0621075997,4.2456837000,22.0846295000,2.6001992001,0.0002360001,0.2159652000,41.8013964000,552,552,0
4275,200,940,40,20,6,2,Grid Scanning,Local,12,0.13304932,2.66098648,100.00%,42.8375754000,0.4113437000,1.4133556999,15.3836051003,4.3702827998,22.6430471001,2.7038865000,0.0002261999,0.2265462999,42.8494869000,564,564,0
4275,200,960,40,20,6,2,Grid Scanning,Local,12,0.12544474,2.50889483,100.00%,42.5660469000,0.4240164998,1.5034295999,15.8231119997,4.4809684000,21.8494827000,2.6796993000,0.0002499999,0.2254946001,42.5808795000,576,576,0
4275,200,980,40,20,6,2,Grid Scanning,Local,12,0.12726650,2.54533006,100.00%,43.0876667000,0.4522747000,1.5117253004,16.1065451003,4.6018338000,21.9874012001,2.7509895001,0.0002435999,0.2198687000,43.0991909000,588,588,0
4275,200,1000,40,20,6,2,Grid Scanning,Local,12,0.11937584,2.38751676,100.00%,44.0341593000,0.4556163000,1.6064224001,16.4447402001,4.6885179001,22.4907307001,2.7440052001,0.0002490000,0.2300366999,44.0453176000,600,600,0
4275,200,60,40,20,6,2,Grid Scanning,Local,14,0.51141933,10.22838669,41.67%,4.2901876000,0.0024492000,0.0043937000,0.3232899000,0.1000827000,3.0163260000,0.8714089000,0.0000235000,0.0517816000,4.2914475000,36,15,21
4275,200,80,40,20,6,2,Grid Scanning,Local,14,0.68084937,13.61698734,66.67%,6.9686237000,0.0036459000,0.0102023000,0.6907460000,0.1789692000,4.9737182000,1.2372250000,0.0000253000,0.0394630000,6.9700280000,48,32,16
4275,200,100,40,20,6,2,Grid Scanning,Local,14,0.51868425,10.37368496,80.00%,9.7503115000,0.0059905000,0.0182324000,1.0944012000,0.2596347000,7.0080244000,1.5575122000,0.0000346999,0.0519813001,9.7518093000,60,48,12
4275,200,120,40,20,6,2,Grid Scanning,Local,14,0.47368989,9.47379777,81.94%,10.9776728000,0.0081000000,0.0257842000,1.2621413001,0.3043035001,7.8926160000,1.7145360000,0.0000364000,0.0560319000,10.9813409000,72,59,13
4275,200,140,40,20,6,2,Grid Scanning,Local,14,0.45623018,9.12460353,72.62%,10.5206423000,0.0170301000,0.0294776000,1.4670897000,0.3638252000,7.6106795000,1.3077721000,0.0000436000,0.0637416000,10.5224892000,84,61,23
4275,200,160,40,20,6,2,Grid Scanning,Local,14,0.44914419,8.98288376,83.33%,15.5449853000,0.0130965000,0.0412850000,1.9573030001,0.4853213001,11.5807059000,1.8633771999,0.0000463000,0.0655659000,15.5484003000,96,80,16
4275,200,180,40,20,6,2,Grid Scanning,Local,14,0.40868505,8.17370109,81.48%,13.2942827000,0.0157646000,0.0515835000,1.9795662001,0.4813523000,9.5707702000,1.5827175000,0.0000532000,0.0697592000,13.2987898000,108,88,20
4275,200,200,40,20,6,2,Grid Scanning,Local,14,0.40061187,8.01223732,81.67%,15.4026511000,0.0208000000,0.0620043001,2.3679469000,0.5748416001,11.1477908000,1.7026481000,0.0000629000,0.0800833000,15.4069639000,120,98,22
4275,200,220,40,20,6,2,Grid Scanning,Local,14,0.35955050,7.19101006,93.94%,19.2319713000,0.0249774999,0.0831302000,3.1493544001,0.7658865001,13.9719834000,1.8760176000,0.0000654000,0.0930273000,19.2374219000,132,124,8
4275,200,240,40,20,6,2,Grid Scanning,Local,14,0.35356697,7.07133947,88.19%,18.7961189000,0.0296085000,0.0878595000,3.2088150999,0.7863993999,13.6060661999,1.7507572000,0.0000669000,0.0923572000,18.8001660000,144,127,17
4275,200,260,40,20,6,2,Grid Scanning,Local,14,0.31725180,6.34503593,91.67%,20.7583371000,0.0334247001,0.1101128000,3.8652791000,0.9415375000,14.9342223999,1.6927349000,0.0000735000,0.1029151000,20.7627785000,156,143,13
4275,200,280,40,20,6,2,Grid Scanning,Local,14,0.29598810,5.91976200,95.83%,22.6903354000,0.0417923000,0.1317492001,4.5118488000,1.1153608000,16.0793509000,1.7960542000,0.0000778000,0.1061254999,22.6954199000,168,161,7
4275,200,300,40,20,6,2,Grid Scanning,Local,14,0.29791010,5.95820204,98.89%,23.1470907000,0.0427701000,0.1436786001,4.7960282000,1.1760474001,16.3119625000,1.7242970000,0.0000727000,0.1101355000,23.1522048000,180,178,2
4275,200,320,40,20,6,2,Grid Scanning,Local,14,0.24610783,4.92215659,95.83%,23.2256434000,0.0498668999,0.1646463000,5.0300218999,1.2346857000,16.1018833999,1.7418614000,0.0000861999,0.1152672001,23.2315463000,192,184,8
4275,200,340,40,20,6,2,Grid Scanning,Local,14,0.25499472,5.09989439,95.59%,24.0619776000,0.0598228999,0.1939377998,5.5402745000,1.3857074999,16.2406850001,1.8758925000,0.0000943000,0.1288283000,24.0694615000,204,195,9
4275,200,360,40,20,6,2,Grid Scanning,Local,14,0.25178071,5.03561414,97.22%,25.1859781000,0.0633543000,0.2057355001,5.8426022000,1.4447096999,17.1133694000,1.8074614000,0.0000974000,0.1321333000,25.1923610000,216,210,6
4275,200,380,40,20,6,2,Grid Scanning,Local,14,0.21945804,4.38916070,98.25%,26.1434752000,0.0704325001,0.2329032999,6.2925843000,1.5919024001,17.5704412000,1.8148505000,0.0001066999,0.1423704000,26.1496987000,228,224,4
4275,200,400,40,20,6,2,Grid Scanning,Local,14,0.23787249,4.75744973,96.67%,27.3331569000,0.0808465000,0.2612548999,6.6644402001,1.6912308001,18.2875052999,1.8559532000,0.0001081000,0.1599587000,27.3478790000,240,232,8
4275,200,420,40,20,6,2,Grid Scanning,Local,14,0.21127408,4.22548152,100.00%,27.1506346000,0.0870288000,0.2951364999,7.0455192000,1.7432658998,17.7525644999,1.7876459001,0.0001229000,0.1532467000,27.1600015000,252,252,0
4275,200,440,40,20,6,2,Grid Scanning,Local,14,0.22359723,4.47194453,100.00%,29.6254504000,0.0964834000,0.3173339999,7.6233965001,1.9001468999,19.3971694000,2.0053927000,0.0001114000,0.1621519000,29.6328269000,264,264,0
4275,200,460,40,20,6,2,Grid Scanning,Local,14,0.21315162,4.26303246,99.64%,29.1638259000,0.1002203000,0.3397179000,7.8686572000,1.9649898999,18.7576380000,1.9044219000,0.0001086001,0.1674784000,29.1859992000,276,275,1
4275,200,480,40,20,6,2,Grid Scanning,Local,14,0.19596233,3.91924652,100.00%,30.0737239000,0.1080993999,0.3664624999,8.3977868000,2.1114037000,19.1669158000,1.8342827999,0.0001215000,0.1770877001,30.0866950000,288,288,0
4275,200,500,40,20,6,2,Grid Scanning,Local,14,0.19757654,3.95153089,100.00%,30.7897973000,0.1195694001,0.4098708000,8.5989867001,2.1529579000,19.4481129000,2.0041509000,0.0001226999,0.1818889000,30.8004567000,300,300,0
4275,200,520,40,20,6,2,Grid Scanning,Local,14,0.18960966,3.79219326,99.68%,31.2984712000,0.1265797999,0.4313924998,9.0974448001,2.2823287000,19.5065507000,1.9216137000,0.0001232000,0.1884043999,31.3112203000,312,311,1
4275,200,540,40,20,6,2,Grid Scanning,Local,14,0.18626953,3.72539068,100.00%,30.6873087000,0.1382041000,0.4616861000,9.4657451000,2.4002200001,18.4912690000,1.9074332000,0.0001321001,0.1965283000,30.7035524000,324,324,0
4275,200,560,40,20,6,2,Grid Scanning,Local,14,0.18437762,3.68755231,99.70%,32.5693921000,0.1482936000,0.5036106001,9.8573457998,2.4864081999,19.8152356000,2.0146810000,0.0001385999,0.2009242998,32.5789867000,336,335,1
4275,200,580,40,20,6,2,Grid Scanning,Local,14,0.17469693,3.49393866,100.00%,32.0097690000,0.1578213999,0.5383140002,10.1516663999,2.5870697000,18.9658128999,1.9576463000,0.0001356999,0.2096448000,32.0203247000,348,348,0
4275,200,600,40,20,6,2,Grid Scanning,Local,14,0.16785920,3.35718398,100.00%,32.7775184000,0.1664199000,0.5861717000,10.6399902002,2.7260695000,19.2432178001,1.8924468999,0.0001584999,0.2208598999,32.7928926000,360,360,0
4275,200,620,40,20,6,2,Grid Scanning,Local,14,0.16447384,3.28947683,100.00%,33.7552959000,0.1891230000,0.6314803999,10.9735520999,2.8294243001,19.6070649999,2.0902467001,0.0001549000,0.2304658000,33.7729993000,372,372,0
4275,200,640,40,20,6,2,Grid Scanning,Local,14,0.15415725,3.08314491,100.00%,33.2604571000,0.1915137999,0.6390449001,11.3068164000,2.9209805005,18.8811363000,1.9797232000,0.0001565000,0.2295271999,33.2814604000,384,384,0
4275,200,660,40,20,6,2,Grid Scanning,Local,14,0.15589692,3.11793842,100.00%,34.5771589000,0.2003492001,0.7074461001,11.6581235000,3.0219119000,19.7166452999,2.0261922000,0.0001614999,0.2338294001,34.5920795000,396,396,0
4275,200,680,40,20,6,2,Grid Scanning,Local,14,0.16644466,3.32889323,100.00%,35.5816525000,0.2138341999,0.7538409002,12.0292960003,3.1032063999,20.0861678999,2.2003978000,0.0001670999,0.2636620001,35.6021228000,408,408,0
4275,200,700,40,20,6,2,Grid Scanning,Local,14,0.14471688,2.89433765,100.00%,35.2680935000,0.2276455000,0.7856384000,12.4109099999,3.2352327001,19.4074726000,2.1291482000,0.0001721000,0.2478532001,35.2753279000,420,420,0
4275,200,720,40,20,6,2,Grid Scanning,Local,14,0.15257981,3.05159624,100.00%,36.4229279000,0.2444401000,0.8411438000,12.7264491999,3.3223897001,20.0723125001,2.2427481001,0.0001993000,0.2578001999,36.4354162000,432,432,0
4275,200,740,40,20,6,2,Grid Scanning,Local,14,0.15565599,3.11311970,100.00%,36.8696594000,0.2509980000,0.8949127001,13.0222513001,3.3993172000,20.0080918000,2.3849749000,0.0001775000,0.2616664000,36.8789028000,444,444,0
4275,200,760,40,20,6,2,Grid Scanning,Local,14,0.14141227,2.82824542,100.00%,37.4440981000,0.2704930000,0.9083154999,13.3118311001,3.4318163998,20.4281285999,2.3028628000,0.0001810000,0.1809498001,37.4575988000,456,456,0
4275,200,780,40,20,6,2,Grid Scanning,Local,14,0.14322086,2.86441716,100.00%,38.1385963000,0.2854703001,0.9975544000,13.9233697000,3.6392165999,20.2645378000,2.4108528000,0.0002149000,0.2080502000,38.1483496000,468,468,0
4275,200,800,40,20,6,2,Grid Scanning,Local,14,0.14665914,2.93318276,100.00%,37.0151104000,0.2712358000,0.9399104000,13.2903261999,3.4043063999,19.9641274000,2.3081644000,0.0001941999,0.2017036000,37.0379012000,480,480,0
4275,200,820,40,20,6,2,Grid Scanning,Local,14,0.13886914,2.77738285,100.00%,35.6568501000,0.2852085000,0.9591003999,13.1704372000,3.3772133000,18.7210569000,2.2956458001,0.0001811000,0.1876101998,35.6699937000,492,492,0
4275,200,840,40,20,6,2,Grid Scanning,Local,14,0.14307905,2.86158099,100.00%,36.3964365000,0.2904278001,1.0086539000,13.5716378001,3.4526839997,18.9357779000,2.3633738000,0.0001806001,0.1866369001,36.4112858000,504,504,0
4275,200,860,40,20,6,2,Grid Scanning,Local,14,0.13657714,2.73154283,100.00%,36.1418595000,0.3026456000,1.0987861001,13.9690222004,3.5606158001,18.2225723000,2.3133537001,0.0002074999,0.1948034001,36.1509394000,516,516,0
4275,200,880,40,20,6,2,Grid Scanning,Local,14,0.12912986,2.58259729,100.00%,36.5316969000,0.3264011000,1.1126692000,14.1194287000,3.6309590999,18.4462373000,2.2891987001,0.0002070000,0.1945383000,36.5721907000,528,528,0
4275,200,900,40,20,6,2,Grid Scanning,Local,14,0.13229053,2.64581066,100.00%,38.2031598000,0.3434501001,1.1747221999,14.4858073997,3.7167963998,19.6068910000,2.3615003000,0.0001951999,0.1888702000,38.2204196000,540,540,0
4275,200,920,40,20,6,2,Grid Scanning,Local,14,0.13084287,2.61685741,100.00%,38.3101975000,0.3440799000,1.2069825000,14.7989091999,3.8247576000,19.3121578000,2.4097475000,0.0002134001,0.1912955000,38.3211090000,552,552,0
4275,200,940,40,20,6,2,Grid Scanning,Local,14,0.13190476,2.63809522,100.00%,39.5989399000,0.3838630001,1.2787959002,15.2255875999,3.9147914000,19.9379490998,2.5254856999,0.0002597999,0.1978585002,39.6158900000,564,564,0
4275,200,960,40,20,6,2,Grid Scanning,Local,14,0.12452993,2.49059865,100.00%,39.0676857000,0.3869421000,1.3438061000,15.6312223999,4.0303587001,18.9652233001,2.4902395000,0.0002076999,0.2020404001,39.0791734000,576,576,0
4275,200,980,40,20,6,2,Grid Scanning,Local,14,0.12626045,2.52520909,100.00%,39.7437943000,0.4015566001,1.3867781999,15.9411725001,4.1269749003,19.1778853000,2.5857097000,0.0002116000,0.1998535998,39.7541509000,588,588,0
4275,200,1000,40,20,6,2,Grid Scanning,Local,14,0.11821746,2.36434924,100.00%,40.3100012000,0.4197996000,1.4393280998,16.2526782001,4.2389647999,19.3894984000,2.5627686001,0.0002189000,0.1956006001,40.3231140000,600,600,0
4275,200,60,40,20,6,2,Grid Scanning,Local,14,0.51141933,10.22838669,41.67%,3.7900129000,0.0015555000,0.0034969000,0.2670493000,0.0761622999,2.7653319000,0.7120270000,0.0000173000,0.0346935000,3.7911053000,36,15,21
4275,200,80,40,20,6,2,Grid Scanning,Local,14,0.68084937,13.61698734,66.67%,6.7121702000,0.0034178000,0.0098156999,0.6107006000,0.1497163000,4.8221724000,1.2125921000,0.0000233000,0.0379223000,6.7139685000,48,32,16
4275,200,100,40,20,6,2,Grid Scanning,Local,14,0.51868425,10.37368496,80.00%,8.7353705000,0.0047783000,0.0154085000,0.9415667000,0.2196017000,6.4082813000,1.3086564000,0.0000266000,0.0451758000,8.7369053000,60,48,12
4275,200,120,40,20,6,2,Grid Scanning,Local,14,0.47368989,9.47379777,81.94%,9.7655166000,0.0067701000,0.0233687000,1.1062920001,0.2627294000,7.0394587000,1.5239221000,0.0000303000,0.0488196000,9.7674199000,72,59,13
4275,200,140,40,20,6,2,Grid Scanning,Local,14,0.45623018,9.12460353,72.62%,9.9228123000,0.0103037000,0.0262167000,1.3275008001,0.3259500999,7.2168000000,1.2706101000,0.0000413000,0.0553023000,9.9248761000,84,61,23
4275,200,160,40,20,6,2,Grid Scanning,Local,14,0.44914419,8.98288376,83.33%,14.5516472000,0.0118279000,0.0372268000,1.8018180999,0.4195029000,10.8265085000,1.7985402000,0.0000426000,0.0607898000,14.5539755000,96,80,16
4275,200,180,40,20,6,2,Grid Scanning,Local,14,0.40868505,8.17370109,81.48%,12.3737658000,0.0152247001,0.0461898000,1.8102448000,0.4382791000,8.9435442001,1.4731886000,0.0000471000,0.0645607000,12.3785585000,108,88,20
4275,200,200,40,20,6,2,Grid Scanning,Local,14,0.40061187,8.01223732,81.67%,14.4208485000,0.0188799000,0.0576353000,2.1999540000,0.5405422999,10.4776241000,1.5634230000,0.0000532000,0.0733682000,14.4246671000,120,98,22
4275,200,220,40,20,6,2,Grid Scanning,Local,14,0.35955050,7.19101006,93.94%,17.5077753000,0.0213123000,0.0793289000,2.8531402000,0.6718552000,12.7477397000,1.7063984000,0.0000516000,0.0792162000,17.5115708000,132,124,8
4275,200,240,40,20,6,2,Grid Scanning,Local,14,0.35356697,7.07133947,88.19%,17.5430895000,0.0252954000,0.0823863000,2.9885193000,0.7252389000,12.6781018000,1.6662552000,0.0000582000,0.0825445001,17.5490347000,144,127,17
4275,200,260,40,20,6,2,Grid Scanning,Local,14,0.31725180,6.34503593,91.67%,19.6433652000,0.0306369000,0.0993121999,3.5392665999,0.8563645000,14.2383601000,1.6221918000,0.0000631000,0.0957620999,19.6477898000,156,143,13
4275,200,280,40,20,6,2,Grid Scanning,Local,14,0.29598810,5.91976200,95.83%,20.7486338000,0.0364005001,0.1171294001,4.0798041000,0.9733751999,14.8174418000,1.5834095999,0.0000664000,0.0992526001,20.7549202000,168,161,7
4275,200,300,40,20,6,2,Grid Scanning,Local,14,0.29791010,5.95820204,98.89%,21.6051342000,0.0391198000,0.1367350999,4.4451165000,1.0764486998,15.2165718000,1.6518563000,0.0000715000,0.1003576001,21.6099750000,180,178,2
4275,200,320,40,20,6,2,Grid Scanning,Local,14,0.24610783,4.92215659,95.83%,21.9884979000,0.0440433000,0.1491416001,4.6102406002,1.1084108999,15.3956223001,1.6628894001,0.0000879000,0.1023972999,21.9934959000,192,184,8
4275,200,340,40,20,6,2,Grid Scanning,Local,14,0.25499472,5.09989439,95.59%,21.9365177000,0.0494612999,0.1756187999,4.8942116000,1.1838792000,15.0286114000,1.6583873000,0.0000786999,0.1111591001,21.9463028000,204,195,9
4275,200,360,40,20,6,2,Grid Scanning,Local,14,0.25178071,5.03561414,97.22%,23.5936283000,0.0581788000,0.1910005999,5.4136173000,1.3186195998,16.1214264000,1.6661030000,0.0000827000,0.1243985000,23.5992715000,216,210,6
4275,200,380,40,20,6,2,Grid Scanning,Local,14,0.21945804,4.38916070,98.25%,24.5767666000,0.0640718000,0.2102399999,5.8367432999,1.4222221000,16.6407034999,1.6805936000,0.0000859001,0.1263638001,24.5850949000,228,224,4
4275,200,400,40,20,6,2,Grid Scanning,Local,14,0.23787249,4.75744973,96.67%,25.2073329000,0.0696692000,0.2324907001,6.0142742999,1.4705636999,16.9968104000,1.7424932000,0.0000934000,0.1312106999,25.2145294000,240,232,8
4275,200,420,40,20,6,2,Grid Scanning,Local,14,0.21127408,4.22548152,100.00%,25.4711424000,0.0769842000,0.2672755000,6.5528727999,1.5745189002,16.6783000999,1.7266849000,0.0000916000,0.1422486999,25.4776606000,252,252,0
4275,200,440,40,20,6,2,Grid Scanning,Local,14,0.22359723,4.47194453,100.00%,26.9759248000,0.0824913000,0.2831571999,6.8625971002,1.6824850001,17.7801786000,1.8030531000,0.0000972000,0.1444151000,26.9863053000,264,264,0
4275,200,460,40,20,6,2,Grid Scanning,Local,14,0.21315162,4.26303246,99.64%,27.0857361000,0.0976553000,0.3063468999,7.1325647999,1.7382209000,17.6229377000,1.7575790000,0.0000992000,0.1467412000,27.0937127000,276,275,1
4275,200,480,40,20,6,2,Grid Scanning,Local,14,0.19596233,3.91924652,100.00%,27.9692672000,0.1035163001,0.3417606000,7.6012811002,1.8715191001,17.9339019000,1.8104134999,0.0001076000,0.1585348999,27.9771786000,288,288,0
4275,200,500,40,20,6,2,Grid Scanning,Local,14,0.19757654,3.95153089,100.00%,28.5551780000,0.1081627999,0.3669494002,7.7547266000,1.9303834999,18.2756198001,1.8574662999,0.0001091000,0.1677200000,28.5635907000,300,300,0
4275,200,520,40,20,6,2,Grid Scanning,Local,14,0.18960966,3.79219326,99.68%,29.4453581000,0.1192066001,0.4103342000,8.4941543998,2.0954104001,18.3715564000,1.8508189999,0.0001154000,0.1756009001,29.4532722000,312,311,1
4275,200,540,40,20,6,2,Grid Scanning,Local,14,0.18626953,3.72539068,100.00%,29.2751772000,0.1320404000,0.4401783000,8.8713050001,2.2089495999,17.8038858999,1.8253709999,0.0001191000,0.1772024000,29.2839114000,324,324,0
4275,200,560,40,20,6,2,Grid Scanning,Local,14,0.18437762,3.68755231,99.70%,30.6143598000,0.1399548001,0.4648905000,8.9329921999,2.2088960000,18.9114193000,1.9576909999,0.0001261999,0.1810363000,30.6234704000,336,335,1
4275,200,580,40,20,6,2,Grid Scanning,Local,14,0.17469693,3.49393866,100.00%,30.0586673000,0.1431389000,0.4912585001,9.3275647999,2.2899537000,18.0411352000,1.8389434000,0.0001173000,0.1913987000,30.0690176000,348,348,0
4275,200,600,40,20,6,2,Grid Scanning,Local,14,0.16785920,3.35718398,100.00%,30.4224248000,0.1538105000,0.5332197000,9.6424146001,2.3787129999,18.0651973999,1.8096259999,0.0001267000,0.1922107999,30.4339933000,360,360,0
4275,200,620,40,20,6,2,Grid Scanning,Local,14,0.16447384,3.28947683,100.00%,30.8942345000,0.1632361000,0.5722067000,9.9317314000,2.4784611000,18.0960995001,1.8993444000,0.0001351001,0.2033949001,30.9034092000,372,372,0
4275,200,640,40,20,6,2,Grid Scanning,Local,14,0.15415725,3.08314491,100.00%,30.4317156000,0.1690014999,0.5850538001,10.1539605000,2.5424860999,17.4732187000,1.8184650000,0.0001469000,0.2031635000,30.4429105000,384,384,0
4275,200,660,40,20,6,2,Grid Scanning,Local,14,0.15589692,3.11793842,100.00%,32.5238647000,0.1836393999,0.6268187999,10.6187596000,2.6482719000,18.9149375999,1.9309182000,0.0001426999,0.2195830000,32.5846799000,396,396,0
4275,200,680,40,20,6,2,Grid Scanning,Local,14,0.16644466,3.32889323,100.00%,32.4198227000,0.1977750999,0.6748035001,10.8997908000,2.7328685000,18.3358655000,2.0611128000,0.0001456000,0.2191235000,32.4328159000,408,408,0
4275,200,700,40,20,6,2,Grid Scanning,Local,14,0.14471688,2.89433765,100.00%,32.8025267000,0.2131331000,0.7223971001,11.3200007001,2.8532983001,18.2560568000,2.0320520000,0.0001616999,0.2255601999,32.8134377000,420,420,0
4275,200,720,40,20,6,2,Grid Scanning,Local,14,0.15257981,3.05159624,100.00%,32.9789072000,0.2238232001,0.7528854999,11.5692462999,2.9439091999,18.1442045999,2.0283034000,0.0001563999,0.2263111000,32.9866236000,432,432,0
4275,200,740,40,20,6,2,Grid Scanning,Local,14,0.15565599,3.11311970,100.00%,34.4616482000,0.2359576998,0.8101121000,12.0328073001,3.0520787001,18.8480924000,2.2561581000,0.0001656000,0.2408818000,34.4737359000,444,444,0
4275,200,760,40,20,6,2,Grid Scanning,Local,14,0.14141227,2.82824542,100.00%,35.0492611000,0.2451690000,0.8417166998,12.2330915999,3.0866697000,19.3681901000,2.1523866999,0.0001662000,0.1714182999,35.0579440000,456,456,0
4275,200,780,40,20,6,2,Grid Scanning,Local,14,0.14322086,2.86441716,100.00%,35.0628683000,0.2640282000,0.8810448000,12.5378662997,3.1868252999,18.9351725001,2.2341585000,0.0001879001,0.1738825999,35.0743408000,468,468,0
4275,200,800,40,20,6,2,Grid Scanning,Local,14,0.14665914,2.93318276,100.00%,36.4319026000,0.2774387000,0.9432454999,13.0892322000,3.2984991999,19.6780749000,2.2220027001,0.0001701001,0.1819341000,36.4539628000,480,480,0
4275,200,820,40,20,6,2,Grid Scanning,Local,14,0.13886914,2.77738285,100.00%,35.9340481000,0.2838360000,0.9852693998,13.3442144001,3.4001597999,18.8521084999,2.2446758001,0.0001766000,0.1842284000,35.9460255000,492,492,0
4275,200,840,40,20,6,2,Grid Scanning,Local,14,0.14307905,2.86158099,100.00%,36.7938012000,0.2907279001,1.0331352000,13.6433300002,3.4681122999,19.2826403000,2.3111646000,0.0001794000,0.1915490000,36.8025553000,504,504,0
4275,200,860,40,20,6,2,Grid Scanning,Local,14,0.13657714,2.73154283,100.00%,35.6692631000,0.3089112001,1.0457194000,13.7430309000,3.5024543000,18.0491680001,2.2893276000,0.0001864001,0.1893018001,35.6843493000,516,516,0
4275,200,880,40,20,6,2,Grid Scanning,Local,14,0.12912986,2.58259729,100.00%,37.2024241000,0.3215841999,1.1209563001,14.2161678001,3.6308140001,18.9697449999,2.3332479000,0.0002078000,0.1953955000,37.2109620000,528,528,0
4275,200,900,40,20,6,2,Grid Scanning,Local,14,0.13229053,2.64581066,100.00%,38.3694547000,0.3457333001,1.2179647999,14.7082890998,3.7570969002,19.4402552000,2.4173039000,0.0001970000,0.1930602000,38.3834605000,540,540,0
4275,200,920,40,20,6,2,Grid Scanning,Local,14,0.13084287,2.61685741,100.00%,38.5938598000,0.3569273001,1.2307850002,14.9505015001,3.8291195001,19.3878197000,2.4236979000,0.0002007002,0.1955467999,38.6038518000,552,552,0
4275,200,940,40,20,6,2,Grid Scanning,Local,14,0.13190476,2.63809522,100.00%,39.5826058000,0.3631861000,1.2897830002,15.4241368001,3.9851750998,19.7911894000,2.4722093000,0.0002766001,0.1910686000,39.5941591000,564,564,0
4275,200,960,40,20,6,2,Grid Scanning,Local,14,0.12452993,2.49059865,100.00%,38.9052101000,0.3824835002,1.3174870001,15.5277456999,4.0256271000,18.9872496999,2.4450177001,0.0002012001,0.1972702000,38.9209328000,576,576,0
4275,200,980,40,20,6,2,Grid Scanning,Local,14,0.12626045,2.52520909,100.00%,39.9536493000,0.4003805000,1.3853540000,16.0547189999,4.1685764000,19.2926448001,2.5653303001,0.0002449000,0.2018980002,39.9715823000,588,588,0
4275,200,1000,40,20,6,2,Grid Scanning,Local,14,0.11821746,2.36434924,100.00%,40.9210375000,0.4108939000,1.4764198999,16.5812878997,4.3152001998,19.5984323999,2.6050795001,0.0002371000,0.1977813000,40.9383556000,600,600,0
4275,200,60,40,20,6,2,Grid Scanning,Local,14,0.51141933,10.22838669,41.67%,3.6995948000,0.0017612000,0.0034482000,0.2646202000,0.0780727000,2.6806042000,0.7071616000,0.0000193000,0.0361061000,3.7007666000,36,15,21
4275,200,80,40,20,6,2,Grid Scanning,Local,14,0.68084937,13.61698734,66.67%,6.7393918000,0.0034246000,0.0105306001,0.6305701000,0.1501139000,4.8950031000,1.1496268000,0.0000255000,0.0395920000,6.7410331000,48,32,16
4275,200,100,40,20,6,2,Grid Scanning,Local,14,0.51868425,10.37368496,80.00%,9.0973767000,0.0048752000,0.0167719000,1.0433108000,0.2506553999,6.6036006000,1.3651088000,0.0000271000,0.0500530000,9.1005981000,60,48,12
4275,200,120,40,20,6,2,Grid Scanning,Local,14,0.47368989,9.47379777,81.94%,9.9305086000,0.0066970000,0.0235156000,1.1370429000,0.2824797000,7.1464363000,1.5413707000,0.0000310000,0.0581317999,9.9332862000,72,59,13
4275,200,140,40,20,6,2,Grid Scanning,Local,14,0.45623018,9.12460353,72.62%,10.0351721000,0.0091139000,0.0265507000,1.3308583000,0.3194842000,7.3662462000,1.2306423000,0.0000386999,0.0566999000,10.0379494000,84,61,23
4275,200,160,40,20,6,2,Grid Scanning,Local,14,0.44914419,8.98288376,83.33%,14.3867408000,0.0127684000,0.0419645000,1.8695620998,0.4350121999,10.6802053000,1.7017975000,0.0000466000,0.0650546000,14.3893738000,96,80,16
4275,200,180,40,20,6,2,Grid Scanning,Local,14,0.40868505,8.17370109,81.48%,12.5555234000,0.0158964001,0.0457352000,1.8830668000,0.4485440000,8.9960871000,1.5253338000,0.0000467000,0.0677271000,12.5594080000,108,88,20
4275,200,200,40,20,6,2,Grid Scanning,Local,14,0.40061187,8.01223732,81.67%,14.6772143000,0.0185105999,0.0560614000,2.2652320000,0.5408808001,10.6376515000,1.6083571000,0.0000512000,0.0684195999,14.7111655000,120,98,22
4275,200,220,40,20,6,2,Grid Scanning,Local,14,0.35955050,7.19101006,93.94%,17.6421223000,0.0228910000,0.0773310000,2.9107450001,0.6981255000,12.7826636000,1.7377426000,0.0000516000,0.0833534000,17.6478628000,132,124,8
4275,200,240,40,20,6,2,Grid Scanning,Local,14,0.35356697,7.07133947,88.19%,17.4787283000,0.0258378000,0.0824746000,2.9749684999,0.7219024999,12.6059251999,1.6880573000,0.0000589000,0.0804247000,17.4828785000,144,127,17
4275,200,260,40,20,6,2,Grid Scanning,Local,14,0.31725180,6.34503593,91.67%,19.6719664000,0.0307752000,0.1047632000,3.5139032000,0.8316829001,14.2009349000,1.6852016000,0.0000653001,0.0931592000,19.6764374000,156,143,13
4275,200,280,40,20,6,2,Grid Scanning,Local,14,0.29598810,5.91976200,95.83%,21.2541703000,0.0396202000,0.1256031999,4.1817744999,0.9876663000,15.1190369000,1.6753164001,0.0000631001,0.0976800000,21.2595662000,168,161,7
4275,200,300,40,20,6,2,Grid Scanning,Local,14,0.29791010,5.95820204,98.89%,21.6064837000,0.0394321000,0.1388166998,4.4855775999,1.0706609000,15.1763074000,1.6448847000,0.0000691001,0.1055363000,21.6124286000,180,178,2
4275,200,320,40,20,6,2,Grid Scanning,Local,14,0.24610783,4.92215659,95.83%,21.5658372000,0.0476598001,0.1514762000,4.5448305999,1.1003060000,15.0740856001,1.6141530000,0.0000742000,0.1129069001,21.5724010000,192,184,8
4275,200,340,40,20,6,2,Grid Scanning,Local,14,0.25499472,5.09989439,95.59%,22.4775113000,0.0538899000,0.1732312000,4.9780038999,1.1938283001,15.4407749000,1.7006093001,0.0000822000,0.1108998000,22.4827406000,204,195,9
4275,200,360,40,20,6,2,Grid Scanning,Local,14,0.25178071,5.03561414,97.22%,23.3912712000,0.0560561999,0.1889602001,5.2994663999,1.2817974000,16.0393954000,1.6730210000,0.0000830000,0.1155333999,23.3972429000,216,210,6
4275,200,380,40,20,6,2,Grid Scanning,Local,14,0.21945804,4.38916070,98.25%,24.0865282000,0.0632739000,0.2125873000,5.7724458999,1.4015748997,16.2656877001,1.6319897000,0.0000834000,0.1214231000,24.0934908000,228,224,4
4275,200,400,40,20,6,2,Grid Scanning,Local,14,0.23787249,4.75744973,96.67%,25.3700904000,0.0705411000,0.2367972001,5.9807184999,1.4581614001,17.2011533999,1.7286189000,0.0000899000,0.1321317000,25.3771983000,240,232,8
4275,200,420,40,20,6,2,Grid Scanning,Local,14,0.21127408,4.22548152,100.00%,25.0041030000,0.0764804000,0.2603326000,6.4155405000,1.5933800001,16.3882969000,1.7009351000,0.0000921999,0.1392058000,25.0108860000,252,252,0
4275,200,440,40,20,6,2,Grid Scanning,Local,14,0.22359723,4.47194453,100.00%,27.4675338000,0.0808840000,0.2882841000,6.8935745999,1.6879006999,18.1805452001,1.8645426000,0.0000984999,0.1393773000,27.4770367000,264,264,0
4275,200,460,40,20,6,2,Grid Scanning,Local,14,0.21315162,4.26303246,99.64%,27.2466011000,0.0919910000,0.3315696000,7.2189104001,1.7537555001,17.6431252001,1.7625465000,0.0000982000,0.1526754000,27.2549784000,276,275,1
4275,200,480,40,20,6,2,Grid Scanning,Local,14,0.19596233,3.91924652,100.00%,27.9393586000,0.1002867000,0.3477888000,7.6891401999,1.8856834000,17.8747231000,1.7505038000,0.0001047999,0.1569076999,27.9469468000,288,288,0
4275,200,500,40,20,6,2,Grid Scanning,Local,14,0.19757654,3.95153089,100.00%,28.5942995000,0.1078263999,0.3647658001,7.7879197997,1.9228586000,18.2865847001,1.8616174000,0.0001109000,0.1609178000,28.6040265000,300,300,0
4275,200,520,40,20,6,2,Grid Scanning,Local,14,0.18960966,3.79219326,99.68%,28.6401757000,0.1141112000,0.3954737000,8.1805250999,2.0132953000,17.9662150001,1.7921903000,0.0001133999,0.1680644001,28.6486310000,312,311,1
4275,200,540,40,20,6,2,Grid Scanning,Local,14,0.18626953,3.72539068,100.00%,28.8123434000,0.1279819999,0.4407433001,8.8055371000,2.1657667001,17.4227344001,1.8066641001,0.0001197000,0.1852373999,28.8314738000,324,324,0
4275,200,560,40,20,6,2,Grid Scanning,Local,14,0.18437762,3.68755231,99.70%,30.0084065000,0.1339292000,0.4563547999,8.8056293001,2.1849806001,18.4987754001,1.9123863001,0.0001231000,0.1755153001,30.0167330000,336,335,1
4275,200,580,40,20,6,2,Grid Scanning,Local,14,0.17469693,3.49393866,100.00%,29.8767041000,0.1412643000,0.4973883002,9.2472306000,2.3092313000,17.9021269001,1.8816118000,0.0001403000,0.1814376000,29.8865934000,348,348,0
4275,200,600,40,20,6,2,Grid Scanning,Local,14,0.16785920,3.35718398,100.00%,30.0521494000,0.1509537000,0.5242496999,9.5895702003,2.3933816002,17.7353199999,1.8332685000,0.0001263000,0.1925637999,30.0627660000,360,360,0
4275,200,620,40,20,6,2,Grid Scanning,Local,14,0.16447384,3.28947683,100.00%,34.0201158000,0.1878666000,0.6430846001,11.0241835000,2.7636599001,19.8358822000,2.0812914000,0.0001537999,0.2165306000,34.0409186000,372,372,0
4275,200,640,40,20,6,2,Grid Scanning,Local,14,0.15415725,3.08314491,100.00%,32.3551780000,0.1799806999,0.6137770001,10.7334502002,2.7350322000,18.6216197000,1.9571256999,0.0001439002,0.2192400000,32.3769370000,384,384,0
4275,200,660,40,20,6,2,Grid Scanning,Local,14,0.15589692,3.11793842,100.00%,32.2105333000,0.1824610000,0.6337114000,10.6568954000,2.7143545997,18.5417670001,1.9584975000,0.0001418000,0.2081190000,32.2274349000,396,396,0
4275,200,680,40,20,6,2,Grid Scanning,Local,14,0.16644466,3.32889323,100.00%,32.2995518000,0.1946563000,0.6641595998,10.9306081998,2.7470580999,18.1937748000,2.0666057000,0.0001497001,0.2155499000,32.3108084000,408,408,0
4275,200,700,40,20,6,2,Grid Scanning,Local,14,0.14471688,2.89433765,100.00%,32.5682845000,0.2113899000,0.7101061999,11.2445947000,2.8554208002,18.1027343000,2.0310097000,0.0001531000,0.2354853999,32.5771496000,420,420,0
4275,200,720,40,20,6,2,Grid Scanning,Local,14,0.15257981,3.05159624,100.00%,33.5257263000,0.2122581000,0.7519930000,11.6741718999,2.9635691998,18.5777621999,2.0493961000,0.0001528000,0.2243481000,33.5337504000,432,432,0
4275,200,740,40,20,6,2,Grid Scanning,Local,14,0.15565599,3.11311970,100.00%,34.1886755000,0.2288837001,0.7889576000,11.9379844999,3.0524265001,18.7395978000,2.2157651001,0.0001648000,0.2401956000,34.1989856000,444,444,0
4275,200,760,40,20,6,2,Grid Scanning,Local,14,0.14141227,2.82824542,100.00%,34.3603185000,0.2465843000,0.8365854999,12.2119425998,3.1081019003,18.7011691000,2.1548018001,0.0001777999,0.1710486999,34.3713768000,456,456,0
4275,200,780,40,20,6,2,Grid Scanning,Local,14,0.14322086,2.86441716,100.00%,34.9343245000,0.2540482000,0.8714952001,12.4498499999,3.1599044000,18.9360211999,2.2171063000,0.0001837000,0.1689635001,34.9453676000,468,468,0
4275,200,800,40,20,6,2,Grid Scanning,Local,14,0.14665914,2.93318276,100.00%,35.8475155000,0.2716592001,0.9202804997,12.8434940004,3.2863128000,19.3661539001,2.2256868000,0.0001772000,0.1810422001,35.8583719000,480,480,0
4275,200,820,40,20,6,2,Grid Scanning,Local,14,0.13886914,2.77738285,100.00%,36.1156216000,0.2812769999,0.9913072000,13.2995565004,3.4091157997,19.0231502000,2.2841293000,0.0001958000,0.1961551998,36.1256261000,492,492,0
4275,200,840,40,20,6,2,Grid Scanning,Local,14,0.14307905,2.86158099,100.00%,36.5209593000,0.3063895998,1.0354504002,13.6003396000,3.4728125002,19.0302279000,2.3157533000,0.0001842000,0.1911804002,36.5298901000,504,504,0
4275,200,860,40,20,6,2,Grid Scanning,Local,14,0.13657714,2.73154283,100.00%,36.3052451000,0.3066628000,1.0648110000,14.1747275999,3.6188814000,18.2363919000,2.2878488000,0.0001879001,0.1921809999,36.3157430000,516,516,0
4275,200,880,40,20,6,2,Grid Scanning,Local,14,0.12912986,2.58259729,100.00%,36.7344501000,0.3215775001,1.1129009001,14.2196163002,3.6959478999,18.5349217000,2.3095394999,0.0002059001,0.1908756999,36.7469257000,528,528,0
4275,200,900,40,20,6,2,Grid Scanning,Local,14,0.13229053,2.64581066,100.00%,38.4550827000,0.3321061999,1.1563014999,14.5773981002,3.7636169002,19.8020242001,2.3545662000,0.0001967002,0.1893220998,38.4980473000,540,540,0
4275,200,920,40,20,6,2,Grid Scanning,Local,14,0.13084287,2.61685741,100.00%,38.6976978000,0.3621100000,1.2358726997,14.8988729002,3.8419568001,19.5015853000,2.4563535000,0.0002030000,0.1954139002,38.7148901000,552,552,0
4275,200,940,40,20,6,2,Grid Scanning,Local,14,0.13190476,2.63809522,100.00%,39.6698199000,0.3667687001,1.2476764998,15.3257982998,4.0001041999,20.0292398000,2.4555392000,0.0002020999,0.1964042000,39.6827135000,564,564,0
4275,200,960,40,20,6,2,Grid Scanning,Local,14,0.12452993,2.49059865,100.00%,38.8614716000,0.3952889000,1.3219946000,15.4731861000,4.0196955998,18.9722947000,2.4547941000,0.0002061000,0.1936430001,38.8747750000,576,576,0
4275,200,980,40,20,6,2,Grid Scanning,Local,14,0.12626045,2.52520909,100.00%,39.7175137000,0.3951343001,1.3867119001,15.9761990002,4.1739007999,19.1890764001,2.5219990001,0.0002088001,0.1987346001,39.7302890000,588,588,0
4275,200,1000,40,20,6,2,Grid Scanning,Local,14,0.11821746,2.36434924,100.00%,40.6521604000,0.4255280000,1.4703669999,16.3823564001,4.2573329003,19.5595969999,2.5507319001,0.0002220000,0.2088187997,40.6657734000,600,600,0
4275,200,60,40,20,6,2,Grid Scanning,Local,16,0.51141933,10.22838669,41.67%,3.9250907000,0.0017243000,0.0038675001,0.2780979000,0.0808507999,2.8684802000,0.7317660000,0.0000191000,0.0348217000,3.9261033000,36,15,21
4275,200,80,40,20,6,2,Grid Scanning,Local,16,0.68084937,13.61698734,66.67%,6.5989663000,0.0035701000,0.0092731001,0.7337344000,0.1916934000,4.6982165000,1.1010497000,0.0000240000,0.0396603000,6.6006185000,48,32,16
4275,200,100,40,20,6,2,Grid Scanning,Local,16,0.51868425,10.37368496,80.00%,9.0656522000,0.0045508000,0.0156066999,1.0276394000,0.2281554001,6.5939484000,1.3663247000,0.0000260000,0.0461827000,9.0674258000,60,48,12
4275,200,120,40,20,6,2,Grid Scanning,Local,16,0.47368989,9.47379777,81.94%,9.8031395000,0.0071485000,0.0253744000,1.2341066000,0.2823677000,6.9324059001,1.5171116000,0.0000317000,0.0545124000,9.8054729000,72,59,13
4275,200,140,40,20,6,2,Grid Scanning,Local,16,0.45623018,9.12460353,72.62%,10.3673519000,0.0101022000,0.0270876999,1.4822067000,0.3245619000,7.4850497000,1.2928742000,0.0000410000,0.0554860000,10.3693197000,84,61,23
4275,200,160,40,20,6,2,Grid Scanning,Local,16,0.44914419,8.98288376,83.33%,14.3860643000,0.0120128000,0.0370579000,1.9215307000,0.4307918000,10.6663775000,1.6730646000,0.0000418000,0.0618854000,14.3882728000,96,80,16
4275,200,180,40,20,6,2,Grid Scanning,Local,16,0.40868505,8.17370109,81.48%,12.4476821000,0.0190488000,0.0485988000,2.0290398999,0.4543495001,8.8000116000,1.4621075000,0.0000573000,0.0661445000,12.4501568000,108,88,20
4275,200,200,40,20,6,2,Grid Scanning,Local,16,0.40059966,8.01199319,81.67%,14.3899795000,0.0189122000,0.0561473000,2.3724295001,0.5399430999,10.2564303000,1.5878402000,0.0000554000,0.0741378000,14.3937737000,120,98,22
4275,200,220,40,20,6,2,Grid Scanning,Local,16,0.35955050,7.19101006,93.94%,17.3245908000,0.0205119000,0.0742931999,3.0094205000,0.6860324000,12.4206586000,1.7053464000,0.0000493999,0.0751689000,17.3280977000,132,124,8
4275,200,240,40,20,6,2,Grid Scanning,Local,16,0.35356697,7.07133947,88.19%,17.8799711000,0.0263852000,0.0810840000,3.2800444002,0.7454136000,12.7769218000,1.6147644000,0.0000629999,0.0810480001,17.8833673000,144,127,17
4275,200,260,40,20,6,2,Grid Scanning,Local,16,0.31758449,6.35168973,91.67%,19.7549904000,0.0316485000,0.0994286999,3.8078386000,0.8610446999,14.0463945000,1.6579676000,0.0000626000,0.0942314000,19.7592250000,156,143,13
4275,200,280,40,20,6,2,Grid Scanning,Local,16,0.29598810,5.91976200,95.83%,20.9397021000,0.0359340000,0.1157247999,4.4281898002,0.9920073999,14.6281368999,1.6217549000,0.0000675000,0.0953235000,20.9457198000,168,161,7
4275,200,300,40,20,6,2,Grid Scanning,Local,16,0.29808951,5.96179025,98.89%,22.1600714000,0.0413836000,0.1374095001,4.9223941999,1.1112634000,15.2607776000,1.6822389001,0.0000687000,0.0990499001,22.1649959000,180,178,2
4275,200,320,40,20,6,2,Grid Scanning,Local,16,0.24610783,4.92215659,95.83%,21.7531008000,0.0473450000,0.1491591002,4.9614667999,1.1227091999,14.8437163000,1.6124316000,0.0005556000,0.1121627001,21.7582374000,192,184,8
4275,200,340,40,20,6,2,Grid Scanning,Local,16,0.25447283,5.08945660,95.59%,22.4557920000,0.0503927999,0.1675912001,5.4111701999,1.2154105000,14.9801331000,1.7132630000,0.0000808000,0.1132046000,22.4628551000,204,195,9
4275,200,360,40,20,6,2,Grid Scanning,Local,16,0.25006213,5.00124260,97.22%,23.8814172000,0.0592601000,0.1954022001,5.8270599000,1.3139825001,15.9486449000,1.7088512000,0.0000868000,0.1224906999,23.8891690000,216,210,6
4275,200,380,40,20,6,2,Grid Scanning,Local,16,0.21916326,4.38326527,98.25%,24.5150667000,0.0648071000,0.2134141000,6.2544337000,1.4189473000,16.2101333000,1.6159432000,0.0000862001,0.1327176000,24.5227318000,228,224,4
4275,200,400,40,20,6,2,Grid Scanning,Local,16,0.23738692,4.74773842,96.67%,25.5595122000,0.0708655000,0.2378050999,6.5729495001,1.4753780000,16.7935883000,1.7296212001,0.0000918000,0.1296846999,25.5713288000,240,232,8
4275,200,420,40,20,6,2,Grid Scanning,Local,16,0.21008543,4.20170856,100.00%,25.7907350000,0.0779433000,0.2652701999,7.1177390999,1.6143509000,16.4779968000,1.6843653000,0.0000932001,0.1440815999,25.7980755000,252,252,0
4275,200,440,40,20,6,2,Grid Scanning,Local,16,0.22337181,4.46743621,100.00%,27.3861030000,0.0842263000,0.2894718000,7.4405628000,1.6876883000,17.5820969000,1.8251053001,0.0000950000,0.1411847999,27.3936225000,264,264,0
4275,200,460,40,20,6,2,Grid Scanning,Local,16,0.21323347,4.26466936,99.64%,27.6079359000,0.0932552000,0.3084922000,7.8165372001,1.7972331998,17.4476125000,1.7733284000,0.0001023000,0.1457836999,27.6153500000,276,275,1
4275,200,480,40,20,6,2,Grid Scanning,Local,16,0.19554623,3.91092460,100.00%,28.2499023000,0.1001676999,0.3355558000,8.2700886000,1.9105386999,17.5941093000,1.7747443999,0.0001030000,0.1558115001,28.2586706000,288,288,0
4275,200,500,40,20,6,2,Grid Scanning,Local,16,0.19774611,3.95492211,100.00%,28.8287976000,0.1069413999,0.3698268001,8.5792280999,1.9727569001,17.7140903001,1.8710655999,0.0001101001,0.1629903999,28.8364804000,300,300,0
4275,200,520,40,20,6,2,Grid Scanning,Local,16,0.18980297,3.79605947,99.68%,28.9204286000,0.1166101001,0.3934598000,8.8828725000,2.0568213000,17.5105992000,1.8175757000,0.0001305999,0.1759322000,28.9307281000,312,311,1
4275,200,540,40,20,6,2,Grid Scanning,Local,16,0.18603677,3.72073537,100.00%,29.1365802000,0.1233212001,0.4288280000,9.3742534999,2.1833330999,17.2361859000,1.7696813000,0.0001162000,0.1821041000,29.1473362000,324,324,0
4275,200,560,40,20,6,2,Grid Scanning,Local,16,0.18466830,3.69336599,99.70%,30.5092003000,0.1386771001,0.4589287000,9.6012079001,2.2372608999,18.0906522000,2.0100379999,0.0001242000,0.1835971999,30.5189318000,336,335,1
4275,200,580,40,20,6,2,Grid Scanning,Local,16,0.17394076,3.47881516,100.00%,30.7118535000,0.1493915000,0.4928564001,10.2604254001,2.3763039001,17.6800981000,1.9072779000,0.0001275000,0.1937504000,30.7282729000,348,348,0
4275,200,600,40,20,6,2,Grid Scanning,Local,16,0.16698509,3.33970174,100.00%,30.8666353000,0.1533091000,0.5146826000,10.4693707000,2.4523031001,17.7378050000,1.7710466000,0.0001401000,0.1955401000,30.8781129000,360,360,0
4275,200,620,40,20,6,2,Grid Scanning,Local,16,0.16419680,3.28393605,100.00%,31.5645179000,0.1559148999,0.5518243003,10.8042597001,2.5279309000,17.9546220001,1.8723590999,0.0001273001,0.1985875999,31.5788583000,372,372,0
4275,200,640,40,20,6,2,Grid Scanning,Local,16,0.15379979,3.07599579,100.00%,31.1773548000,0.1736583999,0.5841417000,11.2848781001,2.6614815999,17.0408916999,1.8506777001,0.0001347001,0.2118257000,31.2005095000,384,384,0
4275,200,660,40,20,6,2,Grid Scanning,Local,16,0.15432585,3.08651709,100.00%,32.9588423000,0.1920593000,0.6431747999,11.5343800000,2.7104593000,18.3858894001,1.9503981001,0.0001377999,0.2223142000,33.0312742000,396,396,0
4275,200,680,40,20,6,2,Grid Scanning,Local,16,0.16574888,3.31497766,100.00%,33.3415934000,0.2010400000,0.6726416999,12.0466390998,2.8426758000,18.0980690999,2.0731338000,0.0001449001,0.2187104000,33.3524696000,408,408,0
4275,200,700,40,20,6,2,Grid Scanning,Local,16,0.14455031,2.89100629,100.00%,33.2107491000,0.2108384001,0.7112724999,12.1281936000,2.8611863000,17.8905237000,2.0103368000,0.0001540000,0.2254060000,33.2241729000,420,420,0
4275,200,720,40,20,6,2,Grid Scanning,Local,16,0.15249920,3.04998404,100.00%,34.2771031000,0.2233293001,0.7651351999,12.6816879000,2.9979050002,18.2369871000,2.1002653001,0.0001701000,0.2352184001,34.2864997000,432,432,0
4275,200,740,40,20,6,2,Grid Scanning,Local,16,0.15498812,3.09976232,100.00%,34.9883464000,0.2312843000,0.8036530998,12.9987227999,3.1155949001,18.4858784001,2.1951200999,0.0001577001,0.2367351999,35.0022622000,444,444,0
4275,200,760,40,20,6,2,Grid Scanning,Local,16,0.14071118,2.81422356,100.00%,35.2255346000,0.2487724000,0.8402505000,13.3239328999,3.1501360003,18.4526366999,2.1523368999,0.0001666001,0.1697441000,35.2347257000,456,456,0
4275,200,780,40,20,6,2,Grid Scanning,Local,16,0.14195444,2.83908884,100.00%,35.2036903000,0.2645673000,0.8932537001,13.6620277000,3.2341040003,17.9431183000,2.2193717001,0.0001696000,0.1747520002,35.2159714000,468,468,0
4275,200,800,40,20,6,2,Grid Scanning,Local,16,0.14624527,2.92490532,100.00%,36.4774617000,0.2707271000,0.9266307001,13.8844430000,3.3205279999,18.9204092000,2.2614230000,0.0001740001,0.1771962998,36.4851929000,480,480,0
4275,200,820,40,20,6,2,Grid Scanning,Local,16,0.13870961,2.77419217,100.00%,36.5528126000,0.2861687001,0.9804400000,14.3634135998,3.4930133000,18.4433911000,2.2566754000,0.0001778000,0.1837183000,36.5662425000,492,492,0
4275,200,840,40,20,6,2,Grid Scanning,Local,16,0.14288067,2.85761336,100.00%,37.1196300000,0.3006625000,1.0125159000,14.7866121999,3.5568937001,18.4374995000,2.3421964001,0.0001801000,0.1967804000,37.1288832000,504,504,0
4275,200,860,40,20,6,2,Grid Scanning,Local,16,0.13616271,2.72325416,100.00%,36.7940691000,0.3156281000,1.0615685999,15.1217156003,3.6202714000,17.7772489000,2.2863035000,0.0001863999,0.1914801001,36.8103034000,516,516,0
4275,200,880,40,20,6,2,Grid Scanning,Local,16,0.12869584,2.57391684,100.00%,37.9669948000,0.3223324000,1.1200294001,15.5660938999,3.7457692998,18.3858146000,2.3312712001,0.0001920000,0.1968974001,37.9765016000,528,528,0
4275,200,900,40,20,6,2,Grid Scanning,Local,16,0.13204601,2.64092015,100.00%,39.0742478000,0.3383685000,1.1872442001,15.8501547000,3.7939987998,19.1008627000,2.3537622000,0.0002159999,0.1993108000,39.0872955000,540,540,0
4275,200,920,40,20,6,2,Grid Scanning,Local,16,0.13081569,2.61631370,100.00%,38.8142799000,0.3478379000,1.2135416001,16.1035020999,3.9099433000,18.4887782000,2.4213404000,0.0002025000,0.1917146999,38.8248037000,552,552,0
4275,200,940,40,20,6,2,Grid Scanning,Local,16,0.13161537,2.63230737,100.00%,40.5768479000,0.3862426001,1.3038543001,16.8677136998,4.0591228000,19.2383499001,2.5324914001,0.0002098001,0.1986812000,40.5871967000,564,564,0
4275,200,960,40,20,6,2,Grid Scanning,Local,16,0.12429211,2.48584220,100.00%,40.1620938000,0.3837091999,1.3457195000,17.0462176001,4.0931546998,18.6754587001,2.4652809000,0.0002160000,0.1958120001,40.1758010000,576,576,0
4275,200,980,40,20,6,2,Grid Scanning,Local,16,0.12591722,2.51834432,100.00%,40.5630767000,0.4032829001,1.3734833000,17.3308828000,4.1703199001,18.6449637999,2.5587975000,0.0002185001,0.2006165000,40.5751107000,588,588,0
4275,200,1000,40,20,6,2,Grid Scanning,Local,16,0.11826443,2.36528862,100.00%,40.8958112000,0.4090021000,1.4358220002,17.5848843998,4.2906371003,18.6651992000,2.5466545000,0.0002149001,0.2040644000,40.9156437000,600,600,0
4275,200,60,40,20,6,2,Grid Scanning,Local,16,0.51141933,10.22838669,41.67%,3.9218163000,0.0018581000,0.0038935000,0.2988390000,0.0846085000,2.8538026000,0.7223208000,0.0000188000,0.0348815000,3.9233194000,36,15,21
4275,200,80,40,20,6,2,Grid Scanning,Local,16,0.68084937,13.61698734,66.67%,6.6682517000,0.0033067000,0.0094497000,0.6997602000,0.1851634001,4.8021174000,1.1003329000,0.0000253000,0.0369562000,6.6696984000,48,32,16
4275,200,100,40,20,6,2,Grid Scanning,Local,16,0.51868425,10.37368496,80.00%,8.9524157000,0.0046791000,0.0168715000,1.0928568000,0.2440900999,6.3872156000,1.3860848000,0.0000264000,0.0442560000,8.9541762000,60,48,12
4275,200,120,40,20,6,2,Grid Scanning,Local,16,0.47368989,9.47379777,81.94%,10.0892254000,0.0070754000,0.0228205000,1.2360254000,0.2769942000,7.2565160000,1.4957283000,0.0000322000,0.0466763000,10.0910860000,72,59,13
4275,200,140,40,20,6,2,Grid Scanning,Local,16,0.45623018,9.12460353,72.62%,10.2561045000,0.0102090000,0.0278977000,1.4410807000,0.3318649000,7.3868357000,1.3152762999,0.0000494000,0.0547131000,10.2581469000,84,61,23
4275,200,160,40,20,6,2,Grid Scanning,Local,16,0.44914419,8.98288376,83.33%,14.4835823000,0.0119970000,0.0372278999,1.9389782000,0.4327465000,10.6155424000,1.8057315000,0.0000416001,0.0595495000,14.4860997000,96,80,16
4275,200,180,40,20,6,2,Grid Scanning,Local,16,0.40868505,8.17370109,81.48%,12.7699074000,0.0151471000,0.0477071001,2.0541352999,0.4647136001,9.0073347000,1.5439886000,0.0000467000,0.0702661000,12.7733821000,108,88,20
4275,200,200,40,20,6,2,Grid Scanning,Local,16,0.40059966,8.01199319,81.67%,14.5471291000,0.0176470000,0.0556742001,2.3519458000,0.5397304999,10.4607347000,1.5635922000,0.0000518000,0.0694653000,14.5512054000,120,98,22
4275,200,220,40,20,6,2,Grid Scanning,Local,16,0.35955050,7.19101006,93.94%,17.9871236000,0.0222854000,0.0791843000,3.1782389999,0.7046880000,12.9340974000,1.6709874000,0.0000537000,0.0810451000,17.9908613000,132,124,8
4275,200,240,40,20,6,2,Grid Scanning,Local,16,0.35356697,7.07133947,88.19%,18.0744494000,0.0269382999,0.0825693999,3.2111574999,0.7139492000,12.9044514000,1.7327478000,0.0000837000,0.0854706000,18.0791238000,144,127,17
4275,200,260,40,20,6,2,Grid Scanning,Local,16,0.31758449,6.35168973,91.67%,19.3202547000,0.0310452000,0.0956293000,3.7715896001,0.8509528001,13.6982750999,1.6134532000,0.0000643000,0.0925323000,19.3258265000,156,143,13
4275,200,280,40,20,6,2,Grid Scanning,Local,16,0.29598810,5.91976200,95.83%,21.5678514000,0.0364358000,0.1168913001,4.4933418002,1.0172033000,15.1713516000,1.6383097000,0.0000674000,0.0958901999,21.5723611000,168,161,7
4275,200,300,40,20,6,2,Grid Scanning,Local,16,0.29808951,5.96179025,98.89%,22.4796385000,0.0408703000,0.1452431000,5.0747974001,1.1389071000,15.3717745999,1.7264108000,0.0000719000,0.1042045000,22.4851941000,180,178,2
4275,200,320,40,20,6,2,Grid Scanning,Local,16,0.24610783,4.92215659,95.83%,21.8796980000,0.0474022000,0.1701494999,5.1040094001,1.1602210999,14.7735177000,1.6418952000,0.0000803001,0.1185799001,21.9058668000,192,184,8
4275,200,340,40,20,6,2,Grid Scanning,Local,16,0.25447283,5.08945660,95.59%,22.2433011000,0.0520503000,0.1693961000,5.3503581002,1.2025315001,14.8891755000,1.6521045000,0.0000817000,0.1094567000,22.2493950000,204,195,9
4275,200,360,40,20,6,2,Grid Scanning,Local,16,0.25006213,5.00124260,97.22%,23.8515428000,0.0620389999,0.1879030000,5.7550535000,1.3008684001,16.0059633000,1.7047268000,0.0000847999,0.1170845000,23.8593284000,216,210,6
4275,200,380,40,20,6,2,Grid Scanning,Local,16,0.21916326,4.38326527,98.25%,24.2930448000,0.0629961000,0.2093181999,6.2846707999,1.4098204999,15.9817667000,1.6084312000,0.0000843000,0.1274404001,24.2991512000,228,224,4
4275,200,400,40,20,6,2,Grid Scanning,Local,16,0.23738692,4.74773842,96.67%,25.2660149000,0.0711029000,0.2335451000,6.4946594999,1.4765088000,16.5785734001,1.7295436000,0.0000973001,0.1385407999,25.2735315000,240,232,8
4275,200,420,40,20,6,2,Grid Scanning,Local,16,0.21008543,4.20170856,100.00%,26.2894733000,0.0796104001,0.2776165000,7.1854222999,1.6260966001,16.8557524001,1.7240513000,0.0000947999,0.1426513000,26.2968930000,252,252,0
4275,200,440,40,20,6,2,Grid Scanning,Local,16,0.22337181,4.46743621,100.00%,27.5482713000,0.0870157000,0.2870465001,7.5725442999,1.7229962000,17.5896002000,1.8432373000,0.0001018000,0.1483310000,27.5569513000,264,264,0
4275,200,460,40,20,6,2,Grid Scanning,Local,16,0.21323347,4.26466936,99.64%,27.6971148000,0.0929937000,0.3107588000,7.7219251999,1.7658361999,17.6007727000,1.8002084000,0.0001174000,0.1478248001,27.7050918000,276,275,1
4275,200,480,40,20,6,2,Grid Scanning,Local,16,0.19554623,3.91092460,100.00%,27.9674890000,0.1031402000,0.3405120000,8.2444440999,1.9093576000,17.3179320000,1.7837637000,0.0001062000,0.1569853000,27.9776729000,288,288,0
4275,200,500,40,20,6,2,Grid Scanning,Local,16,0.19774611,3.95492211,100.00%,29.0675048000,0.1111182000,0.3812623998,8.6398321000,1.9818935999,17.8366550000,1.9050501000,0.0001130000,0.1686000999,29.0765530000,300,300,0
4275,200,520,40,20,6,2,Grid Scanning,Local,16,0.18980297,3.79605947,99.68%,29.0205832000,0.1140490001,0.3949472998,8.9924155001,2.0922315999,17.5443672000,1.7822171001,0.0001105001,0.1696988999,29.0305979000,312,311,1
4275,200,540,40,20,6,2,Grid Scanning,Local,16,0.18603677,3.72073537,100.00%,29.2376405000,0.1272996000,0.4268214999,9.3523128998,2.1598468001,17.3718168001,1.7627535000,0.0001165000,0.1738099001,29.2507299000,324,324,0
4275,200,560,40,20,6,2,Grid Scanning,Local,16,0.18466830,3.69336599,99.70%,30.5662545000,0.1349442000,0.4618343000,9.6601708999,2.2326648999,18.1757241001,1.9258529999,0.0001165000,0.1787947999,30.5746829000,336,335,1
4275,200,580,40,20,6,2,Grid Scanning,Local,16,0.17394076,3.47881516,100.00%,30.2381836000,0.1437759000,0.4790066000,9.9805207002,2.3185623001,17.5473111001,1.8715774000,0.0001247000,0.1902653000,30.2502131000,348,348,0
4275,200,600,40,20,6,2,Grid Scanning,Local,16,0.16698509,3.33970174,100.00%,30.8895607000,0.1519501000,0.5231394002,10.5588748000,2.4603325001,17.6153002000,1.8220709000,0.0001258999,0.1912200999,30.9019659000,360,360,0
4275,200,620,40,20,6,2,Grid Scanning,Local,16,0.16419680,3.28393605,100.00%,31.4040437000,0.1610984001,0.5617350001,10.7736626002,2.5310563998,17.7727686001,1.9027269001,0.0001456001,0.2038651998,31.4164792000,372,372,0
4275,200,640,40,20,6,2,Grid Scanning,Local,16,0.15379979,3.07599579,100.00%,31.3797542000,0.1725618000,0.5847871999,11.2718460999,2.6367800001,17.2732741000,1.8401433000,0.0001343000,0.2082093001,31.3947568000,384,384,0
4275,200,660,40,20,6,2,Grid Scanning,Local,16,0.15432585,3.08651709,100.00%,32.5961594000,0.1780513001,0.6299052998,11.5775818999,2.7211540999,18.0564716000,1.9169820000,0.0001368000,0.2075034000,32.6106809000,396,396,0
4275,200,680,40,20,6,2,Grid Scanning,Local,16,0.16574888,3.31497766,100.00%,33.3820696000,0.1973595999,0.6722384001,12.0184262999,2.8547355001,18.2068125000,2.0388607999,0.0001414001,0.2173241999,33.3970627000,408,408,0
4275,200,700,40,20,6,2,Grid Scanning,Local,16,0.14455031,2.89100629,100.00%,32.6638146000,0.2067707000,0.7036128003,12.0870158000,2.8648893001,17.4405366999,1.9702649000,0.0001492001,0.2218883000,32.6717071000,420,420,0
4275,200,720,40,20,6,2,Grid Scanning,Local,16,0.15249920,3.04998404,100.00%,34.5058685000,0.2161410000,0.7526183002,12.7345780000,2.9978133004,18.4376613999,2.0858854000,0.0001722001,0.2269902998,34.5160026000,432,432,0
4275,200,740,40,20,6,2,Grid Scanning,Local,16,0.15498812,3.09976232,100.00%,37.0925404000,0.2392050001,0.8503495999,13.8552092998,3.3194059000,19.5079376001,2.3486027000,0.0001725000,0.2508175001,37.1049288000,444,444,0
4275,200,760,40,20,6,2,Grid Scanning,Local,16,0.14071118,2.81422356,100.00%,35.3909410000,0.2461130999,0.8518495000,13.3132397998,3.1614247000,18.5695117000,2.2015298999,0.0002043000,0.1701845001,35.3990906000,456,456,0
4275,200,780,40,20,6,2,Grid Scanning,Local,16,0.14195444,2.83908884,100.00%,35.8772834000,0.2666841001,0.9059619001,13.9166615001,3.3735012001,18.2988098001,2.2723856000,0.0001775000,0.1783401999,35.8864236000,468,468,0
4275,200,800,40,20,6,2,Grid Scanning,Local,16,0.14624527,2.92490532,100.00%,36.5701503000,0.2679095999,0.9357191999,14.0902845000,3.3332690002,18.8307947000,2.2283883000,0.0001722000,0.1781589999,36.5813733000,480,480,0
4275,200,820,40,20,6,2,Grid Scanning,Local,16,0.13870961,2.77419217,100.00%,36.4331285000,0.2826007000,0.9817415999,14.1837592000,3.4487024000,18.5170240001,2.2441465999,0.0002027999,0.1843572000,36.4455485000,492,492,0
4275,200,840,40,20,6,2,Grid Scanning,Local,16,0.14288067,2.85761336,100.00%,37.4711892000,0.3042818999,1.0167899999,14.8441355003,3.5683137001,18.7574588000,2.3176163000,0.0001913000,0.1873707002,37.4843913000,504,504,0
4275,200,860,40,20,6,2,Grid Scanning,Local,16,0.13616271,2.72325416,100.00%,36.9075011000,0.3091799000,1.0522482998,15.0837418003,3.6144394998,17.9630522000,2.2668407000,0.0002031000,0.1905230999,36.9163785000,516,516,0
4275,200,880,40,20,6,2,Grid Scanning,Local,16,0.12869584,2.57391684,100.00%,37.7905292000,0.3208314000,1.1267067997,15.4854176999,3.7649263001,18.3257486000,2.2818636000,0.0002047001,0.2036254999,37.8647795000,528,528,0
4275,200,900,40,20,6,2,Grid Scanning,Local,16,0.13204601,2.64092015,100.00%,38.9656415000,0.3499194000,1.1797942000,15.8865971999,3.8640712002,18.9291073001,2.3789020000,0.0002002999,0.1970121002,38.9788329000,540,540,0
4275,200,920,40,20,6,2,Grid Scanning,Local,16,0.13081569,2.61631370,100.00%,38.7849390000,0.3515492999,1.1996321002,16.1234072002,3.9050353002,18.4907266000,2.3775351000,0.0001962001,0.1943847000,38.7953595000,552,552,0
4275,200,940,40,20,6,2,Grid Scanning,Local,16,0.13161537,2.63230737,100.00%,40.2357026000,0.3777414000,1.2890847002,16.6804785000,4.0289251999,19.1537899001,2.4874017001,0.0002182001,0.1963673999,40.2489694000,564,564,0
4275,200,960,40,20,6,2,Grid Scanning,Local,16,0.12429211,2.48584220,100.00%,39.9423872000,0.3846889000,1.3239392998,16.9215582999,4.1209095999,18.6212526999,2.4382039000,0.0002066999,0.2027787000,39.9534402000,576,576,0
4275,200,980,40,20,6,2,Grid Scanning,Local,16,0.12591722,2.51834432,100.00%,40.1405962000,0.4065644000,1.3645652001,17.1301725999,4.1482214000,18.4746126000,2.5088721001,0.0002137000,0.2033421001,40.1527662000,588,588,0
4275,200,1000,40,20,6,2,Grid Scanning,Local,16,0.11826443,2.36528862,100.00%,41.3820132000,0.4212103001,1.4402701999,17.6972014997,4.2890008999,19.0357578999,2.5289498999,0.0002177000,0.2054931000,41.3977456000,600,600,0
4275,200,60,40,20,6,2,Grid Scanning,Local,16,0.51141933,10.22838669,41.67%,3.8673062000,0.0017269000,0.0037610000,0.2856989000,0.0824829000,2.7790359000,0.7495796000,0.0000197000,0.0408175000,3.8684858000,36,15,21
4275,200,80,40,20,6,2,Grid Scanning,Local,16,0.68084937,13.61698734,66.67%,6.6847541000,0.0031564000,0.0096363000,0.7171859000,0.1961101000,4.7911078000,1.1167873000,0.0000416000,0.0370483000,6.6866886000,48,32,16
4275,200,100,40,20,6,2,Grid Scanning,Local,16,0.51868425,10.37368496,80.00%,9.1522455000,0.0049342000,0.0173881000,1.0744412000,0.2357846000,6.6115573000,1.3865548000,0.0000280000,0.0428123000,9.1536533000,60,48,12
4275,200,120,40,20,6,2,Grid Scanning,Local,16,0.47368989,9.47379777,81.94%,10.1396630000,0.0069278000,0.0249912000,1.2363614999,0.2776281000,7.2473902000,1.5511820000,0.0000310000,0.0486310000,10.1418741000,72,59,13
4275,200,140,40,20,6,2,Grid Scanning,Local,16,0.45623018,9.12460353,72.62%,9.9848877000,0.0097957000,0.0266960001,1.4044209000,0.3177572000,7.1955898000,1.2670251000,0.0000420000,0.0568293000,9.9867666000,84,61,23
4275,200,160,40,20,6,2,Grid Scanning,Local,16,0.44914419,8.98288376,83.33%,14.7252663000,0.0125105000,0.0373083000,1.9994209000,0.4416258999,10.8243314000,1.7766726000,0.0000447000,0.0606153000,14.7272690000,96,80,16
4275,200,180,40,20,6,2,Grid Scanning,Local,16,0.40868505,8.17370109,81.48%,12.5850308000,0.0144710000,0.0462034001,1.9518382999,0.4381833000,8.9770563000,1.5050763000,0.0000484000,0.0686979000,12.5874592000,108,88,20
4275,200,200,40,20,6,2,Grid Scanning,Local,16,0.40059966,8.01199319,81.67%,14.2659352000,0.0181274000,0.0563364001,2.2819654999,0.5111691000,10.2703709000,1.5417821000,0.0000508000,0.0717520000,14.2698957000,120,98,22
4275,200,220,40,20,6,2,Grid Scanning,Local,16,0.35955050,7.19101006,93.94%,17.5737071000,0.0221150000,0.0753872001,3.1259729000,0.7001434999,12.5693807000,1.6794676000,0.0000558000,0.0797056000,17.5791494000,132,124,8
4275,200,240,40,20,6,2,Grid Scanning,Local,16,0.35356697,7.07133947,88.19%,18.2695782000,0.0267292999,0.0862972000,3.2590086001,0.7408750000,13.1283893000,1.6631932000,0.0000615000,0.0850298000,18.2727986000,144,127,17
4275,200,260,40,20,6,2,Grid Scanning,Local,16,0.31758449,6.35168973,91.67%,19.8272971000,0.0330520000,0.1021263000,3.8731802000,0.8879187000,14.0883999000,1.6174787000,0.0000662000,0.0955772000,19.8319498000,156,143,13
4275,200,280,40,20,6,2,Grid Scanning,Local,16,0.29598810,5.91976200,95.83%,21.1970150000,0.0350445000,0.1171541999,4.4117275000,0.9863937998,14.9065770000,1.6106938000,0.0000823000,0.0960637000,21.2038586000,168,161,7
4275,200,300,40,20,6,2,Grid Scanning,Local,16,0.29808951,5.96179025,98.89%,22.2604097000,0.0441051000,0.1416238998,4.9890085999,1.1222526001,15.2595304000,1.7014791000,0.0000746000,0.1032123999,22.2653411000,180,178,2
4275,200,320,40,20,6,2,Grid Scanning,Local,16,0.24610783,4.92215659,95.83%,21.8871197000,0.0479824000,0.1578115000,4.9752197000,1.1534134000,14.8759464999,1.6907267001,0.0000848000,0.1108944000,21.8981879000,192,184,8
4275,200,340,40,20,6,2,Grid Scanning,Local,16,0.25447283,5.08945660,95.59%,22.0932571000,0.0526685000,0.1686340000,5.3656449000,1.2462688000,14.7085653000,1.6619372000,0.0000779000,0.1159710001,22.1034125000,204,195,9
4275,200,360,40,20,6,2,Grid Scanning,Local,16,0.25006213,5.00124260,97.22%,24.0563963000,0.0597172000,0.1931628000,5.8293779001,1.3342574000,16.1017470999,1.7232338999,0.0000883000,0.1276828000,24.0631682000,216,210,6
4275,200,380,40,20,6,2,Grid Scanning,Local,16,0.21916326,4.38326527,98.25%,25.0766894000,0.0645014999,0.2122827000,6.4348669000,1.4658571999,16.5771834000,1.6443069000,0.0000876999,0.1243100000,25.0845516000,228,224,4
4275,200,400,40,20,6,2,Grid Scanning,Local,16,0.23738692,4.74773842,96.67%,29.4802474000,0.0908167999,0.2824619000,7.5497418000,1.7770786999,19.3144285999,2.0535223000,0.0001126000,0.1635383000,29.4962947000,240,232,8
4275,200,420,40,20,6,2,Grid Scanning,Local,16,0.21008543,4.20170856,100.00%,25.6793646000,0.0798177000,0.2671546000,7.0680102000,1.6118594001,16.4131224000,1.6779295000,0.0000906000,0.1483088000,25.6875355000,252,252,0
4275,200,440,40,20,6,2,Grid Scanning,Local,16,0.22337181,4.46743621,100.00%,28.0134782000,0.0840062000,0.2984466000,7.6059318999,1.7775222001,17.9952675000,1.8670387001,0.0001195000,0.1429712000,28.0224173000,264,264,0
4275,200,460,40,20,6,2,Grid Scanning,Local,16,0.21323347,4.26466936,99.64%,27.5411324000,0.0948456000,0.3188799001,7.8462621000,1.8214533001,17.2941680000,1.8154905001,0.0001123001,0.1488594000,27.5497382000,276,275,1
4275,200,480,40,20,6,2,Grid Scanning,Local,16,0.19554623,3.91092460,100.00%,27.7718970000,0.1014430000,0.3383297000,8.1913576000,1.8889417002,17.2210970999,1.7391569000,0.0001010999,0.1594644000,27.7805197000,288,288,0
4275,200,500,40,20,6,2,Grid Scanning,Local,16,0.19774611,3.95492211,100.00%,28.9240345000,0.1098452000,0.3690908001,8.4929428001,1.9974107001,17.8896998000,1.8744461999,0.0001102999,0.1634799999,28.9402344000,300,300,0
4275,200,520,40,20,6,2,Grid Scanning,Local,16,0.18980297,3.79605947,99.68%,29.1537909000,0.1179250000,0.3877596000,8.8610037999,2.0895575000,17.7812877999,1.8120618000,0.0001135000,0.1707248000,29.1670773000,312,311,1
4275,200,540,40,20,6,2,Grid Scanning,Local,16,0.18603677,3.72073537,100.00%,28.7405796000,0.1316653000,0.4130117000,9.2315900998,2.1693715999,17.0010778001,1.7675992999,0.0001313000,0.1695486001,28.7526688000,324,324,0
4275,200,560,40,20,6,2,Grid Scanning,Local,16,0.18466830,3.69336599,99.70%,30.1283905000,0.1339452999,0.4552866999,9.5496728000,2.2392180000,17.8701730000,1.9161968000,0.0001193000,0.1769151999,30.1370214000,336,335,1
4275,200,580,40,20,6,2,Grid Scanning,Local,16,0.17394076,3.47881516,100.00%,30.3683645000,0.1459171999,0.4839316999,10.0422178997,2.3548781999,17.6789916000,1.8106788000,0.0001272001,0.1813084000,30.3802196000,348,348,0
4275,200,600,40,20,6,2,Grid Scanning,Local,16,0.16698509,3.33970174,100.00%,30.8775787000,0.1570094001,0.5294292999,10.4486924000,2.4557529999,17.7320867001,1.7969005001,0.0001402999,0.1868034001,30.8888655000,360,360,0
4275,200,620,40,20,6,2,Grid Scanning,Local,16,0.16419680,3.28393605,100.00%,31.3712559000,0.1686249000,0.5536275999,10.7565885000,2.4975711000,17.7806937000,1.8785382000,0.0001312999,0.2046919998,31.3867451000,372,372,0
4275,200,640,40,20,6,2,Grid Scanning,Local,16,0.15379979,3.07599579,100.00%,31.5873094000,0.1768797001,0.6102388999,11.2991194001,2.6585142000,17.3806996001,1.8851947999,0.0001532000,0.2056583999,31.6291305000,384,384,0
4275,200,660,40,20,6,2,Grid Scanning,Local,16,0.15432585,3.08651709,100.00%,32.5161226000,0.1987448000,0.6336780000,11.5092032999,2.7190661001,17.9917940999,1.9349900000,0.0001440000,0.2175138000,32.5357080000,396,396,0
4275,200,680,40,20,6,2,Grid Scanning,Local,16,0.16574888,3.31497766,100.00%,33.3822915000,0.2053558000,0.6967234001,12.1418698000,2.8761016000,18.0247018001,2.0581533000,0.0001628999,0.2201290998,33.3961038000,408,408,0
4275,200,700,40,20,6,2,Grid Scanning,Local,16,0.14455031,2.89100629,100.00%,32.9446784000,0.2152987999,0.7095268000,12.2156666001,2.8928031001,17.5682230000,1.9778669999,0.0001667002,0.2233434999,32.9528659000,420,420,0
4275,200,720,40,20,6,2,Grid Scanning,Local,16,0.15249920,3.04998404,100.00%,34.4367657000,0.2313086000,0.7733336999,12.8986828001,3.0707689000,18.1423495000,2.1132825999,0.0001531001,0.2429223001,34.4527323000,432,432,0
4275,200,740,40,20,6,2,Grid Scanning,Local,16,0.15498812,3.09976232,100.00%,34.4826258000,0.2504462999,0.7995372000,12.8863240003,3.0827017001,18.0596535000,2.2060539999,0.0001635000,0.2395667000,34.4918428000,444,444,0
4275,200,760,40,20,6,2,Grid Scanning,Local,16,0.14071118,2.81422356,100.00%,35.1351227000,0.2475199000,0.8353235002,13.2285172002,3.1354353000,18.4935862000,2.1236529999,0.0001680001,0.1683805999,35.1487985000,456,456,0
4275,200,780,40,20,6,2,Grid Scanning,Local,16,0.14195444,2.83908884,100.00%,35.5126401000,0.2684161001,0.8708024001,13.6451254002,3.2798296997,18.3113352000,2.2054813000,0.0001700000,0.1729887001,35.5215484000,468,468,0
4275,200,800,40,20,6,2,Grid Scanning,Local,16,0.14624527,2.92490532,100.00%,36.4648206000,0.2762476000,0.9353519000,14.0003264002,3.3620573000,18.7457120000,2.2840254001,0.0001764001,0.1837958000,36.4819225000,480,480,0
4275,200,820,40,20,6,2,Grid Scanning,Local,16,0.13870961,2.77419217,100.00%,35.9378560000,0.2927443001,0.9585864000,14.2913717001,3.4196005998,17.9251559001,2.2395726001,0.0001786001,0.1895418000,35.9475148000,492,492,0
4275,200,840,40,20,6,2,Grid Scanning,Local,16,0.14288067,2.85761336,100.00%,37.2108180000,0.3129164000,1.0222035002,14.8020458001,3.5641477002,18.5414948000,2.2937427000,0.0002097002,0.1946316998,37.2243756000,504,504,0
4275,200,860,40,20,6,2,Grid Scanning,Local,16,0.13616271,2.72325416,100.00%,36.5017942000,0.3230900001,1.0586701001,14.9482874999,3.5779128000,17.6643667000,2.2741732000,0.0001889001,0.1903136000,36.5149297000,516,516,0
4275,200,880,40,20,6,2,Grid Scanning,Local,16,0.12869584,2.57391684,100.00%,37.4814206000,0.3314996000,1.1181422001,15.4129422001,3.7341795000,18.0759149001,2.3006945001,0.0002013001,0.1949707000,37.4975555000,528,528,0
4275,200,900,40,20,6,2,Grid Scanning,Local,16,0.13204601,2.64092015,100.00%,39.1863047000,0.3580227000,1.1930199998,15.9735443000,3.8641853998,19.0273551000,2.3917511000,0.0002154000,0.1967340000,39.1962819000,540,540,0
4275,200,920,40,20,6,2,Grid Scanning,Local,16,0.13081569,2.61631370,100.00%,38.7158279000,0.3652628999,1.2072245000,16.0942914000,3.9175107002,18.4380708001,2.3657548000,0.0001977001,0.2004343000,38.7301578000,552,552,0
4275,200,940,40,20,6,2,Grid Scanning,Local,16,0.13161537,2.63230737,100.00%,40.4579859000,0.3768146001,1.3039945998,16.7750516001,4.0584772000,19.2630527999,2.4868881000,0.0002224999,0.2012209000,40.4683632000,564,564,0
4275,200,960,40,20,6,2,Grid Scanning,Local,16,0.12429211,2.48584220,100.00%,39.9456769000,0.3953526001,1.3165822999,16.9557257997,4.1477199999,18.5563172000,2.4704860000,0.0002063000,0.2032864001,39.9571194000,576,576,0
4275,200,980,40,20,6,2,Grid Scanning,Local,16,0.12591722,2.51834432,100.00%,40.1744996000,0.3999480000,1.3652574001,17.1064414001,4.1577309999,18.5224395001,2.5295710001,0.0002251000,0.1978727001,40.1977164000,588,588,0
4275,200,1000,40,20,6,2,Grid Scanning,Local,16,0.11826443,2.36528862,100.00%,41.2264036000,0.4289875999,1.4532324001,17.7334274999,4.3183712000,18.8045329999,2.5511642999,0.0002591000,0.2002805001,41.2403590000,600,600,0
4275,200,60,40,20,6,2,Grid Scanning,Local,18,0.51141933,10.22838669,41.67%,3.9507279000,0.0020360000,0.0039640000,0.2801934000,0.0841152000,2.8697459000,0.7512442000,0.0000214000,0.0366303000,3.9517420000,36,15,21
4275,200,80,40,20,6,2,Grid Scanning,Local,18,0.68084937,13.61698734,66.67%,6.4592741000,0.0029450000,0.0093442000,0.6742938000,0.1804503999,4.6605430000,1.0661522000,0.0000221000,0.0355770000,6.4610490000,48,32,16
4275,200,100,40,20,6,2,Grid Scanning,Local,18,0.51868425,10.37368496,80.00%,9.2314675000,0.0052094000,0.0168199999,1.1925119000,0.2442238000,6.6225434000,1.3349974000,0.0000281000,0.0472613999,9.2335912000,60,48,12
4275,200,120,40,20,6,2,Grid Scanning,Local,18,0.47368989,9.47379777,81.94%,10.0076182000,0.0068694000,0.0233891000,1.3172132001,0.2824952000,7.0702242000,1.5251267000,0.0000309000,0.0477538000,10.0096853000,72,59,13
4275,200,140,40,20,6,2,Grid Scanning,Local,18,0.45623018,9.12460353,72.62%,10.2611293000,0.0096952000,0.0263795000,1.5317401000,0.3237325000,7.3942138000,1.2282726000,0.0000406000,0.0561297000,10.2631163000,84,61,23
4275,200,160,40,20,6,2,Grid Scanning,Local,18,0.44914419,8.98288376,83.33%,14.9003260000,0.0128360000,0.0376813000,2.1028012000,0.4373777000,10.9570815000,1.7121197000,0.0000428999,0.0626196000,14.9032430000,96,80,16
4275,200,180,40,20,6,2,Grid Scanning,Local,18,0.40868505,8.17370109,81.48%,12.8710333000,0.0151893000,0.0469513000,2.2269201000,0.4674017000,9.0435218000,1.4477906000,0.0000508000,0.0688545001,12.8756905000,108,88,20
4275,200,200,40,20,6,2,Grid Scanning,Local,18,0.40059966,8.01199319,81.67%,14.3929477000,0.0193115000,0.0573417000,2.5121596000,0.5397068000,10.1461986000,1.5646930000,0.0000529000,0.0709525000,14.3981967000,120,98,22
4275,200,220,40,20,6,2,Grid Scanning,Local,18,0.35955050,7.19101006,93.94%,17.6825345000,0.0221385000,0.0758896999,3.3707402000,0.7160731000,12.4272734000,1.6709777000,0.0000527000,0.0770936001,17.6859967000,132,124,8
4275,200,240,40,20,6,2,Grid Scanning,Local,18,0.35356697,7.07133947,88.19%,18.2866458000,0.0262945000,0.0825760999,3.4913285001,0.7407672999,12.9385909000,1.6453441000,0.0000610000,0.0818425001,18.2920555000,144,127,17
4275,200,260,40,20,6,2,Grid Scanning,Local,18,0.31758449,6.35168973,91.67%,19.4314284000,0.0324316000,0.0962223998,4.0299733001,0.8725153998,13.5893090000,1.5751585000,0.0000663000,0.0902958000,19.4360732000,156,143,13
4275,200,280,40,20,6,2,Grid Scanning,Local,18,0.29598810,5.91976200,95.83%,21.3855375000,0.0359159000,0.1186675000,4.7924644001,1.0315735001,14.7264660000,1.5953755001,0.0000636999,0.1012193000,21.3917998000,168,161,7
4275,200,300,40,20,6,2,Grid Scanning,Local,18,0.29808951,5.96179025,98.89%,22.2806717000,0.0487483000,0.1365642000,5.2671988001,1.1400046998,15.0440265000,1.6628894000,0.0000683000,0.1046820000,22.2857598000,180,178,2
4275,200,320,40,20,6,2,Grid Scanning,Local,18,0.24610783,4.92215659,95.83%,21.8037988000,0.0440456001,0.1450006001,5.1936665000,1.1086118999,14.6854667000,1.5998483000,0.0000899000,0.1069247000,21.8125267000,192,184,8
4275,200,340,40,20,6,2,Grid Scanning,Local,18,0.25447283,5.08945660,95.59%,22.3305465000,0.0522669000,0.1683513001,5.6195310999,1.2044764000,14.7456131000,1.6152551000,0.0000828000,0.1096547000,22.3364700000,204,195,9
4275,200,360,40,20,6,2,Grid Scanning,Local,18,0.24980445,4.99608897,97.22%,24.1252704000,0.0579710000,0.1892263000,6.2156337000,1.3299375000,15.7787086000,1.7376911000,0.0001147000,0.1260755000,24.1326941000,216,210,6
4275,200,380,40,20,6,2,Grid Scanning,Local,18,0.21867351,4.37347014,98.25%,24.3696695000,0.0663376001,0.2147743000,6.6556255000,1.4210230000,15.6572682000,1.6231147000,0.0000856002,0.1319639999,24.3883431000,228,224,4
4275,200,400,40,20,6,2,Grid Scanning,Local,18,0.23740720,4.74814395,96.67%,25.4069836000,0.0679855000,0.2309027999,6.9281595999,1.4965540999,16.3734150999,1.6594597000,0.0000894000,0.1268583999,25.4140842000,240,232,8
4275,200,420,40,20,6,2,Grid Scanning,Local,18,0.21008543,4.20170856,100.00%,26.2402156000,0.0793066001,0.2749448001,7.6348505000,1.6506619999,16.3165352000,1.7659988000,0.0001100999,0.1416987000,26.2520518000,252,252,0
4275,200,440,40,20,6,2,Grid Scanning,Local,18,0.22302034,4.46040686,100.00%,27.8511764000,0.0832084000,0.2831608999,8.0050813001,1.7367651000,17.4738830000,1.8424357000,0.0000986000,0.1421064999,27.8564396000,264,264,0
4275,200,460,40,20,6,2,Grid Scanning,Local,18,0.21297354,4.25947070,99.64%,28.3551902000,0.0966227000,0.3087572999,8.4317700998,1.8295701000,17.5358374999,1.8021536000,0.0001019001,0.1567668999,28.3700647000,276,275,1
4275,200,480,40,20,6,2,Grid Scanning,Local,18,0.19549621,3.90992415,100.00%,28.5340630000,0.1005651000,0.3378066001,8.8499515003,1.9230162001,17.3039894000,1.7588751001,0.0001062001,0.1589030999,28.5426929000,288,288,0
4275,200,500,40,20,6,2,Grid Scanning,Local,18,0.19736158,3.94723154,100.00%,29.0029510000,0.1144834999,0.3809122000,9.1733196999,2.0011851998,17.3498362000,1.7974512000,0.0001079000,0.1615595000,29.0135948000,300,300,0
4275,200,520,40,20,6,2,Grid Scanning,Local,18,0.18972959,3.79459181,99.68%,30.0240742000,0.1224598000,0.4023839001,9.6924780001,2.1216387002,17.7464943000,1.8698950000,0.0001193000,0.1669773999,30.0538355000,312,311,1
4275,200,540,40,20,6,2,Grid Scanning,Local,18,0.18571902,3.71438037,100.00%,29.1335694000,0.1270564001,0.4243828000,9.9840975999,2.1858172001,16.6524911999,1.7521182000,0.0001149001,0.1697505998,29.1447309000,324,324,0
4275,200,560,40,20,6,2,Grid Scanning,Local,18,0.18485552,3.69711036,99.70%,31.1325939000,0.1378147000,0.4694170001,10.4425186002,2.2821953000,17.8800264000,1.9862573000,0.0001445000,0.1891540000,31.1412512000,336,335,1
4275,200,580,40,20,6,2,Grid Scanning,Local,18,0.17369689,3.47393775,100.00%,30.9429105000,0.1464734000,0.4836645000,10.8218164999,2.4125324000,17.4413838999,1.8379473999,0.0001212999,0.1857924001,30.9546751000,348,348,0
4275,200,600,40,20,6,2,Grid Scanning,Local,18,0.16664731,3.33294611,100.00%,31.2969501000,0.1585069999,0.5155068001,11.2517451001,2.4664622001,17.3473879000,1.7963694999,0.0001259000,0.2008899999,31.3064327000,360,360,0
4275,200,620,40,20,6,2,Grid Scanning,Local,18,0.16362397,3.27247938,100.00%,32.2237579000,0.1710590000,0.5574988001,11.6575577999,2.5830830001,17.6926979000,1.9119282000,0.0001346001,0.2039415001,32.2365779000,372,372,0
4275,200,640,40,20,6,2,Grid Scanning,Local,18,0.15343834,3.06876680,100.00%,32.1853013000,0.1764430999,0.5879101003,12.0976157000,2.6489449998,17.2518963000,1.8405551999,0.0001362000,0.2022926000,32.1977286000,384,384,0
4275,200,660,40,20,6,2,Grid Scanning,Local,18,0.15437955,3.08759092,100.00%,33.1911995000,0.1858945001,0.6249548000,12.3910970001,2.7752431001,17.8141478000,1.9240229001,0.0001505001,0.2208242000,33.2033500000,396,396,0
4275,200,680,40,20,6,2,Grid Scanning,Local,18,0.16551933,3.31038659,100.00%,34.0371720000,0.2041136000,0.6767009000,12.9039168000,2.8616074000,17.9085000000,2.0825929000,0.0001502000,0.2293767000,34.0557721000,408,408,0
4275,200,700,40,20,6,2,Grid Scanning,Local,18,0.14451572,2.89031432,100.00%,33.7944654000,0.2133137000,0.7130271999,13.2162838999,2.9621312999,17.3849258000,2.0026611000,0.0001563000,0.2276910000,33.8020770000,420,420,0
4275,200,720,40,20,6,2,Grid Scanning,Local,18,0.15259870,3.05197395,100.00%,34.9393925000,0.2230553000,0.7528970997,13.7047396999,3.0803128000,17.9381437000,2.0536982000,0.0001570001,0.2323626998,34.9472450000,432,432,0
4275,200,740,40,20,6,2,Grid Scanning,Local,18,0.15480165,3.09603301,100.00%,35.5764721000,0.2352086999,0.8042128000,13.8683142998,3.1280351001,18.2013884000,2.1910957000,0.0001576000,0.2391160000,35.5881013000,444,444,0
4275,200,760,40,20,6,2,Grid Scanning,Local,18,0.14053721,2.81074426,100.00%,36.0884396000,0.2479430001,0.8384853001,14.3162096001,3.2138912999,18.3258224000,2.1521823000,0.0001732999,0.1703889001,36.0974789000,456,456,0
4275,200,780,40,20,6,2,Grid Scanning,Local,18,0.14201130,2.84022596,100.00%,35.7467046000,0.2654204999,0.8699727001,14.6457886000,3.2908387000,17.5554151999,2.1983313000,0.0001735000,0.1727660001,35.7543134000,468,468,0
4275,200,800,40,20,6,2,Grid Scanning,Local,18,0.14576441,2.91528816,100.00%,37.3400022000,0.2718503999,0.9154688000,15.1066183003,3.4442079000,18.5496710001,2.2504218001,0.0001761000,0.2091201998,37.3487103000,480,480,0
4275,200,820,40,20,6,2,Grid Scanning,Local,18,0.13830273,2.76605456,100.00%,37.6478683000,0.2907813001,0.9685792002,15.5936259000,3.5142488001,18.2754890000,2.2896851000,0.0001806000,0.1912976000,37.6560420000,492,492,0
4275,200,840,40,20,6,2,Grid Scanning,Local,18,0.14255717,2.85114333,100.00%,37.9352595000,0.3023546001,1.0177639999,15.8717907002,3.5706750999,18.2442220000,2.2700133000,0.0001869999,0.1861414001,37.9440756000,504,504,0
4275,200,860,40,20,6,2,Grid Scanning,Local,18,0.13615387,2.72307736,100.00%,38.0522533000,0.3295671000,1.0918107000,16.3607619001,3.7092836002,17.6863055001,2.3394804001,0.0001967000,0.2009707999,38.0978309000,516,516,0
4275,200,880,40,20,6,2,Grid Scanning,Local,18,0.12850980,2.57019595,100.00%,38.8140492000,0.3288917000,1.1139963002,16.7424708000,3.7889250999,18.1033689999,2.2801635999,0.0001895001,0.2009007999,38.8397843000,528,528,0
4275,200,900,40,20,6,2,Grid Scanning,Local,18,0.13212875,2.64257491,100.00%,40.4323719000,0.3688587999,1.2036496999,17.2881766000,3.9642821000,18.9192379999,2.4091129000,0.0001998999,0.1968949001,40.4423434000,540,540,0
4275,200,920,40,20,6,2,Grid Scanning,Local,18,0.13046198,2.60923954,100.00%,40.4335299000,0.3684493000,1.2385618000,17.5322767998,4.0029487002,18.5777698999,2.4699625999,0.0002112000,0.1970639000,40.4522973000,552,552,0
4275,200,940,40,20,6,2,Grid Scanning,Local,18,0.13143417,2.62868341,100.00%,40.7934286000,0.3788100999,1.2771426000,17.9228963000,4.1008880001,18.5030647000,2.4638100000,0.0002240000,0.1968000000,40.8041988000,564,564,0
4275,200,960,40,20,6,2,Grid Scanning,Local,18,0.12411761,2.48235211,100.00%,41.1211186000,0.4041228001,1.3353907999,18.3129692001,4.1865792000,18.3415402000,2.4618736000,0.0002438000,0.2129082998,41.1320431000,576,576,0
4275,200,980,40,20,6,2,Grid Scanning,Local,18,0.12557475,2.51149495,100.00%,41.4250424000,0.4078383000,1.3646821998,18.5365549001,4.2277222001,18.3586879000,2.5111229999,0.0002199001,0.1945909998,41.4452632000,588,588,0
4275,200,1000,40,20,6,2,Grid Scanning,Local,18,0.11806517,2.36130346,100.00%,42.3087529000,0.4238787999,1.4653223998,19.2432223001,4.4222751001,18.3713543000,2.5399384000,0.0002229000,0.2126558998,42.3236661000,600,600,0
4275,200,60,40,20,6,2,Grid Scanning,Local,18,0.51141933,10.22838669,41.67%,3.8408032000,0.0019413000,0.0042786000,0.2915930000,0.0860308000,2.7739385000,0.7258486000,0.0000206000,0.0371834000,3.8420306000,36,15,21
4275,200,80,40,20,6,2,Grid Scanning,Local,18,0.68084937,13.61698734,66.67%,6.7281635000,0.0035561000,0.0099663000,0.7314835000,0.1886962000,4.8220445000,1.1036445000,0.0000237000,0.0453531000,6.7301894000,48,32,16
4275,200,100,40,20,6,2,Grid Scanning,Local,18,0.51868425,10.37368496,80.00%,9.2112376000,0.0055422000,0.0209586999,1.2315859000,0.2562654999,6.5291200000,1.3625599000,0.0000474000,0.0463887000,9.2130480000,60,48,12
4275,200,120,40,20,6,2,Grid Scanning,Local,18,0.47368989,9.47379777,81.94%,10.1430133000,0.0068304000,0.0227352000,1.3041993001,0.2787408000,7.2018258000,1.5380261000,0.0000317000,0.0510325000,10.1446672000,72,59,13
4275,200,140,40,20,6,2,Grid Scanning,Local,18,0.45623018,9.12460353,72.62%,10.2575447000,0.0090135000,0.0255914001,1.5513547000,0.3308448000,7.3697355000,1.2344648000,0.0000409000,0.0532985000,10.2596553000,84,61,23
4275,200,160,40,20,6,2,Grid Scanning,Local,18,0.44914419,8.98288376,83.33%,14.5543717000,0.0128016000,0.0399549999,2.1724900000,0.4556260000,10.5218682000,1.7227612000,0.0000624000,0.0630871999,14.5564675000,96,80,16
4275,200,180,40,20,6,2,Grid Scanning,Local,18,0.40868505,8.17370109,81.48%,12.6458131000,0.0161555999,0.0464034000,2.1784422000,0.4605539999,8.7505077000,1.5619729000,0.0000527000,0.0692413000,12.6479909000,108,88,20
4275,200,200,40,20,6,2,Grid Scanning,Local,18,0.40059966,8.01199319,81.67%,14.5260227000,0.0194552000,0.0558349000,2.5124308000,0.5264743000,10.3342102001,1.5105639000,0.0000544000,0.0720307000,14.5307383000,120,98,22
4275,200,220,40,20,6,2,Grid Scanning,Local,18,0.35955050,7.19101006,93.94%,18.2778537000,0.0224788000,0.0772046000,3.3850714001,0.7219189999,12.9540638000,1.7399883000,0.0000554000,0.0791685000,18.2813174000,132,124,8
4275,200,240,40,20,6,2,Grid Scanning,Local,18,0.35356697,7.07133947,88.19%,17.7789230000,0.0266548000,0.0824989000,3.4347508000,0.7295483000,12.4449728000,1.6893035000,0.0000671000,0.0801510000,17.7824793000,144,127,17
4275,200,260,40,20,6,2,Grid Scanning,Local,18,0.31758449,6.35168973,91.67%,19.6177342000,0.0312187000,0.0961652000,4.0921686002,0.8550442000,13.6872511000,1.5995234000,0.0000677999,0.0922631000,19.6264542000,156,143,13
4275,200,280,40,20,6,2,Grid Scanning,Local,18,0.29598810,5.91976200,95.83%,21.1997187000,0.0365587000,0.1151130000,4.8050891999,1.0066407000,14.4283785001,1.6867197999,0.0000683000,0.0987602000,21.2067737000,168,161,7
4275,200,300,40,20,6,2,Grid Scanning,Local,18,0.29808951,5.96179025,98.89%,22.6943981000,0.0452903000,0.1410149999,5.4579520000,1.1386909000,15.2582992001,1.6586417000,0.0000794999,0.1038215000,22.7003031000,180,178,2
4275,200,320,40,20,6,2,Grid Scanning,Local,18,0.24610783,4.92215659,95.83%,21.7667928000,0.0473748000,0.1532141999,5.2914497001,1.1244541001,14.4847002000,1.6454589999,0.0000783000,0.1119401999,21.7730668000,192,184,8
4275,200,340,40,20,6,2,Grid Scanning,Local,18,0.25447283,5.08945660,95.59%,22.6586420000,0.0515839000,0.1710188999,5.7736823000,1.2344965002,14.8468273000,1.6653750000,0.0000845001,0.1259563001,22.6644553000,204,195,9
4275,200,360,40,20,6,2,Grid Scanning,Local,18,0.24980445,4.99608897,97.22%,24.3230584000,0.0588353000,0.1895455000,6.2985914000,1.3442106999,15.8956594999,1.7388743000,0.0000878000,0.1218094000,24.3364698000,216,210,6
4275,200,380,40,20,6,2,Grid Scanning,Local,18,0.21867351,4.37347014,98.25%,25.0540243000,0.0664085000,0.2187818000,6.7576217999,1.4682097998,16.2095605000,1.6451913001,0.0001042000,0.1380602000,25.0608970000,228,224,4
4275,200,400,40,20,6,2,Grid Scanning,Local,18,0.23740720,4.74814395,96.67%,25.9604109000,0.0779779001,0.2357168001,7.1124917000,1.5347657001,16.6361071999,1.7447241000,0.0001087999,0.1317466000,25.9680413000,240,232,8
4275,200,420,40,20,6,2,Grid Scanning,Local,18,0.21008543,4.20170856,100.00%,25.4286398000,0.0773049001,0.2627255001,7.4554165002,1.6118362999,15.8004955000,1.6742278000,0.0000922001,0.1345048001,25.4373532000,252,252,0
4275,200,440,40,20,6,2,Grid Scanning,Local,18,0.22302034,4.46040686,100.00%,27.6209015000,0.0859087000,0.2844186000,8.0809039000,1.7300852000,17.2189742001,1.7865112000,0.0001002000,0.1432198000,27.6297461000,264,264,0
4275,200,460,40,20,6,2,Grid Scanning,Local,18,0.21297354,4.25947070,99.64%,27.8411551000,0.0946540000,0.3013997998,8.3075235001,1.7889094999,17.1517003000,1.8053028001,0.0001300999,0.1469098001,27.8538815000,276,275,1
4275,200,480,40,20,6,2,Grid Scanning,Local,18,0.19549621,3.90992415,100.00%,28.5200514000,0.1017442000,0.3422464999,8.8682947998,1.9085312002,17.2854124000,1.7486755000,0.0001056999,0.1527080999,28.5318464000,288,288,0
4275,200,500,40,20,6,2,Grid Scanning,Local,18,0.19736158,3.94723154,100.00%,29.2877549000,0.1108409001,0.3803160000,9.2231458999,2.0275193001,17.5142416000,1.8725099000,0.0001112001,0.1617471000,29.2978466000,300,300,0
4275,200,520,40,20,6,2,Grid Scanning,Local,18,0.18972959,3.79459181,99.68%,29.1606033000,0.1175180000,0.3979890001,9.4973896002,2.0771019000,17.1838897001,1.7732727000,0.0001125000,0.1661901999,29.1799388000,312,311,1
4275,200,540,40,20,6,2,Grid Scanning,Local,18,0.18571902,3.71438037,100.00%,29.7616155000,0.1307364999,0.4255265999,10.1403605999,2.2233435999,17.0702875000,1.7914741000,0.0001190999,0.1794895999,29.7713971000,324,324,0
4275,200,560,40,20,6,2,Grid Scanning,Local,18,0.18485552,3.69711036,99.70%,30.9932368000,0.1405854000,0.4601472000,10.5221726000,2.3123395001,17.6904896000,1.9688062000,0.0001204000,0.1841831000,31.0115386000,336,335,1
4275,200,580,40,20,6,2,Grid Scanning,Local,18,0.17369689,3.47393775,100.00%,31.3343088000,0.1471086999,0.4940780000,10.9270604001,2.3760139001,17.6905621000,1.8562502001,0.0001277999,0.1941742999,31.3526417000,348,348,0
4275,200,600,40,20,6,2,Grid Scanning,Local,18,0.16664731,3.33294611,100.00%,30.8603505000,0.1596999000,0.5118820000,11.0538526001,2.4551128003,17.0874899001,1.8262034999,0.0001430000,0.1949345001,30.9122810000,360,360,0
4275,200,620,40,20,6,2,Grid Scanning,Local,18,0.16362397,3.27247938,100.00%,32.3844211000,0.1739764000,0.5571280999,11.7900988001,2.6022657998,17.7506229000,1.8899084000,0.0001366998,0.1937898000,32.3975700000,372,372,0
4275,200,640,40,20,6,2,Grid Scanning,Local,18,0.15343834,3.06876680,100.00%,31.8360002000,0.1898601001,0.5971757000,12.0158173998,2.6264889000,16.9155518000,1.8611816000,0.0001557001,0.2230410002,31.8570644000,384,384,0
4275,200,660,40,20,6,2,Grid Scanning,Local,18,0.15437955,3.08759092,100.00%,32.9771638000,0.1856753000,0.6241402000,12.4044066998,2.7414016999,17.6486250000,1.8718488000,0.0001422000,0.2116082000,32.9908914000,396,396,0
4275,200,680,40,20,6,2,Grid Scanning,Local,18,0.16551933,3.31038659,100.00%,33.3876927000,0.2032731000,0.6819455001,12.7455279000,2.8309370999,17.4979716000,2.0067797000,0.0001648001,0.2196301000,33.4018720000,408,408,0
4275,200,700,40,20,6,2,Grid Scanning,Local,18,0.14451572,2.89031432,100.00%,33.6826154000,0.2144418000,0.7196596000,13.2412007998,2.9387343001,17.2444758000,2.0064600000,0.0001533000,0.2208828000,33.6910248000,420,420,0
4275,200,720,40,20,6,2,Grid Scanning,Local,18,0.15259870,3.05197395,100.00%,34.4165713000,0.2253887000,0.7484879001,13.4316656000,2.9893474999,17.7165223999,2.0228250001,0.0001535001,0.2365157999,34.4264939000,432,432,0
4275,200,740,40,20,6,2,Grid Scanning,Local,18,0.15480165,3.09603301,100.00%,35.7237132000,0.2414373000,0.8105200999,13.9707799001,3.1238714001,18.1976271000,2.2208607001,0.0001742000,0.2415307001,35.7370552000,444,444,0
4275,200,760,40,20,6,2,Grid Scanning,Local,18,0.14053721,2.81074426,100.00%,35.5249297000,0.2491070999,0.8320058001,14.0247733001,3.1494167999,18.1192129000,2.0992199001,0.0001657000,0.1614606998,35.5329573000,456,456,0
4275,200,780,40,20,6,2,Grid Scanning,Local,18,0.14201130,2.84022596,100.00%,35.9871046000,0.2650002000,0.8852848002,14.7085808999,3.2763812998,17.7364003000,2.1799955000,0.0001744000,0.1724645000,36.0009812000,468,468,0
4275,200,800,40,20,6,2,Grid Scanning,Local,18,0.14576441,2.91528816,100.00%,36.4782085000,0.2801698000,0.9126026001,14.9101737999,3.3954578001,17.9546205000,2.2012651000,0.0001761001,0.1801939998,36.4868279000,480,480,0
4275,200,820,40,20,6,2,Grid Scanning,Local,18,0.13830273,2.76605456,100.00%,36.9264503000,0.2859603000,0.9726289999,15.3287062001,3.4811775002,17.8761694000,2.2394437999,0.0001926000,0.1826541000,36.9408576000,492,492,0
4275,200,840,40,20,6,2,Grid Scanning,Local,18,0.14255717,2.85114333,100.00%,38.1068332000,0.3087875999,1.0167181000,16.0747120997,3.6186047001,18.1665120000,2.3074370000,0.0001859000,0.1887195000,38.1158760000,504,504,0
4275,200,860,40,20,6,2,Grid Scanning,Local,18,0.13615387,2.72307736,100.00%,37.4594611000,0.3164914002,1.0534597003,16.0249989000,3.6133657001,17.5713082999,2.2636192999,0.0002086000,0.1858887000,37.4771637000,516,516,0
4275,200,880,40,20,6,2,Grid Scanning,Local,18,0.12850980,2.57019595,100.00%,38.4317292000,0.3316326000,1.0969749002,16.5141013999,3.7401075001,17.9851182000,2.2646424000,0.0001830002,0.1937090000,38.4462880000,528,528,0
4275,200,900,40,20,6,2,Grid Scanning,Local,18,0.13212875,2.64257491,100.00%,39.6569977000,0.3429377000,1.1780039999,16.9978014999,3.8460763001,18.5440202000,2.3504625000,0.0001943999,0.1972933001,39.6708999000,540,540,0
4275,200,920,40,20,6,2,Grid Scanning,Local,18,0.13046198,2.60923954,100.00%,39.9429859000,0.3599540999,1.2319667004,17.3669733000,3.9154555999,18.3303764001,2.4007958000,0.0001995001,0.2038469999,39.9623490000,552,552,0
4275,200,940,40,20,6,2,Grid Scanning,Local,18,0.13143417,2.62868341,100.00%,40.4565724000,0.3670836000,1.2517735002,17.6132911001,4.0005695000,18.5410138999,2.4429622000,0.0002012000,0.1892409999,40.4676290000,564,564,0
4275,200,960,40,20,6,2,Grid Scanning,Local,18,0.12411761,2.48235211,100.00%,45.5842371000,0.4413282000,1.5001074002,20.1722159997,4.6518164999,20.4585278001,2.7324901999,0.0002513999,0.2187509000,45.6044072000,576,576,0
4275,200,980,40,20,6,2,Grid Scanning,Local,18,0.12557475,2.51149495,100.00%,41.6542726000,0.4015907001,1.3870397002,18.6828023000,4.2818742000,18.4281528000,2.5063713000,0.0002179000,0.1967695000,41.6677805000,588,588,0
4275,200,1000,40,20,6,2,Grid Scanning,Local,18,0.11806517,2.36130346,100.00%,42.1701081000,0.4268299999,1.4581583999,19.1440670002,4.3788663999,18.3160682000,2.5689408001,0.0002253001,0.2018300000,42.1874897000,600,600,0
4275,200,60,40,20,6,2,Grid Scanning,Local,18,0.51141933,10.22838669,41.67%,3.8847217000,0.0018346000,0.0040335000,0.3241097001,0.0934014000,2.7850257000,0.7198398000,0.0000192000,0.0355237000,3.8857265000,36,15,21
4275,200,80,40,20,6,2,Grid Scanning,Local,18,0.68084937,13.61698734,66.67%,6.6666166000,0.0033940000,0.0097411000,0.7472352000,0.2011278001,4.6485642000,1.2087694000,0.0000416000,0.0385289000,6.6681632000,48,32,16
4275,200,100,40,20,6,2,Grid Scanning,Local,18,0.51868425,10.37368496,80.00%,9.3163137000,0.0051366000,0.0203422000,1.1787375001,0.2485979000,6.6382864000,1.3914104000,0.0000284000,0.0601599000,9.3184916000,60,48,12
4275,200,120,40,20,6,2,Grid Scanning,Local,18,0.47368989,9.47379777,81.94%,10.0489230000,0.0074587000,0.0253352000,1.3538807000,0.2856667000,7.0599772000,1.5330554000,0.0000502999,0.0496551000,10.0506344000,72,59,13
4275,200,140,40,20,6,2,Grid Scanning,Local,18,0.45623018,9.12460353,72.62%,10.0511474000,0.0096584999,0.0260095000,1.5311518000,0.3256550000,7.1987372000,1.2144601000,0.0000410999,0.0563846000,10.0531167000,84,61,23
4275,200,160,40,20,6,2,Grid Scanning,Local,18,0.44914419,8.98288376,83.33%,14.7086411000,0.0122539000,0.0410425000,2.1720916000,0.4578741001,10.6682708000,1.7327460000,0.0000434001,0.0656016001,14.7118100000,96,80,16
4275,200,180,40,20,6,2,Grid Scanning,Local,18,0.40868505,8.17370109,81.48%,12.7082088000,0.0149062000,0.0454990000,2.1582347000,0.4549968999,8.9176321000,1.4854722000,0.0000480000,0.0650162000,12.7123888000,108,88,20
4275,200,200,40,20,6,2,Grid Scanning,Local,18,0.40059966,8.01199319,81.67%,15.1278369000,0.0248857000,0.0611380000,2.6767957001,0.5634428000,10.5977710000,1.6500272000,0.0000564999,0.0768961000,15.1314382000,120,98,22
4275,200,220,40,20,6,2,Grid Scanning,Local,18,0.35955050,7.19101006,93.94%,17.5893295000,0.0225539000,0.0739371000,3.2937512998,0.6986910001,12.4356401000,1.6621233000,0.0000536000,0.0788870001,17.5943426000,132,124,8
4275,200,240,40,20,6,2,Grid Scanning,Local,18,0.35356697,7.07133947,88.19%,17.8701297000,0.0264658000,0.0828456000,3.5056928002,0.7463310000,12.4495518001,1.6983506000,0.0000604001,0.0875977000,17.8740190000,144,127,17
4275,200,260,40,20,6,2,Grid Scanning,Local,18,0.31758449,6.35168973,91.67%,19.7535838000,0.0322187000,0.1019731999,4.1501046000,0.8800651000,13.8032886000,1.5555452000,0.0000670000,0.0911197001,19.7586892000,156,143,13
4275,200,280,40,20,6,2,Grid Scanning,Local,18,0.29598810,5.91976200,95.83%,21.5727181000,0.0365263001,0.1155105000,4.7273648999,0.9979362000,14.9523834000,1.6263569000,0.0000856000,0.0994299000,21.5778431000,168,161,7
4275,200,300,40,20,6,2,Grid Scanning,Local,18,0.29808951,5.96179025,98.89%,21.9494275000,0.0395605000,0.1353923999,5.2432248001,1.1303725999,14.7121647000,1.7030909000,0.0000715000,0.1003099999,21.9629150000,180,178,2
4275,200,320,40,20,6,2,Grid Scanning,Local,18,0.24610783,4.92215659,95.83%,22.3439293000,0.0465212999,0.1508752000,5.3799862999,1.1541582000,15.0605877999,1.5796619999,0.0000774000,0.1052094000,22.3498429000,192,184,8
4275,200,340,40,20,6,2,Grid Scanning,Local,18,0.25447283,5.08945660,95.59%,22.9532987000,0.0541020000,0.1742271000,5.8846465998,1.2579906999,14.9829584000,1.6986929000,0.0000812000,0.1227025000,22.9622854000,204,195,9
4275,200,360,40,20,6,2,Grid Scanning,Local,18,0.24980445,4.99608897,97.22%,23.8065281000,0.0578485000,0.1856131000,6.1469576001,1.3122735999,15.5090962000,1.7443721000,0.0000832000,0.1212745000,23.8130106000,216,210,6
4275,200,380,40,20,6,2,Grid Scanning,Local,18,0.21867351,4.37347014,98.25%,25.1323176000,0.0645260000,0.2149880999,6.8357482999,1.4728077999,16.2572116000,1.6154901000,0.0000871001,0.1250664000,25.1396403000,228,224,4
4275,200,400,40,20,6,2,Grid Scanning,Local,18,0.23740720,4.74814395,96.67%,25.8471640000,0.0728227000,0.2323606000,7.0909510998,1.5221964999,16.5442620000,1.7492331000,0.0000941000,0.1315612000,25.8574365000,240,232,8
4275,200,420,40,20,6,2,Grid Scanning,Local,18,0.21008543,4.20170856,100.00%,25.5421704000,0.0779198000,0.2604284001,7.4821295999,1.6151812999,15.8813026001,1.6806543000,0.0000923000,0.1361082000,25.5485921000,252,252,0
4275,200,440,40,20,6,2,Grid Scanning,Local,18,0.22302034,4.46040686,100.00%,28.0432701000,0.0881043000,0.2864474000,8.1084865999,1.7386875002,17.5259256001,1.8673751000,0.0001008000,0.1456546000,28.0492641000,264,264,0
4275,200,460,40,20,6,2,Grid Scanning,Local,18,0.21297354,4.25947070,99.64%,27.8681577000,0.0937875000,0.3012337000,8.3673335001,1.8130621999,17.1711740000,1.7661770999,0.0001015000,0.1463496000,27.8783259000,276,275,1
4275,200,480,40,20,6,2,Grid Scanning,Local,18,0.19549621,3.90992415,100.00%,28.7068793000,0.1037068001,0.3315370000,9.0380688999,1.9568169999,17.2708998000,1.7806441000,0.0001050000,0.1618366000,28.7239091000,288,288,0
4275,200,500,40,20,6,2,Grid Scanning,Local,18,0.19736158,3.94723154,100.00%,29.1141649000,0.1158475000,0.3633627001,9.0545882998,1.9977576000,17.5549708999,1.8356763000,0.0001129000,0.1637152999,29.1225640000,300,300,0
4275,200,520,40,20,6,2,Grid Scanning,Local,18,0.18972959,3.79459181,99.68%,29.4841317000,0.1186906999,0.3912155001,9.5521712999,2.0968223000,17.4583067000,1.7723206000,0.0001136000,0.1679787000,29.4987303000,312,311,1
4275,200,540,40,20,6,2,Grid Scanning,Local,18,0.18571902,3.71438037,100.00%,29.8274028000,0.1273755999,0.4266748999,10.1371630001,2.2111635000,17.1213040999,1.8192378000,0.0001212001,0.1721339999,29.8438888000,324,324,0
4275,200,560,40,20,6,2,Grid Scanning,Local,18,0.18485552,3.69711036,99.70%,30.5147388000,0.1361705000,0.4570289999,10.3777074001,2.2611739999,17.4280377999,1.9116347000,0.0001251999,0.1771744001,30.5235056000,336,335,1
4275,200,580,40,20,6,2,Grid Scanning,Local,18,0.17369689,3.47393775,100.00%,31.4704484000,0.1488986000,0.4898661999,10.9817655001,2.4315979000,17.7770708000,1.8575400000,0.0001265999,0.1888675001,31.4802658000,348,348,0
4275,200,600,40,20,6,2,Grid Scanning,Local,18,0.16664731,3.33294611,100.00%,31.0725916000,0.1612367000,0.5086365000,11.2651723000,2.4933579001,17.1271832001,1.7905231000,0.0001288001,0.1931472000,31.0918867000,360,360,0
4275,200,620,40,20,6,2,Grid Scanning,Local,18,0.16362397,3.27247938,100.00%,32.2424997000,0.1682624000,0.5557171000,11.7184242000,2.5873348000,17.6463610001,1.9211247999,0.0001299000,0.2035523001,32.2537204000,372,372,0
4275,200,640,40,20,6,2,Grid Scanning,Local,18,0.15343834,3.06876680,100.00%,31.7538346000,0.1818025001,0.5773172001,11.8485822000,2.6407297001,17.0473788999,1.8571926000,0.0001428000,0.2123070001,31.7655090000,384,384,0
4275,200,660,40,20,6,2,Grid Scanning,Local,18,0.15437955,3.08759092,100.00%,33.4306231000,0.1873343000,0.6390833999,12.4095959998,2.7875774997,18.0116434000,1.9490141000,0.0001406999,0.2031047999,33.4457441000,396,396,0
4275,200,680,40,20,6,2,Grid Scanning,Local,18,0.16551933,3.31038659,100.00%,33.2725911000,0.2002163001,0.6635940002,12.7693829000,2.8548201000,17.3708616999,2.0143420000,0.0001453001,0.2214727000,33.2888362000,408,408,0
4275,200,700,40,20,6,2,Grid Scanning,Local,18,0.14451572,2.89031432,100.00%,34.2507761000,0.2159397000,0.7106240999,13.3788865001,3.0012840002,17.6729202001,2.0077494000,0.0001492000,0.2295313001,34.2587122000,420,420,0
4275,200,720,40,20,6,2,Grid Scanning,Local,18,0.15259870,3.05197395,100.00%,34.6029271000,0.2233114000,0.7467983002,13.5737139000,3.0788643998,17.7288743000,2.0559091999,0.0001633000,0.2386030000,34.6193832000,432,432,0
4275,200,740,40,20,6,2,Grid Scanning,Local,18,0.15480165,3.09603301,100.00%,35.8292074000,0.2378159000,0.7893036998,14.0409566000,3.1461900000,18.2643655000,2.2187565000,0.0001654000,0.2392545000,35.8377886000,444,444,0
4275,200,760,40,20,6,2,Grid Scanning,Local,18,0.14053721,2.81074426,100.00%,35.5804023000,0.2458371999,0.8428681999,14.2158317998,3.1873253000,17.8953395000,2.1679504000,0.0001810000,0.1740479000,35.6000708000,456,456,0
4275,200,780,40,20,6,2,Grid Scanning,Local,18,0.14201130,2.84022596,100.00%,36.0798389000,0.2664512000,0.8754154000,14.7588469001,3.3296194000,17.7462624000,2.1997579000,0.0002056999,0.1922136001,36.0934903000,468,468,0
4275,200,800,40,20,6,2,Grid Scanning,Local,18,0.14576441,2.91528816,100.00%,37.2758000000,0.2752298999,0.9195419001,15.1532887998,3.4186609001,18.4728564000,2.2375451000,0.0002202000,0.1781740000,37.2887294000,480,480,0
4275,200,820,40,20,6,2,Grid Scanning,Local,18,0.13830273,2.76605456,100.00%,36.8117128000,0.2932387000,0.9637113999,15.3064168001,3.4945520000,17.7793021000,2.2355987000,0.0001769000,0.1914334001,36.8205059000,492,492,0
4275,200,840,40,20,6,2,Grid Scanning,Local,18,0.14255717,2.85114333,100.00%,38.2158080000,0.3090854000,1.0273735998,16.1107776000,3.6311859999,18.2007546000,2.3331903999,0.0001947999,0.1917147000,38.2659764000,504,504,0
4275,200,860,40,20,6,2,Grid Scanning,Local,18,0.13615387,2.72307736,100.00%,37.6639835000,0.3247981000,1.0684287999,16.2039841000,3.6721859000,17.5238802999,2.3075384000,0.0002173000,0.1899364001,37.6814445000,516,516,0
4275,200,880,40,20,6,2,Grid Scanning,Local,18,0.12850980,2.57019595,100.00%,38.3508528000,0.3278969000,1.1106775000,16.4248329000,3.7300350000,17.9582662001,2.2864892001,0.0001995998,0.1960801999,38.3593651000,528,528,0
4275,200,900,40,20,6,2,Grid Scanning,Local,18,0.13212875,2.64257491,100.00%,39.4035657000,0.3522296001,1.1546680999,16.8988620000,3.8400061002,18.4125033000,2.3482393001,0.0001971000,0.1902097000,39.4270627000,540,540,0
4275,200,920,40,20,6,2,Grid Scanning,Local,18,0.13046198,2.60923954,100.00%,40.1953853000,0.3580901001,1.2130849999,17.5348908000,4.0085115999,18.4451411000,2.3935004999,0.0002117000,0.2019745000,40.2105026000,552,552,0
4275,200,940,40,20,6,2,Grid Scanning,Local,18,0.13143417,2.62868341,100.00%,40.8679927000,0.3780732000,1.2794783999,17.9453800001,4.0614004997,18.5118131000,2.5056889999,0.0002077000,0.1961207002,40.8777862000,564,564,0
4275,200,960,40,20,6,2,Grid Scanning,Local,18,0.12411761,2.48235211,100.00%,40.6241017000,0.3973906000,1.3111233999,17.9823040998,4.1251069996,18.2357601001,2.4372851000,0.0002365001,0.2105449998,40.6456481000,576,576,0
4275,200,980,40,20,6,2,Grid Scanning,Local,18,0.12557475,2.51149495,100.00%,41.7835053000,0.4196868999,1.4011869002,18.6217576000,4.2567368000,18.5312891000,2.5535579001,0.0002132000,0.2005352000,41.7933270000,588,588,0
4275,200,1000,40,20,6,2,Grid Scanning,Local,18,0.11806517,2.36130346,100.00%,42.2992712000,0.4302061000,1.4348331998,19.0054829999,4.3800857000,18.6070160999,2.5638347001,0.0002249000,0.2029998998,42.3161512000,600,600,0
4275,200,60,40,20,6,2,Grid Scanning,Local,20,0.51141933,10.22838669,41.67%,3.6795098000,0.0018011000,0.0036168000,0.2726583000,0.0805496000,2.6623849000,0.6965449000,0.0000184000,0.0357700000,3.6806612000,36,15,21
4275,200,80,40,20,6,2,Grid Scanning,Local,20,0.68084937,13.61698734,66.67%,6.6824296000,0.0033974000,0.0090256000,0.7454394001,0.2030125000,4.7252280000,1.1400328000,0.0000272000,0.0468107000,6.6850613000,48,32,16
4275,200,100,40,20,6,2,Grid Scanning,Local,20,0.51868425,10.37368496,80.00%,9.2686823000,0.0053033000,0.0164080000,1.3508088000,0.3111506999,6.4806628000,1.3546479000,0.0000285000,0.0487292000,9.2704252000,60,48,12
4275,200,120,40,20,6,2,Grid Scanning,Local,20,0.47368989,9.47379777,81.94%,10.1319336000,0.0081543000,0.0240183001,1.4320256999,0.2900591000,7.0919615000,1.5084726000,0.0000352000,0.0493477000,10.1338407000,72,59,13
4275,200,140,40,20,6,2,Grid Scanning,Local,20,0.45623018,9.12460353,72.62%,10.0115674000,0.0091477000,0.0247606000,1.5998053000,0.3214680000,7.1007094000,1.2120382000,0.0000471000,0.0509498000,10.0134106000,84,61,23
4275,200,160,40,20,6,2,Grid Scanning,Local,20,0.44914419,8.98288376,83.33%,14.7676606000,0.0121082000,0.0367684000,2.2745559000,0.4486404001,10.6873163000,1.6802164000,0.0000436000,0.0614900000,14.7715088000,96,80,16
4275,200,180,40,20,6,2,Grid Scanning,Local,20,0.40868505,8.17370109,81.48%,12.9503384000,0.0153074000,0.0463954000,2.3499690000,0.4751497001,8.9098763000,1.5380934000,0.0000502000,0.0636526000,12.9529104000,108,88,20
4275,200,200,40,20,6,2,Grid Scanning,Local,20,0.40059966,8.01199319,81.67%,14.7501799000,0.0189249001,0.0555351000,2.7231627999,0.5497316001,10.2646257000,1.5949733000,0.0000609000,0.0716258000,14.7541701000,120,98,22
4275,200,220,40,20,6,2,Grid Scanning,Local,20,0.35955050,7.19101006,93.94%,17.8185570000,0.0220767999,0.0747273000,3.5438011999,0.7056441999,12.3996962000,1.6824447000,0.0000526000,0.0757335000,17.8223019000,132,124,8
4275,200,240,40,20,6,2,Grid Scanning,Local,20,0.35356697,7.07133947,88.19%,18.1109346000,0.0258717000,0.0789172000,3.6696426999,0.7440534999,12.5980854000,1.6279233000,0.0000582000,0.0863981000,18.1141793000,144,127,17
4275,200,260,40,20,6,2,Grid Scanning,Local,20,0.31758449,6.35168973,91.67%,20.5723654000,0.0319508000,0.0993600000,4.5103979000,0.8991315000,14.1868922000,1.6352014000,0.0000643000,0.0915116000,20.5804754000,156,143,13
4275,200,280,40,20,6,2,Grid Scanning,Local,20,0.29598810,5.91976200,95.83%,21.6705587000,0.0352563000,0.1154856000,5.0368112000,1.0157649999,14.7825701000,1.5891191999,0.0000761000,0.0967151999,21.6778172000,168,161,7
4275,200,300,40,20,6,2,Grid Scanning,Local,20,0.29808951,5.96179025,98.89%,22.4459953000,0.0420896000,0.1370716000,5.5369083998,1.1246649001,14.9231080000,1.6889033000,0.0000706001,0.1010140000,22.4512751000,180,178,2
4275,200,320,40,20,6,2,Grid Scanning,Local,20,0.24610783,4.92215659,95.83%,22.3303961000,0.0464537000,0.1490242000,5.7762024999,1.1810157999,14.5773728000,1.6441468000,0.0000738000,0.1069234000,22.3361529000,192,184,8
4275,200,340,40,20,6,2,Grid Scanning,Local,20,0.25442767,5.08855342,95.59%,22.5513952000,0.0497038000,0.1641275000,6.0921153001,1.2316356000,14.4940808000,1.6195696000,0.0000971000,0.1084618000,22.5573139000,204,195,9
4275,200,360,40,20,6,2,Grid Scanning,Local,20,0.24967477,4.99349543,97.22%,24.4589354000,0.0579987000,0.1887098000,6.8309673000,1.3823009000,15.5602983001,1.6797995000,0.0000838000,0.1215212000,24.4669446000,216,210,6
4275,200,380,40,20,6,2,Grid Scanning,Local,20,0.21880662,4.37613234,98.25%,25.2843392000,0.0712433000,0.2175017999,7.2742693000,1.4991356000,15.9275140000,1.6389418000,0.0000972999,0.1326655000,25.3025496000,228,224,4
4275,200,400,40,20,6,2,Grid Scanning,Local,20,0.23740720,4.74814395,96.67%,25.9769142000,0.0735488000,0.2322647001,7.5001596001,1.5184833000,16.2855098000,1.7277097000,0.0001060000,0.1356425000,25.9881611000,240,232,8
4275,200,420,40,20,6,2,Grid Scanning,Local,20,0.21008543,4.20170856,100.00%,26.6164543000,0.0811977001,0.2729404000,8.2311686000,1.6682063001,16.1676872001,1.6840985000,0.0000986000,0.1377066999,26.6252694000,252,252,0
4275,200,440,40,20,6,2,Grid Scanning,Local,20,0.22302034,4.46040686,100.00%,28.6493059000,0.0902678999,0.2932062999,8.6913114999,1.7801668999,17.5099448999,1.8959238000,0.0001048999,0.1473674000,28.6542305000,264,264,0
4275,200,460,40,20,6,2,Grid Scanning,Local,20,0.21297354,4.25947070,99.64%,28.3592850000,0.1010856000,0.3103119001,9.0905903998,1.8659458002,16.8725454000,1.8044935000,0.0001023001,0.1566308000,28.3686418000,276,275,1
4275,200,480,40,20,6,2,Grid Scanning,Local,20,0.19535936,3.90718729,100.00%,29.4422880000,0.1052358000,0.3441437999,9.6489531998,1.9856496002,17.3941975999,1.7696965000,0.0001070000,0.1589029001,29.4513645000,288,288,0
4275,200,500,40,20,6,2,Grid Scanning,Local,20,0.19736158,3.94723154,100.00%,29.3243807000,0.1090029000,0.3563982998,9.7278286001,2.0257032001,17.1201671000,1.8238630000,0.0001276000,0.1613696000,29.3417435000,300,300,0
4275,200,520,40,20,6,2,Grid Scanning,Local,20,0.18949507,3.78990146,99.68%,30.1179797000,0.1251391000,0.3967384001,10.3230779998,2.1349112998,17.2509332001,1.8208961000,0.0001183000,0.1762768000,30.1308735000,312,311,1
4275,200,540,40,20,6,2,Grid Scanning,Local,20,0.18559255,3.71185093,100.00%,29.7365745000,0.1349429000,0.4257072000,10.7546247001,2.2619746000,16.4814924000,1.7452420001,0.0001168001,0.1710405000,29.7464442000,324,324,0
4275,200,560,40,20,6,2,Grid Scanning,Local,20,0.18487908,3.69758168,99.70%,31.5858154000,0.1427965000,0.4571381000,11.0839537999,2.3267610999,17.7241956000,1.9701333000,0.0001247000,0.1802263001,31.6284487000,336,335,1
4275,200,580,40,20,6,2,Grid Scanning,Local,20,0.17369689,3.47393775,100.00%,31.8908232000,0.1511188001,0.4829515994,11.6290428999,2.4477220998,17.5760557000,1.8402986998,0.0001436001,0.1853845998,31.9007669000,348,348,0
4275,200,600,40,20,6,2,Grid Scanning,Local,20,0.16664026,3.33280517,100.00%,32.0987446000,0.1679063999,0.5293238997,12.0860297997,2.5357289006,17.2267876000,1.8613404003,0.0001348998,0.2000865998,32.1129154000,360,360,0
4275,200,620,40,20,6,2,Grid Scanning,Local,20,0.16353285,3.27065708,100.00%,32.8521275000,0.1700876000,0.5693908998,12.5938706999,2.6445310999,17.4027638000,1.8887780999,0.0001404002,0.1973134999,32.8644634000,372,372,0
4275,200,640,40,20,6,2,Grid Scanning,Local,20,0.15316710,3.06334202,100.00%,33.2597735000,0.1880026000,0.6063105002,13.1079773000,2.7517949994,17.2275499002,1.8872262999,0.0001452000,0.2086459001,33.2706928000,384,384,0
4275,200,660,40,20,6,2,Grid Scanning,Local,20,0.15431642,3.08632835,100.00%,33.9642738000,0.1950738999,0.6359383999,13.3005223998,2.8082738000,17.6289730000,1.9593093001,0.0001417999,0.2132609000,33.9804855000,396,396,0
4275,200,680,40,20,6,2,Grid Scanning,Local,20,0.16552860,3.31057205,100.00%,35.2908505000,0.2047872003,0.6737828997,13.8329251004,2.9191219999,18.2559545001,2.0737531002,0.0001550000,0.2177389000,35.3092746000,408,408,0
4275,200,700,40,20,6,2,Grid Scanning,Local,20,0.14446132,2.88922638,100.00%,34.5715887000,0.2185352000,0.7103260997,14.0912711002,2.9854073002,17.2598748999,2.0314601001,0.0001564001,0.2266218997,34.5796384000,420,420,0
4275,200,720,40,20,6,2,Grid Scanning,Local,20,0.15265335,3.05306705,100.00%,35.7818523000,0.2315652001,0.7517305001,14.5679604000,3.0876250003,17.9369042999,2.0246464999,0.0001544001,0.2343747995,35.7890102000,432,432,0
4275,200,740,40,20,6,2,Grid Scanning,Local,20,0.15493187,3.09863746,100.00%,36.3585418000,0.2432079999,0.7876767000,14.8838333997,3.1610243999,17.9416190002,2.2257010999,0.0001672000,0.2376536002,36.3668594000,444,444,0
4275,200,760,40,20,6,2,Grid Scanning,Local,20,0.14052317,2.81046331,100.00%,37.2301670000,0.2585236998,0.8492936997,15.3632480999,3.2848336001,18.3648862002,2.1887748000,0.0001670000,0.1677215000,37.2385801000,456,456,0
4275,200,780,40,20,6,2,Grid Scanning,Local,20,0.14190472,2.83809431,100.00%,37.1436262000,0.2724958003,0.8880453003,15.7489723001,3.3720721999,17.7999718997,2.2190605999,0.0001768999,0.1760693000,37.1566484000,468,468,0
4275,200,800,40,20,6,2,Grid Scanning,Local,20,0.14573912,2.91478231,100.00%,38.4687040000,0.2873761001,0.9477551997,16.3073809000,3.5106682995,18.4594091997,2.2442945999,0.0001787000,0.1852767001,38.4833412000,480,480,0
4275,200,820,40,20,6,2,Grid Scanning,Local,20,0.13813371,2.76267428,100.00%,38.2903138000,0.2869950000,0.9816755003,16.5445891997,3.5806186997,18.0019263999,2.2471640999,0.0001785000,0.1884122998,38.2983951000,492,492,0
4275,200,840,40,20,6,2,Grid Scanning,Local,20,0.14207128,2.84142564,100.00%,38.9222385000,0.3046201001,1.0287701000,17.0220804000,3.6426824997,18.0194200000,2.3100095000,0.0001841000,0.1943706002,38.9309892000,504,504,0
4275,200,860,40,20,6,2,Grid Scanning,Local,20,0.13615387,2.72307736,100.00%,38.7176146000,0.3142954002,1.0530373001,17.2628215001,3.6823111997,17.5509424000,2.3079802999,0.0001884999,0.1863127001,38.7276459000,516,516,0
4275,200,880,40,20,6,2,Grid Scanning,Local,20,0.12850980,2.57019595,100.00%,39.6500459000,0.3432272000,1.1310431998,17.8086481003,3.8168432997,17.8395215000,2.2729858001,0.0001899000,0.2079214999,39.6586603000,528,528,0
4275,200,900,40,20,6,2,Grid Scanning,Local,20,0.13208219,2.64164381,100.00%,40.9911456000,0.3589891001,1.1725717999,18.3124793999,3.9605889999,18.5207422000,2.3823157000,0.0002121002,0.1985207000,41.0083705000,540,540,0
4275,200,920,40,20,6,2,Grid Scanning,Local,20,0.13046326,2.60926523,100.00%,41.8189059000,0.3766762000,1.2635775999,18.9167318004,4.1279141000,18.5248432002,2.4854238000,0.0002229000,0.2002679997,41.8304844000,552,552,0
4275,200,940,40,20,6,2,Grid Scanning,Local,20,0.13135951,2.62719023,100.00%,42.0980014000,0.3704490000,1.2808891999,19.1298971998,4.1405365993,18.6059355000,2.4618352001,0.0002058999,0.1963796002,42.1242854000,564,564,0
4275,200,960,40,20,6,2,Grid Scanning,Local,20,0.12416150,2.48323005,100.00%,42.6392837000,0.4023587001,1.3395288999,19.7589408000,4.2939474998,18.4009595001,2.4788136999,0.0002194001,0.2066977001,42.6487407000,576,576,0
4275,200,980,40,20,6,2,Grid Scanning,Local,20,0.12545931,2.50918620,100.00%,43.2546541000,0.4156747001,1.3912791003,20.0927034004,4.3750392999,18.4883495000,2.6079764998,0.0002367000,0.2028732000,43.2793267000,588,588,0
4275,200,1000,40,20,6,2,Grid Scanning,Local,20,0.11781136,2.35622729,100.00%,45.6407549000,0.4444346999,1.5154370999,21.4633950000,4.6689631993,19.2954971000,2.6550351000,0.0002372997,0.2074585001,45.6518267000,600,600,0
4275,200,60,40,20,6,2,Grid Scanning,Local,20,0.51141933,10.22838669,41.67%,4.0712620000,0.0018115000,0.0040876000,0.3012620000,0.0894402000,3.0069549000,0.7146851000,0.0000209000,0.0361744000,4.0723091000,36,15,21
4275,200,80,40,20,6,2,Grid Scanning,Local,20,0.68084937,13.61698734,66.67%,6.7168627000,0.0035220000,0.0097846000,0.7693469000,0.2041361998,4.7546872000,1.1293222999,0.0000233000,0.0386636000,6.7185190000,48,32,16
4275,200,100,40,20,6,2,Grid Scanning,Local,20,0.51868425,10.37368496,80.00%,9.6649782000,0.0051613000,0.0160782999,1.3381833002,0.2993327000,6.8540708000,1.3978712000,0.0000296000,0.0419025001,9.6664502000,60,48,12
4275,200,120,40,20,6,2,Grid Scanning,Local,20,0.47368989,9.47379777,81.94%,10.1150418000,0.0070794000,0.0236379001,1.4984409000,0.2972787000,7.0196436000,1.5016951000,0.0000314000,0.0474718000,10.1169961000,72,59,13
4275,200,140,40,20,6,2,Grid Scanning,Local,20,0.45623018,9.12460353,72.62%,10.1334619000,0.0091379001,0.0261433999,1.6211105999,0.3220151998,7.1736743000,1.2342843000,0.0000390000,0.0554366999,10.1360833000,84,61,23
4275,200,160,40,20,6,2,Grid Scanning,Local,20,0.44914419,8.98288376,83.33%,14.5070508000,0.0118258000,0.0368524001,2.2649045001,0.4462442001,10.4342882000,1.6835068000,0.0000429001,0.0602419000,14.5096841000,96,80,16
4275,200,180,40,20,6,2,Grid Scanning,Local,20,0.40868505,8.17370109,81.48%,13.0780713000,0.0160770000,0.0491614002,2.3645798999,0.4811300998,9.0160299001,1.5418733000,0.0000511000,0.0691722999,13.0885284000,108,88,20
4275,200,200,40,20,6,2,Grid Scanning,Local,20,0.40059966,8.01199319,81.67%,15.1202798000,0.0212070000,0.0592356000,2.7607535001,0.5547428999,10.5602595001,1.5980020001,0.0000582000,0.0766311000,15.1241982000,120,98,22
4275,200,220,40,20,6,2,Grid Scanning,Local,20,0.35955050,7.19101006,93.94%,17.9636353000,0.0227792000,0.0723915998,3.4989052997,0.6915128001,12.5951326000,1.6770105000,0.0000702999,0.0776401999,17.9678827000,132,124,8
4275,200,240,40,20,6,2,Grid Scanning,Local,20,0.35356697,7.07133947,88.19%,16.2947613000,0.0239501000,0.0738499999,3.3863315999,0.7041125000,11.2246471001,1.4843785000,0.0000534001,0.0801147001,16.2994340000,144,127,17
4275,200,260,40,20,6,2,Grid Scanning,Local,20,0.31758449,6.35168973,91.67%,17.8312626000,0.0288154000,0.0876010999,3.9140436000,0.7967530999,12.2255873000,1.4716822999,0.0000594999,0.0830564998,17.8363870000,156,143,13
4275,200,280,40,20,6,2,Grid Scanning,Local,20,0.29598810,5.91976200,95.83%,19.8601156000,0.0350840000,0.1063053999,4.6742156997,0.9596073001,13.4532429000,1.4807934999,0.0000611999,0.0947615000,19.8687524000,168,161,7
4275,200,300,40,20,6,2,Grid Scanning,Local,20,0.29808951,5.96179025,98.89%,20.2661683000,0.0386895001,0.1189649003,5.0158649998,1.0238803999,13.4548781999,1.5153376000,0.0000687000,0.0973591001,20.2714237000,180,178,2
4275,200,320,40,20,6,2,Grid Scanning,Local,20,0.24610783,4.92215659,95.83%,19.9427024000,0.0449940999,0.1350362000,5.1181995997,1.0509093999,13.0666177001,1.4549930999,0.0000715001,0.1014287001,19.9486108000,192,184,8
4275,200,340,40,20,6,2,Grid Scanning,Local,20,0.25442767,5.08855342,95.59%,21.2203966000,0.0495967999,0.1507028998,5.6695962002,1.1701884998,13.7143961001,1.5039800999,0.0000728000,0.1069268002,21.2259033000,204,195,9
4275,200,360,40,20,6,2,Grid Scanning,Local,20,0.24967477,4.99349543,97.22%,21.7643539000,0.0525229999,0.1687396997,5.9501045001,1.2257430999,13.9677058000,1.4951332000,0.0000817001,0.1106537001,21.7723423000,216,210,6
4275,200,380,40,20,6,2,Grid Scanning,Local,20,0.21880662,4.37613234,98.25%,22.5781729000,0.0612221999,0.1897298002,6.6064229999,1.3566118001,14.0920977000,1.4907656000,0.0000786000,0.1197960000,22.5859829000,228,224,4
4275,200,400,40,20,6,2,Grid Scanning,Local,20,0.23740720,4.74814395,96.67%,23.6706945000,0.0663766998,0.2060751999,6.8240560999,1.4125475000,14.8341965002,1.5875070002,0.0001003000,0.1320597002,23.6776379000,240,232,8
4275,200,420,40,20,6,2,Grid Scanning,Local,20,0.21008543,4.20170856,100.00%,23.2175654000,0.0724964000,0.2354706001,7.1882347003,1.4902732997,14.0379670000,1.5276037000,0.0000845000,0.1318383001,23.2238551000,252,252,0
4275,200,440,40,20,6,2,Grid Scanning,Local,20,0.22302034,4.46040686,100.00%,25.3119591000,0.0786107999,0.2537293001,7.7089319000,1.6085005000,15.4622356001,1.6536339997,0.0001063002,0.1351006998,25.3228695000,264,264,0
4275,200,460,40,20,6,2,Grid Scanning,Local,20,0.21297354,4.25947070,99.64%,25.7953405000,0.0875098000,0.2750280002,8.1447410004,1.7061682002,15.5200602001,1.6033080998,0.0000947999,0.1427425002,25.8028521000,276,275,1
4275,200,480,40,20,6,2,Grid Scanning,Local,20,0.19535936,3.90718729,100.00%,25.9644427000,0.0971619999,0.3033255996,8.6300117000,1.7978360998,15.1685509000,1.5915899999,0.0000992000,0.1543365000,25.9735630000,288,288,0
4275,200,500,40,20,6,2,Grid Scanning,Local,20,0.19736158,3.94723154,100.00%,26.4001340000,0.0994066002,0.3254146000,8.7072120000,1.8252843999,15.4027753999,1.6902214999,0.0001000000,0.1513886001,26.4093954000,300,300,0
4275,200,520,40,20,6,2,Grid Scanning,Local,20,0.18949507,3.78990146,99.68%,26.8489017000,0.1130210000,0.3469589002,9.1209444000,1.9263762002,15.4580164999,1.6233690000,0.0001057000,0.1638569003,26.8597230000,312,311,1
4275,200,540,40,20,6,2,Grid Scanning,Local,20,0.18559255,3.71185093,100.00%,26.6869649000,0.1170149001,0.3800217997,9.7086578998,2.0175289002,14.6956699000,1.6004917001,0.0001057999,0.1634560000,26.6974095000,324,324,0
4275,200,560,40,20,6,2,Grid Scanning,Local,20,0.18487908,3.69758168,99.70%,28.2286995000,0.1260164000,0.3986556998,9.8860688003,2.0761304999,15.8778265000,1.7448949001,0.0001084000,0.1696848998,28.2378877000,336,335,1
4275,200,580,40,20,6,2,Grid Scanning,Local,20,0.17369689,3.47393775,100.00%,28.1629083000,0.1341644998,0.4316696998,10.4139411005,2.1967305000,15.3439664000,1.6385654000,0.0001139000,0.1762701000,28.1745545000,348,348,0
4275,200,600,40,20,6,2,Grid Scanning,Local,20,0.16664026,3.33280517,100.00%,28.7791477000,0.1461351000,0.4711228997,10.8748193999,2.3062279999,15.4518380000,1.6280320998,0.0001168000,0.1824532001,28.7903018000,360,360,0
4275,200,620,40,20,6,2,Grid Scanning,Local,20,0.16353285,3.27065708,100.00%,28.9829038000,0.1545863000,0.4890407999,11.0450822994,2.3455801998,15.3330860001,1.7438412999,0.0001205000,0.1897212999,28.9953076000,372,372,0
4275,200,640,40,20,6,2,Grid Scanning,Local,20,0.15316710,3.06334202,100.00%,29.2574604000,0.1581846000,0.5206267999,11.6288427999,2.4755003002,15.0810686999,1.6521047000,0.0001262001,0.1892325999,29.2721530000,384,384,0
4275,200,660,40,20,6,2,Grid Scanning,Local,20,0.15431642,3.08632835,100.00%,30.3039844000,0.1726185001,0.5614508998,11.8076950995,2.5289985999,15.7774492004,1.7545172000,0.0001272001,0.2024027002,30.3240712000,396,396,0
4275,200,680,40,20,6,2,Grid Scanning,Local,20,0.16552860,3.31057205,100.00%,30.7074886000,0.1801288000,0.5949655001,12.2522736003,2.6314038005,15.6350988999,1.8134610001,0.0001319001,0.2022571000,30.7243896000,408,408,0
4275,200,700,40,20,6,2,Grid Scanning,Local,20,0.14446132,2.88922638,100.00%,31.2609050000,0.1958172000,0.6234847999,12.6730106995,2.7171858004,15.7173279999,1.8054440002,0.0001362000,0.2138986000,31.2675278000,420,420,0
4275,200,720,40,20,6,2,Grid Scanning,Local,20,0.15265335,3.05306705,100.00%,31.4901758000,0.2012492001,0.6490399999,12.8497765999,2.7606742995,15.7310298999,1.8127746999,0.0001591999,0.2134503001,31.5008228000,432,432,0
4275,200,740,40,20,6,2,Grid Scanning,Local,20,0.15493187,3.09863746,100.00%,32.4626106000,0.2152397998,0.7006267001,13.2730949003,2.8488007996,16.0476769999,1.9729550000,0.0001448000,0.2170612999,32.4695004000,444,444,0
4275,200,760,40,20,6,2,Grid Scanning,Local,20,0.14052317,2.81046331,100.00%,35.9527638000,0.2538685001,0.8198288000,14.8906850997,3.2773240997,17.6604036999,2.1098337001,0.0001706999,0.1788668999,35.9644891000,456,456,0
4275,200,780,40,20,6,2,Grid Scanning,Local,20,0.14190472,2.83809431,100.00%,33.2162664000,0.2493670999,0.7766540997,14.1027929998,3.0394206998,15.8895482998,1.9981078001,0.0001633001,0.1636876002,33.2240616000,468,468,0
4275,200,800,40,20,6,2,Grid Scanning,Local,20,0.14573912,2.91478231,100.00%,33.6001758000,0.2532806002,0.8197420000,14.3445267001,3.1169868999,16.0004445001,1.9736122001,0.0001548999,0.1716315000,33.6796387000,480,480,0
4275,200,820,40,20,6,2,Grid Scanning,Local,20,0.13813371,2.76267428,100.00%,34.0991008000,0.2806118001,0.8614767000,14.7140216001,3.1925776002,16.0078234001,2.0263502001,0.0001614999,0.1731421998,34.1079933000,492,492,0
4275,200,840,40,20,6,2,Grid Scanning,Local,20,0.14207128,2.84142564,100.00%,34.6276257000,0.2865858002,0.8928523998,15.1265316995,3.2679471000,16.0271734998,2.0735729000,0.0001679000,0.1830245999,34.6380244000,504,504,0
4275,200,860,40,20,6,2,Grid Scanning,Local,20,0.13615387,2.72307736,100.00%,34.5101525000,0.2964253998,0.9291143997,15.4234502003,3.3509725998,15.6096312999,2.0328134997,0.0001941999,0.1806026001,34.5221438000,516,516,0
4275,200,880,40,20,6,2,Grid Scanning,Local,20,0.12850980,2.57019595,100.00%,35.7105423000,0.3082525998,0.9910495002,15.9355384003,3.4657815001,16.1984841999,2.0493208003,0.0001846999,0.1853088004,35.7199979000,528,528,0
4275,200,900,40,20,6,2,Grid Scanning,Local,20,0.13208219,2.64164381,100.00%,36.1536008000,0.3178649001,1.0313099002,16.1647071997,3.5498826001,16.3168861001,2.0971478000,0.0001755998,0.1828694000,36.1619146000,540,540,0
4275,200,920,40,20,6,2,Grid Scanning,Local,20,0.13046326,2.60926523,100.00%,36.6782640000,0.3276248998,1.0822431997,16.6720239997,3.6697384997,16.1865801000,2.1826416000,0.0001882999,0.1820671004,36.6877240000,552,552,0
4275,200,940,40,20,6,2,Grid Scanning,Local,20,0.13135951,2.62719023,100.00%,37.0202563000,0.3539593000,1.1213039002,16.8262796000,3.6779250002,16.2914426001,2.1946045000,0.0001803001,0.1857261000,37.0465434000,564,564,0
4275,200,960,40,20,6,2,Grid Scanning,Local,20,0.12416150,2.48323005,100.00%,37.8306050000,0.3592889996,1.1918979999,17.5484299994,3.8726866998,16.2909918002,2.2009398997,0.0001888001,0.1910634999,37.8391269000,576,576,0
4275,200,980,40,20,6,2,Grid Scanning,Local,20,0.12545931,2.50918620,100.00%,37.9177200000,0.3757390001,1.2295398000,17.6235276001,3.9020262998,16.1604594999,2.2923504003,0.0001956001,0.1878699999,37.9314261000,588,588,0
4275,200,1000,40,20,6,2,Grid Scanning,Local,20,0.11781136,2.35622729,100.00%,38.8160755000,0.3976702000,1.3077563000,18.3522513997,4.0467844002,16.2276644000,2.2885683999,0.0001996000,0.1899080000,38.8269576000,600,600,0
4275,200,60,40,20,6,2,Grid Scanning,Local,20,0.51141933,10.22838669,41.67%,3.4196169000,0.0017440000,0.0034405000,0.2650350000,0.0819395000,2.4520788000,0.6580897000,0.0000172000,0.0324303000,3.4210070000,36,15,21
4275,200,80,40,20,6,2,Grid Scanning,Local,20,0.68084937,13.61698734,66.67%,5.8256596000,0.0058915000,0.0083039999,0.6305660000,0.1764293000,4.1320145001,0.9955903000,0.0000211001,0.0369833000,5.8269896000,48,32,16
4275,200,100,40,20,6,2,Grid Scanning,Local,20,0.51868425,10.37368496,80.00%,8.3567205000,0.0047566000,0.0144567000,1.2136080000,0.2960725999,5.8528871000,1.2163662000,0.0000251000,0.0417321000,8.3585953000,60,48,12
4275,200,120,40,20,6,2,Grid Scanning,Local,20,0.47368989,9.47379777,81.94%,8.9921896000,0.0062009000,0.0201716001,1.2723598001,0.2726141000,6.2478323000,1.3710056000,0.0000292000,0.0465373000,8.9938120000,72,59,13
4275,200,140,40,20,6,2,Grid Scanning,Local,20,0.45623018,9.12460353,72.62%,9.4900702000,0.0088699000,0.0242617000,1.5046824001,0.3198239000,6.7046119000,1.1694298001,0.0000397000,0.0550338000,9.4918243000,84,61,23
4275,200,160,40,20,6,2,Grid Scanning,Local,20,0.44914419,8.98288376,83.33%,12.8689726000,0.0102521000,0.0323010999,2.0257403002,0.4142546001,9.2094144001,1.5199576001,0.0000371000,0.0553958999,12.8717640000,96,80,16
4275,200,180,40,20,6,2,Grid Scanning,Local,20,0.40868505,8.17370109,81.48%,11.4450559000,0.0135155000,0.0413686000,2.1118858999,0.4432188000,7.8573225999,1.3390463000,0.0000418000,0.0586273001,11.4470988000,108,88,20
4275,200,200,40,20,6,2,Grid Scanning,Local,20,0.40059966,8.01199319,81.67%,12.9420333000,0.0163491000,0.0493024999,2.4301867000,0.4973369000,8.9995583000,1.3562207000,0.0000442000,0.0658418000,12.9458166000,120,98,22
4275,200,220,40,20,6,2,Grid Scanning,Local,20,0.35955050,7.19101006,93.94%,16.2190872000,0.0211080000,0.0684408002,3.2115658002,0.6650780001,11.2959855999,1.5237893999,0.0000474002,0.0755685001,16.2220763000,132,124,8
4275,200,240,40,20,6,2,Grid Scanning,Local,20,0.35356697,7.07133947,88.19%,16.4591314000,0.0234240000,0.0757292998,3.3923824001,0.7023298000,11.3943879001,1.4783637000,0.0000545001,0.0750799999,16.4620458000,144,127,17
4275,200,260,40,20,6,2,Grid Scanning,Local,20,0.31758449,6.35168973,91.67%,17.9385979000,0.0364778000,0.0857764001,3.9361281003,0.7993480000,12.3365403000,1.4370051999,0.0000570000,0.0885770000,17.9437366000,156,143,13
4275,200,280,40,20,6,2,Grid Scanning,Local,20,0.29598810,5.91976200,95.83%,19.4122845000,0.0351728000,0.1038943001,4.6502515002,0.9616969997,13.0166902000,1.4986992999,0.0000621000,0.0919182000,19.4169614000,168,161,7
4275,200,300,40,20,6,2,Grid Scanning,Local,20,0.29808951,5.96179025,98.89%,20.0409281000,0.0389191999,0.1276549999,5.0312844004,1.0266478998,13.2174067002,1.5059443999,0.0000648000,0.1032586001,20.0468256000,180,178,2
4275,200,320,40,20,6,2,Grid Scanning,Local,20,0.24610783,4.92215659,95.83%,20.2442522000,0.0440179001,0.1334667999,5.1993294996,1.0718713999,13.2492596001,1.4885535001,0.0000756999,0.0990672001,20.2541515000,192,184,8
4275,200,340,40,20,6,2,Grid Scanning,Local,20,0.25442767,5.08855342,95.59%,20.3758537000,0.0490826000,0.1467223999,5.4612144004,1.1265203999,13.1115627001,1.4839539999,0.0000896999,0.1039960000,20.3850307000,204,195,9
4275,200,360,40,20,6,2,Grid Scanning,Local,20,0.24967477,4.99349543,97.22%,21.7075056000,0.0547193002,0.1636455999,5.9049244002,1.2222150000,13.8767514000,1.5760214999,0.0000747001,0.1122116999,21.7137719000,216,210,6
4275,200,380,40,20,6,2,Grid Scanning,Local,20,0.21880662,4.37613234,98.25%,22.7529789000,0.0636838999,0.1885157000,6.5528830003,1.3569715995,14.3461370001,1.4604728001,0.0000822001,0.1222085000,22.7594434000,228,224,4
4275,200,400,40,20,6,2,Grid Scanning,Local,20,0.23740720,4.74814395,96.67%,23.1918828000,0.0633515999,0.2028993005,6.7423345999,1.3994165999,14.5293063001,1.5159309000,0.0000779999,0.1180442001,23.1995160000,240,232,8
4275,200,420,40,20,6,2,Grid Scanning,Local,20,0.21008543,4.20170856,100.00%,23.4318389000,0.0721600000,0.2337400003,7.1292821999,1.4905135001,14.3398812000,1.5069373001,0.0000848000,0.1266986001,23.4469195000,252,252,0
4275,200,440,40,20,6,2,Grid Scanning,Local,20,0.22302034,4.46040686,100.00%,25.6086517000,0.0837457002,0.2558110002,7.7795403998,1.6109589000,15.6161234998,1.7128259000,0.0000899000,0.1406241001,25.6135403000,264,264,0
4275,200,460,40,20,6,2,Grid Scanning,Local,20,0.21297354,4.25947070,99.64%,25.3564864000,0.0863613000,0.2753098000,8.0163665002,1.6988945003,15.2263305000,1.5902389999,0.0000943999,0.1398063000,25.3662882000,276,275,1
4275,200,480,40,20,6,2,Grid Scanning,Local,20,0.19535936,3.90718729,100.00%,26.1435529000,0.0970523001,0.3079292001,8.5377125002,1.7926845999,15.4401307003,1.5942483001,0.0000967000,0.1465941999,26.1529493000,288,288,0
4275,200,500,40,20,6,2,Grid Scanning,Local,20,0.19736158,3.94723154,100.00%,26.5764937000,0.1055894000,0.3295475000,8.8328202001,1.8649837998,15.4334303999,1.6870133002,0.0001039000,0.1560472001,26.5840120000,300,300,0
4275,200,520,40,20,6,2,Grid Scanning,Local,20,0.18949507,3.78990146,99.68%,26.7353911000,0.1082009000,0.3453569999,9.1140780004,1.9348391004,15.3603720998,1.6235403999,0.0001048000,0.1612069000,26.7713731000,312,311,1
4275,200,540,40,20,6,2,Grid Scanning,Local,20,0.18559255,3.71185093,100.00%,27.0257340000,0.1237802001,0.3775658003,9.6720886000,2.0319538997,15.0609505002,1.5993522001,0.0001506999,0.1696374999,27.0363001000,324,324,0
4275,200,560,40,20,6,2,Grid Scanning,Local,20,0.18487908,3.69758168,99.70%,27.9362196000,0.1263536001,0.4146489001,9.8738503002,2.0921557001,15.5902258002,1.7353890999,0.0001082000,0.1705508002,27.9453771000,336,335,1
4275,200,580,40,20,6,2,Grid Scanning,Local,20,0.17369689,3.47393775,100.00%,28.4419657000,0.1389052999,0.4347402998,10.4650298000,2.2163975000,15.5213650001,1.6840395001,0.0001168000,0.1735196999,28.4538109000,348,348,0
4275,200,600,40,20,6,2,Grid Scanning,Local,20,0.16664026,3.33280517,100.00%,28.3680305000,0.1508367000,0.4631912998,10.7387205001,2.2907078999,15.1514721999,1.6525791999,0.0001326999,0.1860213997,28.3799367000,360,360,0
4275,200,620,40,20,6,2,Grid Scanning,Local,20,0.16353285,3.27065708,100.00%,29.3642491000,0.1557355002,0.5123772004,11.2451433000,2.3765172996,15.4981818998,1.7267665999,0.0001214001,0.1893933001,29.3767627000,372,372,0
4275,200,640,40,20,6,2,Grid Scanning,Local,20,0.15316710,3.06334202,100.00%,28.9849450000,0.1647549000,0.5166812002,11.5998548000,2.5223823000,14.8526493999,1.6353703999,0.0001410999,0.1872576997,28.9951248000,384,384,0
4275,200,660,40,20,6,2,Grid Scanning,Local,20,0.15431642,3.08632835,100.00%,30.3912130000,0.1776775000,0.5621422000,11.9813123000,2.5780543001,15.7197229000,1.7244988002,0.0001544002,0.1958835000,30.4014538000,396,396,0
4275,200,680,40,20,6,2,Grid Scanning,Local,20,0.16552860,3.31057205,100.00%,31.1897017000,0.1897554001,0.6165469000,12.4054767994,2.6712476012,15.8895982000,1.8482320001,0.0001390000,0.2098231000,31.2277642000,408,408,0
4275,200,700,40,20,6,2,Grid Scanning,Local,20,0.14446132,2.88922638,100.00%,30.8577264000,0.1984729001,0.6295551998,12.5297797003,2.7184651992,15.4791137000,1.7765888000,0.0001439001,0.2112073000,30.8670972000,420,420,0
4275,200,720,40,20,6,2,Grid Scanning,Local,20,0.15265335,3.05306705,100.00%,32.0128904000,0.2111774001,0.6699004997,12.8670010999,2.7564831000,16.1516826999,1.8619726000,0.0003864000,0.2175901999,32.0196543000,432,432,0
4275,200,740,40,20,6,2,Grid Scanning,Local,20,0.15493187,3.09863746,100.00%,32.0643085000,0.2158139999,0.6966292999,13.0581757999,2.8146631999,15.8741221002,1.9684833000,0.0001405001,0.2158159001,32.0719435000,444,444,0
4275,200,760,40,20,6,2,Grid Scanning,Local,20,0.14052317,2.81046331,100.00%,32.7800345000,0.2372018000,0.7622846998,13.6556868992,2.9355717999,16.0026931999,1.9242313997,0.0001568001,0.1624192000,32.7874304000,456,456,0
4275,200,780,40,20,6,2,Grid Scanning,Local,20,0.14190472,2.83809431,100.00%,32.8258247000,0.2382199001,0.7769061998,14.0304512996,3.0173687002,15.6091636999,1.9704591001,0.0001709001,0.1647118000,32.8365716000,468,468,0
4275,200,800,40,20,6,2,Grid Scanning,Local,20,0.14573912,2.91478231,100.00%,33.7308645000,0.2555861999,0.8208929998,14.2780449998,3.0953714996,16.1759167000,1.9952048997,0.0001817002,0.1693857001,33.7384027000,480,480,0
4275,200,820,40,20,6,2,Grid Scanning,Local,20,0.13813371,2.76267428,100.00%,33.8874297000,0.2720431998,0.8505516000,14.6380009001,3.1918043998,15.9012645001,2.0134922999,0.0001623002,0.1750557997,33.8958229000,492,492,0
4275,200,840,40,20,6,2,Grid Scanning,Local,20,0.14207128,2.84142564,100.00%,34.5410708000,0.2860803001,0.9063285000,15.1051623995,3.2778599997,15.9617402998,2.0610143000,0.0001671999,0.1812871998,34.5488108000,504,504,0
4275,200,860,40,20,6,2,Grid Scanning,Local,20,0.13615387,2.72307736,100.00%,34.6088198000,0.2969721000,0.9447704002,15.5317603001,3.3926786996,15.5319438999,2.0812375000,0.0001691001,0.1828141999,34.6181086000,516,516,0
4275,200,880,40,20,6,2,Grid Scanning,Local,20,0.12850980,2.57019595,100.00%,35.7637906000,0.3137693002,0.9973447999,15.9952270003,3.4651889999,16.1317375002,2.1013481998,0.0001768000,0.1820130997,35.7723191000,528,528,0
4275,200,900,40,20,6,2,Grid Scanning,Local,20,0.13208219,2.64164381,100.00%,36.3895191000,0.3140944001,1.0271045998,16.1421077004,3.5694670004,16.5243324999,2.1540812000,0.0001832001,0.1864614998,36.4036067000,540,540,0
4275,200,920,40,20,6,2,Grid Scanning,Local,20,0.13046326,2.60926523,100.00%,36.7578450000,0.3521179001,1.0939365004,16.6910572997,3.6696078996,16.2502744002,2.1409519000,0.0001837001,0.1834305995,36.7846208000,552,552,0
4275,200,940,40,20,6,2,Grid Scanning,Local,20,0.13135951,2.62719023,100.00%,37.6509595000,0.3542301002,1.1454010002,17.0643105001,3.7303166000,16.5786771002,2.2763293000,0.0001862998,0.1853251000,37.6611336000,564,564,0
4275,200,960,40,20,6,2,Grid Scanning,Local,20,0.12416150,2.48323005,100.00%,37.3773483000,0.3722361001,1.1719077999,17.3409729003,3.8264918003,16.0394391999,2.2172966001,0.0001866001,0.1883149998,37.3917825000,576,576,0
4275,200,980,40,20,6,2,Grid Scanning,Local,20,0.12545931,2.50918620,100.00%,38.2433934000,0.3753320001,1.2341224998,17.7601496998,3.8922751999,16.3251281999,2.3096221000,0.0002041999,0.1880945996,38.2540139000,588,588,0
4275,200,1000,40,20,6,2,Grid Scanning,Local,20,0.11781136,2.35622729,100.00%,38.2467753000,0.3956661999,1.2673208994,18.0602462004,4.0095359998,15.9989718002,2.2882983998,0.0002044002,0.1871700000,38.2935566000,600,600,0
