Seed,SimulationSize_m,NumberOfNodes,PercentageAnchor,DetectionRadius_m,Clusters_K,GridSize_m,Algorithm,VoronoiMode,k_neighbors,AverageEstimationError,LocalizationError,Pe,MainLoop,DetectableCalc,GroupSplitting,VoronoiProc,VoronoiCalc,IntersectionCalc,ShapeCalc,DrawingOps,UIUpdates,TotalTime,UnknownNodes,LocalizedNodes,UnlocalizableNodes
4275,400,60,40,20,6,2,Sweep Line,Local,6,0.60799571,12.15991426,16.67%,1.3175032000,0.0010930000,0.0013733000,0.0501139000,0.0205970000,0.7418891000,0.4469042000,0.0000130000,0.0719658000,1.3193649000,36,6,30
4275,400,80,40,20,6,2,Sweep Line,Local,6,0.64017480,12.80349597,25.00%,2.3994695000,0.0019163000,0.0024477000,0.0930638000,0.0333591000,1.6042985000,0.6518189000,0.0000199000,0.0386600000,2.4005959000,48,12,36
4275,400,100,40,20,6,2,Sweep Line,Local,6,0.59815891,11.96317819,35.00%,5.3948437000,0.0031211000,0.0062090000,0.2267223000,0.0821928000,3.6005153000,1.5078780000,0.0000258000,0.0382635000,5.3964268000,60,21,39
4275,400,120,40,20,6,2,Sweep Line,Local,6,0.45088092,9.01761833,36.11%,6.3529735000,0.0042826000,0.0085960000,0.2446415000,0.0895914000,4.1445709000,1.8896086000,0.0000316000,0.0455014000,6.3545713000,72,26,46
4275,400,140,40,20,6,2,Sweep Line,Local,6,0.58686634,11.73732687,25.00%,5.3621290000,0.0079007000,0.0090175000,0.2844368000,0.1031449000,3.7883056000,1.2003014000,0.0000523000,0.0598828000,5.3641466000,84,21,63
4275,400,160,40,20,6,2,Sweep Line,Local,6,0.45904053,9.18081069,36.46%,8.8504587000,0.0102799000,0.0173908000,0.3851323000,0.1463902999,5.4837821000,2.4416834000,0.0000532000,0.4914108000,8.8525947000,96,35,61
4275,400,180,40,20,6,2,Sweep Line,Local,6,0.58507835,11.70156709,35.19%,8.0826810000,0.0120046000,0.0195346000,0.4081052000,0.1474526999,5.3362035000,2.2253140000,0.0000595001,0.0599280000,8.0851359000,108,38,70
4275,400,200,40,20,6,2,Sweep Line,Local,6,0.61169162,12.23383240,36.67%,9.4699012000,0.0145926001,0.0254624000,0.4602187000,0.1745894001,6.2162506000,2.6534971000,0.0000596000,0.0756555001,9.4724636000,120,44,76
4275,400,220,40,20,6,2,Sweep Line,Local,6,0.52924614,10.58492280,42.42%,14.2265743000,0.0194274000,0.0390596000,0.6483920000,0.2389978000,8.7037705000,3.0391429000,0.0000732000,1.7487352000,14.2292438000,132,56,76
4275,400,240,40,20,6,2,Sweep Line,Local,6,0.52771685,10.55433705,45.83%,14.6444587000,0.0223197000,0.0446825000,0.7782714000,0.2880147999,10.2533644000,3.4328558000,0.0000803000,0.0836919000,14.6475811000,144,66,78
4275,400,260,40,20,6,2,Sweep Line,Local,6,0.60302185,12.06043705,51.92%,18.8521383000,0.0247725000,0.0570874000,0.9774951999,0.3505791000,12.5200963000,3.9807748000,0.0000787000,1.2602195000,18.8564424000,156,81,75
4275,400,280,40,20,6,2,Sweep Line,Local,6,0.56286652,11.25733044,56.55%,21.5009411000,0.0299712000,0.0764967000,1.2386606999,0.4435673001,15.4432335000,4.5616784000,0.0000898001,0.1186179001,21.5047231000,168,95,73
4275,400,300,40,20,6,2,Sweep Line,Local,6,0.55564986,11.11299728,60.56%,23.8454742000,0.0398166000,0.1370463000,1.3801692000,0.5020442999,16.8230453999,5.3061768000,0.0001040001,0.1132811000,23.8522094000,180,109,71
4275,400,320,40,20,6,2,Sweep Line,Local,6,0.54389893,10.87797870,59.38%,24.1456874000,0.0413584000,0.1095924000,1.4900947000,0.5470118001,17.3563257000,4.9924014000,0.0001076000,0.1137601000,24.1496555000,192,114,78
4275,400,340,40,20,6,2,Sweep Line,Local,6,0.52558538,10.51170769,63.24%,25.2137450000,0.0467858000,0.1261879000,1.5991365999,0.5785801001,17.9191959000,5.3561011999,0.0001044001,0.1199779999,25.2179697000,204,129,75
4275,400,360,40,20,6,2,Sweep Line,Local,6,0.53357534,10.67150685,63.43%,24.2058036000,0.0474516000,0.1315142000,1.6474139000,0.5976180000,17.2295496000,4.9994173000,0.0001049000,0.1063200998,24.2113893000,216,137,79
4275,400,380,40,20,6,2,Sweep Line,Local,6,0.49073855,9.81477106,68.42%,27.2590476000,0.0512202999,0.1577302000,1.8687510999,0.6724751000,19.5028954001,5.5178126001,0.0001027000,0.1121478000,27.2630463000,228,156,72
4275,400,400,40,20,6,2,Sweep Line,Local,6,0.49818653,9.96373056,71.67%,30.0105998000,0.0557768000,0.1748526000,2.0760873000,0.7535101999,21.5146346000,6.0264088000,0.0001060999,0.1138373999,30.0156817000,240,172,68
4275,400,420,40,20,6,2,Sweep Line,Local,6,0.51946871,10.38937419,70.24%,29.5860701000,0.0630270001,0.1868050999,2.1522112001,0.7819723999,21.4451616001,5.5654835000,0.0001129001,0.1215374000,29.5929099000,252,177,75
4275,400,440,40,20,6,2,Sweep Line,Local,6,0.48897907,9.77958143,72.73%,34.0417493000,0.0682774001,0.2419815999,2.4283301999,0.8887058999,24.8349384000,6.2953395001,0.0001211999,0.1242073000,34.0467605000,264,192,72
4275,400,460,40,20,6,2,Sweep Line,Local,6,0.50069223,10.01384457,75.00%,34.7053057000,0.0749356000,0.2415495000,2.5079193000,0.9236628001,24.9663545000,6.7167809000,0.0001284000,0.1348809000,34.7104345000,276,207,69
4275,400,480,40,20,6,2,Sweep Line,Local,6,0.47621819,9.52436379,76.39%,49.2052919000,0.1087115000,0.3624533001,3.4078137999,1.2035574999,35.4573221000,9.5984521000,0.0001543000,0.1840040000,49.2108197000,288,220,68
4275,400,500,40,20,6,2,Sweep Line,Local,6,0.51479878,10.29597561,77.00%,60.5939855000,0.1301571000,0.4544366000,4.0419143002,1.3874439000,43.9640093000,11.7304435000,0.0001665000,0.1916338000,60.6037445000,300,231,69
4275,400,520,40,20,6,2,Sweep Line,Local,6,0.47360623,9.47212469,80.45%,65.9109035000,0.1338391999,0.4873958000,4.6117786001,1.5919231002,49.2291355000,11.1848586999,0.0001820999,0.1918101998,65.9181916000,312,251,61
4275,400,540,40,20,6,2,Sweep Line,Local,6,0.44806422,8.96128439,82.72%,66.3990325000,0.1443842000,0.5287674000,4.6851043000,1.6283584000,49.2434759001,11.5162986001,0.0001719000,0.1970738999,66.4097958000,324,268,56
4275,400,560,40,20,6,2,Sweep Line,Local,6,0.46355042,9.27100831,79.46%,68.2401356000,0.1673708000,0.5793446000,4.9203215001,1.6984000001,50.2295875000,12.0245477000,0.0001928001,0.2161124999,68.2921961000,336,267,69
4275,400,580,40,20,6,2,Sweep Line,Local,6,0.43731369,8.74627382,81.32%,66.0657825000,0.1705285000,0.6021331001,4.9761072999,1.7340899001,48.6657923000,11.3560497000,0.0001809001,0.2103244000,66.0760567000,348,283,65
4275,400,600,40,20,6,2,Sweep Line,Local,6,0.42540807,8.50816139,86.11%,73.7727602000,0.1830472000,0.6865950001,5.5290294000,1.9192290000,54.6014121001,12.4552039000,0.0001854000,0.2214567001,73.7873644000,360,310,50
4275,400,620,40,20,6,2,Sweep Line,Local,6,0.41738326,8.34766520,81.99%,74.5911656000,0.1975238000,0.6879173001,5.7796757000,2.0093148999,55.9567191001,11.6652655000,0.0002041000,0.2261701000,74.5991725000,372,305,67
4275,400,640,40,20,6,2,Sweep Line,Local,6,0.42168451,8.43369024,87.50%,77.4768551000,0.1999589000,0.7673833999,6.2010880001,2.1383914000,57.4167606000,12.5767526000,0.0002010000,0.2297522000,77.4905306000,384,336,48
4275,400,660,40,20,6,2,Sweep Line,Local,6,0.43321281,8.66425623,85.86%,84.6546703000,0.2447471999,0.8807656000,6.7051437999,2.3544475998,62.5584280000,13.7542703000,0.0002255001,0.2634181002,84.6652106000,396,340,56
4275,400,680,40,20,6,2,Sweep Line,Local,6,0.42371340,8.47426803,85.54%,81.5573392000,0.2313488999,0.8463889999,6.4858858001,2.2644775002,61.2076714000,12.4479281000,0.0002145001,0.2427819999,81.5664735000,408,349,59
4275,400,700,40,20,6,2,Sweep Line,Local,6,0.40350888,8.07017757,88.57%,89.9421970000,0.2573264000,1.0022189998,7.3740983999,2.5519838000,67.1804635999,13.7542103000,0.0002225999,0.2704745000,89.9533385000,420,372,48
4275,400,720,40,20,6,2,Sweep Line,Local,6,0.39507226,7.90144527,92.59%,88.1390478000,0.2620330000,1.0146012000,7.4410670000,2.6089852999,65.5414118000,13.5101018000,0.0002140000,0.2695803000,88.1531229000,432,400,32
4275,400,740,40,20,6,2,Sweep Line,Local,6,0.39135000,7.82700000,89.86%,91.6592509000,0.2774648000,1.0779949000,7.6719340001,2.6988542002,67.9161323000,14.3418436000,0.0002467000,0.2727712999,91.6717425000,444,399,45
4275,400,760,40,20,6,2,Sweep Line,Local,6,0.39278001,7.85560024,91.45%,92.1410511000,0.2907844000,1.1047748998,7.6702581000,2.7126973001,68.4895726000,14.3010343001,0.0002266000,0.1937619999,92.1514909000,456,417,39
4275,400,780,40,20,6,2,Sweep Line,Local,6,0.35814143,7.16282861,86.11%,91.9811233000,0.3078617000,1.1323915999,8.1083086001,2.8552330001,68.7834466000,13.3673015000,0.0002514000,0.1991974000,91.9948657000,468,403,65
4275,400,800,40,20,6,2,Sweep Line,Local,6,0.39880160,7.97603204,91.25%,98.4032796000,0.3186051999,1.2267317000,8.4783492003,2.9867711000,73.5752486000,14.5027885000,0.0002452000,0.2051117001,98.4120372000,480,438,42
4275,400,820,40,20,6,2,Sweep Line,Local,6,0.35563173,7.11263458,91.06%,101.3771377000,0.3427728000,1.3692864999,8.9702873000,3.1671323000,75.8918574000,14.4932075001,0.0002566000,0.2193612001,101.3906143000,492,448,44
4275,400,840,40,20,6,2,Sweep Line,Local,6,0.36051633,7.21032663,91.27%,96.2841161000,0.3381525001,1.3078071000,8.7726907999,3.1214011001,71.5097395000,14.0467576000,0.0002599000,0.2105199002,96.2953173000,504,460,44
4275,400,860,40,20,6,2,Sweep Line,Local,6,0.34358216,6.87164317,94.96%,109.5672970000,0.3724908000,1.5189711000,10.0537740001,3.5397835999,82.3112573000,14.9963743000,0.0002607000,0.2237627000,109.5811463000,516,490,26
4275,400,880,40,20,6,2,Sweep Line,Local,6,0.33282843,6.65656857,91.29%,102.8377498000,0.3877739000,1.4756006000,9.5030528999,3.3687782000,77.0620948999,14.0995664000,0.0002689000,0.2208905000,102.8557720000,528,482,46
4275,400,900,40,20,6,2,Sweep Line,Local,6,0.36958752,7.39175042,93.52%,114.4499690000,0.4137602000,1.6603825999,10.1457781998,3.5830395001,85.0993829999,16.7933024000,0.0003057000,0.2295736001,114.4685662000,540,505,35
4275,400,920,40,20,6,2,Sweep Line,Local,6,0.33340457,6.66809130,91.49%,106.8303298000,0.4288505001,1.6006061000,9.9206309002,3.5377072000,79.4488280000,15.1073012001,0.0002976002,0.2222910002,106.8406975000,552,505,47
4275,400,940,40,20,6,2,Sweep Line,Local,6,0.35431201,7.08624025,94.15%,116.8468636000,0.4513999000,1.8193126001,10.8312262999,3.8666102999,87.0011939000,16.4086979000,0.0002841000,0.2319036999,116.8573410000,564,531,33
4275,400,960,40,20,6,2,Sweep Line,Local,6,0.34901533,6.98030660,95.66%,118.5473628000,0.4791620999,1.8818306000,11.2392028001,4.0248556999,87.9960571000,16.5989016999,0.0002989998,0.2317871999,118.5613491000,576,551,25
4275,400,980,40,20,6,2,Sweep Line,Local,6,0.33949457,6.78989137,95.07%,118.5653653000,0.4882234000,1.8774594999,11.2865077001,4.0548282998,88.6006307000,15.9924441000,0.0002823000,0.2266579999,118.5879559000,588,559,29
4275,400,1000,40,20,6,2,Sweep Line,Local,6,0.32264406,6.45288113,95.00%,122.4168106000,0.5253934000,2.0477808000,12.0436731998,4.3135855000,90.8700211000,16.5912421999,0.0003109999,0.2350119001,122.4354182000,600,570,30
4275,400,60,40,20,6,2,Sweep Line,Local,6,0.60799571,12.15991426,16.67%,2.1322758000,0.0019727000,0.0018617000,0.0588231000,0.0205587000,1.2874156000,0.7375324000,0.0000230000,0.0398194000,2.1344043000,36,6,30
4275,400,80,40,20,6,2,Sweep Line,Local,6,0.64017480,12.80349597,25.00%,4.2332692000,0.0032388000,0.0046313000,0.1482704000,0.0537004000,2.9362984000,1.0820578000,0.0000296000,0.0425851000,4.2355419000,48,12,36
4275,400,100,40,20,6,2,Sweep Line,Local,6,0.59815891,11.96317819,35.00%,8.1002363000,0.0054252000,0.0095078000,0.2826039000,0.0961636000,5.5577893000,2.1832251000,0.0000405000,0.0478875000,8.1020657000,60,21,39
4275,400,120,40,20,6,2,Sweep Line,Local,6,0.45088092,9.01761833,36.11%,9.3703819000,0.0072076001,0.0131333000,0.3139891000,0.1075364000,6.2526536001,2.7152261000,0.0000422000,0.0528445000,9.3734720000,72,26,46
4275,400,140,40,20,6,2,Sweep Line,Local,6,0.58686634,11.73732687,25.00%,6.9355916000,0.0091164000,0.0124370000,0.3259336000,0.1100753000,4.9773971000,1.5460249000,0.0000503000,0.0545065000,6.9389427000,84,21,63
4275,400,160,40,20,6,2,Sweep Line,Local,6,0.45904053,9.18081069,36.46%,11.1014248000,0.0127462000,0.0230995000,0.4465732000,0.1531078999,7.5030070000,3.0360625000,0.0000549000,0.0620496001,11.1039442000,96,35,61
4275,400,180,40,20,6,2,Sweep Line,Local,6,0.58507835,11.70156709,35.19%,11.8903363000,0.0157074000,0.0284647000,0.5039884000,0.1729171000,8.0802276000,3.1753180000,0.0000650000,0.0638717000,11.8947126000,108,38,70
4275,400,200,40,20,6,2,Sweep Line,Local,6,0.61169162,12.23383240,36.67%,13.3276364000,0.0214213000,0.0366429000,0.5830115001,0.2020277000,8.8101568000,3.7709976000,0.0000723999,0.0787123999,13.3318974000,120,44,76
4275,400,220,40,20,6,2,Sweep Line,Local,6,0.52924614,10.58492280,42.42%,18.6423584000,0.0261378000,0.0568761000,0.8428942000,0.2831404000,13.0563675000,4.5239623000,0.0000853000,0.0899658000,18.6479428000,132,56,76
4275,400,240,40,20,6,2,Sweep Line,Local,6,0.52771685,10.55433705,45.83%,21.7673658000,0.0308034000,0.0661180999,1.0463109000,0.3562948000,15.4066496000,5.0913479000,0.0000913000,0.0920265000,21.7733141000,144,66,78
4275,400,260,40,20,6,2,Sweep Line,Local,6,0.60302185,12.06043705,51.92%,26.1793939000,0.0381430000,0.0876316000,1.3055799000,0.4443669000,18.7667325000,5.8329929000,0.0000972000,0.1052056001,26.1842629000,156,81,75
4275,400,280,40,20,6,2,Sweep Line,Local,6,0.56286652,11.25733044,56.55%,30.5286324000,0.0422124000,0.1119314001,1.6064969999,0.5411974000,22.2506103000,6.3669909000,0.0001036000,0.1050915000,30.5374716000,168,95,73
4275,400,300,40,20,6,2,Sweep Line,Local,6,0.55564986,11.11299728,60.56%,30.4308422000,0.0455312000,0.1677523000,1.5990183001,0.5423863001,21.7853749000,6.6682875000,0.0001021000,0.1088588001,30.4383948000,180,109,71
4275,400,320,40,20,6,2,Sweep Line,Local,6,0.54389893,10.87797870,59.38%,29.8875545000,0.0501737000,0.1334272000,1.6619346000,0.5706335001,21.5427919000,6.3388913000,0.0001080000,0.1132124000,29.8918294000,192,114,78
4275,400,340,40,20,6,2,Sweep Line,Local,6,0.52558538,10.51170769,63.24%,33.4014759000,0.0594420000,0.1657156001,1.9156200001,0.6617345000,24.0036593000,7.0829757000,0.0001232000,0.1194467000,33.4104392000,204,129,75
4275,400,360,40,20,6,2,Sweep Line,Local,6,0.53357534,10.67150685,63.43%,37.9819098000,0.0701220000,0.1955233000,2.2486754001,0.7725138000,27.4937978000,7.7787937000,0.0001334999,0.1373849000,37.9903872000,216,137,79
4275,400,380,40,20,6,2,Sweep Line,Local,6,0.49073855,9.81477106,68.42%,42.8476606000,0.0767298000,0.2317519000,2.5544413000,0.8823366001,31.1808710000,8.5799038000,0.0001293999,0.1467502000,42.8569304000,228,156,72
4275,400,400,40,20,6,2,Sweep Line,Local,6,0.49818653,9.96373056,71.67%,46.6720680000,0.0852851000,0.2647469000,2.8529513000,0.9825209000,33.7514026000,9.4627639000,0.0001409001,0.1628844000,46.6814791000,240,172,68
4275,400,420,40,20,6,2,Sweep Line,Local,6,0.51946871,10.38937419,70.24%,42.3134936000,0.0885753000,0.2655238002,2.7610259000,0.9611862000,30.9983680000,7.9840203000,0.0001761000,0.1549290000,42.3209058000,252,177,75
4275,400,440,40,20,6,2,Sweep Line,Local,6,0.48897907,9.77958143,72.73%,51.6325375000,0.1051243000,0.3513623000,3.3290952000,1.1516064000,38.0125067001,9.6069998000,0.0001517999,0.1668479000,51.6421834000,264,192,72
4275,400,460,40,20,6,2,Sweep Line,Local,6,0.50069223,10.01384457,75.00%,53.4267381000,0.1144084001,0.3799066000,3.4890687000,1.2006730001,38.7815292000,10.4135761000,0.0001606000,0.1730081999,53.4368018000,276,207,69
4275,400,480,40,20,6,2,Sweep Line,Local,6,0.47621819,9.52436379,76.39%,56.0861260000,0.1203728000,0.3967127999,3.6615632000,1.2885515001,40.7873537001,10.8647068000,0.0001643999,0.1747378001,56.0963635000,288,220,68
4275,400,500,40,20,6,2,Sweep Line,Local,6,0.51479878,10.29597561,77.00%,55.6912415000,0.1305965000,0.4162680000,3.6978887001,1.2926394001,40.3685205999,10.8075791000,0.0001629999,0.1847325001,55.6967276000,300,231,69
4275,400,520,40,20,6,2,Sweep Line,Local,6,0.47360623,9.47212469,80.45%,64.1649983000,0.1440896001,0.4851522001,4.5151470999,1.5740042000,47.7424988000,10.9933085000,0.0001750000,0.1976696003,64.1745867000,312,251,61
4275,400,540,40,20,6,2,Sweep Line,Local,6,0.44806422,8.96128439,82.72%,66.0445398000,0.1544641000,0.5392582999,4.7933891000,1.6653347999,48.8001874000,11.4682307001,0.0001764001,0.2086752000,66.0595652000,324,268,56
4275,400,560,40,20,6,2,Sweep Line,Local,6,0.46355042,9.27100831,79.46%,62.5257334000,0.1609074001,0.5785724001,4.5546738000,1.5931375999,45.8251106000,11.1254499000,0.0001795000,0.2046729000,62.5325157000,336,267,69
4275,400,580,40,20,6,2,Sweep Line,Local,6,0.43731369,8.74627382,81.32%,68.1482248000,0.1769595000,0.6070287000,5.1633635000,1.7960824000,50.2621902000,11.6404187000,0.0001966000,0.2164863999,68.1544045000,348,283,65
4275,400,600,40,20,6,2,Sweep Line,Local,6,0.42540807,8.50816139,86.11%,73.0866639000,0.1897247000,0.6798016999,5.5330588999,1.9349839001,54.0079840000,12.3636743001,0.0001934000,0.2256057000,73.0987116000,360,310,50
4275,400,620,40,20,6,2,Sweep Line,Local,6,0.41738326,8.34766520,81.99%,70.9990597000,0.1997994000,0.6721664000,5.6567314000,1.9930570999,53.0559442999,11.1044063000,0.0002046001,0.2278839000,71.0091600000,372,305,67
4275,400,640,40,20,6,2,Sweep Line,Local,6,0.42168451,8.43369024,87.50%,81.3181527000,0.2233697000,0.8129709998,6.5205750000,2.2754928000,60.5536664000,12.8630462000,0.0002136000,0.2468283000,81.3321534000,384,336,48
4275,400,660,40,20,6,2,Sweep Line,Local,6,0.43321281,8.66425623,85.86%,75.0928802000,0.2282539001,0.8095161998,6.1676612001,2.1830736000,55.3256274000,12.2191019999,0.0002135999,0.2443993999,75.1068336000,396,340,56
4275,400,680,40,20,6,2,Sweep Line,Local,6,0.42371340,8.47426803,85.54%,85.0236164000,0.2420252000,0.8654037999,6.6881964002,2.3631371998,63.6063853999,13.2623892999,0.0002135000,0.2528519001,85.0359488000,408,349,59
4275,400,700,40,20,6,2,Sweep Line,Local,6,0.40350888,8.07017757,88.57%,83.5132724000,0.2506558999,0.9281484999,6.9931975001,2.4690449000,62.2874336000,12.7212224000,0.0002228999,0.2507235002,83.5214804000,420,372,48
4275,400,720,40,20,6,2,Sweep Line,Local,6,0.39507226,7.90144527,92.59%,92.1350039000,0.2805929000,1.0731512000,7.8964200999,2.7770016999,68.3452306999,14.1732025000,0.0003096999,0.2755820000,92.1459776000,432,400,32
4275,400,740,40,20,6,2,Sweep Line,Local,6,0.39135000,7.82700000,89.86%,87.3114917000,0.2879445999,1.0423712999,7.4574028999,2.6621055002,64.4493104000,13.7129720000,0.0002261999,0.2698677001,87.3737868000,444,399,45
4275,400,760,40,20,6,2,Sweep Line,Local,6,0.39278001,7.85560024,91.45%,95.4365357000,0.3068547000,1.1634478000,8.1374364000,2.8637117996,70.7504471000,14.7665652000,0.0002439001,0.2043537000,95.4524641000,456,417,39
4275,400,780,40,20,6,2,Sweep Line,Local,6,0.35814143,7.16282861,86.11%,82.2272262000,0.2972782001,1.0416408000,7.4977428001,2.6698445000,61.2874584001,11.8299699000,0.0002355000,0.1958556999,82.2428438000,468,403,65
4275,400,800,40,20,6,2,Sweep Line,Local,6,0.39880160,7.97603204,91.25%,88.0510689000,0.3015542000,1.1124799000,7.8429238000,2.8439741001,65.5485689001,12.9549079999,0.0002369001,0.2008507002,88.0649371000,480,438,42
4275,400,820,40,20,6,2,Sweep Line,Local,6,0.35563173,7.11263458,91.06%,66.8218021000,0.2613955000,0.9028641000,6.5866955999,2.4274602999,49.3026235000,9.5192734999,0.0002103000,0.1785542001,66.8352491000,492,448,44
4275,400,840,40,20,6,2,Sweep Line,Local,6,0.36051633,7.21032663,91.27%,71.5121997000,0.2891326999,1.0163726000,7.2614824000,2.6562334999,52.3756646001,10.3060525000,0.0002222999,0.1857658001,71.5236421000,504,460,44
4275,400,860,40,20,6,2,Sweep Line,Local,6,0.34358216,6.87164317,94.96%,74.9260811000,0.2877926000,1.0785839998,7.6200286001,2.8262197001,55.3932177001,10.2902702001,0.0002244001,0.1814602001,74.9628822000,516,490,26
4275,400,880,40,20,6,2,Sweep Line,Local,6,0.33282843,6.65656857,91.29%,71.0595260000,0.2965908999,1.0509466000,7.3393293997,2.7315930999,52.4217984000,9.6954638999,0.0002265000,0.1812549002,71.0682683000,528,482,46
4275,400,900,40,20,6,2,Sweep Line,Local,6,0.36958752,7.39175042,93.52%,79.7542194000,0.3235225000,1.2099129998,7.9504343995,2.9393374000,58.2810087000,11.7108412000,0.0002310998,0.1874214999,79.7632161000,540,505,35
4275,400,920,40,20,6,2,Sweep Line,Local,6,0.33340457,6.66809130,91.49%,74.2555135000,0.3195271999,1.1383233000,7.6607906003,2.8530497998,54.6403264000,10.2419840999,0.0002291999,0.1764922000,74.2648149000,552,505,47
4275,400,940,40,20,6,2,Sweep Line,Local,6,0.35431201,7.08624025,94.15%,82.0253565000,0.3466155000,1.3078931000,8.5105025003,3.1467797002,60.0023141001,11.5799116001,0.0002465000,0.1913149000,82.0379608000,564,531,33
4275,400,960,40,20,6,2,Sweep Line,Local,6,0.34901533,6.98030660,95.66%,76.9134894000,0.3303965999,1.2187809999,8.0389907002,3.0097454002,56.4093854000,10.6516190000,0.0002210999,0.1819192002,76.9242987000,576,551,25
4275,400,980,40,20,6,2,Sweep Line,Local,6,0.33949457,6.78989137,95.07%,77.7638475000,0.3456644001,1.2358722001,8.2111271001,3.0732101003,57.1869450000,10.5199551000,0.0002346999,0.1879366002,77.7725967000,588,559,29
4275,400,1000,40,20,6,2,Sweep Line,Local,6,0.32264406,6.45288113,95.00%,74.0691436000,0.3398354000,1.2277699000,8.0801195001,3.0216894001,54.1328405001,10.0361450001,0.0002278000,0.1783777001,74.0792097000,600,570,30
4275,400,60,40,20,6,2,Sweep Line,Local,6,0.60799571,12.15991426,16.67%,1.3815588000,0.0015077000,0.0013235000,0.0425468000,0.0167216000,0.8178268000,0.4839809000,0.0000209000,0.0299593000,1.3834202000,36,6,30
4275,400,80,40,20,6,2,Sweep Line,Local,6,0.64017480,12.80349597,25.00%,2.6540401000,0.0022898000,0.0030966000,0.1069352000,0.0380965000,1.7848486000,0.7209435000,0.0000226000,0.0290724000,2.6552818000,48,12,36
4275,400,100,40,20,6,2,Sweep Line,Local,6,0.59815891,11.96317819,35.00%,5.2268693000,0.0037609000,0.0067087000,0.2158133000,0.0760434000,3.5178032000,1.4379984000,0.0000296000,0.0350934000,5.2282739000,60,21,39
4275,400,120,40,20,6,2,Sweep Line,Local,6,0.45088092,9.01761833,36.11%,6.0089242000,0.0048313000,0.0088353000,0.2401909000,0.0861446000,3.9051560000,1.8002016000,0.0000335000,0.0375269000,6.0104824000,72,26,46
4275,400,140,40,20,6,2,Sweep Line,Local,6,0.58686634,11.73732687,25.00%,5.0364502000,0.0078944000,0.0088295000,0.2724744000,0.0916880000,3.5953762000,1.0941469000,0.0000445000,0.0475359000,5.0396054000,84,21,63
4275,400,160,40,20,6,2,Sweep Line,Local,6,0.45904053,9.18081069,36.46%,7.6642720000,0.0090079000,0.0151050000,0.3351060000,0.1197986000,5.0500289000,2.1886486000,0.0000491000,0.0480405001,7.6663838000,96,35,61
4275,400,180,40,20,6,2,Sweep Line,Local,6,0.58507835,11.70156709,35.19%,7.7610703000,0.0113608000,0.0191678000,0.3757959000,0.1367755000,5.1767734000,2.1085263000,0.0000537001,0.0507576000,7.7633801000,108,38,70
4275,400,200,40,20,6,2,Sweep Line,Local,6,0.61169162,12.23383240,36.67%,8.6894645000,0.0138737000,0.0258907000,0.4378793000,0.1572528999,5.6810998000,2.4527022000,0.0000616999,0.0542508001,8.6920808000,120,44,76
4275,400,220,40,20,6,2,Sweep Line,Local,6,0.52924614,10.58492280,42.42%,11.3239745000,0.0189670000,0.0351593001,0.5878369001,0.2101885999,7.8125865000,2.7797131000,0.0000723000,0.0645044000,11.3268966000,132,56,76
4275,400,240,40,20,6,2,Sweep Line,Local,6,0.52771685,10.55433705,45.83%,13.6109268000,0.0215893000,0.0415777000,0.7332032000,0.2668783000,9.5865399000,3.1323201001,0.0000726000,0.0693102000,13.6137402000,144,66,78
4275,400,260,40,20,6,2,Sweep Line,Local,6,0.60302185,12.06043705,51.92%,16.7563773000,0.0246928000,0.0559732000,0.9234908999,0.3258202000,11.9863724000,3.6659005000,0.0000832000,0.0724618000,16.7597936000,156,81,75
4275,400,280,40,20,6,2,Sweep Line,Local,6,0.56286652,11.25733044,56.55%,19.2789195000,0.0290873000,0.0680027001,1.1115090000,0.3919201000,13.8850608000,4.0720650000,0.0000802000,0.0821119001,19.2822170000,168,95,73
4275,400,300,40,20,6,2,Sweep Line,Local,6,0.55564986,11.11299728,60.56%,19.1381895000,0.0319855000,0.0851338001,1.1631664001,0.4252856999,13.4671159000,4.2704250000,0.0000858000,0.0819636000,19.1413871000,180,109,71
4275,400,320,40,20,6,2,Sweep Line,Local,6,0.54389893,10.87797870,59.38%,19.4053514000,0.0379162000,0.0885810000,1.2203194000,0.4517989001,13.8885434000,4.0477634000,0.0000888999,0.0846394001,19.4087797000,192,114,78
4275,400,340,40,20,6,2,Sweep Line,Local,6,0.52558538,10.51170769,63.24%,21.2299978000,0.0404532000,0.1075485998,1.3613306000,0.5014430000,15.0695542001,4.5143464001,0.0000897000,0.0933872001,21.2355171000,204,129,75
4275,400,360,40,20,6,2,Sweep Line,Local,6,0.53357534,10.67150685,63.43%,22.7389383000,0.0477512000,0.1236611999,1.5402192001,0.5582220000,16.2730770000,4.6054951000,0.0001003001,0.1051320000,22.7425898000,216,137,79
4275,400,380,40,20,6,2,Sweep Line,Local,6,0.49073855,9.81477106,68.42%,27.0001173000,0.0544705000,0.1507448000,1.8451422000,0.6570410999,19.2897515000,5.5051808000,0.0001128999,0.1085165001,27.0073435000,228,156,72
4275,400,400,40,20,6,2,Sweep Line,Local,6,0.49818653,9.96373056,71.67%,29.8578871000,0.0611917000,0.1739324000,2.0502623000,0.7434046001,21.4079805001,5.9998633000,0.0001154000,0.1156369000,29.8623803000,240,172,68
4275,400,420,40,20,6,2,Sweep Line,Local,6,0.51946871,10.38937419,70.24%,29.4516864000,0.0657696000,0.1835651000,2.1069594001,0.7681649001,21.3084248000,5.6222625001,0.0001129999,0.1144518000,29.4563677000,252,177,75
4275,400,440,40,20,6,2,Sweep Line,Local,6,0.48897907,9.77958143,72.73%,32.5693214000,0.0697176000,0.2026712000,2.3506333002,0.8465748000,23.8063950000,5.9713609000,0.0001169001,0.1192841000,32.5748694000,264,192,72
4275,400,460,40,20,6,2,Sweep Line,Local,6,0.50069223,10.01384457,75.00%,31.7423281000,0.0767813000,0.2558115001,2.3385766000,0.8635629000,22.5623214000,6.3204977000,0.0001196000,0.1266106000,31.7470755000,276,207,69
4275,400,480,40,20,6,2,Sweep Line,Local,6,0.47621819,9.52436379,76.39%,34.1595567000,0.0823996001,0.2532885001,2.5090780001,0.9132339000,24.4192363000,6.6990076000,0.0001363000,0.1350642001,34.1644831000,288,220,68
4275,400,500,40,20,6,2,Sweep Line,Local,6,0.51479878,10.29597561,77.00%,37.5054463000,0.0907854999,0.2856737000,2.8339312001,1.0428463000,26.8088151001,7.2815511000,0.0001433000,0.1410147999,37.5130669000,300,231,69
4275,400,520,40,20,6,2,Sweep Line,Local,6,0.47360623,9.47212469,80.45%,41.5580807000,0.1024659001,0.3195366999,3.3064598999,1.2003381001,30.4565745999,7.1645934000,0.0001404000,0.1525315000,41.5634529000,312,251,61
4275,400,540,40,20,6,2,Sweep Line,Local,6,0.44806422,8.96128439,82.72%,42.2567328000,0.1056952999,0.3500543000,3.4401117001,1.2557985000,30.8264592000,7.3201516000,0.0001412000,0.1526055999,42.2624597000,324,268,56
4275,400,560,40,20,6,2,Sweep Line,Local,6,0.46355042,9.27100831,79.46%,40.2073333000,0.1152023000,0.3428961000,3.2837652002,1.2002578001,29.1551857999,7.0926306000,0.0001410000,0.1557920000,40.2128576000,336,267,69
4275,400,580,40,20,6,2,Sweep Line,Local,6,0.43731369,8.74627382,81.32%,41.4602888000,0.1227821000,0.3759150001,3.4923560001,1.2657975001,30.2262515001,7.0201188001,0.0001523000,0.1583182001,41.4658653000,348,283,65
4275,400,600,40,20,6,2,Sweep Line,Local,6,0.42540807,8.50816139,86.11%,46.5713811000,0.1321567999,0.4454781001,4.0023201999,1.4673520998,33.8536992999,7.8956421000,0.0001616001,0.1704686000,46.6076661000,360,310,50
4275,400,620,40,20,6,2,Sweep Line,Local,6,0.41738326,8.34766520,81.99%,47.0024899000,0.1434079000,0.4489244001,4.1772235998,1.5352806999,34.6378272000,7.3613729000,0.0001744000,0.1732334001,47.0089200000,372,305,67
4275,400,640,40,20,6,2,Sweep Line,Local,6,0.42168451,8.43369024,87.50%,47.7002283000,0.1474022000,0.4916902000,4.3570556001,1.6045761001,34.8191332000,7.6327504000,0.0001617000,0.1855722999,47.7076862000,384,336,48
4275,400,660,40,20,6,2,Sweep Line,Local,6,0.43321281,8.66425623,85.86%,50.2505212000,0.1666579000,0.5360266001,4.5251528999,1.6691693001,36.6164402001,8.1473008001,0.0001768000,0.1849927999,50.2576220000,396,340,56
4275,400,680,40,20,6,2,Sweep Line,Local,6,0.42371340,8.47426803,85.54%,54.0629977000,0.1678965000,0.5669809000,4.8900037000,1.8001663002,39.8546907000,8.3200969000,0.0001723000,0.1946426000,54.0703837000,408,349,59
4275,400,700,40,20,6,2,Sweep Line,Local,6,0.40350888,8.07017757,88.57%,53.1015824000,0.1769899000,0.5761562999,4.8964961999,1.8078355999,39.0742604000,8.1149091000,0.0001692999,0.1964623999,53.1116209000,420,372,48
4275,400,720,40,20,6,2,Sweep Line,Local,6,0.39507226,7.90144527,92.59%,58.0035863000,0.1950115001,0.6737390001,5.4892923001,2.0154570999,42.6055589001,8.7594963000,0.0001821000,0.2068857999,58.0124862000,432,400,32
4275,400,740,40,20,6,2,Sweep Line,Local,6,0.39135000,7.82700000,89.86%,58.1861508000,0.1997257001,0.6863265001,5.4893426000,2.0315043002,42.3306699000,9.1947129000,0.0001794000,0.2082838001,58.1941704000,444,399,45
4275,400,760,40,20,6,2,Sweep Line,Local,6,0.39278001,7.85560024,91.45%,58.1854428000,0.2065257999,0.7016859998,5.4544650001,2.0188963001,42.5316324999,9.0694289000,0.0001892999,0.1488857000,58.2215104000,456,417,39
4275,400,780,40,20,6,2,Sweep Line,Local,6,0.35814143,7.16282861,86.11%,59.1093408000,0.2210298999,0.7112898000,5.7299272000,2.1061011998,43.7732411000,8.4534564999,0.0001908999,0.1555766001,59.1228984000,468,403,65
4275,400,800,40,20,6,2,Sweep Line,Local,6,0.39880160,7.97603204,91.25%,62.3367698000,0.2366439000,0.7840924000,5.9680402001,2.2120591999,45.7624796999,9.3515662999,0.0002000998,0.1601505001,62.3450822000,480,438,42
4275,400,820,40,20,6,2,Sweep Line,Local,6,0.35563173,7.11263458,91.06%,62.8571467000,0.2441363000,0.8168203999,6.2037457998,2.3288369999,46.3729875000,8.9852242999,0.0002057999,0.1629897001,62.8662693000,492,448,44
4275,400,840,40,20,6,2,Sweep Line,Local,6,0.36051633,7.21032663,91.27%,65.1727722000,0.2571068999,0.8837829001,6.5888652001,2.4372692000,47.8027550000,9.3961994000,0.0002058000,0.1710836000,65.1847123000,504,460,44
4275,400,860,40,20,6,2,Sweep Line,Local,6,0.34358216,6.87164317,94.96%,65.3611026000,0.2634372998,0.9168838001,6.7708435000,2.5408306999,48.2405931000,8.9321317999,0.0002113001,0.1667854002,65.3695000000,516,490,26
4275,400,880,40,20,6,2,Sweep Line,Local,6,0.33282843,6.65656857,91.29%,68.7681973000,0.2844045000,1.0033770999,7.0168124999,2.6361061000,50.8358394999,9.3803540999,0.0002127000,0.1731786999,68.7765665000,528,482,46
4275,400,900,40,20,6,2,Sweep Line,Local,6,0.36958752,7.39175042,93.52%,69.5982159000,0.2844162000,1.0121446001,6.8584284000,2.5455075997,50.8565727999,10.3324283001,0.0002153001,0.1704289000,69.6103820000,540,505,35
4275,400,920,40,20,6,2,Sweep Line,Local,6,0.33340457,6.66809130,91.49%,69.4568231000,0.3091129000,1.0424902002,7.1756836999,2.6925570002,51.0138984001,9.6591059000,0.0002317000,0.1773206999,69.4654689000,552,505,47
4275,400,940,40,20,6,2,Sweep Line,Local,6,0.35431201,7.08624025,94.15%,74.2324525000,0.3213330999,1.1552800997,7.7261164002,2.8792868997,54.2438552001,10.5243082000,0.0002250001,0.1765129999,74.2441098000,564,531,33
4275,400,960,40,20,6,2,Sweep Line,Local,6,0.34901533,6.98030660,95.66%,72.6553081000,0.3318850000,1.1442845001,7.6135837001,2.8527259996,53.1661407001,10.1369862000,0.0002319000,0.1814243002,72.6653615000,576,551,25
4275,400,980,40,20,6,2,Sweep Line,Local,6,0.33949457,6.78989137,95.07%,79.1825599000,0.3474519001,1.2726719998,8.3812238000,3.1389359001,58.2104122000,10.7128015000,0.0002415000,0.1825900001,79.1925043000,588,559,29
4275,400,1000,40,20,6,2,Sweep Line,Local,6,0.32264406,6.45288113,95.00%,76.0726907000,0.3683919999,1.2611642999,8.3289299001,3.1193942001,55.5397611000,10.3197604001,0.0002411000,0.1792368000,76.0864904000,600,570,30
4275,400,60,40,20,6,2,Sweep Line,Local,8,0.60799571,12.15991426,16.67%,1.4280877000,0.0013331000,0.0014269000,0.0619145000,0.0189792000,0.8365151000,0.4936002000,0.0000166000,0.0283555000,1.4290954000,36,6,30
4275,400,80,40,20,6,2,Sweep Line,Local,8,0.64017480,12.80349597,25.00%,2.6030948000,0.0022771000,0.0036441000,0.1193780000,0.0384733000,1.7560293000,0.6839063000,0.0000217000,0.0297950000,2.6042748000,48,12,36
4275,400,100,40,20,6,2,Sweep Line,Local,8,0.59815891,11.96317819,35.00%,5.2567078000,0.0036755000,0.0062698000,0.2406859000,0.0750057000,3.5222855000,1.4383030000,0.0000277000,0.0354322000,5.2581635000,60,21,39
4275,400,120,40,20,6,2,Sweep Line,Local,8,0.45128201,9.02564023,36.11%,6.0506378000,0.0055012000,0.0088943000,0.2751275000,0.0860282000,3.9265904000,1.7779384000,0.0000361000,0.0437600000,6.0522222000,72,26,46
4275,400,140,40,20,6,2,Sweep Line,Local,8,0.58686634,11.73732687,25.00%,4.6273304000,0.0070766000,0.0085967000,0.2812502000,0.0891033000,3.2218812000,1.0551399000,0.0000412000,0.0421678000,4.6290017000,84,21,63
4275,400,160,40,20,6,2,Sweep Line,Local,8,0.45830376,9.16607530,36.46%,7.5173963000,0.0093200000,0.0153121000,0.3776490000,0.1201524000,4.9640484000,2.0851796000,0.0000477999,0.0491778001,7.5197287000,96,35,61
4275,400,180,40,20,6,2,Sweep Line,Local,8,0.58314991,11.66299815,35.19%,7.7924144000,0.0123942000,0.0190057000,0.4398596000,0.1400684000,5.1182266000,2.1277587000,0.0000531001,0.0546616000,7.7946338000,108,38,70
4275,400,200,40,20,6,2,Sweep Line,Local,8,0.60922298,12.18445965,36.67%,8.5747341000,0.0154666000,0.0254595000,0.5066908000,0.1687297000,5.5335046000,2.4116861000,0.0000671000,0.0575470000,8.5771985000,120,44,76
4275,400,220,40,20,6,2,Sweep Line,Local,8,0.51616908,10.32338165,42.42%,11.4317614000,0.0170657000,0.0351957000,0.6888565001,0.2165257000,7.8235492000,2.7797047000,0.0000636000,0.0618327000,11.4343458000,132,56,76
4275,400,240,40,20,6,2,Sweep Line,Local,8,0.51894662,10.37893250,45.83%,13.6173652000,0.0226622000,0.0422385000,0.8280873000,0.2617146000,9.4825773000,3.1465684000,0.0000730000,0.0679992000,13.6202490000,144,66,78
4275,400,260,40,20,6,2,Sweep Line,Local,8,0.59458299,11.89165984,51.92%,16.3893224000,0.0248528000,0.0550405000,1.0549880000,0.3388096999,11.5286098000,3.6251661000,0.0000741000,0.0719640000,16.3925741000,156,81,75
4275,400,280,40,20,6,2,Sweep Line,Local,8,0.55707816,11.14156325,56.55%,19.3999868000,0.0318566000,0.0701009000,1.3459910000,0.4284003000,13.7886682000,4.0512971000,0.0000829999,0.0810882000,19.4032389000,168,95,73
4275,400,300,40,20,6,2,Sweep Line,Local,8,0.55426269,11.08525383,60.56%,19.7400175000,0.0339071000,0.0875536999,1.3535423000,0.4278343000,13.7028731000,4.4384720000,0.0000831000,0.0842000001,19.7471172000,180,109,71
4275,400,320,40,20,6,2,Sweep Line,Local,8,0.53592678,10.71853559,59.38%,19.6896660000,0.0389561000,0.0910507001,1.4421664001,0.4616664999,13.7914968999,4.1975516000,0.0000909001,0.0887227000,19.6939616000,192,114,78
4275,400,340,40,20,6,2,Sweep Line,Local,8,0.52075383,10.41507661,63.24%,20.6560238000,0.0419018000,0.1072820000,1.5900742000,0.5150467001,14.3675457000,4.4129140001,0.0000955000,0.0934177999,20.6595154000,204,129,75
4275,400,360,40,20,6,2,Sweep Line,Local,8,0.53336016,10.66720313,63.43%,21.6941700000,0.0461757000,0.1210539000,1.7417609999,0.5619760000,15.1918720000,4.4483978001,0.0000999000,0.0999157001,21.6983401000,216,137,79
4275,400,380,40,20,6,2,Sweep Line,Local,8,0.48279124,9.65582476,68.42%,24.9913008000,0.0533426001,0.1515972000,2.0387110001,0.6617281000,17.4821764000,5.1107773000,0.0001054000,0.1053949000,24.9950886000,228,156,72
4275,400,400,40,20,6,2,Sweep Line,Local,8,0.48053213,9.61064269,71.67%,29.0744600000,0.0592508000,0.1765979002,2.3921521000,0.7603723000,20.3739597000,5.9082578000,0.0001133000,0.1123355000,29.0797014000,240,172,68
4275,400,420,40,20,6,2,Sweep Line,Local,8,0.51232360,10.24647197,70.24%,28.8518480000,0.0670200000,0.1857023000,2.4763881001,0.8013883001,20.4251909000,5.5314115000,0.0001418999,0.1148331000,28.8568935000,252,177,75
4275,400,440,40,20,6,2,Sweep Line,Local,8,0.47447688,9.48953754,72.73%,32.5771939000,0.0728648999,0.2099678999,2.8148557999,0.9126186999,23.3253456000,5.9830774000,0.0001309001,0.1213858001,32.5820858000,264,192,72
4275,400,460,40,20,6,2,Sweep Line,Local,8,0.49619504,9.92390087,75.00%,33.1350897000,0.0790740000,0.2399953000,2.8404502001,0.9149286998,23.2107128000,6.5686497999,0.0001261000,0.1354348001,33.1403531000,276,207,69
4275,400,480,40,20,6,2,Sweep Line,Local,8,0.45838400,9.16768000,76.39%,32.3838298000,0.0848922001,0.2467636000,2.8938752999,0.9514258000,22.6446812000,6.3163260000,0.0001254000,0.1352563001,32.3896591000,288,220,68
4275,400,500,40,20,6,2,Sweep Line,Local,8,0.48974350,9.79486994,77.00%,33.4803586000,0.0912332999,0.3048014999,3.0638234999,1.0039166001,23.2170229000,6.6002644000,0.0001299000,0.1399980000,33.4864650000,300,231,69
4275,400,520,40,20,6,2,Sweep Line,Local,8,0.45732255,9.14645095,80.45%,39.2813953000,0.0995260000,0.3102696998,3.7169430001,1.2018156001,28.1405279999,6.8084409000,0.0001365000,0.1485238001,39.2867510000,312,251,61
4275,400,540,40,20,6,2,Sweep Line,Local,8,0.43775788,8.75515752,82.72%,40.8784893000,0.1082459000,0.3540612000,3.9712603000,1.2844033999,28.9905744002,7.2305886001,0.0001475000,0.1621739000,40.8878023000,324,268,56
4275,400,560,40,20,6,2,Sweep Line,Local,8,0.43792058,8.75841163,79.46%,39.6835907000,0.1156395999,0.3564332002,3.9368425000,1.2800271000,27.9236144000,7.1306070000,0.0001447000,0.1578051999,39.6894672000,336,267,69
4275,400,580,40,20,6,2,Sweep Line,Local,8,0.42648656,8.52973121,81.32%,39.3928195000,0.1235610001,0.3746329000,3.9970644998,1.3036439997,27.8113109000,6.8568344001,0.0001453000,0.1634888000,39.4045043000,348,283,65
4275,400,600,40,20,6,2,Sweep Line,Local,8,0.41199258,8.23985167,86.11%,42.9345169000,0.1322108001,0.4330864001,4.4562864001,1.4565924001,30.2523887999,7.4244057001,0.0001434001,0.1653697001,42.9413524000,360,310,50
4275,400,620,40,20,6,2,Sweep Line,Local,8,0.40115886,8.02317721,81.99%,45.2553932000,0.1440049999,0.4449979999,4.7551616001,1.5479514998,32.4361374000,7.2449017999,0.0001683999,0.1702400000,45.2650347000,372,305,67
4275,400,640,40,20,6,2,Sweep Line,Local,8,0.40767494,8.15349872,87.50%,46.7938592000,0.1491948001,0.5043975999,5.1280131999,1.6683801999,33.0182228999,7.7442687000,0.0001577999,0.1833323000,46.8005635000,384,336,48
4275,400,660,40,20,6,2,Sweep Line,Local,8,0.42001641,8.40032821,85.86%,44.6713082000,0.1564089000,0.5055881001,4.9052328002,1.6310636001,31.3130679000,7.5375250001,0.0001761999,0.1809345000,44.6777457000,396,340,56
4275,400,680,40,20,6,2,Sweep Line,Local,8,0.40366055,8.07321095,85.54%,49.4959206000,0.1670357000,0.5867233999,5.4071667002,1.7651726998,35.2667067999,7.8111501999,0.0001696000,0.1900139002,49.5079017000,408,349,59
4275,400,700,40,20,6,2,Sweep Line,Local,8,0.39085559,7.81711170,88.57%,52.6472041000,0.1796705999,0.6267156000,5.9821737001,1.9565532000,37.3609620001,8.2292239000,0.0001736001,0.1975919999,52.6546570000,420,372,48
4275,400,720,40,20,6,2,Sweep Line,Local,8,0.38403577,7.68071537,92.59%,53.4043940000,0.1881516000,0.6629976002,6.2061209000,2.0357181000,37.7075896000,8.3675119000,0.0001759000,0.1998368999,53.4132789000,432,400,32
4275,400,740,40,20,6,2,Sweep Line,Local,8,0.37102548,7.42050962,89.86%,52.1685839000,0.1980501000,0.6656366000,6.0204247999,1.9889415998,36.6449558999,8.3584766999,0.0001742999,0.2070761000,52.1764538000,444,399,45
4275,400,760,40,20,6,2,Sweep Line,Local,8,0.37569947,7.51398933,91.45%,60.3363505000,0.2314599000,0.8106616999,7.0068584001,2.3068502999,42.4151191999,9.6318848000,0.0002094001,0.1595563999,60.3445887000,456,417,39
4275,400,780,40,20,6,2,Sweep Line,Local,8,0.34134776,6.82695530,86.11%,51.8987173000,0.2209261000,0.7090817000,6.4510122001,2.1202797000,36.5257865001,7.7724221000,0.0001974000,0.1527571000,51.9064298000,468,403,65
4275,400,800,40,20,6,2,Sweep Line,Local,8,0.37479932,7.49598643,91.25%,57.7869578000,0.2320103000,0.7944466000,6.8897320001,2.2715150000,40.7935575999,8.8462584001,0.0001963999,0.1556368001,57.7986364000,480,438,42
4275,400,820,40,20,6,2,Sweep Line,Local,8,0.34045765,6.80915307,91.06%,59.9534105000,0.2516861999,0.8507020998,7.3466242999,2.4002741999,42.2711107000,8.9923284000,0.0002005000,0.1667025000,59.9620588000,492,448,44
4275,400,840,40,20,6,2,Sweep Line,Local,8,0.34976835,6.99536696,91.27%,56.7806772000,0.2544745001,0.8331281000,7.1602278001,2.3690822998,39.6306864000,8.6640875999,0.0001973000,0.1677057000,56.7886821000,504,460,44
4275,400,860,40,20,6,2,Sweep Line,Local,8,0.32293831,6.45876612,94.96%,62.3025532000,0.2777984999,0.9593275001,8.0191524997,2.6450907000,43.8118238000,8.9884973001,0.0002018000,0.1725737000,62.3176827000,516,490,26
4275,400,880,40,20,6,2,Sweep Line,Local,8,0.31765251,6.35305024,91.29%,62.3128711000,0.2853499000,1.0175799999,8.1043929003,2.6786347001,43.6652119000,8.9876358000,0.0002148001,0.1766707999,62.3213930000,528,482,46
4275,400,900,40,20,6,2,Sweep Line,Local,8,0.34092077,6.81841533,93.52%,62.3598327000,0.2952379000,1.0183423999,7.8916573999,2.6467609001,43.4815354001,9.4119827000,0.0002113000,0.1751224999,62.3682801000,540,505,35
4275,400,920,40,20,6,2,Sweep Line,Local,8,0.31983192,6.39663835,91.49%,62.9095872000,0.3131336999,1.0329403001,8.2135614001,2.7435031999,43.9083368999,9.1866635000,0.0002252001,0.1766055000,62.9186590000,552,505,47
4275,400,940,40,20,6,2,Sweep Line,Local,8,0.33864974,6.77299485,94.15%,67.0485493000,0.3290094999,1.1277634999,8.7334254001,2.8833216001,46.5661599999,10.0287755999,0.0002301001,0.1784505000,67.0590523000,564,531,33
4275,400,960,40,20,6,2,Sweep Line,Local,8,0.32974838,6.59496764,95.66%,67.0484287000,0.3396340999,1.1676722998,8.8933949000,2.9778433000,46.5513198000,9.8356972000,0.0002248000,0.1770899001,67.0595774000,576,551,25
4275,400,980,40,20,6,2,Sweep Line,Local,8,0.32262837,6.45256743,95.07%,70.6974033000,0.3569946999,1.2370968000,9.5992927999,3.1988946998,49.0476787001,10.1906551000,0.0002293000,0.1868284000,70.7098107000,588,559,29
4275,400,1000,40,20,6,2,Sweep Line,Local,8,0.30955048,6.19100953,95.00%,66.7629686000,0.3532212000,1.2179101001,9.1783541001,3.0773058000,46.0371316000,9.7231587999,0.0002258001,0.1770185999,66.7722455000,600,570,30
4275,400,60,40,20,6,2,Sweep Line,Local,8,0.60799571,12.15991426,16.67%,1.4579993000,0.0017136000,0.0013481000,0.0605580000,0.0212974000,0.8570396000,0.5022611000,0.0000215000,0.0303101000,1.4590906000,36,6,30
4275,400,80,40,20,6,2,Sweep Line,Local,8,0.64017480,12.80349597,25.00%,2.6746839000,0.0024379000,0.0032300000,0.1253781000,0.0395515000,1.7927309000,0.7144168000,0.0000229000,0.0289725000,2.6766638000,48,12,36
4275,400,100,40,20,6,2,Sweep Line,Local,8,0.59815891,11.96317819,35.00%,5.6668291000,0.0043254000,0.0065495000,0.2679007000,0.0830061000,3.7882182000,1.5475074000,0.0000394000,0.0424006000,5.6682714000,60,21,39
4275,400,120,40,20,6,2,Sweep Line,Local,8,0.45128201,9.02564023,36.11%,6.6829661000,0.0059247000,0.0100143000,0.3062700000,0.0949926000,4.3488914000,1.9559498000,0.0000403000,0.0422122000,6.6847903000,72,26,46
4275,400,140,40,20,6,2,Sweep Line,Local,8,0.58686634,11.73732687,25.00%,5.1854461000,0.0076073000,0.0091002000,0.3033072000,0.0964020000,3.6555259000,1.1517447000,0.0000444001,0.0467555000,5.1873357000,84,21,63
4275,400,160,40,20,6,2,Sweep Line,Local,8,0.45830376,9.16607530,36.46%,7.8251904000,0.0097720000,0.0161718000,0.4155818999,0.1319469000,5.0777068000,2.2344910000,0.0000484000,0.0533496999,7.8284830000,96,35,61
4275,400,180,40,20,6,2,Sweep Line,Local,8,0.58314991,11.66299815,35.19%,7.9067681000,0.0135739000,0.0196154000,0.4577982000,0.1466220001,5.2015290000,2.1374201000,0.0000565000,0.0570843000,7.9106132000,108,38,70
4275,400,200,40,20,6,2,Sweep Line,Local,8,0.60922298,12.18445965,36.67%,8.6039870000,0.0146408001,0.0257935000,0.5068604999,0.1579129000,5.5409427000,2.4342081000,0.0000620000,0.0580298000,8.6067267000,120,44,76
4275,400,220,40,20,6,2,Sweep Line,Local,8,0.51616908,10.32338165,42.42%,11.3400449000,0.0185167000,0.0349302000,0.6907812000,0.2194340999,7.7850775000,2.7178293000,0.0000676000,0.0660929000,11.3433682000,132,56,76
4275,400,240,40,20,6,2,Sweep Line,Local,8,0.51894662,10.37893250,45.83%,13.4456343000,0.0238939000,0.0450051000,0.8470019000,0.2705930000,9.3078200000,3.1185136000,0.0000789000,0.0752542001,13.4489061000,144,66,78
4275,400,260,40,20,6,2,Sweep Line,Local,8,0.59458299,11.89165984,51.92%,16.6377859000,0.0263341000,0.0584020001,1.0770372000,0.3405475000,11.6473107000,3.7236369000,0.0000801000,0.0751952000,16.6405200000,156,81,75
4275,400,280,40,20,6,2,Sweep Line,Local,8,0.55707816,11.14156325,56.55%,19.3484281000,0.0308183000,0.0671657001,1.2982312999,0.4108719001,13.8038141000,4.0372720000,0.0000870000,0.0804462001,19.3521888000,168,95,73
4275,400,300,40,20,6,2,Sweep Line,Local,8,0.55426269,11.08525383,60.56%,19.4243400000,0.0347084000,0.0862569000,1.3467094999,0.4469843000,13.5018010000,4.3309706000,0.0001022000,0.0848465000,19.4276682000,180,109,71
4275,400,320,40,20,6,2,Sweep Line,Local,8,0.53592678,10.71853559,59.38%,19.2942943000,0.0358766000,0.0876312000,1.4034985000,0.4520592999,13.5340718000,4.1137111000,0.0000836999,0.0810885000,19.2976944000,192,114,78
4275,400,340,40,20,6,2,Sweep Line,Local,8,0.52075383,10.41507661,63.24%,20.7811020000,0.0431906001,0.1081823001,1.5953660999,0.5139196000,14.4339853000,4.4627484000,0.0000957999,0.0950331001,20.7845889000,204,129,75
4275,400,360,40,20,6,2,Sweep Line,Local,8,0.53336016,10.66720313,63.43%,22.3723891000,0.0481558000,0.1224185000,1.7570957000,0.5654410000,15.7402280001,4.5659748000,0.0001023000,0.0952677000,22.3759410000,216,137,79
4275,400,380,40,20,6,2,Sweep Line,Local,8,0.48279124,9.65582476,68.42%,26.4562291000,0.0548186000,0.1546744000,2.1370072001,0.6943114000,18.4789547000,5.4766958000,0.0001068000,0.1069495000,26.4613932000,228,156,72
4275,400,400,40,20,6,2,Sweep Line,Local,8,0.48053213,9.61064269,71.67%,29.5943850000,0.0634267000,0.1776122000,2.4521841001,0.7868905000,20.8774737000,5.8561220000,0.0001134000,0.1157854000,29.6035140000,240,172,68
4275,400,420,40,20,6,2,Sweep Line,Local,8,0.51232360,10.24647197,70.24%,28.4587884000,0.0668044000,0.1855393999,2.4486052000,0.7870255999,20.0633815000,5.5260641000,0.0001135999,0.1177251001,28.4633996000,252,177,75
4275,400,440,40,20,6,2,Sweep Line,Local,8,0.47447688,9.48953754,72.73%,31.6819777000,0.0727086000,0.2023460999,2.7057860001,0.8829359999,22.6191963000,5.9101586000,0.0001212000,0.1223846000,31.6863909000,264,192,72
4275,400,460,40,20,6,2,Sweep Line,Local,8,0.49619504,9.92390087,75.00%,31.5293419000,0.0798173999,0.2661895000,2.6921581000,0.8767080000,22.1282679001,6.1707862000,0.0001270999,0.1301938000,31.5339580000,276,207,69
4275,400,480,40,20,6,2,Sweep Line,Local,8,0.45838400,9.16768000,76.39%,34.3657200000,0.0901814000,0.2582727999,3.0236953999,0.9802038000,24.0324769000,6.7580960000,0.0001367000,0.1402357000,34.3719604000,288,220,68
4275,400,500,40,20,6,2,Sweep Line,Local,8,0.48974350,9.79486994,77.00%,35.7318087000,0.0952101001,0.2853756001,3.2141823000,1.0393117000,24.9194751000,7.0077034999,0.0001366999,0.1438654000,35.7371334000,300,231,69
4275,400,520,40,20,6,2,Sweep Line,Local,8,0.45732255,9.14645095,80.45%,38.0096390000,0.1017201000,0.3039739000,3.5963790000,1.1666751999,27.2102091000,6.5954990000,0.0001419000,0.1468208001,38.0148152000,312,251,61
4275,400,540,40,20,6,2,Sweep Line,Local,8,0.43775788,8.75515752,82.72%,38.3579518000,0.1107063999,0.3391275001,3.8011758000,1.2300602000,27.0829693999,6.8096130000,0.0001565000,0.1513894000,38.3636094000,324,268,56
4275,400,560,40,20,6,2,Sweep Line,Local,8,0.43792058,8.75841163,79.46%,40.3189593000,0.1221266999,0.3639083000,3.9854830000,1.2910875997,28.3802748000,7.2383993000,0.0001526000,0.1654998999,40.3271277000,336,267,69
4275,400,580,40,20,6,2,Sweep Line,Local,8,0.42648656,8.52973121,81.32%,41.9493713000,0.1299415000,0.3979811001,4.2363284000,1.3725891001,29.6679717001,7.2882032001,0.0001561000,0.1627573999,41.9585680000,348,283,65
4275,400,600,40,20,6,2,Sweep Line,Local,8,0.41199258,8.23985167,86.11%,42.7884174000,0.1361366000,0.4376494998,4.4790349000,1.4616210001,30.0910753000,7.4037545000,0.0001557000,0.1701374999,42.7954135000,360,310,50
4275,400,620,40,20,6,2,Sweep Line,Local,8,0.40115886,8.02317721,81.99%,42.7763058000,0.1420069000,0.4250475999,4.5589739003,1.4874486000,30.5578407999,6.8544310000,0.0001635000,0.1780758000,42.7835956000,372,305,67
4275,400,640,40,20,6,2,Sweep Line,Local,8,0.40767494,8.15349872,87.50%,48.3182173000,0.1525275000,0.5450182999,5.2277073999,1.7338266001,34.2010690000,7.9324625999,0.0001681999,0.1898799002,48.3263639000,384,336,48
4275,400,660,40,20,6,2,Sweep Line,Local,8,0.42001641,8.40032821,85.86%,47.2441446000,0.1649026000,0.5352234000,5.2143721000,1.7077299998,33.0613456001,8.0048222001,0.0001706000,0.1929484000,47.2513096000,396,340,56
4275,400,680,40,20,6,2,Sweep Line,Local,8,0.40366055,8.07321095,85.54%,47.2087588000,0.1693337000,0.5370627002,5.2559429002,1.7336060000,33.4965255999,7.4957495999,0.0001749000,0.1859978000,47.2167878000,408,349,59
4275,400,700,40,20,6,2,Sweep Line,Local,8,0.39085559,7.81711170,88.57%,52.6217766000,0.1845980999,0.6230897000,5.9869365000,1.9391827001,37.2057331000,8.3486188000,0.0001765000,0.2016629999,52.6295504000,420,372,48
4275,400,720,40,20,6,2,Sweep Line,Local,8,0.38403577,7.68071537,92.59%,53.9585820000,0.1944356000,0.6798011999,6.4018907001,2.1006235998,37.8878936000,8.5138900000,0.0001764999,0.2064701000,53.9658749000,432,400,32
4275,400,740,40,20,6,2,Sweep Line,Local,8,0.37102548,7.42050962,89.86%,52.5797579000,0.2051498000,0.6787534999,6.0908660999,2.0060594998,36.8477516000,8.4705973000,0.0001879000,0.2113378000,52.5868285000,444,399,45
4275,400,760,40,20,6,2,Sweep Line,Local,8,0.37569947,7.51398933,91.45%,56.4567663000,0.2252595001,0.7444716002,6.6208303997,2.1735442999,39.5305573001,9.1005113000,0.0001922000,0.1580239999,56.4676134000,456,417,39
4275,400,780,40,20,6,2,Sweep Line,Local,8,0.34134776,6.82695530,86.11%,51.2032864000,0.2244846000,0.7008313000,6.3794070000,2.0918461001,35.9967336000,7.6852541001,0.0001953999,0.1510366001,51.2120084000,468,403,65
4275,400,800,40,20,6,2,Sweep Line,Local,8,0.37479932,7.49598643,91.25%,57.5366504000,0.2320719001,0.7886159999,6.8154698999,2.2428498000,40.6346814000,8.8310708000,0.0001953000,0.1607965000,57.5456174000,480,438,42
4275,400,820,40,20,6,2,Sweep Line,Local,8,0.34045765,6.80915307,91.06%,59.5393642000,0.2475491001,0.8487782002,7.3095883001,2.4108078999,42.0191988001,8.8738547000,0.0001986001,0.1661291999,59.5487142000,492,448,44
4275,400,840,40,20,6,2,Sweep Line,Local,8,0.34976835,6.99536696,91.27%,57.6096757000,0.2572805000,0.8609901999,7.2568242999,2.4097538999,40.2959813001,8.6944128000,0.0002001000,0.1701385001,57.6530777000,504,460,44
4275,400,860,40,20,6,2,Sweep Line,Local,8,0.32293831,6.45876612,94.96%,61.2277225000,0.2830367000,0.9403377999,7.9167906001,2.6334800000,42.9920866000,8.8471726001,0.0002064000,0.1752525002,61.2358794000,516,490,26
4275,400,880,40,20,6,2,Sweep Line,Local,8,0.31765251,6.35305024,91.29%,63.0299143000,0.2951580000,0.9922995999,8.1038654000,2.6932077001,44.3463978001,9.0344242999,0.0002173001,0.1825733999,63.0394195000,528,482,46
4275,400,900,40,20,6,2,Sweep Line,Local,8,0.34092077,6.81841533,93.52%,63.9439224000,0.3027815999,1.0368455999,8.1341053998,2.7087835001,44.3866173000,9.8198810999,0.0002155000,0.1754142998,63.9527680000,540,505,35
4275,400,920,40,20,6,2,Sweep Line,Local,8,0.31983192,6.39663835,91.49%,62.1589143000,0.3120079000,1.0267072997,8.1121488001,2.7071645999,43.3719388000,9.0811283000,0.0002237000,0.1754090998,62.1690755000,552,505,47
4275,400,940,40,20,6,2,Sweep Line,Local,8,0.33864974,6.77299485,94.15%,74.6378414000,0.3732394001,1.2958360001,9.7232625996,3.2653419000,51.2349642000,10.9914753999,0.0002588998,0.9252872001,74.6535858000,564,531,33
4275,400,960,40,20,6,2,Sweep Line,Local,8,0.32974838,6.59496764,95.66%,66.7538464000,0.3415427999,1.1757679999,8.9699808998,3.0118632000,46.0717212000,9.9279911001,0.0002336000,0.1796431999,66.7637943000,576,551,25
4275,400,980,40,20,6,2,Sweep Line,Local,8,0.32262837,6.45256743,95.07%,71.4126008000,0.3590158000,1.2654643001,9.6121446002,3.1968707001,49.6944965000,10.2129642001,0.0002337001,0.1878950000,71.4246950000,588,559,29
4275,400,1000,40,20,6,2,Sweep Line,Local,8,0.30955048,6.19100953,95.00%,68.3423711000,0.3580556001,1.2411337000,9.4584661001,3.1707784999,47.2102662000,9.8115037002,0.0002449001,0.1851887001,68.3543356000,600,570,30
4275,400,60,40,20,6,2,Sweep Line,Local,8,0.60799571,12.15991426,16.67%,1.4425870000,0.0013453000,0.0013052000,0.0536180000,0.0194645000,0.8293068000,0.5243311000,0.0000171000,0.0277260000,1.4436387000,36,6,30
4275,400,80,40,20,6,2,Sweep Line,Local,8,0.64017480,12.80349597,25.00%,2.7017808000,0.0025061000,0.0033020000,0.1222145000,0.0396805000,1.8116007000,0.7254350000,0.0000249001,0.0291866999,2.7031104000,48,12,36
4275,400,100,40,20,6,2,Sweep Line,Local,8,0.59815891,11.96317819,35.00%,5.3458723000,0.0040412000,0.0065178000,0.2440039000,0.0767352000,3.5903277000,1.4547973000,0.0000291000,0.0365693000,5.3473049000,60,21,39
4275,400,120,40,20,6,2,Sweep Line,Local,8,0.45128201,9.02564023,36.11%,6.2398441000,0.0055554000,0.0094181000,0.2836320000,0.0907971000,4.0800867000,1.8066388000,0.0000371000,0.0407070999,6.2414366000,72,26,46
4275,400,140,40,20,6,2,Sweep Line,Local,8,0.58686634,11.73732687,25.00%,4.7805008000,0.0064634000,0.0079207000,0.2737122000,0.0843116000,3.3558660000,1.0833623000,0.0000406000,0.0423158000,4.7829412000,84,21,63
4275,400,160,40,20,6,2,Sweep Line,Local,8,0.45830376,9.16607530,36.46%,7.8122177000,0.0102693000,0.0161459000,0.3975036999,0.1265018000,5.1219167000,2.1981656000,0.0000503000,0.0491998000,7.8143963000,96,35,61
4275,400,180,40,20,6,2,Sweep Line,Local,8,0.58314991,11.66299815,35.19%,8.2286386000,0.0124057000,0.0209230000,0.4600358000,0.1475581000,5.4848326000,2.1761252000,0.0000564000,0.0545348000,8.2311338000,108,38,70
4275,400,200,40,20,6,2,Sweep Line,Local,8,0.60922298,12.18445965,36.67%,8.7699659000,0.0153981000,0.0248383000,0.5060334000,0.1597573000,5.7182521000,2.4238442000,0.0000601000,0.0591595000,8.7729751000,120,44,76
4275,400,220,40,20,6,2,Sweep Line,Local,8,0.51616908,10.32338165,42.42%,11.3294038000,0.0194385000,0.0342787000,0.6750183000,0.2145482000,7.7767077000,2.7310996000,0.0000701000,0.0664713000,11.3335346000,132,56,76
4275,400,240,40,20,6,2,Sweep Line,Local,8,0.51894662,10.37893250,45.83%,13.4967783000,0.0221519001,0.0422040000,0.8460805000,0.2718544000,9.3676649000,3.1170964000,0.0000760000,0.0728323000,13.4995644000,144,66,78
4275,400,260,40,20,6,2,Sweep Line,Local,8,0.59458299,11.89165984,51.92%,16.4741649000,0.0274146000,0.0573076999,1.0754516001,0.3402862000,11.5111016000,3.6954696000,0.0000819000,0.0768702000,16.4775346000,156,81,75
4275,400,280,40,20,6,2,Sweep Line,Local,8,0.55707816,11.14156325,56.55%,19.6812359000,0.0326703000,0.0720632001,1.3380998001,0.4181974000,13.9867330000,4.1367188000,0.0000869000,0.0843944000,19.6843610000,168,95,73
4275,400,300,40,20,6,2,Sweep Line,Local,8,0.55426269,11.08525383,60.56%,19.4120060000,0.0344457000,0.0862268999,1.3714592001,0.4545766001,13.4264029000,4.3691085000,0.0000904000,0.0851082000,19.4161027000,180,109,71
4275,400,320,40,20,6,2,Sweep Line,Local,8,0.53592678,10.71853559,59.38%,19.4797939000,0.0385102000,0.0915532000,1.4184287001,0.4488110000,13.6887256000,4.1154591000,0.0000932001,0.0864749001,19.4833398000,192,114,78
4275,400,340,40,20,6,2,Sweep Line,Local,8,0.52075383,10.41507661,63.24%,20.7581825000,0.0431191000,0.1101985000,1.5843978000,0.5091623999,14.4409801999,4.4451234999,0.0000918000,0.0900501000,20.7618153000,204,129,75
4275,400,360,40,20,6,2,Sweep Line,Local,8,0.53336016,10.66720313,63.43%,23.1092716000,0.0488709000,0.1238446000,1.7959456001,0.5757039999,16.2411021000,4.7582010001,0.0001041000,0.0982415000,23.1130405000,216,137,79
4275,400,380,40,20,6,2,Sweep Line,Local,8,0.48279124,9.65582476,68.42%,26.2346634000,0.0571902001,0.1540373000,2.1182331999,0.6733147000,18.3520539001,5.3951192001,0.0001134000,0.1092070000,26.2402720000,228,156,72
4275,400,400,40,20,6,2,Sweep Line,Local,8,0.48053213,9.61064269,71.67%,31.2704168000,0.0660514000,0.1946544000,2.6242699999,0.8432232999,22.0442242000,6.1709014000,0.0001245000,0.1188464000,31.2774405000,240,172,68
4275,400,420,40,20,6,2,Sweep Line,Local,8,0.51232360,10.24647197,70.24%,28.7612008000,0.0693118001,0.1867089999,2.4912424000,0.8170883000,20.2301007000,5.6054076000,0.0001304000,0.1263369000,28.7657373000,252,177,75
4275,400,440,40,20,6,2,Sweep Line,Local,8,0.47447688,9.48953754,72.73%,31.6476074000,0.0708103000,0.2076250000,2.7377123001,0.8845671001,22.5124441000,5.9475473000,0.0001211000,0.1228905000,31.6531430000,264,192,72
4275,400,460,40,20,6,2,Sweep Line,Local,8,0.49619504,9.92390087,75.00%,31.0139846000,0.0796044999,0.2280552000,2.6799382001,0.8769742999,21.7434474000,6.0874075001,0.0001246000,0.1344471000,31.0183954000,276,207,69
4275,400,480,40,20,6,2,Sweep Line,Local,8,0.45838400,9.16768000,76.39%,34.2670334000,0.0884758000,0.2656936998,3.0683780999,1.0004298000,23.8998621000,6.7436261000,0.0001365000,0.1383475001,34.2756181000,288,220,68
4275,400,500,40,20,6,2,Sweep Line,Local,8,0.48974350,9.79486994,77.00%,35.5914727000,0.0954428000,0.2891575000,3.2770764999,1.0579888000,24.6959301000,7.0261953000,0.0001392000,0.1419473999,35.5967119000,300,231,69
4275,400,520,40,20,6,2,Sweep Line,Local,8,0.45732255,9.14645095,80.45%,38.8391408000,0.1057659000,0.3126352000,3.7495102002,1.2152454000,27.6477809000,6.8178701000,0.0001409999,0.1504281000,38.8455874000,312,251,61
4275,400,540,40,20,6,2,Sweep Line,Local,8,0.43775788,8.75515752,82.72%,38.2040896000,0.1102657000,0.3381798999,3.7779433999,1.2338362000,26.8955150999,6.8659381000,0.0001401000,0.1530065001,38.2109584000,324,268,56
4275,400,560,40,20,6,2,Sweep Line,Local,8,0.43792058,8.75841163,79.46%,42.0276835000,0.1321323000,0.3915979000,4.2820175000,1.4118547000,29.4528176000,7.5178045000,0.0001634999,0.1838017999,42.0335444000,336,267,69
4275,400,580,40,20,6,2,Sweep Line,Local,8,0.42648656,8.52973121,81.32%,60.5738769000,0.1704829999,0.5677807000,5.6233274000,1.7516794000,43.4910293000,10.4225084000,0.0001915000,0.2113046000,60.5857801000,348,283,65
4275,400,600,40,20,6,2,Sweep Line,Local,8,0.41199258,8.23985167,86.11%,65.6817592000,0.1834010000,0.6500463001,6.1394476999,1.8842635001,46.9477901000,11.4555430001,0.0001911000,0.2174385001,65.6895400000,360,310,50
4275,400,620,40,20,6,2,Sweep Line,Local,8,0.40115886,8.02317721,81.99%,71.9341924000,0.2111720001,0.7664679000,6.8257028000,2.0887911000,52.0514341999,11.7550018001,0.0002120000,0.2416116000,71.9476870000,372,305,67
4275,400,640,40,20,6,2,Sweep Line,Local,8,0.40767494,8.15349872,87.50%,74.3480585000,0.2225588000,0.7786200000,7.2515835001,2.2512307000,53.3846500000,12.3855895001,0.0002067999,0.2464146000,74.3607527000,384,336,48
4275,400,660,40,20,6,2,Sweep Line,Local,8,0.42001641,8.40032821,85.86%,72.9952484000,0.2243029000,0.8095097999,7.1259587999,2.2028594000,52.2421937000,12.2614523001,0.0002100999,0.2415627000,73.0065680000,396,340,56
4275,400,680,40,20,6,2,Sweep Line,Local,8,0.40366055,8.07321095,85.54%,75.7225457000,0.2390147999,0.8240899999,7.4513218000,2.2927726000,54.8460335000,12.0312506999,0.0002118000,0.2469718998,75.7379194000,408,349,59
4275,400,700,40,20,6,2,Sweep Line,Local,8,0.39085559,7.81711170,88.57%,83.3238527000,0.2652651000,0.9655959000,8.5425454001,2.6179034000,59.9527811000,13.2339508000,0.0002266000,0.2657282001,83.3383564000,420,372,48
4275,400,720,40,20,6,2,Sweep Line,Local,8,0.38403577,7.68071537,92.59%,87.6436644000,0.2958782999,1.0882508001,9.2004943001,2.8240971001,62.5533610000,14.0608019999,0.0002298001,0.2864289998,87.6609967000,432,400,32
4275,400,740,40,20,6,2,Sweep Line,Local,8,0.37102548,7.42050962,89.86%,84.3064221000,0.2863452000,1.0650812001,8.7331582000,2.6888795001,60.1114465000,13.7408779000,0.0002321000,0.2722265999,84.3163518000,444,399,45
4275,400,760,40,20,6,2,Sweep Line,Local,8,0.37569947,7.51398933,91.45%,88.3830321000,0.3161597000,1.1588520000,9.2912371002,2.8769113999,62.9827804000,14.3297838999,0.0002467998,0.2015110000,88.3976941000,456,417,39
4275,400,780,40,20,6,2,Sweep Line,Local,8,0.34134776,6.82695530,86.11%,79.5487350000,0.3147680000,1.0868327998,8.8964707001,2.7880841999,56.6328667000,12.3408387000,0.0002431001,0.1986733000,79.5580827000,468,403,65
4275,400,800,40,20,6,2,Sweep Line,Local,8,0.37479932,7.49598643,91.25%,94.7079442000,0.3488756001,1.2693497999,10.0532810999,3.1391017998,68.2182189001,14.5093668999,0.0002808000,0.2118453001,94.7255628000,480,438,42
4275,400,820,40,20,6,2,Sweep Line,Local,8,0.34045765,6.80915307,91.06%,88.4084268000,0.3422484000,1.2435177999,9.8401177999,3.1037684001,63.5395772000,13.1409495000,0.0002463999,0.2077176001,88.4590272000,492,448,44
4275,400,840,40,20,6,2,Sweep Line,Local,8,0.34976835,6.99536696,91.27%,93.9642302000,0.3706287002,1.3790915001,10.7617435004,3.3339631001,66.6415571000,14.4859383000,0.0002583000,0.2213200001,93.9848750000,504,460,44
4275,400,860,40,20,6,2,Sweep Line,Local,8,0.32293831,6.45876612,94.96%,97.2875698000,0.3964246999,1.4811804999,11.3616176001,3.5452280998,69.6342294998,14.0767160000,0.0002706000,0.2371428998,97.3006400000,516,490,26
4275,400,880,40,20,6,2,Sweep Line,Local,8,0.31765251,6.35305024,91.29%,94.2469425000,0.4076125001,1.4806220000,11.0055331996,3.4806773999,67.5102458999,13.5201517999,0.0002737001,0.2259620001,94.2624793000,528,482,46
4275,400,900,40,20,6,2,Sweep Line,Local,8,0.34092077,6.81841533,93.52%,101.5918718000,0.4310613999,1.6478312998,11.5961738001,3.6432463002,72.0758650000,15.4716527000,0.0002791000,0.2316659002,101.6066258000,540,505,35
4275,400,920,40,20,6,2,Sweep Line,Local,8,0.31983192,6.39663835,91.49%,95.8885742000,0.4330234000,1.5914217000,11.4482540000,3.6585730999,68.1793519001,13.8943344000,0.0003380002,0.2279229001,95.8997518000,552,505,47
4275,400,940,40,20,6,2,Sweep Line,Local,8,0.33864974,6.77299485,94.15%,105.3589067000,0.4743468001,1.7997792999,12.5724985997,3.9985334000,74.2191939000,15.9457717000,0.0003216999,0.2363544001,105.3781210000,564,531,33
4275,400,960,40,20,6,2,Sweep Line,Local,8,0.32974838,6.59496764,95.66%,105.8890826000,0.4716445000,1.8493558999,12.7639658998,4.0445094001,74.7251369001,15.7261495000,0.0002868000,0.2377156998,105.9044449000,576,551,25
4275,400,980,40,20,6,2,Sweep Line,Local,8,0.32262837,6.45256743,95.07%,108.4290106000,0.5000530999,1.9104713002,13.2546188000,4.2250616000,76.5780368999,15.8517797000,0.0002937001,0.2338833000,108.4388655000,588,559,29
4275,400,1000,40,20,6,2,Sweep Line,Local,8,0.30955048,6.19100953,95.00%,110.2410127000,0.5256141000,2.0873272998,13.9511453998,4.4736091001,77.5382556001,15.7499246999,0.0002954000,0.2406492001,110.2671860000,600,570,30
4275,400,60,40,20,6,2,Sweep Line,Local,10,0.60799571,12.15991426,16.67%,2.3803772000,0.0018203000,0.0019004000,0.0795798000,0.0217292000,1.3945945000,0.8587056000,0.0000214000,0.0384627000,2.3814673000,36,6,30
4275,400,80,40,20,6,2,Sweep Line,Local,10,0.64017480,12.80349597,25.00%,4.4476677000,0.0055071000,0.0052341000,0.1883335000,0.0535910000,3.0129128000,1.1676314000,0.0000332000,0.0433934000,4.4490257000,48,12,36
4275,400,100,40,20,6,2,Sweep Line,Local,10,0.59815891,11.96317819,35.00%,8.4488374000,0.0053499000,0.0088665000,0.3705423000,0.1001364000,5.7920084000,2.2129462000,0.0000399000,0.0481567000,8.4505879000,60,21,39
4275,400,120,40,20,6,2,Sweep Line,Local,10,0.45120458,9.02409152,36.11%,9.5551459000,0.0078813000,0.0136572000,0.4163816000,0.1146684000,6.2845020000,2.7691963000,0.0000434000,0.0489503000,9.5568220000,72,26,46
4275,400,140,40,20,6,2,Sweep Line,Local,10,0.58686634,11.73732687,25.00%,7.2180947000,0.0099885000,0.0119666000,0.4367589000,0.1149286001,5.0565093000,1.6320903000,0.0000532000,0.0589437000,7.2220488000,84,21,63
4275,400,160,40,20,6,2,Sweep Line,Local,10,0.45830376,9.16607530,36.46%,11.6950677000,0.0133931000,0.0234857000,0.6102077000,0.1688955000,7.5830569000,3.3725150000,0.0000594000,0.0649688001,11.6986270000,96,35,61
4275,400,180,40,20,6,2,Sweep Line,Local,10,0.58314991,11.66299815,35.19%,12.4640574000,0.0179225000,0.0297254000,0.7191974001,0.1920215000,8.3032067000,3.2932196000,0.0000705000,0.0749260000,12.4692184000,108,38,70
4275,400,200,40,20,6,2,Sweep Line,Local,10,0.60898284,12.17965675,36.67%,13.6516020000,0.0216982000,0.0364867000,0.7796744000,0.2071404000,8.9556296000,3.7474995000,0.0000816000,0.0781966000,13.6568170000,120,44,76
4275,400,220,40,20,6,2,Sweep Line,Local,10,0.51502205,10.30044091,42.42%,18.6809252000,0.0345339000,0.0540165000,1.1626919000,0.3206772000,12.7030698000,4.5439464000,0.0000970000,0.1027475000,18.6870856000,132,56,76
4275,400,240,40,20,6,2,Sweep Line,Local,10,0.51746178,10.34923564,45.83%,23.1469318000,0.0361850999,0.0710302000,1.5326740002,0.4233723000,16.0966037000,5.2308222000,0.0001023000,0.1070739000,23.1501243000,144,66,78
4275,400,260,40,20,6,2,Sweep Line,Local,10,0.59328844,11.86576888,51.92%,26.8137972000,0.0427198000,0.0901183001,1.7621805000,0.4653422000,18.7171871000,6.0271423001,0.0001272000,0.1121749000,26.8198575000,156,81,75
4275,400,280,40,20,6,2,Sweep Line,Local,10,0.55500454,11.10009087,56.55%,30.7490811000,0.0425164000,0.1060925000,2.0752823000,0.5524359999,21.9713572000,6.3807695000,0.0001007000,0.1049136000,30.7574103000,168,95,73
4275,400,300,40,20,6,2,Sweep Line,Local,10,0.55249848,11.04996952,60.56%,30.0571258000,0.0489613001,0.1275511000,2.0673087000,0.5661043000,20.9079870000,6.7303609000,0.0001090000,0.1176593000,30.0618411000,180,109,71
4275,400,320,40,20,6,2,Sweep Line,Local,10,0.53524838,10.70496757,59.38%,32.1261548000,0.0554515000,0.1451189000,2.3336136001,0.6439530999,22.5421157999,6.8388148999,0.0001133000,0.1238382001,32.1300924000,192,114,78
4275,400,340,40,20,6,2,Sweep Line,Local,10,0.52041093,10.40821862,63.24%,35.5377939000,0.0665104000,0.1816981001,2.7126693000,0.7338829000,24.7344806000,7.5505434000,0.0001244001,0.1367748000,35.5454597000,204,129,75
4275,400,360,40,20,6,2,Sweep Line,Local,10,0.53134227,10.62684544,63.43%,38.1269847000,0.0730222000,0.1910032000,2.9683501001,0.7864655000,26.7001843000,7.8841213000,0.0001539001,0.1458821000,38.1354220000,216,137,79
4275,400,380,40,20,6,2,Sweep Line,Local,10,0.48444340,9.68886809,68.42%,41.0633925000,0.0782706999,0.2300088999,3.3459302000,0.9205018999,28.7989770000,8.3812295000,0.0001361999,0.1545746000,41.0685422000,228,156,72
4275,400,400,40,20,6,2,Sweep Line,Local,10,0.47957053,9.59141059,71.67%,44.6490992000,0.0886734000,0.2997219000,3.6912590001,1.0150031000,31.3868173000,8.9550280000,0.0001428000,0.1592445999,44.6578915000,240,172,68
4275,400,420,40,20,6,2,Sweep Line,Local,10,0.51106076,10.22121521,70.24%,46.5768967000,0.0984853000,0.2909108001,4.0148795000,1.0923997000,32.7515484000,9.1241538000,0.0001683000,0.1686331000,46.5868515000,252,177,75
4275,400,440,40,20,6,2,Sweep Line,Local,10,0.47128187,9.42563743,72.73%,52.4426799000,0.1146473000,0.3251942999,4.4556778999,1.2082141000,37.4867303000,9.7908996999,0.0001631000,0.1723041000,52.4536153000,264,192,72
4275,400,460,40,20,6,2,Sweep Line,Local,10,0.49157554,9.83151073,75.00%,52.6243159000,0.1226926000,0.3758718001,4.5200654998,1.2453404001,36.8510213000,10.4201440000,0.0001669001,0.1949732999,52.6422427000,276,207,69
4275,400,480,40,20,6,2,Sweep Line,Local,10,0.45791488,9.15829769,76.39%,52.9245412000,0.1239141999,0.3919540999,4.7578291998,1.3106249001,36.9944974000,10.3259824000,0.0001799000,0.1876067000,52.9372445000,288,220,68
4275,400,500,40,20,6,2,Sweep Line,Local,10,0.47824644,9.56492880,77.00%,56.2484766000,0.1353966000,0.4431692999,5.2069754001,1.4233728000,39.0075151999,11.1054995000,0.0001912000,0.1951412001,56.2574208000,300,231,69
4275,400,520,40,20,6,2,Sweep Line,Local,10,0.45380088,9.07601763,80.45%,63.7810548000,0.1490099000,0.4984909001,6.1093968001,1.6728255999,45.4762745000,11.2425618000,0.0001825000,0.2162451000,63.7901422000,312,251,61
4275,400,540,40,20,6,2,Sweep Line,Local,10,0.43392177,8.67843548,82.72%,65.2901168000,0.1627584000,0.5674660001,6.5694749000,1.8311454001,45.9630791000,11.6589468001,0.0001866999,0.2283657000,65.3050011000,324,268,56
4275,400,560,40,20,6,2,Sweep Line,Local,10,0.43320992,8.66419835,79.46%,62.9995168000,0.1733911000,0.5638245001,6.4632096999,1.8047913001,44.0900940000,11.3528547000,0.0001907001,0.2349080000,63.0140520000,336,267,69
4275,400,580,40,20,6,2,Sweep Line,Local,10,0.42136817,8.42736342,81.32%,62.2693018000,0.1749689999,0.5915519000,6.5287806998,1.8124598001,43.6973596000,10.8984425000,0.0001918999,0.2149641999,62.3125695000,348,283,65
4275,400,600,40,20,6,2,Sweep Line,Local,10,0.40744878,8.14897562,86.11%,70.6866948000,0.2100689001,0.7068397001,7.4711568002,2.0947315000,49.4252841002,12.4749821001,0.0002041000,0.2567691000,70.7019544000,360,310,50
4275,400,620,40,20,6,2,Sweep Line,Local,10,0.39363365,7.87267303,81.99%,71.4380310000,0.2198380000,0.7348583002,7.9455656000,2.2000013000,50.2675454001,11.8377711000,0.0002148000,0.2471287000,71.4511546000,372,305,67
4275,400,640,40,20,6,2,Sweep Line,Local,10,0.40310588,8.06211752,87.50%,71.7830710000,0.2225639001,0.7796820002,8.1158154999,2.2880763001,50.3598834000,11.9128843000,0.0002100000,0.2466683001,71.7985214000,384,336,48
4275,400,660,40,20,6,2,Sweep Line,Local,10,0.41688525,8.33770490,85.86%,75.5926693000,0.2523133000,0.8636149000,8.6808134999,2.4669229001,52.7053930000,12.6704147001,0.0002232001,0.2741561001,75.6029899000,396,340,56
4275,400,680,40,20,6,2,Sweep Line,Local,10,0.39965264,7.99305287,85.54%,79.7777932000,0.2598890000,0.9032966001,9.0726944999,2.5527342001,56.2583308000,12.8971743999,0.0002344000,0.2665816001,79.7858217000,408,349,59
4275,400,700,40,20,6,2,Sweep Line,Local,10,0.38609944,7.72198880,88.57%,78.8225941000,0.2604416001,0.9226056000,9.2352932001,2.5928354999,55.4221677000,12.5970001000,0.0002197999,0.2705853000,78.8309421000,420,372,48
4275,400,720,40,20,6,2,Sweep Line,Local,10,0.38129382,7.62587632,92.59%,84.5594254000,0.2871372000,1.0710431000,10.1888652997,2.9004289000,58.8446330000,13.7345129000,0.0002319000,0.2782223000,84.5713478000,432,400,32
4275,400,740,40,20,6,2,Sweep Line,Local,10,0.36784165,7.35683295,89.86%,86.1650940000,0.3168258000,1.1088484001,10.3882859999,2.9501694999,59.6704118999,14.1907963001,0.0002500000,0.2964007001,86.1797062000,444,399,45
4275,400,760,40,20,6,2,Sweep Line,Local,10,0.36983299,7.39665983,91.45%,83.7148295000,0.3152314000,1.1415023998,10.3441174000,2.9545727001,57.7337958000,13.8018587000,0.0002387000,0.2146542000,83.7373548000,456,417,39
4275,400,780,40,20,6,2,Sweep Line,Local,10,0.33967301,6.79346011,86.11%,84.0657475000,0.3321668998,1.2067038000,10.9148953001,3.0921629002,58.3910843001,12.8911042000,0.0002622999,0.2188824999,84.0777109000,468,403,65
4275,400,800,40,20,6,2,Sweep Line,Local,10,0.36833455,7.36669106,91.25%,88.2630204000,0.3513554001,1.2435874001,11.0067537000,3.1231310001,61.3860862000,13.9266333000,0.0002536999,0.2139962999,88.2806396000,480,438,42
4275,400,820,40,20,6,2,Sweep Line,Local,10,0.33772315,6.75446291,91.06%,92.2982471000,0.3668870000,1.3707669999,12.0485471998,3.4219077999,64.1499806999,14.0187976000,0.0002619001,0.2270814000,92.3175756000,492,448,44
4275,400,840,40,20,6,2,Sweep Line,Local,10,0.34760661,6.95213217,91.27%,90.8424364000,0.3846804000,1.3973151999,12.0758283000,3.4260221002,62.4006166999,14.1954732999,0.0002617999,0.2323639999,90.8584999000,504,460,44
4275,400,860,40,20,6,2,Sweep Line,Local,10,0.31818874,6.36377475,94.96%,95.1537136000,0.3992255000,1.5126185000,13.0699010001,3.7766268999,65.6948371000,14.1129557000,0.0002665999,0.2299706999,95.1702841000,516,490,26
4275,400,880,40,20,6,2,Sweep Line,Local,10,0.31158436,6.23168714,91.29%,96.4319714000,0.4223928000,1.5667863001,13.2014238000,3.8194757001,66.6874900000,14.1677635999,0.0002873001,0.2355035000,96.4511890000,528,482,46
4275,400,900,40,20,6,2,Sweep Line,Local,10,0.33195154,6.63903080,93.52%,105.0877545000,0.4675338000,1.8136313998,14.3957798000,4.1959328999,71.5936760999,16.2541419000,0.0002965000,0.2714342001,105.1030029000,540,505,35
4275,400,920,40,20,6,2,Sweep Line,Local,10,0.31815770,6.36315402,91.49%,96.7187052000,0.4675212000,1.6735221001,13.6569766001,3.9221435001,65.7991298999,14.7372181001,0.0003058001,0.2440487999,96.7301388000,552,505,47
4275,400,940,40,20,6,2,Sweep Line,Local,10,0.33179899,6.63597980,94.15%,92.2844830000,0.4520894000,1.6641568000,13.3614151000,3.9126562000,62.3644698000,14.0925628000,0.0002889000,0.2372388000,92.3099122000,564,531,33
4275,400,960,40,20,6,2,Sweep Line,Local,10,0.32627876,6.52557521,95.66%,95.5008345000,0.4683415000,1.7658508001,14.7386935000,4.9410874001,63.7936563000,14.3565657999,0.0002926000,0.2411944999,95.5224950000,576,551,25
4275,400,980,40,20,6,2,Sweep Line,Local,10,0.31589101,6.31782017,95.07%,104.1870604000,0.5047063999,1.9238186000,15.9757554998,5.1946339999,69.9786093000,15.3939821001,0.0003039001,0.2463532001,104.1999179000,588,559,29
4275,400,1000,40,20,6,2,Sweep Line,Local,10,0.30226414,6.04528273,95.00%,100.3877797000,0.5094868000,2.0247401002,15.2626607000,4.4685007995,67.1839795001,15.0212731999,0.0003135999,0.2463302999,100.4095935000,600,570,30
4275,400,60,40,20,6,2,Sweep Line,Local,10,0.60799571,12.15991426,16.67%,2.2201484000,0.0020645000,0.0020946000,0.0924331000,0.0249038000,1.3492944000,0.7259568000,0.0000238000,0.0426892000,2.2217989000,36,6,30
4275,400,80,40,20,6,2,Sweep Line,Local,10,0.64017480,12.80349597,25.00%,4.2921535000,0.0036320000,0.0050477000,0.2044325000,0.0564894000,2.8604796000,1.1675516000,0.0000322000,0.0422473000,4.2935324000,48,12,36
4275,400,100,40,20,6,2,Sweep Line,Local,10,0.59815891,11.96317819,35.00%,8.5419847000,0.0060083000,0.0093787000,0.4221069000,0.1164641000,5.7239449000,2.2947019000,0.0000401000,0.0529561999,8.5437192000,60,21,39
4275,400,120,40,20,6,2,Sweep Line,Local,10,0.45120458,9.02409152,36.11%,9.7234616000,0.0082394000,0.0143251000,0.4572149000,0.1244171000,6.3059284000,2.8603614000,0.0000495000,0.0538516000,9.7258351000,72,26,46
4275,400,140,40,20,6,2,Sweep Line,Local,10,0.58686634,11.73732687,25.00%,7.0124933000,0.0101499000,0.0119053000,0.4240209000,0.1191726000,4.9985018000,1.4979088000,0.0000557000,0.0590037000,7.0163677000,84,21,63
4275,400,160,40,20,6,2,Sweep Line,Local,10,0.45830376,9.16607530,36.46%,11.6026556000,0.0136108000,0.0246496000,0.6102091000,0.1634079001,7.7217596000,3.1448187000,0.0000621000,0.0682740000,11.6072689000,96,35,61
4275,400,180,40,20,6,2,Sweep Line,Local,10,0.58314991,11.66299815,35.19%,11.0261355000,0.0173212000,0.0278001000,0.6445520000,0.1803365000,7.2393445000,2.9910051000,0.0000713000,0.0823963000,11.0301453000,108,38,70
4275,400,200,40,20,6,2,Sweep Line,Local,10,0.60898284,12.17965675,36.67%,11.0582035000,0.0202097000,0.0336761999,0.6980593000,0.1957508001,7.1046715000,3.0766002000,0.0000773999,0.0768286000,11.0609778000,120,44,76
4275,400,220,40,20,6,2,Sweep Line,Local,10,0.51502205,10.30044091,42.42%,14.7199019000,0.0255845000,0.0471763000,0.9823122000,0.2811887000,10.0546308000,3.4742849000,0.0000885000,0.0889278000,14.7246680000,132,56,76
4275,400,240,40,20,6,2,Sweep Line,Local,10,0.51746178,10.34923564,45.83%,17.5230463000,0.0299179000,0.0580754000,1.1838413000,0.3346326000,12.1585290000,3.9657407000,0.0000894000,0.0905702999,17.5263769000,144,66,78
4275,400,260,40,20,6,2,Sweep Line,Local,10,0.59328844,11.86576888,51.92%,21.1452024000,0.0344091000,0.0742715001,1.5222767001,0.4100832000,14.5541739000,4.7479371000,0.0000969000,0.0958088000,21.1507898000,156,81,75
4275,400,280,40,20,6,2,Sweep Line,Local,10,0.55500454,11.10009087,56.55%,25.5717968000,0.0409965000,0.0973531000,1.9157107001,0.5417212000,18.1154251000,5.2407255000,0.0001022000,0.1078180000,25.5784411000,168,95,73
4275,400,300,40,20,6,2,Sweep Line,Local,10,0.55249848,11.04996952,60.56%,23.2702088000,0.0400308001,0.1084599001,1.8228434001,0.5170874000,16.0338918999,5.1112374000,0.0001016000,0.0993712000,23.2745497000,180,109,71
4275,400,320,40,20,6,2,Sweep Line,Local,10,0.53524838,10.70496757,59.38%,23.5566063000,0.0452769999,0.1137489001,1.9302093000,0.5508471000,16.3368923000,4.9818894000,0.0001046001,0.1070487999,23.5605464000,192,114,78
4275,400,340,40,20,6,2,Sweep Line,Local,10,0.52041093,10.40821862,63.24%,25.6905108000,0.0518868000,0.1358454000,2.1407095998,0.6022926001,17.6582180000,5.5356621000,0.0001133000,0.1150399000,25.6972741000,204,129,75
4275,400,360,40,20,6,2,Sweep Line,Local,10,0.53134227,10.62684544,63.43%,26.9830883000,0.0576197000,0.1488180998,2.3676386000,0.6759387000,18.8233765000,5.4250498000,0.0001203000,0.1155420000,26.9881734000,216,137,79
4275,400,380,40,20,6,2,Sweep Line,Local,10,0.48444340,9.68886809,68.42%,30.4001312000,0.0661601000,0.1828871000,2.7318141999,0.7742060000,21.0064428000,6.2104021000,0.0001235000,0.1294661000,30.4085307000,228,156,72
4275,400,400,40,20,6,2,Sweep Line,Local,10,0.47957053,9.59141059,71.67%,33.9399404000,0.0721891000,0.2133735999,3.0682452000,0.8811469000,23.6430678000,6.7496639000,0.0001261000,0.1343066000,33.9466842000,240,172,68
4275,400,420,40,20,6,2,Sweep Line,Local,10,0.51106076,10.22121521,70.24%,33.2897182000,0.0793199000,0.2287530000,3.2162118998,0.9164216000,23.1170132000,6.4378809999,0.0001345000,0.1412380000,33.2992158000,252,177,75
4275,400,440,40,20,6,2,Sweep Line,Local,10,0.47128187,9.42563743,72.73%,34.0217919000,0.0771231000,0.2238666001,3.2910242999,0.9627829000,24.0076945999,6.2198209000,0.0001291000,0.1389843000,34.0268370000,264,192,72
4275,400,460,40,20,6,2,Sweep Line,Local,10,0.49157554,9.83151073,75.00%,33.8870764000,0.0862889000,0.2501156001,3.2809590001,0.9447814000,23.3545319000,6.6918187000,0.0001322000,0.1406614000,33.8931609000,276,207,69
4275,400,480,40,20,6,2,Sweep Line,Local,10,0.45791488,9.15829769,76.39%,35.9244600000,0.0936147000,0.2750981000,3.5424793001,1.0280905001,24.8478594000,6.9427056000,0.0001371000,0.1464454000,35.9297598000,288,220,68
4275,400,500,40,20,6,2,Sweep Line,Local,10,0.47824644,9.56492880,77.00%,37.1240087000,0.1034509000,0.2995465000,3.7918240000,1.1147189999,25.2921752000,7.4058046000,0.0001539000,0.1560950001,37.1296607000,300,231,69
4275,400,520,40,20,6,2,Sweep Line,Local,10,0.45380088,9.07601763,80.45%,40.9875350000,0.1113639000,0.3378620000,4.3893233998,1.2779166001,28.7520544000,7.1607990999,0.0001461999,0.1674163000,40.9929009000,312,251,61
4275,400,540,40,20,6,2,Sweep Line,Local,10,0.43392177,8.67843548,82.72%,41.6797122000,0.1179202000,0.3650997000,4.6350594000,1.3505520999,28.8463127000,7.4753656999,0.0001534001,0.1661255001,41.6856136000,324,268,56
4275,400,560,40,20,6,2,Sweep Line,Local,10,0.43320992,8.66419835,79.46%,41.1082232000,0.1248185999,0.3773622001,4.5618454998,1.3394545000,28.3762222999,7.4224033000,0.0001569999,0.1695558001,41.1141770000,336,267,69
4275,400,580,40,20,6,2,Sweep Line,Local,10,0.42136817,8.42736342,81.32%,43.2399017000,0.1307166999,0.4282977999,4.9621729999,1.4462871001,29.9602012000,7.4735329000,0.0001586999,0.1768355001,43.2462640000,348,283,65
4275,400,600,40,20,6,2,Sweep Line,Local,10,0.40744878,8.14897562,86.11%,45.7251511000,0.1469770000,0.4641262999,5.4151146999,1.5767364999,31.4848990000,7.9532187999,0.0001643000,0.1878848000,45.7656632000,360,310,50
4275,400,620,40,20,6,2,Sweep Line,Local,10,0.39363365,7.87267303,81.99%,46.2127781000,0.1546449000,0.4729700998,5.5822689001,1.6339270000,32.2652733999,7.4767893000,0.0001664999,0.1911123999,46.2249757000,372,305,67
4275,400,640,40,20,6,2,Sweep Line,Local,10,0.40310588,8.06211752,87.50%,49.0997196000,0.1590264000,0.5289734000,6.0303590000,1.7980979999,34.0052541000,8.1027628000,0.0001684000,0.1981584000,49.1065729000,384,336,48
4275,400,660,40,20,6,2,Sweep Line,Local,10,0.41688525,8.33770490,85.86%,47.2717269000,0.1699725001,0.5364146999,5.8174898999,1.7309150999,32.3959863000,8.0703693999,0.0001819999,0.1987943000,47.2784939000,396,340,56
4275,400,680,40,20,6,2,Sweep Line,Local,10,0.39965264,7.99305287,85.54%,51.7680810000,0.1825125000,0.5933866001,6.4419612001,1.9074126000,36.0082429000,8.2568743000,0.0001852001,0.2071645000,51.7754453000,408,349,59
4275,400,700,40,20,6,2,Sweep Line,Local,10,0.38609944,7.72198880,88.57%,54.0268917000,0.2037034000,0.6381064999,6.9414964001,2.0450796998,37.4470120000,8.5075026000,0.0001904001,0.2147441001,54.0542892000,420,372,48
4275,400,720,40,20,6,2,Sweep Line,Local,10,0.38129382,7.62587632,92.59%,56.0652497000,0.2075678000,0.7165528000,7.4229748999,2.2015803997,38.3972136999,9.0083320000,0.0001932000,0.2270421000,56.0726575000,432,400,32
4275,400,740,40,20,6,2,Sweep Line,Local,10,0.36784165,7.35683295,89.86%,56.0041769000,0.2067352000,0.7183972001,7.2804463000,2.1486585001,38.3341562000,9.1367700000,0.0002020999,0.2247013001,56.0121891000,444,399,45
4275,400,760,40,20,6,2,Sweep Line,Local,10,0.36983299,7.39665983,91.45%,54.7592381000,0.2240830000,0.7654474000,7.4573175001,2.2131033002,37.1024616000,8.9566800999,0.0001912999,0.1601473000,54.7728317000,456,417,39
4275,400,780,40,20,6,2,Sweep Line,Local,10,0.33967301,6.79346011,86.11%,54.2344431000,0.2400564998,0.7563607000,7.6169389001,2.2637364001,37.1336233000,8.2510490000,0.0002147001,0.1669133999,54.2439534000,468,403,65
4275,400,800,40,20,6,2,Sweep Line,Local,10,0.36833455,7.36669106,91.25%,60.7185692000,0.2551185001,0.8913422000,8.3533597000,2.4918989999,41.4024028000,9.5407253999,0.0002074999,0.1773425999,60.7263557000,480,438,42
4275,400,820,40,20,6,2,Sweep Line,Local,10,0.33772315,6.75446291,91.06%,59.9705186000,0.2678070001,0.8815665001,8.4746093001,2.5087502997,40.9846649000,9.1014421999,0.0002145000,0.1798869000,59.9807815000,492,448,44
4275,400,840,40,20,6,2,Sweep Line,Local,10,0.34760661,6.95213217,91.27%,61.2665680000,0.2830048000,0.9391951998,8.7986808998,2.6221955998,41.6398913000,9.3355899000,0.0002226000,0.1858805001,61.2767577000,504,460,44
4275,400,860,40,20,6,2,Sweep Line,Local,10,0.31818874,6.36377475,94.96%,63.4347674000,0.3004497999,1.0035459001,9.4342883000,2.8238557999,43.0403066999,9.3873478000,0.0002156000,0.1854193001,63.4469832000,516,490,26
4275,400,880,40,20,6,2,Sweep Line,Local,10,0.31158436,6.23168714,91.29%,63.1888316000,0.3064568000,1.0270409999,9.3390360000,2.7922997001,42.8960396002,9.3543445001,0.0002328000,0.1879541000,63.1975851000,528,482,46
4275,400,900,40,20,6,2,Sweep Line,Local,10,0.33195154,6.63903080,93.52%,64.8954659000,0.3249826999,1.1063807998,9.6110066002,2.8794495000,43.6496518999,9.9182209999,0.0002215000,0.1927728001,64.9068263000,540,505,35
4275,400,920,40,20,6,2,Sweep Line,Local,10,0.31815770,6.36315402,91.49%,65.5112561000,0.3325579000,1.1167910001,9.8763524997,2.9759342001,44.0398458998,9.8500929999,0.0002422000,0.2070392000,65.5256489000,552,505,47
4275,400,940,40,20,6,2,Sweep Line,Local,10,0.33179899,6.63597980,94.15%,66.8672404000,0.3455906000,1.2030698002,10.2246591000,3.0892782000,44.7114363999,10.0957041999,0.0002328001,0.1910441002,66.8778825000,564,531,33
4275,400,960,40,20,6,2,Sweep Line,Local,10,0.32627876,6.52557521,95.66%,69.6553111000,0.3549060000,1.2576260000,10.6493419999,3.2008924999,46.6669657000,10.4297100001,0.0002340000,0.1958833000,69.6761890000,576,551,25
4275,400,980,40,20,6,2,Sweep Line,Local,10,0.31589101,6.31782017,95.07%,69.6882371000,0.3733665000,1.2871748999,10.9335622999,3.3082600003,46.4806823999,10.3152921001,0.0002503999,0.2001527000,69.7006794000,588,559,29
4275,400,1000,40,20,6,2,Sweep Line,Local,10,0.30226414,6.04528273,95.00%,74.9657119000,0.4241749002,1.4833340001,12.3472623998,3.8350255000,49.4134388999,10.9679868000,0.0002798001,0.2230919000,74.9778743000,600,570,30
4275,400,60,40,20,6,2,Sweep Line,Local,10,0.60799571,12.15991426,16.67%,1.8025653000,0.0015295000,0.0016385000,0.0779951000,0.0201790000,1.0689579000,0.6127702000,0.0000196000,0.0345309000,1.8037348000,36,6,30
4275,400,80,40,20,6,2,Sweep Line,Local,10,0.64017480,12.80349597,25.00%,3.2609071000,0.0032087000,0.0037698000,0.1690200000,0.0485396000,2.2186541000,0.8211661000,0.0000298000,0.0375921000,3.2621979000,48,12,36
4275,400,100,40,20,6,2,Sweep Line,Local,10,0.59815891,11.96317819,35.00%,6.3317379000,0.0051311000,0.0077502000,0.3462237000,0.0980079001,4.2153620000,1.7028770000,0.0000388000,0.0433675000,6.3332350000,60,21,39
4275,400,120,40,20,6,2,Sweep Line,Local,10,0.45120458,9.02409152,36.11%,7.2870153000,0.0063249000,0.0116101000,0.3732885000,0.1135400000,4.7795387000,2.0561853000,0.0000404000,0.0449368000,7.2889667000,72,26,46
4275,400,140,40,20,6,2,Sweep Line,Local,10,0.58686634,11.73732687,25.00%,5.5566409000,0.0094916000,0.0100287000,0.3519514000,0.1023885000,3.9067947000,1.2163617000,0.0000561000,0.0510527000,5.5589943000,84,21,63
4275,400,160,40,20,6,2,Sweep Line,Local,10,0.45830376,9.16607530,36.46%,8.8436888000,0.0123223000,0.0193603000,0.5077070000,0.1507767000,5.7555923000,2.4663077000,0.0000605000,0.0600201000,8.8461000000,96,35,61
4275,400,180,40,20,6,2,Sweep Line,Local,10,0.58314991,11.66299815,35.19%,8.7874124000,0.0157798000,0.0222056000,0.5784395000,0.1775481000,5.7981164000,2.2884388000,0.0000660000,0.0631425000,8.7916674000,108,38,70
4275,400,200,40,20,6,2,Sweep Line,Local,10,0.60898284,12.17965675,36.67%,9.9117927000,0.0201127001,0.0297538000,0.6502286000,0.1910105999,6.3208706000,2.7810179000,0.0000776000,0.0688632000,9.9148974000,120,44,76
4275,400,220,40,20,6,2,Sweep Line,Local,10,0.51502205,10.30044091,42.42%,12.8057135000,0.0253127000,0.0383508000,0.8704715999,0.2524907000,8.6848645000,3.0856266000,0.0000845001,0.0735357999,12.8089862000,132,56,76
4275,400,240,40,20,6,2,Sweep Line,Local,10,0.51746178,10.34923564,45.83%,14.9845034000,0.0253338000,0.0506199000,1.0759213000,0.3126756000,10.2775941000,3.4367289000,0.0000819000,0.0815510000,14.9879729000,144,66,78
4275,400,260,40,20,6,2,Sweep Line,Local,10,0.59328844,11.86576888,51.92%,18.5039446000,0.0329080000,0.0632612000,1.3560891000,0.3890862000,12.6974882000,4.1918975000,0.0000898999,0.0910799000,18.5094337000,156,81,75
4275,400,280,40,20,6,2,Sweep Line,Local,10,0.55500454,11.10009087,56.55%,21.9157577000,0.0371101000,0.1193068000,1.7160975000,0.5030699001,15.3429658000,4.5654743000,0.0001037000,0.0973713000,21.9203401000,168,95,73
4275,400,300,40,20,6,2,Sweep Line,Local,10,0.55249848,11.04996952,60.56%,22.2691431000,0.0393910000,0.0940549001,1.7085337000,0.5016051999,15.3317611000,4.9516530000,0.0001055000,0.0984029000,22.2728862000,180,109,71
4275,400,320,40,20,6,2,Sweep Line,Local,10,0.53524838,10.70496757,59.38%,22.7668958000,0.0454648000,0.1084821000,1.8567245001,0.5442391001,15.7951749000,4.8112208000,0.0001135001,0.1061438000,22.7705568000,192,114,78
4275,400,340,40,20,6,2,Sweep Line,Local,10,0.52041093,10.40821862,63.24%,25.0419147000,0.0527512001,0.1316865999,2.1703885001,0.6433847001,17.2201707999,5.3031804000,0.0001179000,0.1130189000,25.0460492000,204,129,75
4275,400,360,40,20,6,2,Sweep Line,Local,10,0.53134227,10.62684544,63.43%,26.8292361000,0.0590912000,0.1474593000,2.3968278001,0.7078822999,18.6675090000,5.3704481000,0.0001594999,0.1243113000,26.8352130000,216,137,79
4275,400,380,40,20,6,2,Sweep Line,Local,10,0.48444340,9.68886809,68.42%,29.8138026000,0.0690548000,0.1766884001,2.6995032999,0.8108569000,20.6932780000,5.9741781000,0.0001322000,0.1273349000,29.8201093000,228,156,72
4275,400,400,40,20,6,2,Sweep Line,Local,10,0.47957053,9.59141059,71.67%,33.1271225000,0.0760242000,0.2026228000,3.0415311000,0.8891401001,23.0013702000,6.6181950000,0.0001442000,0.1330182001,33.1326298000,240,172,68
4275,400,420,40,20,6,2,Sweep Line,Local,10,0.51106076,10.22121521,70.24%,32.6345298000,0.0790552000,0.2197304001,3.1943038999,0.9375447000,22.8005294001,6.1396686000,0.0001424000,0.1390119000,32.6397698000,252,177,75
4275,400,440,40,20,6,2,Sweep Line,Local,10,0.47128187,9.42563743,72.73%,38.9493910000,0.0986438999,0.3120112000,3.8199801001,1.1353004999,27.4327851000,7.0604134000,0.0001577000,0.1514631000,38.9548521000,264,192,72
4275,400,460,40,20,6,2,Sweep Line,Local,10,0.49157554,9.83151073,75.00%,36.9085102000,0.0979843000,0.2833434000,3.6404038000,1.0822154001,25.3872143000,7.2711696001,0.0001556000,0.1595792999,36.9157765000,276,207,69
4275,400,480,40,20,6,2,Sweep Line,Local,10,0.45791488,9.15829769,76.39%,38.3074208000,0.1042648000,0.3092766000,3.9195408001,1.1627166998,26.2038770000,7.5228773000,0.0001595001,0.1689170999,38.3133224000,288,220,68
4275,400,500,40,20,6,2,Sweep Line,Local,10,0.47824644,9.56492880,77.00%,39.8164868000,0.1205420001,0.3433012000,4.2232621000,1.2777986000,27.1627858000,7.6882321001,0.0001660000,0.1878963000,39.8242121000,300,231,69
4275,400,520,40,20,6,2,Sweep Line,Local,10,0.45380088,9.07601763,80.45%,45.5354459000,0.1368693000,0.3993284999,5.1260265998,1.5232866000,31.7086154001,7.9104771001,0.0001847000,0.1801447000,45.5458513000,312,251,61
4275,400,540,40,20,6,2,Sweep Line,Local,10,0.43392177,8.67843548,82.72%,47.3730837000,0.1406071999,0.4251136000,5.2579912000,1.5787703999,32.8212459000,8.4448433999,0.0001795999,0.1987115001,47.3790045000,324,268,56
4275,400,560,40,20,6,2,Sweep Line,Local,10,0.43320992,8.66419835,79.46%,47.3232293000,0.1498383000,0.4516929998,5.4370136001,1.6447724000,32.3695421001,8.6034705000,0.0001781000,0.2031600000,47.3302948000,336,267,69
4275,400,580,40,20,6,2,Sweep Line,Local,10,0.42136817,8.42736342,81.32%,49.2738457000,0.1621822000,0.4948084001,5.8021600999,1.7406087998,33.8988302001,8.6250960001,0.0001983000,0.2022539001,49.2813841000,348,283,65
4275,400,600,40,20,6,2,Sweep Line,Local,10,0.40744878,8.14897562,86.11%,52.0379843000,0.1731602000,0.5447898000,6.2965569999,1.9087259002,35.6857276001,9.0177631000,0.0001925002,0.2170334999,52.0499844000,360,310,50
4275,400,620,40,20,6,2,Sweep Line,Local,10,0.39363365,7.87267303,81.99%,52.9813897000,0.1918892000,0.5570772998,6.5639419002,1.9660470999,36.8869032999,8.4807380999,0.0002131000,0.2276139999,52.9922431000,372,305,67
4275,400,640,40,20,6,2,Sweep Line,Local,10,0.40310588,8.06211752,87.50%,56.0391947000,0.1914397001,0.6194389001,6.9584866001,2.0846780001,38.7257806999,9.2183921000,0.0001929000,0.2278479000,56.0911378000,384,336,48
4275,400,660,40,20,6,2,Sweep Line,Local,10,0.41688525,8.33770490,85.86%,56.4738009000,0.2063389999,0.6548278001,6.9884923002,2.1224805001,38.6922335000,9.6016719000,0.0002175001,0.2303686999,56.4814551000,396,340,56
4275,400,680,40,20,6,2,Sweep Line,Local,10,0.39965264,7.99305287,85.54%,59.5211180000,0.2227198001,0.7135041000,7.5842816000,2.2716211000,41.2845801000,9.3761392000,0.0002156000,0.2488324001,59.5289673000,408,349,59
4275,400,700,40,20,6,2,Sweep Line,Local,10,0.38609944,7.72198880,88.57%,61.8966124000,0.2378458000,0.7739722002,8.1917823002,2.4930552001,42.6207642000,9.7390298000,0.0002213999,0.2482830001,61.9043983000,420,372,48
4275,400,720,40,20,6,2,Sweep Line,Local,10,0.38129382,7.62587632,92.59%,64.2380036000,0.2474833000,0.8275231001,8.6506241999,2.6533324000,43.8852508000,10.2452525000,0.0002159000,0.2844204999,64.2493898000,432,400,32
4275,400,740,40,20,6,2,Sweep Line,Local,10,0.36784165,7.35683295,89.86%,64.0991930000,0.2597071000,0.8339193999,8.4714452002,2.6075952003,43.6909345001,10.4868618000,0.0002694999,0.2646943999,64.1158864000,444,399,45
4275,400,760,40,20,6,2,Sweep Line,Local,10,0.36983299,7.39665983,91.45%,70.9261009000,0.3094597999,1.0123722001,9.6116898998,2.9356181000,48.0514496000,11.5967077000,0.0002487999,0.2010221001,70.9354117000,456,417,39
4275,400,780,40,20,6,2,Sweep Line,Local,10,0.33967301,6.79346011,86.11%,62.3896656000,0.2974316001,0.9024508999,9.0594753999,2.7663871003,42.3712408999,9.4525982000,0.0002615999,0.2006444000,62.4011641000,468,403,65
4275,400,800,40,20,6,2,Sweep Line,Local,10,0.36833455,7.36669106,91.25%,69.3443639000,0.2983017999,0.9995599001,9.5387401998,2.8932217001,47.5556642000,10.6586528000,0.0002785999,0.1982206001,69.3568847000,480,438,42
4275,400,820,40,20,6,2,Sweep Line,Local,10,0.33772315,6.75446291,91.06%,68.4578945000,0.3097084000,1.0432063998,9.9468404999,3.0508085999,46.4376586000,10.4171288000,0.0002508999,0.2047309002,68.4672352000,492,448,44
4275,400,840,40,20,6,2,Sweep Line,Local,10,0.34760661,6.95213217,91.27%,70.2516658000,0.3314492000,1.1048532000,10.4998979002,3.2085901999,47.1948283999,10.7885654001,0.0002638001,0.2150911000,70.3047943000,504,460,44
4275,400,860,40,20,6,2,Sweep Line,Local,10,0.31818874,6.36377475,94.96%,73.5430761000,0.3480035999,1.1758707000,11.1107547000,3.4293217999,49.7249733000,10.8624884000,0.0002755001,0.2160174000,73.5551750000,516,490,26
4275,400,880,40,20,6,2,Sweep Line,Local,10,0.31158436,6.23168714,91.29%,72.4260636000,0.3613135000,1.1977738001,10.9121135000,3.3604756003,49.1244735001,10.5149678001,0.0002624000,0.2153048000,72.4385666000,528,482,46
4275,400,900,40,20,6,2,Sweep Line,Local,10,0.33195154,6.63903080,93.52%,74.3716166000,0.3921166999,1.2917499001,11.0970835998,3.4154525999,49.8582811001,11.3920390000,0.0002784000,0.2149561000,74.3821788000,540,505,35
4275,400,920,40,20,6,2,Sweep Line,Local,10,0.31815770,6.36315402,91.49%,74.7330607000,0.3948565001,1.3021851001,11.5077385999,3.5439032002,50.1522074000,11.0547835999,0.0002923001,0.2144041999,74.7468554000,552,505,47
4275,400,940,40,20,6,2,Sweep Line,Local,10,0.33179899,6.63597980,94.15%,77.9121587000,0.4159305999,1.4005304000,12.0268077000,3.6971885998,51.8800556000,11.8384835000,0.0003002000,0.2216653001,77.9258330000,564,531,33
4275,400,960,40,20,6,2,Sweep Line,Local,10,0.32627876,6.52557521,95.66%,80.3639974000,0.4355348000,1.5030096001,12.5764215999,3.8682284998,53.5070877000,11.9984082000,0.0002762000,0.2231162999,80.3844585000,576,551,25
4275,400,980,40,20,6,2,Sweep Line,Local,10,0.31589101,6.31782017,95.07%,81.4441362000,0.4592654000,1.5263298001,13.0423117000,4.0649017999,54.2079874001,11.8705340999,0.0002969000,0.2257740000,81.4604820000,588,559,29
4275,400,1000,40,20,6,2,Sweep Line,Local,10,0.30226414,6.04528273,95.00%,81.0898207000,0.4556422000,1.5688321000,13.2874249000,4.1142224999,53.6028763000,11.8398338000,0.0003074000,0.2262460999,81.1094985000,600,570,30
4275,400,60,40,20,6,2,Sweep Line,Local,12,0.60799571,12.15991426,16.67%,1.8590246000,0.0019058000,0.0019071000,0.0864732000,0.0269187000,1.0580665000,0.6678916000,0.0000243000,0.0367758000,1.8608051000,36,6,30
4275,400,80,40,20,6,2,Sweep Line,Local,12,0.64017480,12.80349597,25.00%,3.4130986000,0.0036072000,0.0041893000,0.1955368000,0.0559334000,2.3073872000,0.8511265000,0.0000338000,0.0419885000,3.4146626000,48,12,36
4275,400,100,40,20,6,2,Sweep Line,Local,12,0.59815891,11.96317819,35.00%,7.0816225000,0.0052692000,0.0084141000,0.3941730000,0.0997865000,4.6256664000,1.9916250000,0.0000405000,0.0455705000,7.0844756000,60,21,39
4275,400,120,40,20,6,2,Sweep Line,Local,12,0.45120458,9.02409152,36.11%,7.8694796000,0.0064292000,0.0115795000,0.4277540000,0.1136887000,5.1482194000,2.2128706000,0.0000433000,0.0472943000,7.8717591000,72,26,46
4275,400,140,40,20,6,2,Sweep Line,Local,12,0.58686634,11.73732687,25.00%,5.9319466000,0.0090605000,0.0102493000,0.4365411000,0.1105239000,4.1151136000,1.2950012000,0.0000554000,0.0541677000,5.9350513000,84,21,63
4275,400,160,40,20,6,2,Sweep Line,Local,12,0.45830376,9.16607530,36.46%,9.4028442000,0.0109491000,0.0197951000,0.6160479000,0.1596171000,6.1554643000,2.5215417000,0.0000583999,0.0570091000,9.4053029000,96,35,61
4275,400,180,40,20,6,2,Sweep Line,Local,12,0.58314991,11.66299815,35.19%,9.3677912000,0.0151890000,0.0239541000,0.6665511000,0.1772069000,6.0691081000,2.4802975000,0.0000670000,0.0668687000,9.3706421000,108,38,70
4275,400,200,40,20,6,2,Sweep Line,Local,12,0.60893590,12.17871803,36.67%,10.3271731000,0.0184424000,0.0285551000,0.7275385000,0.1908389000,6.6684621000,2.7903140000,0.0000705000,0.0689364000,10.3318821000,120,44,76
4275,400,220,40,20,6,2,Sweep Line,Local,12,0.51502205,10.30044091,42.42%,13.6364845000,0.0252533000,0.0407959000,0.9947609000,0.2668968000,9.1938573000,3.2640367000,0.0000870000,0.0829656999,13.6397539000,132,56,76
4275,400,240,40,20,6,2,Sweep Line,Local,12,0.51727974,10.34559484,45.83%,16.2922188000,0.0291865000,0.0556377000,1.2729980000,0.3444672000,11.0293713000,3.7796212000,0.0000933000,0.0858413000,16.2951482000,144,66,78
4275,400,260,40,20,6,2,Sweep Line,Local,12,0.59327167,11.86543335,51.92%,19.7887479000,0.0334518000,0.0635517999,1.5056519001,0.4017375000,13.6976767001,4.3475808000,0.0000935000,0.0968329000,19.7920332000,156,81,75
4275,400,280,40,20,6,2,Sweep Line,Local,12,0.55500454,11.10009087,56.55%,23.7095129000,0.0372955000,0.0860740000,1.9692802000,0.5276522999,16.4161153000,5.0152001000,0.0000944001,0.0986109999,23.7138510000,168,95,73
4275,400,300,40,20,6,2,Sweep Line,Local,12,0.55175130,11.03502601,60.56%,24.0901951000,0.0422846000,0.1070557999,2.0203771000,0.5409885999,16.3823216000,5.3623695000,0.0001043001,0.1035713000,24.0958758000,180,109,71
4275,400,320,40,20,6,2,Sweep Line,Local,12,0.53429793,10.68595857,59.38%,24.3764299000,0.0524262000,0.1186484000,2.2508790001,0.6024782001,16.6266172000,5.1466016000,0.0001142000,0.1085362000,24.3845034000,192,114,78
4275,400,340,40,20,6,2,Sweep Line,Local,12,0.51992900,10.39858004,63.24%,26.7461879000,0.0581579000,0.1409150000,2.5054992000,0.6687209000,18.1795999000,5.6732665000,0.0001236001,0.1230738000,26.7536815000,204,129,75
4275,400,360,40,20,6,2,Sweep Line,Local,12,0.53171279,10.63425582,63.43%,28.3690836000,0.0616554000,0.1530244000,2.7550919001,0.7371770001,19.5054422000,5.6915599999,0.0001217000,0.1229862000,28.3734980000,216,137,79
4275,400,380,40,20,6,2,Sweep Line,Local,12,0.48366733,9.67334652,68.42%,31.1984681000,0.0698226999,0.1788273999,3.1138166001,0.8528028999,21.3740347000,6.2574080000,0.0001424000,0.1460024999,31.2060930000,228,156,72
4275,400,400,40,20,6,2,Sweep Line,Local,12,0.47748753,9.54975052,71.67%,35.0057548000,0.0797934000,0.2112534999,3.5069400000,0.9658473001,24.0890106000,6.9075561000,0.0001376000,0.1447989000,35.0110918000,240,172,68
4275,400,420,40,20,6,2,Sweep Line,Local,12,0.51069770,10.21395402,70.24%,34.8695935000,0.0855132000,0.2238299000,3.6658334999,0.9871224000,24.0232729000,6.6626839000,0.0001560000,0.1494717000,34.8755359000,252,177,75
4275,400,440,40,20,6,2,Sweep Line,Local,12,0.47065785,9.41315704,72.73%,36.8224417000,0.0845916000,0.2419012999,3.9476164998,1.0483850001,25.6577870000,6.6869567999,0.0001424001,0.1506208000,36.8301687000,264,192,72
4275,400,460,40,20,6,2,Sweep Line,Local,12,0.48961906,9.79238128,75.00%,36.4047693000,0.0896069000,0.2739051000,3.9404789001,1.0591409000,24.5680883000,7.3052721000,0.0001371000,0.1450734000,36.4107207000,276,207,69
4275,400,480,40,20,6,2,Sweep Line,Local,12,0.45757763,9.15155262,76.39%,37.5115269000,0.0958392999,0.2896190001,4.2119354000,1.1400251002,25.4114267000,7.2497162999,0.0001462000,0.1638957000,37.5173044000,288,220,68
4275,400,500,40,20,6,2,Sweep Line,Local,12,0.47776925,9.55538491,77.00%,39.5110490000,0.1086204999,0.3257952000,4.5181088001,1.2144124000,26.6132583000,7.6917261000,0.0001521001,0.1643178002,39.5169359000,300,231,69
4275,400,520,40,20,6,2,Sweep Line,Local,12,0.45231022,9.04620431,80.45%,43.4933046000,0.1216603000,0.3504259999,5.1693545000,1.3806714000,30.1397388001,7.4704259001,0.0001510000,0.1633230000,43.5003285000,312,251,61
4275,400,540,40,20,6,2,Sweep Line,Local,12,0.43371899,8.67437981,82.72%,43.8786926000,0.1248372999,0.3890833001,5.4072745000,1.4482447001,29.8321290000,7.8637843000,0.0001634000,0.1794457000,43.8846967000,324,268,56
4275,400,560,40,20,6,2,Sweep Line,Local,12,0.43219403,8.64388061,79.46%,43.6762670000,0.1324585001,0.4190457000,5.5148989002,1.4864709000,29.5357770001,7.8217455000,0.0001633000,0.1759957999,43.6821933000,336,267,69
4275,400,580,40,20,6,2,Sweep Line,Local,12,0.42077876,8.41557523,81.32%,45.7646668000,0.1425421000,0.4419011001,5.8113100001,1.5888512000,31.2226151000,7.8897515000,0.0001685000,0.1831098001,45.7711716000,348,283,65
4275,400,600,40,20,6,2,Sweep Line,Local,12,0.40601285,8.12025698,86.11%,48.6310277000,0.1523755000,0.4837845001,6.3235838000,1.7066128000,32.9857108000,8.4146254001,0.0001715001,0.1913819999,48.6378938000,360,310,50
4275,400,620,40,20,6,2,Sweep Line,Local,12,0.39360208,7.87204152,81.99%,48.9276458000,0.1602452000,0.4886122999,6.5415750001,1.7820403000,33.5596722000,7.9026861000,0.0001847000,0.1969582001,48.9399554000,372,305,67
4275,400,640,40,20,6,2,Sweep Line,Local,12,0.40109088,8.02181759,87.50%,52.1046462000,0.1705774000,0.5559264000,7.0385969000,1.9277835000,35.4939112000,8.5568576000,0.0001828000,0.1969267001,52.1487108000,384,336,48
4275,400,660,40,20,6,2,Sweep Line,Local,12,0.41378340,8.27566804,85.86%,51.8025401000,0.1802983000,0.5903556000,7.0802689998,1.9287803001,34.8384137000,8.8080248000,0.0001862001,0.2146034000,51.8103756000,396,340,56
4275,400,680,40,20,6,2,Sweep Line,Local,12,0.39918896,7.98377914,85.54%,55.0264818000,0.1940976000,0.6138365001,7.6381788000,2.0795027000,37.4731402001,8.8109701999,0.0001901000,0.2129757001,55.0396591000,408,349,59
4275,400,700,40,20,6,2,Sweep Line,Local,12,0.38485822,7.69716432,88.57%,57.1235481000,0.2070938000,0.6664820000,8.0996407002,2.2369764999,38.4970859001,9.3300017000,0.0001957001,0.2254846999,57.1339192000,420,372,48
4275,400,720,40,20,6,2,Sweep Line,Local,12,0.37961171,7.59223421,92.59%,59.4227071000,0.2167474000,0.7880750001,8.8041054000,2.4090818002,39.7755846000,9.5047415999,0.0001920001,0.2296653001,59.4304793000,432,400,32
4275,400,740,40,20,6,2,Sweep Line,Local,12,0.36664371,7.33287428,89.86%,59.4705008000,0.2255586000,0.7812345000,8.6536771001,2.3671953000,39.7810558000,9.6877974000,0.0002061000,0.2398303000,59.4786957000,444,399,45
4275,400,760,40,20,6,2,Sweep Line,Local,12,0.36782228,7.35644565,91.45%,60.9585915000,0.2443714001,0.8316821000,9.0104003000,2.4878994998,40.7605969000,9.8380394000,0.0002000001,0.1670002000,60.9764281000,456,417,39
4275,400,780,40,20,6,2,Sweep Line,Local,12,0.33798248,6.75964970,86.11%,58.5048329000,0.2533349999,0.8178527999,9.0425536001,2.4837086001,39.3820986000,8.7646997999,0.0002191000,0.1696225002,58.5143510000,468,403,65
4275,400,800,40,20,6,2,Sweep Line,Local,12,0.36577855,7.31557106,91.25%,65.0569649000,0.2663067001,0.9176286000,9.7584292000,2.6914461001,43.7210094000,10.1101366001,0.0002189001,0.1787445000,65.0682626000,480,438,42
4275,400,820,40,20,6,2,Sweep Line,Local,12,0.33620797,6.72415948,91.06%,64.2333306000,0.2792785000,0.9256341999,9.9829050001,2.7779329998,42.8736780000,9.8818832999,0.0002208999,0.1858044001,64.2419073000,492,448,44
4275,400,840,40,20,6,2,Sweep Line,Local,12,0.34553068,6.91061353,91.27%,65.4899681000,0.2902543001,1.0167410002,10.3497785002,2.8464480000,43.5073987999,10.0469675999,0.0002249001,0.1894964001,65.4995845000,504,460,44
4275,400,860,40,20,6,2,Sweep Line,Local,12,0.31543846,6.30876921,94.96%,68.1824787000,0.3091796001,1.0716271001,11.2294602999,3.0805609000,45.1844230000,10.1124591002,0.0002276001,0.1899260000,68.1936143000,516,490,26
4275,400,880,40,20,6,2,Sweep Line,Local,12,0.31081615,6.21632293,91.29%,66.6542663000,0.3239894999,1.0780141999,11.0079567002,3.0664569998,44.0803358999,9.8690564000,0.0002504001,0.1963775999,66.6643996000,528,482,46
4275,400,900,40,20,6,2,Sweep Line,Local,12,0.32904006,6.58080129,93.52%,68.9702467000,0.3416485999,1.1714999001,11.2494977001,3.1000813000,45.2066435999,10.7082407999,0.0002330000,0.1896760000,68.9798022000,540,505,35
4275,400,920,40,20,6,2,Sweep Line,Local,12,0.31572217,6.31444340,91.49%,69.5341676000,0.3595659001,1.1979774999,11.6442465997,3.2485243002,45.5114944000,10.5155681000,0.0002654000,0.1954370999,69.5460344000,552,505,47
4275,400,940,40,20,6,2,Sweep Line,Local,12,0.33053551,6.61071023,94.15%,71.6337260000,0.3670827000,1.2674038001,12.0632283000,3.3667209000,46.6486072999,10.9897873001,0.0002524999,0.1993384000,71.6534544000,564,531,33
4275,400,960,40,20,6,2,Sweep Line,Local,12,0.32450519,6.49010376,95.66%,74.3816180000,0.3807446000,1.3694683998,12.6272006000,3.5144678997,48.3946474001,11.3080561000,0.0002474999,0.2028981999,74.3912907000,576,551,25
4275,400,980,40,20,6,2,Sweep Line,Local,12,0.31483133,6.29662658,95.07%,75.4764113000,0.3869971001,1.3950353001,13.1251353997,3.6567494001,49.1514835000,11.1031705000,0.0002774000,0.2005783001,75.4867421000,588,559,29
4275,400,1000,40,20,6,2,Sweep Line,Local,12,0.30093951,6.01879020,95.00%,75.1757300000,0.4065277001,1.4818340000,13.6832899001,3.8489939002,48.3356853000,10.9717119999,0.0002661998,0.2029716000,75.1881344000,600,570,30
4275,400,60,40,20,6,2,Sweep Line,Local,12,0.60799571,12.15991426,16.67%,1.6982447000,0.0019441000,0.0017119000,0.0896023000,0.0255082000,1.0019176000,0.5605108000,0.0000188000,0.0370504000,1.6993291000,36,6,30
4275,400,80,40,20,6,2,Sweep Line,Local,12,0.64017480,12.80349597,25.00%,3.2497168000,0.0030988000,0.0040576000,0.1938650000,0.0511958000,2.0710257000,0.9278082000,0.0000317000,0.0355823000,3.2511238000,48,12,36
4275,400,100,40,20,6,2,Sweep Line,Local,12,0.59815891,11.96317819,35.00%,6.6013283000,0.0047048000,0.0085386000,0.3776322000,0.0930063000,4.3453735000,1.8018741000,0.0000336000,0.0425772000,6.6043598000,60,21,39
4275,400,120,40,20,6,2,Sweep Line,Local,12,0.45120458,9.02409152,36.11%,7.2151978000,0.0059443000,0.0102760000,0.3856670000,0.1002157000,4.6239593000,2.1291601000,0.0000395000,0.0455404000,7.2172884000,72,26,46
4275,400,140,40,20,6,2,Sweep Line,Local,12,0.58686634,11.73732687,25.00%,5.5811382000,0.0093180000,0.0093662000,0.4306854000,0.1105142000,3.8458971000,1.2016039000,0.0000593000,0.0506885000,5.5834413000,84,21,63
4275,400,160,40,20,6,2,Sweep Line,Local,12,0.45830376,9.16607530,36.46%,8.6549262000,0.0109076001,0.0174476000,0.5393130000,0.1462568001,5.6073668000,2.4041486000,0.0000553000,0.0561953000,8.6578641000,96,35,61
4275,400,180,40,20,6,2,Sweep Line,Local,12,0.58314991,11.66299815,35.19%,8.8180909000,0.0131393000,0.0208866000,0.5950453999,0.1562409999,5.7718712000,2.3404303000,0.0000610000,0.0566524000,8.8223545000,108,38,70
4275,400,200,40,20,6,2,Sweep Line,Local,12,0.60893590,12.17871803,36.67%,9.6567380000,0.0180932000,0.0293117000,0.7037423000,0.1954950000,6.1759709000,2.6281811000,0.0000700000,0.0665614001,9.6592838000,120,44,76
4275,400,220,40,20,6,2,Sweep Line,Local,12,0.51502205,10.30044091,42.42%,12.8332832000,0.0223249000,0.0380524000,0.9472841000,0.2465760001,8.6042774000,3.1242277000,0.0000793000,0.0697743000,12.8358947000,132,56,76
4275,400,240,40,20,6,2,Sweep Line,Local,12,0.51727974,10.34559484,45.83%,15.3423758000,0.0244912000,0.0453484000,1.1579315999,0.3111455000,10.5415368000,3.4714164999,0.0000796999,0.0734675000,15.3457655000,144,66,78
4275,400,260,40,20,6,2,Sweep Line,Local,12,0.59327167,11.86543335,51.92%,18.2997809000,0.0307068000,0.0601979000,1.4175633001,0.3893465000,12.6998797000,3.9778338000,0.0000864000,0.0813480999,18.3029338000,156,81,75
4275,400,280,40,20,6,2,Sweep Line,Local,12,0.55500454,11.10009087,56.55%,21.6886696000,0.0363465000,0.0786821001,1.7766434001,0.4671523999,15.0500608000,4.6003364000,0.0000943000,0.0954334001,21.6926263000,168,95,73
4275,400,300,40,20,6,2,Sweep Line,Local,12,0.55175130,11.03502601,60.56%,21.9055172000,0.0425949000,0.0958723000,1.9123892999,0.5120301000,14.8644829000,4.8530143000,0.0000968000,0.0927732000,21.9096829000,180,109,71
4275,400,320,40,20,6,2,Sweep Line,Local,12,0.53429793,10.68595857,59.38%,22.9793623000,0.0414838000,0.1075999000,2.0304705000,0.5298867000,15.7456589000,4.9032559000,0.0000964999,0.0973895000,22.9834265000,192,114,78
4275,400,340,40,20,6,2,Sweep Line,Local,12,0.51992900,10.39858004,63.24%,24.4605695000,0.0495114000,0.1261242001,2.2824339999,0.6048290000,16.7533717000,5.0945708000,0.0001096000,0.1065661999,24.4662544000,204,129,75
4275,400,360,40,20,6,2,Sweep Line,Local,12,0.53171279,10.63425582,63.43%,26.5372970000,0.0564695001,0.1412483000,2.5618306999,0.6778035001,18.2203106000,5.3964066000,0.0001145000,0.1114828000,26.5416486000,216,137,79
4275,400,380,40,20,6,2,Sweep Line,Local,12,0.48366733,9.67334652,68.42%,29.0674374000,0.0610591999,0.1717023000,2.8658452000,0.7576924000,19.9948541000,5.7946054000,0.0001182999,0.1180196000,29.0721799000,228,156,72
4275,400,400,40,20,6,2,Sweep Line,Local,12,0.47748753,9.54975052,71.67%,32.8342199000,0.0692667000,0.1936334000,3.2506847999,0.8741057000,22.5378191000,6.5986783000,0.0001229000,0.1260627000,32.8400156000,240,172,68
4275,400,420,40,20,6,2,Sweep Line,Local,12,0.51069770,10.21395402,70.24%,32.1572035000,0.0738059999,0.2029746001,3.3723901000,0.9012109999,22.2148481000,6.1059441999,0.0001734999,0.1296067000,32.1626955000,252,177,75
4275,400,440,40,20,6,2,Sweep Line,Local,12,0.47065785,9.41315704,72.73%,36.3823341000,0.0827511000,0.2375536999,3.8709377001,1.0332584000,25.2721220000,6.7059995000,0.0001340000,0.1391708000,36.3876087000,264,192,72
4275,400,460,40,20,6,2,Sweep Line,Local,12,0.48961906,9.79238128,75.00%,35.7735626000,0.0906179000,0.2681863001,3.8722216000,1.0454162000,24.2587479000,7.0369813000,0.0001361000,0.1452278001,35.8116360000,276,207,69
4275,400,480,40,20,6,2,Sweep Line,Local,12,0.45757763,9.15155262,76.39%,38.0514944000,0.1025018000,0.2972054000,4.2185162001,1.1293706000,25.6456048001,7.5499335000,0.0001475000,0.1571020999,38.0568684000,288,220,68
4275,400,500,40,20,6,2,Sweep Line,Local,12,0.47776925,9.55538491,77.00%,38.9833716000,0.1062115999,0.3241100001,4.4635268000,1.2147656001,26.1475947000,7.7108696000,0.0001742001,0.1539004002,38.9887973000,300,231,69
4275,400,520,40,20,6,2,Sweep Line,Local,12,0.45231022,9.04620431,80.45%,43.6238221000,0.1166020999,0.3464384000,5.1222986000,1.3937248999,30.2009856000,7.6049075000,0.0001522000,0.1641786000,43.6295388000,312,251,61
4275,400,540,40,20,6,2,Sweep Line,Local,12,0.43371899,8.67437981,82.72%,44.1986126000,0.1262586001,0.3907424000,5.4793142999,1.4740366000,30.1533346000,7.7966927001,0.0001566999,0.1735955000,44.2051634000,324,268,56
4275,400,560,40,20,6,2,Sweep Line,Local,12,0.43219403,8.64388061,79.46%,43.5752827000,0.1349055001,0.3994803999,5.3704243000,1.4571087998,29.5560408000,7.8609307000,0.0001603000,0.1811685999,43.5829077000,336,267,69
4275,400,580,40,20,6,2,Sweep Line,Local,12,0.42077876,8.41557523,81.32%,46.3554573000,0.1427518999,0.4630477000,5.9268052000,1.6288874001,31.5084593999,8.0473932000,0.0001671000,0.1834909000,46.3626017000,348,283,65
4275,400,600,40,20,6,2,Sweep Line,Local,12,0.40601285,8.12025698,86.11%,53.0302437000,0.1750151999,0.5536707000,6.9109866999,1.8980870000,35.7309078999,9.3227212001,0.0001847000,0.2239915001,53.0386315000,360,310,50
4275,400,620,40,20,6,2,Sweep Line,Local,12,0.39360208,7.87204152,81.99%,49.4441274000,0.1666229000,0.5074860000,6.6599159999,1.8283303001,33.9648347999,7.8429386999,0.0001845000,0.1972020000,49.4534506000,372,305,67
4275,400,640,40,20,6,2,Sweep Line,Local,12,0.40109088,8.02181759,87.50%,51.8231394000,0.1703960000,0.5592812000,7.1551816000,1.9523463999,35.0638516000,8.5938024000,0.0001772000,0.2020402002,51.8350651000,384,336,48
4275,400,660,40,20,6,2,Sweep Line,Local,12,0.41378340,8.27566804,85.86%,52.3596398000,0.1853317000,0.6038854998,7.1930875999,1.9664985998,35.2689434000,8.8117364999,0.0001836000,0.2105422000,52.4125379000,396,340,56
4275,400,680,40,20,6,2,Sweep Line,Local,12,0.39918896,7.98377914,85.54%,55.2650227000,0.2096356001,0.6355470000,7.7130203001,2.1031158999,37.4402580000,8.9614393000,0.0001932000,0.2169108999,55.2751017000,408,349,59
4275,400,700,40,20,6,2,Sweep Line,Local,12,0.38485822,7.69716432,88.57%,56.7057788000,0.2118626999,0.6830089999,8.1232765000,2.2415738001,38.3372324000,9.0422420000,0.0002058001,0.2217426000,56.7172992000,420,372,48
4275,400,720,40,20,6,2,Sweep Line,Local,12,0.37961171,7.59223421,92.59%,59.3609893000,0.2204780000,0.7732770001,8.8095147000,2.4222372000,39.7796354000,9.4292074000,0.0001966001,0.2496614999,59.3691060000,432,400,32
4275,400,740,40,20,6,2,Sweep Line,Local,12,0.36664371,7.33287428,89.86%,59.6182228000,0.2444461000,0.7887587000,8.6875990000,2.4255060999,39.7538257000,9.8131720000,0.0002103000,0.2407022001,59.6276337000,444,399,45
4275,400,760,40,20,6,2,Sweep Line,Local,12,0.36782228,7.35644565,91.45%,61.1688761000,0.2490003001,0.8266626001,9.0744872001,2.5257612000,40.9228124999,9.8424505001,0.0002056001,0.1677415000,61.1799895000,456,417,39
4275,400,780,40,20,6,2,Sweep Line,Local,12,0.33798248,6.75964970,86.11%,57.8543116000,0.2505252001,0.8007823998,9.0315836000,2.5073000999,38.7019652000,8.8220444000,0.0002359999,0.1717804999,57.8654799000,468,403,65
4275,400,800,40,20,6,2,Sweep Line,Local,12,0.36577855,7.31557106,91.25%,63.9427826000,0.2661785000,0.8917482999,9.6135629000,2.6604116998,42.8699266000,10.0357752000,0.0002451000,0.1774711999,63.9517935000,480,438,42
4275,400,820,40,20,6,2,Sweep Line,Local,12,0.33620797,6.72415948,91.06%,63.8972689000,0.2982431001,0.9568504000,10.1271400001,2.8185134999,42.4651295000,9.7782787000,0.0002233000,0.1841081000,63.9102344000,492,448,44
4275,400,840,40,20,6,2,Sweep Line,Local,12,0.34553068,6.91061353,91.27%,65.1326687000,0.2962018000,1.0019101000,10.4100292001,2.8773044001,43.1399215000,10.0116774000,0.0002296001,0.1878999999,65.1416688000,504,460,44
4275,400,860,40,20,6,2,Sweep Line,Local,12,0.31543846,6.30876921,94.96%,68.1171487000,0.3063480999,1.0617306999,11.1644786999,3.0622767001,45.2540642000,10.0543758999,0.0002276000,0.1868359002,68.1370785000,516,490,26
4275,400,880,40,20,6,2,Sweep Line,Local,12,0.31081615,6.21632293,91.29%,66.2498304000,0.3223781999,1.0735456000,11.0279651999,3.0658086002,43.8893851001,9.6524029000,0.0002519999,0.1959978002,66.3015030000,528,482,46
4275,400,900,40,20,6,2,Sweep Line,Local,12,0.32904006,6.58080129,93.52%,69.0904236000,0.3304311000,1.1889913000,11.2300506001,3.1267049998,45.3892153999,10.6562844000,0.0002363000,0.1903806000,69.1008424000,540,505,35
4275,400,920,40,20,6,2,Sweep Line,Local,12,0.31572217,6.31444340,91.49%,69.2208338000,0.3552753000,1.1826411003,11.5036774999,3.2025413002,45.3037018999,10.5741677001,0.0002480999,0.2013763999,69.2311828000,552,505,47
4275,400,940,40,20,6,2,Sweep Line,Local,12,0.33053551,6.61071023,94.15%,72.2638075000,0.3736991001,1.2683331998,12.1376062000,3.3707954000,47.1839443999,10.9924180000,0.0002486999,0.2004714998,72.2878574000,564,531,33
4275,400,960,40,20,6,2,Sweep Line,Local,12,0.32450519,6.49010376,95.66%,73.7835562000,0.3911666000,1.3526934003,12.6116882000,3.5503295001,47.9917295001,11.1384451000,0.0002615000,0.1962293001,73.7938960000,576,551,25
4275,400,980,40,20,6,2,Sweep Line,Local,12,0.31483133,6.29662658,95.07%,75.8728579000,0.3969878998,1.4084523998,13.3408358001,3.7685056002,49.4294831001,10.9938029000,0.0002462000,0.1987012000,75.8831283000,588,559,29
4275,400,1000,40,20,6,2,Sweep Line,Local,12,0.30093951,6.01879020,95.00%,75.5526800000,0.4090358000,1.4654481000,13.6157057000,3.8354440000,48.7159519000,11.0503156999,0.0002772000,0.1967880001,75.5693844000,600,570,30
4275,400,60,40,20,6,2,Sweep Line,Local,12,0.60799571,12.15991426,16.67%,1.8408530000,0.0018369000,0.0015159000,0.0853532000,0.0251396000,1.0470207000,0.6649426000,0.0000211000,0.0349254000,1.8421305000,36,6,30
4275,400,80,40,20,6,2,Sweep Line,Local,12,0.64017480,12.80349597,25.00%,3.1286157000,0.0031873000,0.0041480000,0.1743427000,0.0479499000,2.0856800000,0.8168338000,0.0000281000,0.0354454000,3.1305569000,48,12,36
4275,400,100,40,20,6,2,Sweep Line,Local,12,0.59815891,11.96317819,35.00%,6.4237143000,0.0054689000,0.0091955000,0.3778130000,0.1000574000,4.2715979000,1.7059665000,0.0000346999,0.0423770000,6.4253944000,60,21,39
4275,400,120,40,20,6,2,Sweep Line,Local,12,0.45120458,9.02409152,36.11%,7.5157307000,0.0064094000,0.0114360000,0.4075081000,0.1079387000,4.8246879000,2.2059527000,0.0000406000,0.0453061000,7.5175700000,72,26,46
4275,400,140,40,20,6,2,Sweep Line,Local,12,0.58686634,11.73732687,25.00%,5.4175700000,0.0081636000,0.0097571000,0.3932751001,0.1032132000,3.7762890000,1.1715950000,0.0000463000,0.0472061000,5.4199638000,84,21,63
4275,400,160,40,20,6,2,Sweep Line,Local,12,0.45830376,9.16607530,36.46%,8.7297701000,0.0112195999,0.0210568000,0.5496443000,0.1448623000,5.6073926000,2.4481119000,0.0000549000,0.0562544000,8.7323326000,96,35,61
4275,400,180,40,20,6,2,Sweep Line,Local,12,0.58314991,11.66299815,35.19%,9.0648952000,0.0138911000,0.0226208000,0.6465625001,0.1740772000,5.9527895000,2.3506712000,0.0000625000,0.0582123000,9.0678838000,108,38,70
4275,400,200,40,20,6,2,Sweep Line,Local,12,0.60893590,12.17871803,36.67%,9.7159944000,0.0175629000,0.0293372000,0.7056643000,0.1977090000,6.1900075000,2.6653469000,0.0000717000,0.0693903000,9.7206634000,120,44,76
4275,400,220,40,20,6,2,Sweep Line,Local,12,0.51502205,10.30044091,42.42%,12.7049303000,0.0207689000,0.0387153999,0.9237401000,0.2549466000,8.5040100000,3.1144594000,0.0000949000,0.0724397000,12.7080383000,132,56,76
4275,400,240,40,20,6,2,Sweep Line,Local,12,0.51727974,10.34559484,45.83%,15.0911702000,0.0253953000,0.0457757001,1.1289707001,0.2964416001,10.3738090000,3.4134108000,0.0000871001,0.0738255000,15.0941345000,144,66,78
4275,400,260,40,20,6,2,Sweep Line,Local,12,0.59327167,11.86543335,51.92%,18.4592565000,0.0310302999,0.0639928000,1.4939056001,0.3938103000,12.5861786000,4.1550633000,0.0000885000,0.0888343000,18.4656556000,156,81,75
4275,400,280,40,20,6,2,Sweep Line,Local,12,0.55500454,11.10009087,56.55%,22.0427509000,0.0344748001,0.0772683000,1.8057661998,0.4722312000,15.3178514000,4.6820676000,0.0001053000,0.0919265000,22.0491268000,168,95,73
4275,400,300,40,20,6,2,Sweep Line,Local,12,0.55175130,11.03502601,60.56%,22.2283057000,0.0387237000,0.0966944999,1.8323548000,0.4954204001,15.1724166000,4.9455053000,0.0001031000,0.0962176000,22.2829217000,180,109,71
4275,400,320,40,20,6,2,Sweep Line,Local,12,0.53429793,10.68595857,59.38%,22.7290860000,0.0453315000,0.1033729000,1.9773194000,0.5332875001,15.7260543000,4.7277320000,0.0001060000,0.1036841000,22.7334438000,192,114,78
4275,400,340,40,20,6,2,Sweep Line,Local,12,0.51992900,10.39858004,63.24%,24.8514567000,0.0502165000,0.1252634000,2.3007137999,0.6173766000,16.9532695000,5.2604535000,0.0001088000,0.1055783001,24.8557796000,204,129,75
4275,400,360,40,20,6,2,Sweep Line,Local,12,0.53171279,10.63425582,63.43%,26.1986007000,0.0585500000,0.1448286999,2.5305146002,0.6857855000,17.9731033000,5.3231027000,0.0001177000,0.1112781000,26.2027703000,216,137,79
4275,400,380,40,20,6,2,Sweep Line,Local,12,0.48366733,9.67334652,68.42%,29.5724794000,0.0631490999,0.1686235000,2.9054527001,0.7864715000,20.2421647000,6.0171947000,0.0001220001,0.1218603000,29.5777243000,228,156,72
4275,400,400,40,20,6,2,Sweep Line,Local,12,0.47748753,9.54975052,71.67%,32.4291001000,0.0684267000,0.1995297000,3.2656724001,0.8693298001,22.2748849000,6.4262615000,0.0001226000,0.1281349000,32.4342805000,240,172,68
4275,400,420,40,20,6,2,Sweep Line,Local,12,0.51069770,10.21395402,70.24%,32.0968098000,0.0784530001,0.2086904000,3.3747825000,0.9055166998,22.1087418000,6.1317838000,0.0001341000,0.1390059000,32.1015210000,252,177,75
4275,400,440,40,20,6,2,Sweep Line,Local,12,0.47065785,9.41315704,72.73%,36.1100678000,0.0854968000,0.2333817999,3.7780932000,1.0154249001,25.1662440000,6.5841403000,0.0001569000,0.1525837000,36.1149530000,264,192,72
4275,400,460,40,20,6,2,Sweep Line,Local,12,0.48961906,9.79238128,75.00%,36.5507890000,0.0901779000,0.2686757001,3.8817220000,1.0485463999,24.8953147000,7.1904537000,0.0001404000,0.1486926999,36.5896691000,276,207,69
4275,400,480,40,20,6,2,Sweep Line,Local,12,0.45757763,9.15155262,76.39%,37.8073444000,0.1025794000,0.3041537999,4.2053843000,1.1214650000,25.6234910000,7.3453488000,0.0001695999,0.1537445000,37.8169092000,288,220,68
4275,400,500,40,20,6,2,Sweep Line,Local,12,0.47776925,9.55538491,77.00%,39.3080482000,0.1106129000,0.3308714999,4.5400465998,1.2191249998,26.3145132000,7.7526983001,0.0001460001,0.1613902999,39.3144293000,300,231,69
4275,400,520,40,20,6,2,Sweep Line,Local,12,0.45231022,9.04620431,80.45%,43.7972887000,0.1189628000,0.3451789000,5.2333936000,1.4089602001,30.2128338000,7.6321120000,0.0001692000,0.1670897001,43.8039449000,312,251,61
4275,400,540,40,20,6,2,Sweep Line,Local,12,0.43371899,8.67437981,82.72%,44.3158505000,0.1275016000,0.3978830000,5.4585058998,1.4587566000,30.1636075000,7.9243865000,0.0001778000,0.1696229000,44.3221615000,324,268,56
4275,400,560,40,20,6,2,Sweep Line,Local,12,0.43219403,8.64388061,79.46%,44.3869591000,0.1369062000,0.4131575001,5.5019174001,1.4845560000,29.9937209000,8.0737471001,0.0001688002,0.1785836999,44.3964494000,336,267,69
4275,400,580,40,20,6,2,Sweep Line,Local,12,0.42077876,8.41557523,81.32%,45.9623633000,0.1428680000,0.4314304999,5.8579972000,1.5734445998,31.3178797000,7.9557926000,0.0001886999,0.1777427999,45.9695338000,348,283,65
4275,400,600,40,20,6,2,Sweep Line,Local,12,0.40601285,8.12025698,86.11%,48.2557473000,0.1511303999,0.5002135999,6.2948021999,1.6973214999,32.7711546000,8.2624285999,0.0001685999,0.1892694000,48.2647312000,360,310,50
4275,400,620,40,20,6,2,Sweep Line,Local,12,0.39360208,7.87204152,81.99%,49.3337010000,0.1657776000,0.5036230999,6.6386717999,1.8215546000,33.8106855000,7.9346143000,0.0001819000,0.2034929001,49.3431803000,372,305,67
4275,400,640,40,20,6,2,Sweep Line,Local,12,0.40109088,8.02181759,87.50%,52.5823215000,0.1718792001,0.5641503000,7.2423082000,1.9977496000,35.6391979999,8.6776998999,0.0001887001,0.2128026000,52.5914855000,384,336,48
4275,400,660,40,20,6,2,Sweep Line,Local,12,0.41378340,8.27566804,85.86%,52.3935672000,0.1867779000,0.6070483999,7.2182959999,1.9462047001,35.2844838001,8.8080128001,0.0002114000,0.2055556999,52.4462173000,396,340,56
4275,400,680,40,20,6,2,Sweep Line,Local,12,0.39918896,7.98377914,85.54%,55.5219544000,0.2023569000,0.6409186001,7.6819299000,2.0998227001,37.7749454000,8.9219901000,0.0001929001,0.2182323000,55.5347578000,408,349,59
4275,400,700,40,20,6,2,Sweep Line,Local,12,0.38485822,7.69716432,88.57%,56.7979389000,0.2145283000,0.6883009001,8.2120661001,2.2359639001,38.2544770000,9.1268828000,0.0001943999,0.2179361001,56.8087979000,420,372,48
4275,400,720,40,20,6,2,Sweep Line,Local,12,0.37961171,7.59223421,92.59%,59.1636104000,0.2197631000,0.7611856000,8.7401933000,2.3996492997,39.6534522999,9.4782831000,0.0002122000,0.2230751998,59.1720551000,432,400,32
4275,400,740,40,20,6,2,Sweep Line,Local,12,0.36664371,7.33287428,89.86%,60.5874301000,0.2390028000,0.8126806001,8.7694739002,2.4011269001,40.5482951000,9.8809554000,0.0002066001,0.2447566999,60.5951862000,444,399,45
4275,400,760,40,20,6,2,Sweep Line,Local,12,0.36782228,7.35644565,91.45%,60.9350037000,0.2396750999,0.8185402001,8.9701799001,2.4418338999,40.8000597001,9.8546145000,0.0002095999,0.1673346999,60.9455541000,456,417,39
4275,400,780,40,20,6,2,Sweep Line,Local,12,0.33798248,6.75964970,86.11%,58.2856458000,0.2516777001,0.8081441000,9.1216173000,2.5037561000,39.0535709000,8.7882607999,0.0002250000,0.1700121000,58.2963413000,468,403,65
4275,400,800,40,20,6,2,Sweep Line,Local,12,0.36577855,7.31557106,91.25%,64.0354691000,0.2628670999,0.9036537001,9.5317732997,2.6241900997,42.9920630000,10.0573928000,0.0002257001,0.1817744999,64.0436805000,480,438,42
4275,400,820,40,20,6,2,Sweep Line,Local,12,0.33620797,6.72415948,91.06%,64.3694056000,0.2835866999,0.9552980998,10.1995462999,2.8216536000,42.8018847000,9.8418688000,0.0002166000,0.1855961000,64.3779772000,492,448,44
4275,400,840,40,20,6,2,Sweep Line,Local,12,0.34553068,6.91061353,91.27%,65.0728719000,0.2931301001,0.9854195000,10.3676263998,2.8617879001,43.0448656001,10.0811283000,0.0002601998,0.1888835002,65.0863334000,504,460,44
4275,400,860,40,20,6,2,Sweep Line,Local,12,0.31543846,6.30876921,94.96%,68.2410630000,0.3166491999,1.0596900999,11.1911209001,3.1164433002,45.4393120000,9.9606015999,0.0002378999,0.1896544001,68.2504923000,516,490,26
4275,400,880,40,20,6,2,Sweep Line,Local,12,0.31081615,6.21632293,91.29%,68.9283871000,0.3361945000,1.1464113000,11.4870520003,3.1902314001,45.4855492000,10.1750488999,0.0002491999,0.1960969001,68.9854244000,528,482,46
4275,400,900,40,20,6,2,Sweep Line,Local,12,0.32904006,6.58080129,93.52%,70.3227458000,0.3535515999,1.1892912001,11.3075451000,3.1190340000,46.1619196000,10.9911066000,0.0002444000,0.1953039001,70.3331079000,540,505,35
4275,400,920,40,20,6,2,Sweep Line,Local,12,0.31572217,6.31444340,91.49%,69.0977294000,0.3606926000,1.2004023000,11.7832564000,3.3434433001,45.0904341999,10.3673685000,0.0002433999,0.1965244000,69.1103682000,552,505,47
4275,400,940,40,20,6,2,Sweep Line,Local,12,0.33053551,6.61071023,94.15%,72.4011677000,0.3729392999,1.2892264001,12.0706904000,3.3467743000,47.3358600000,11.0212066000,0.0002464001,0.2110016999,72.4143883000,564,531,33
4275,400,960,40,20,6,2,Sweep Line,Local,12,0.32450519,6.49010376,95.66%,74.5075919000,0.3950144000,1.3636496998,12.6589785998,3.5245565002,48.4545772001,11.3073007000,0.0002742001,0.2176962999,74.5174379000,576,551,25
4275,400,980,40,20,6,2,Sweep Line,Local,12,0.31483133,6.29662658,95.07%,74.8029460000,0.3962282000,1.3601793001,12.9758503002,3.6184815997,48.7312662999,11.0526420000,0.0002537000,0.1974433000,74.8132223000,588,559,29
4275,400,1000,40,20,6,2,Sweep Line,Local,12,0.30093951,6.01879020,95.00%,75.0022338000,0.4319010000,1.4499922998,13.3418828999,3.7495415004,48.4291194000,11.0558263001,0.0002560001,0.2041621001,75.0144573000,600,570,30
4275,400,60,40,20,6,2,Sweep Line,Local,14,0.60799571,12.15991426,16.67%,1.6227540000,0.0014622000,0.0015389000,0.0822040000,0.0246475000,0.9450529000,0.5519427000,0.0000189000,0.0356216000,1.6240798000,36,6,30
4275,400,80,40,20,6,2,Sweep Line,Local,14,0.64017480,12.80349597,25.00%,3.2153595000,0.0032475000,0.0041026000,0.2010645000,0.0531935000,2.1091556000,0.8495387000,0.0000303000,0.0399713000,3.2180494000,48,12,36
4275,400,100,40,20,6,2,Sweep Line,Local,14,0.59815891,11.96317819,35.00%,6.2290569000,0.0043362000,0.0079182000,0.3682974000,0.0897577000,4.1463896000,1.6491191000,0.0000506000,0.0391592000,6.2309619000,60,21,39
4275,400,120,40,20,6,2,Sweep Line,Local,14,0.45120458,9.02409152,36.11%,7.2504239000,0.0065150000,0.0104367000,0.4218413000,0.1045840000,4.6202902000,2.1328127000,0.0000392000,0.0433137000,7.2522753000,72,26,46
4275,400,140,40,20,6,2,Sweep Line,Local,14,0.58686634,11.73732687,25.00%,5.5862747000,0.0087539000,0.0088672000,0.4357889999,0.1025047000,3.8893969000,1.1795333000,0.0000516000,0.0524963000,5.5883899000,84,21,63
4275,400,160,40,20,6,2,Sweep Line,Local,14,0.45830376,9.16607530,36.46%,8.7604782000,0.0114764000,0.0180064000,0.5817484000,0.1415405000,5.6913974000,2.3834988000,0.0000831000,0.0554160000,8.7650115000,96,35,61
4275,400,180,40,20,6,2,Sweep Line,Local,14,0.58314991,11.66299815,35.19%,8.7818167000,0.0142931000,0.0210961000,0.6474568999,0.1541978001,5.6424433000,2.3751225000,0.0000631001,0.0595819000,8.7842875000,108,38,70
4275,400,200,40,20,6,2,Sweep Line,Local,14,0.60893590,12.17871803,36.67%,9.5047924000,0.0183795000,0.0274611000,0.7399663000,0.1821580000,6.0019460000,2.6267164000,0.0000697000,0.0657931000,9.5092682000,120,44,76
4275,400,220,40,20,6,2,Sweep Line,Local,14,0.51502205,10.30044091,42.42%,13.1986731000,0.0270226000,0.0394607000,1.0025085000,0.2457791999,8.8591212000,3.1416931000,0.0000786000,0.0803275000,13.2030215000,132,56,76
4275,400,240,40,20,6,2,Sweep Line,Local,14,0.51727974,10.34559484,45.83%,15.0230018000,0.0262081000,0.0473761000,1.2566850000,0.3063553000,10.0966561000,3.4790643000,0.0000857000,0.0786002000,15.0259658000,144,66,78
4275,400,260,40,20,6,2,Sweep Line,Local,14,0.59323987,11.86479745,51.92%,18.7260873000,0.0306921000,0.0655779000,1.6671936000,0.4026666000,12.7644644000,4.0707520000,0.0000866000,0.0907745000,18.7294063000,156,81,75
4275,400,280,40,20,6,2,Sweep Line,Local,14,0.55500454,11.10009087,56.55%,22.2567680000,0.0351016000,0.0761945999,1.9440370000,0.4875435999,15.2825874000,4.7636376000,0.0000933000,0.0917161000,22.2647490000,168,95,73
4275,400,300,40,20,6,2,Sweep Line,Local,14,0.55175130,11.03502601,60.56%,22.2381249000,0.0400490000,0.0968457000,2.0648254000,0.5023798000,14.9524269000,4.9430655000,0.0000962000,0.0938198000,22.2421052000,180,109,71
4275,400,320,40,20,6,2,Sweep Line,Local,14,0.53410246,10.68204910,59.38%,22.8608291000,0.0423020000,0.1065655001,2.1972585000,0.5351092001,15.6139782000,4.7598954000,0.0000996000,0.0978785000,22.8643508000,192,114,78
4275,400,340,40,20,6,2,Sweep Line,Local,14,0.51992900,10.39858004,63.24%,25.0864329000,0.0517459000,0.1302412000,2.5776209000,0.6278319000,16.9170016000,5.2391447000,0.0001060000,0.1109341000,25.0901822000,204,129,75
4275,400,360,40,20,6,2,Sweep Line,Local,14,0.53174938,10.63498763,63.43%,26.6146136000,0.0566826000,0.1410473000,2.8285199000,0.7020243000,18.0917261000,5.2857303000,0.0001239000,0.1146406001,26.6205168000,216,137,79
4275,400,380,40,20,6,2,Sweep Line,Local,14,0.48350833,9.67016664,68.42%,29.3762636000,0.0677865000,0.1744207999,3.2322733999,0.7986726000,19.8865725000,5.8095970000,0.0001209999,0.1311885000,29.3815012000,228,156,72
4275,400,400,40,20,6,2,Sweep Line,Local,14,0.47718284,9.54365678,71.67%,33.0261061000,0.0730865000,0.1951359000,3.5936636998,0.8890975002,22.5128060999,6.4466893000,0.0001337000,0.1304945001,33.0354777000,240,172,68
4275,400,420,40,20,6,2,Sweep Line,Local,14,0.51059124,10.21182478,70.24%,31.9792160000,0.0772281000,0.2094002000,3.6273041000,0.8927746999,21.8330364000,6.0380937000,0.0001315000,0.1374858001,31.9837675000,252,177,75
4275,400,440,40,20,6,2,Sweep Line,Local,14,0.47064606,9.41292129,72.73%,36.9129715000,0.0823958999,0.2655153999,4.2616907001,1.0330585998,25.3225535000,6.7717083000,0.0001292001,0.1431547000,36.9181651000,264,192,72
4275,400,460,40,20,6,2,Sweep Line,Local,14,0.48934712,9.78694239,75.00%,41.1693386000,0.1117732000,0.3162620001,4.7441776000,1.2023810000,27.5825989000,8.1401458999,0.0001570000,0.1650338000,41.1756147000,276,207,69
4275,400,480,40,20,6,2,Sweep Line,Local,14,0.45747796,9.14955912,76.39%,38.2677056000,0.1020792000,0.2927022000,4.5356590001,1.1435866999,25.5951057000,7.4601530000,0.0001409000,0.1588890000,38.2768528000,288,220,68
4275,400,500,40,20,6,2,Sweep Line,Local,14,0.47684867,9.53697341,77.00%,39.5678321000,0.1075303000,0.3236838000,4.8807956000,1.2450146999,26.3001955999,7.7212826000,0.0001480001,0.1598330999,39.5842882000,300,231,69
4275,400,520,40,20,6,2,Sweep Line,Local,14,0.45148423,9.02968456,80.45%,43.9675779000,0.1192383001,0.3536550000,5.6126211000,1.4049287000,30.0047035000,7.6502143000,0.0001706000,0.1633134000,43.9753873000,312,251,61
4275,400,540,40,20,6,2,Sweep Line,Local,14,0.43373759,8.67475188,82.72%,44.8879386000,0.1256020000,0.3893006000,6.0224318998,1.5022473000,30.1608719000,7.9485145001,0.0001603000,0.1714626998,44.8952464000,324,268,56
4275,400,560,40,20,6,2,Sweep Line,Local,14,0.43225590,8.64511802,79.46%,44.2425936000,0.1364404001,0.3987377999,5.9195809999,1.4898671000,29.7199622999,7.8064164000,0.0001732001,0.1781430001,44.2497631000,336,267,69
4275,400,580,40,20,6,2,Sweep Line,Local,14,0.42039684,8.40793676,81.32%,45.9400832000,0.1451411000,0.4371269000,6.2401727999,1.5881820999,30.8423658999,8.0161280000,0.0001628001,0.1859117000,45.9532748000,348,283,65
4275,400,600,40,20,6,2,Sweep Line,Local,14,0.40524152,8.10483041,86.11%,48.9917436000,0.1566594001,0.4950393002,6.9652644000,1.7582361999,32.8179812000,8.2851496001,0.0001773001,0.1922961001,49.0012707000,360,310,50
4275,400,620,40,20,6,2,Sweep Line,Local,14,0.39333184,7.86663687,81.99%,49.6073983000,0.1683692999,0.5521337001,7.2332663999,1.8136159999,33.4712690000,7.8821355001,0.0001824001,0.1992692999,49.6164991000,372,305,67
4275,400,640,40,20,6,2,Sweep Line,Local,14,0.40064604,8.01292083,87.50%,53.1188690000,0.1847562000,0.5696473000,7.9101727003,2.0248731001,35.4714067999,8.7011529001,0.0001833001,0.2066618999,53.1264297000,384,336,48
4275,400,660,40,20,6,2,Sweep Line,Local,14,0.41330382,8.26607645,85.86%,52.7382670000,0.1898662000,0.6035939001,7.8332643000,1.9852005998,34.8957501000,8.8683508000,0.0001867001,0.2095252001,52.7462665000,396,340,56
4275,400,680,40,20,6,2,Sweep Line,Local,14,0.39807170,7.96143394,85.54%,54.9742432000,0.1957493000,0.6283814000,8.2448680999,2.0925202000,36.9093982000,8.6975785000,0.0001971001,0.2220693999,54.9858771000,408,349,59
4275,400,700,40,20,6,2,Sweep Line,Local,14,0.38454847,7.69096944,88.57%,57.0503418000,0.2096548002,0.6735021000,8.8784762003,2.2848489001,37.9424398001,9.0259290000,0.0002000000,0.2298610000,57.0723152000,420,372,48
4275,400,720,40,20,6,2,Sweep Line,Local,14,0.37953161,7.59063213,92.59%,59.9727654000,0.2205492001,0.7704444999,9.6152136000,2.4323933999,39.5416219999,9.5117726000,0.0001961999,0.2296084001,59.9802469000,432,400,32
4275,400,740,40,20,6,2,Sweep Line,Local,14,0.36554259,7.31085180,89.86%,59.2591517000,0.2333936000,0.7765674000,9.4332076998,2.3982264998,38.8330224001,9.6636268001,0.0002046001,0.2345548000,59.2693517000,444,399,45
4275,400,760,40,20,6,2,Sweep Line,Local,14,0.36728856,7.34577111,91.45%,61.0725871000,0.2460104999,0.8230668000,9.8365377999,2.5210669001,40.1580092999,9.7355891000,0.0002080000,0.1721277000,61.0879649000,456,417,39
4275,400,780,40,20,6,2,Sweep Line,Local,14,0.33660509,6.73210181,86.11%,58.5024507000,0.2620999001,0.8137215000,9.9039310002,2.5140038999,38.5777628001,8.6840010000,0.0002159000,0.1746430000,58.5153522000,468,403,65
4275,400,800,40,20,6,2,Sweep Line,Local,14,0.36454412,7.29088232,91.25%,63.8698754000,0.2799108999,0.8972918000,10.4935411999,2.6937221999,41.9640577000,9.9572768999,0.0002422000,0.1812289000,63.8803873000,480,438,42
4275,400,820,40,20,6,2,Sweep Line,Local,14,0.33557480,6.71149590,91.06%,63.8374668000,0.2826491000,0.9422435000,11.0017593996,2.8234581000,41.6242925000,9.6989013999,0.0002181999,0.1839143000,63.8465971000,492,448,44
4275,400,840,40,20,6,2,Sweep Line,Local,14,0.34505973,6.90119455,91.27%,65.6774762000,0.3001757999,1.0010594001,11.4467951000,2.9150438998,42.6018327001,10.0402469000,0.0002530000,0.1947432000,65.6862955000,504,460,44
4275,400,860,40,20,6,2,Sweep Line,Local,14,0.31582524,6.31650487,94.96%,68.8878934000,0.3139057000,1.0833865000,12.3181129001,3.1545536001,44.7686595000,10.0950765000,0.0002283001,0.1965303000,68.9500123000,516,490,26
4275,400,880,40,20,6,2,Sweep Line,Local,14,0.31031148,6.20622952,91.29%,66.8783094000,0.3331048000,1.0920880000,11.9564857999,3.0813007997,43.3772485000,9.8272954000,0.0002367001,0.1993400000,66.8986121000,528,482,46
4275,400,900,40,20,6,2,Sweep Line,Local,14,0.32787414,6.55748288,93.52%,68.9740908000,0.3448893001,1.1804792000,12.2426990001,3.1801851000,44.2221687000,10.6778135000,0.0002404999,0.1977564001,68.9924678000,540,505,35
4275,400,920,40,20,6,2,Sweep Line,Local,14,0.31567815,6.31356301,91.49%,68.6044888000,0.3458362000,1.1783439999,12.4606060001,3.2223652002,44.1133955001,10.2067390000,0.0002496000,0.1970683999,68.6199528000,552,505,47
4275,400,940,40,20,6,2,Sweep Line,Local,14,0.33008897,6.60177945,94.15%,72.4060682000,0.3696609000,1.2744640000,13.1128320000,3.4223998000,46.2806986999,11.0542567000,0.0007983000,0.1989516999,72.4162441000,564,531,33
4275,400,960,40,20,6,2,Sweep Line,Local,14,0.32393634,6.47872683,95.66%,75.1329014000,0.3828835999,1.3270932997,13.7246489000,3.5699433001,48.1293053000,11.2434894000,0.0002453999,0.2008349001,75.1443968000,576,551,25
4275,400,980,40,20,6,2,Sweep Line,Local,14,0.31351416,6.27028322,95.07%,75.8438846000,0.4050878000,1.3715712000,14.1631897001,3.7121503001,48.5059227999,11.1067221001,0.0002490000,0.1977712001,75.8552881000,588,559,29
4275,400,1000,40,20,6,2,Sweep Line,Local,14,0.30062666,6.01253329,95.00%,75.4662979000,0.4232540000,1.4326700000,14.5001305999,3.8068106000,47.7871198001,11.0285519000,0.0002762000,0.2024356000,75.4764330000,600,570,30
4275,400,60,40,20,6,2,Sweep Line,Local,14,0.60799571,12.15991426,16.67%,1.7770956000,0.0016295000,0.0014680000,0.0825799000,0.0238288000,0.9922499000,0.6589868000,0.0000192000,0.0352407000,1.7783485000,36,6,30
4275,400,80,40,20,6,2,Sweep Line,Local,14,0.64017480,12.80349597,25.00%,3.4240790000,0.0030634000,0.0044978000,0.2314803000,0.0644036000,2.2272601000,0.9087330000,0.0000425999,0.0402479000,3.4255822000,48,12,36
4275,400,100,40,20,6,2,Sweep Line,Local,14,0.59815891,11.96317819,35.00%,6.3650604000,0.0049694000,0.0075875000,0.3771708000,0.0912814000,4.1957133000,1.7265389000,0.0000344000,0.0412796000,6.3665018000,60,21,39
4275,400,120,40,20,6,2,Sweep Line,Local,14,0.45120458,9.02409152,36.11%,7.3016862000,0.0066942000,0.0110707000,0.4311935000,0.1047226000,4.5724963000,2.2163406000,0.0000424000,0.0488902000,7.3032652000,72,26,46
4275,400,140,40,20,6,2,Sweep Line,Local,14,0.58686634,11.73732687,25.00%,5.5315262000,0.0080005000,0.0091504000,0.4246174000,0.1039516000,3.8259075000,1.2018488000,0.0000485000,0.0501150000,5.5340634000,84,21,63
4275,400,160,40,20,6,2,Sweep Line,Local,14,0.45830376,9.16607530,36.46%,8.9846586000,0.0118256000,0.0178595001,0.5916018000,0.1441251000,5.6896079000,2.5899729000,0.0000573000,0.0592626000,8.9872004000,96,35,61
4275,400,180,40,20,6,2,Sweep Line,Local,14,0.58314991,11.66299815,35.19%,8.9774879000,0.0145961000,0.0223756000,0.6981885999,0.1751222001,5.7809063000,2.3800455000,0.0000634999,0.0599075000,8.9801326000,108,38,70
4275,400,200,40,20,6,2,Sweep Line,Local,14,0.60893590,12.17871803,36.67%,9.7707201000,0.0201207000,0.0298258001,0.7708577999,0.1958972000,6.1277674000,2.7108948000,0.0000941000,0.0699589999,9.7736624000,120,44,76
4275,400,220,40,20,6,2,Sweep Line,Local,14,0.51502205,10.30044091,42.42%,12.6692006000,0.0220798001,0.0380904000,1.0274447000,0.2507243000,8.4237930000,3.0511087000,0.0000770000,0.0700599000,12.6720154000,132,56,76
4275,400,240,40,20,6,2,Sweep Line,Local,14,0.51727974,10.34559484,45.83%,15.3595636000,0.0279483000,0.0502173001,1.3061907000,0.3216270999,10.3636701000,3.5004799000,0.0000892000,0.0807948000,15.3643312000,144,66,78
4275,400,260,40,20,6,2,Sweep Line,Local,14,0.59323987,11.86479745,51.92%,18.1407884000,0.0296715999,0.0578218000,1.5236744999,0.3770304000,12.4796291000,3.9316170000,0.0000845000,0.0870579000,18.1442352000,156,81,75
4275,400,280,40,20,6,2,Sweep Line,Local,14,0.55500454,11.10009087,56.55%,21.7167740000,0.0330309000,0.0728758000,1.8917873001,0.4580686999,15.0814314000,4.5149986000,0.0000872000,0.0900319999,21.7208274000,168,95,73
4275,400,300,40,20,6,2,Sweep Line,Local,14,0.55175130,11.03502601,60.56%,22.4564899000,0.0400227001,0.0996751999,2.0572073001,0.5132553000,15.1583647000,4.9587161000,0.0000951000,0.0972581000,22.4606758000,180,109,71
4275,400,320,40,20,6,2,Sweep Line,Local,14,0.53410246,10.68204910,59.38%,23.0209150000,0.0460282000,0.1067018001,2.2878341000,0.5614642001,15.5957146000,4.8188899000,0.0000982000,0.1026251999,23.0290634000,192,114,78
4275,400,340,40,20,6,2,Sweep Line,Local,14,0.51992900,10.39858004,63.24%,25.1045419000,0.0562421000,0.1334424000,2.5889570999,0.6466927999,16.9466821000,5.2141447000,0.0001218000,0.1106591000,25.1105582000,204,129,75
4275,400,360,40,20,6,2,Sweep Line,Local,14,0.53174938,10.63498763,63.43%,26.5224492000,0.0577668000,0.1402680000,2.8142408000,0.6976621001,17.8287660000,5.5127198000,0.0001189001,0.1158971000,26.5273515000,216,137,79
4275,400,380,40,20,6,2,Sweep Line,Local,14,0.48350833,9.67016664,68.42%,29.6178487000,0.0659647999,0.1764537001,3.1393917001,0.7774736000,20.0884753000,5.9622927000,0.0001200999,0.1221935999,29.6251889000,228,156,72
4275,400,400,40,20,6,2,Sweep Line,Local,14,0.47718284,9.54365678,71.67%,32.6391578000,0.0691853000,0.1943114001,3.5781779000,0.8824469000,22.2837926000,6.3250131000,0.0001214000,0.1247654001,32.6435024000,240,172,68
4275,400,420,40,20,6,2,Sweep Line,Local,14,0.51059124,10.21182478,70.24%,32.0894315000,0.0819118000,0.2078761000,3.7270944000,0.9275030000,21.7060517000,6.1601735000,0.0001517000,0.1422596001,32.0956383000,252,177,75
4275,400,440,40,20,6,2,Sweep Line,Local,14,0.47064606,9.41292129,72.73%,36.6780727000,0.0857423001,0.2347108001,4.2464436001,1.0561408000,25.0097035001,6.8832460000,0.0001489000,0.1409908001,36.6829816000,264,192,72
4275,400,460,40,20,6,2,Sweep Line,Local,14,0.48934712,9.78694239,75.00%,36.6562030000,0.0946630999,0.2801841001,4.2172599000,1.0579346001,24.5782561000,7.2357712000,0.0001428001,0.1592264000,36.6614966000,276,207,69
4275,400,480,40,20,6,2,Sweep Line,Local,14,0.45747796,9.14955912,76.39%,38.1053852000,0.1011958999,0.2955616000,4.5876131000,1.1477035001,25.5880594000,7.3059156000,0.0001521000,0.1498310000,38.1107377000,288,220,68
4275,400,500,40,20,6,2,Sweep Line,Local,14,0.47684867,9.53697341,77.00%,39.6049363000,0.1117562000,0.3293001999,4.9370632999,1.2357829001,26.2945184999,7.6997176000,0.0001503000,0.1604448000,39.6152506000,300,231,69
4275,400,520,40,20,6,2,Sweep Line,Local,14,0.45148423,9.02968456,80.45%,43.9914319000,0.1222120000,0.3556340000,5.7366308000,1.4570911000,29.8878575000,7.6537483000,0.0001600001,0.1709523000,43.9976865000,312,251,61
4275,400,540,40,20,6,2,Sweep Line,Local,14,0.43373759,8.67475188,82.72%,45.2946400000,0.1272517001,0.4122802999,6.2034509999,1.5634518001,30.3467220001,7.9543680000,0.0001604000,0.1763695000,45.3020206000,324,268,56
4275,400,560,40,20,6,2,Sweep Line,Local,14,0.43225590,8.64511802,79.46%,44.4270853000,0.1362038999,0.4120774000,5.9980878002,1.5063958000,29.6008377000,8.0286766000,0.0001646000,0.1753674000,44.4343693000,336,267,69
4275,400,580,40,20,6,2,Sweep Line,Local,14,0.42039684,8.40793676,81.32%,46.1418293000,0.1461856000,0.4523929999,6.3695917000,1.5991078000,31.0185501000,7.8887863999,0.0001692000,0.1840986000,46.1504146000,348,283,65
4275,400,600,40,20,6,2,Sweep Line,Local,14,0.40524152,8.10483041,86.11%,49.0006838000,0.1646473000,0.5075826002,6.9622147001,1.7533894001,32.6183686999,8.4635116000,0.0001768000,0.1946366000,49.0098025000,360,310,50
4275,400,620,40,20,6,2,Sweep Line,Local,14,0.39333184,7.86663687,81.99%,49.7039085000,0.1725999000,0.5001758001,7.1455941999,1.7866822000,33.7017937999,7.9060815000,0.0001937999,0.1960300000,49.7137083000,372,305,67
4275,400,640,40,20,6,2,Sweep Line,Local,14,0.40064604,8.01292083,87.50%,52.9023580000,0.1867253001,0.5887165001,7.9469335002,2.0244027000,35.3244622000,8.5616346000,0.0001968000,0.2062220998,52.9614443000,384,336,48
4275,400,660,40,20,6,2,Sweep Line,Local,14,0.41330382,8.26607645,85.86%,51.9682975000,0.1904075000,0.6084520000,7.7537761001,1.9717025001,34.3519075001,8.7464116000,0.0001916000,0.2158779001,51.9777135000,396,340,56
4275,400,680,40,20,6,2,Sweep Line,Local,14,0.39807170,7.96143394,85.54%,55.0716142000,0.1983720000,0.6069146000,8.2252710000,2.0927319999,37.1212672000,8.6338419000,0.0001940001,0.2096660001,55.0876194000,408,349,59
4275,400,700,40,20,6,2,Sweep Line,Local,14,0.38454847,7.69096944,88.57%,57.3253096000,0.2160619000,0.6795824000,8.8600724000,2.2570842999,38.2932812001,8.9719426001,0.0002163000,0.2215886001,57.3338839000,420,372,48
4275,400,720,40,20,6,2,Sweep Line,Local,14,0.37953161,7.59063213,92.59%,60.0984250000,0.2301897000,0.7830370000,9.5682901001,2.4330118001,39.4395015999,9.7531083000,0.0001964999,0.2322345001,60.1076712000,432,400,32
4275,400,740,40,20,6,2,Sweep Line,Local,14,0.36554259,7.31085180,89.86%,60.0073903000,0.2408509000,0.7863399001,9.5985213000,2.4738112999,39.2760757000,9.7784471000,0.0002028000,0.2356187001,60.0179649000,444,399,45
4275,400,760,40,20,6,2,Sweep Line,Local,14,0.36728856,7.34577111,91.45%,60.8182335000,0.2458937000,0.8461999998,9.7961555000,2.5119160001,39.8305118000,9.8395493000,0.0002197001,0.1680992999,60.8262596000,456,417,39
4275,400,780,40,20,6,2,Sweep Line,Local,14,0.33660509,6.73210181,86.11%,58.6200842000,0.2559067000,0.8126525000,9.9586869998,2.5366725001,38.6373531001,8.7107893001,0.0002404000,0.1693499999,58.6279140000,468,403,65
4275,400,800,40,20,6,2,Sweep Line,Local,14,0.36454412,7.29088232,91.25%,63.5273691000,0.2653638999,0.8951663001,10.4302727998,2.6841887000,41.8339573999,9.8317364000,0.0002118999,0.1776698000,63.5393417000,480,438,42
4275,400,820,40,20,6,2,Sweep Line,Local,14,0.33557480,6.71149590,91.06%,64.4634572000,0.2839867999,0.9406123999,11.1054154002,2.8376458002,42.1598998000,9.6947564000,0.0002238000,0.1845959000,64.4716650000,492,448,44
4275,400,840,40,20,6,2,Sweep Line,Local,14,0.34505973,6.90119455,91.27%,65.9719160000,0.2969604999,0.9964133002,11.3573359002,2.9217692001,42.8169984000,10.2215508000,0.0002346000,0.1909109001,65.9862995000,504,460,44
4275,400,860,40,20,6,2,Sweep Line,Local,14,0.31582524,6.31650487,94.96%,67.7186327000,0.3186598000,1.1092667001,12.1150175997,3.0965620001,43.8131240000,10.0711913001,0.0002290001,0.2063432999,67.7492498000,516,490,26
4275,400,880,40,20,6,2,Sweep Line,Local,14,0.31031148,6.20622952,91.29%,66.8228326000,0.3402678000,1.0910432000,11.9782595002,3.1025033001,43.3582639000,9.7643280000,0.0002417001,0.1958677999,66.8329379000,528,482,46
4275,400,900,40,20,6,2,Sweep Line,Local,14,0.32787414,6.55748288,93.52%,69.0629588000,0.3618175001,1.1720415999,12.2264973001,3.1798915999,44.2787048999,10.7181346001,0.0002510002,0.1932338000,69.0796642000,540,505,35
4275,400,920,40,20,6,2,Sweep Line,Local,14,0.31567815,6.31356301,91.49%,69.4158479000,0.3651454001,1.2110357999,12.6862737002,3.3017191997,44.4495510001,10.4004919000,0.0002526001,0.1992580000,69.4258235000,552,505,47
4275,400,940,40,20,6,2,Sweep Line,Local,14,0.33008897,6.60177945,94.15%,71.3153293000,0.3834468000,1.2628964001,13.0964206998,3.3829422000,45.4043006001,10.8677871001,0.0002554001,0.1922976999,71.3317012000,564,531,33
4275,400,960,40,20,6,2,Sweep Line,Local,14,0.32393634,6.47872683,95.66%,74.1802943000,0.3858955001,1.3465129998,13.7505138999,3.5599432000,47.2746009000,11.1095950999,0.0002748000,0.1985302999,74.1980509000,576,551,25
4275,400,980,40,20,6,2,Sweep Line,Local,14,0.31351416,6.27028322,95.07%,75.6026113000,0.4114201002,1.4086072000,14.2188740998,3.6974486001,48.1673604999,11.0890829998,0.0002580999,0.2064354000,75.6361249000,588,559,29
4275,400,1000,40,20,6,2,Sweep Line,Local,14,0.30062666,6.01253329,95.00%,75.0230067000,0.4222974999,1.4546753999,14.5614343999,3.7882909997,47.3882682001,10.9026796002,0.0002694000,0.2009801000,75.0396918000,600,570,30
4275,400,60,40,20,6,2,Sweep Line,Local,14,0.60799571,12.15991426,16.67%,1.6504173000,0.0018381000,0.0015928000,0.0837226000,0.0255438000,0.9510651000,0.5708542000,0.0000228000,0.0357401000,1.6525707000,36,6,30
4275,400,80,40,20,6,2,Sweep Line,Local,14,0.64017480,12.80349597,25.00%,3.1400013000,0.0038361000,0.0036751000,0.1938288000,0.0479688000,2.0504032000,0.8304861000,0.0000342000,0.0478769000,3.1427645000,48,12,36
4275,400,100,40,20,6,2,Sweep Line,Local,14,0.59815891,11.96317819,35.00%,6.4063179000,0.0041646000,0.0072047000,0.3734390000,0.0886203000,4.3012959000,1.6725080000,0.0000326000,0.0375517000,6.4078816000,60,21,39
4275,400,120,40,20,6,2,Sweep Line,Local,14,0.45120458,9.02409152,36.11%,7.4141491000,0.0068670000,0.0145507000,0.4431419000,0.1050168000,4.7365233000,2.1430992000,0.0000415000,0.0520478001,7.4161576000,72,26,46
4275,400,140,40,20,6,2,Sweep Line,Local,14,0.58686634,11.73732687,25.00%,6.7092483000,0.0106860000,0.0119182000,0.5434975000,0.1331514000,4.6624468000,1.4018587000,0.0000595000,0.0572672000,6.7126563000,84,21,63
4275,400,160,40,20,6,2,Sweep Line,Local,14,0.45830376,9.16607530,36.46%,10.7625734000,0.0148269000,0.0245924000,0.7442229999,0.1854328000,6.8819902000,3.0078991000,0.0000654000,0.0678574000,10.7660315000,96,35,61
4275,400,180,40,20,6,2,Sweep Line,Local,14,0.58314991,11.66299815,35.19%,10.2220313000,0.0179035000,0.0263963000,0.7595765000,0.1843851000,6.5340807000,2.7639073000,0.0001146000,0.0835293000,10.2272069000,108,38,70
4275,400,200,40,20,6,2,Sweep Line,Local,14,0.60893590,12.17871803,36.67%,9.6178203000,0.0166896999,0.0262887000,0.7254096000,0.1816031999,6.0489600000,2.7113441000,0.0000663001,0.0648365000,9.6203623000,120,44,76
4275,400,220,40,20,6,2,Sweep Line,Local,14,0.51502205,10.30044091,42.42%,12.9621553000,0.0222197999,0.0371225000,1.0085442000,0.2506999000,8.5690429000,3.2048416000,0.0000809000,0.0781173999,12.9647843000,132,56,76
4275,400,240,40,20,6,2,Sweep Line,Local,14,0.51727974,10.34559484,45.83%,14.8985993000,0.0261750000,0.0480182000,1.2412187001,0.3004858001,10.1166048000,3.3537973000,0.0000830000,0.0798212000,14.9013644000,144,66,78
4275,400,260,40,20,6,2,Sweep Line,Local,14,0.59323987,11.86479745,51.92%,18.5416160000,0.0352858001,0.0613376000,1.5840256001,0.3830150000,12.7528865000,3.9842991000,0.0000857000,0.0840458000,18.5457123000,156,81,75
4275,400,280,40,20,6,2,Sweep Line,Local,14,0.55500454,11.10009087,56.55%,22.3128633000,0.0359509999,0.0764656001,1.9648339000,0.4770522999,15.4962230000,4.6177383000,0.0000931000,0.0895582000,22.3171869000,168,95,73
4275,400,300,40,20,6,2,Sweep Line,Local,14,0.55175130,11.03502601,60.56%,22.0844727000,0.0389746000,0.0976311999,2.0912800000,0.5210287001,14.7652300000,4.9372030999,0.0000955000,0.0979712000,22.0892711000,180,109,71
4275,400,320,40,20,6,2,Sweep Line,Local,14,0.53410246,10.68204910,59.38%,23.0564480000,0.0444581000,0.1058536000,2.2993557999,0.5625985000,15.6255706999,4.8352662000,0.0001028999,0.0983693001,23.0600505000,192,114,78
4275,400,340,40,20,6,2,Sweep Line,Local,14,0.51992900,10.39858004,63.24%,24.7218696000,0.0504798000,0.1299945000,2.5173397000,0.6315522998,16.6713312000,5.1957114000,0.0001111000,0.1055039000,24.7259140000,204,129,75
4275,400,360,40,20,6,2,Sweep Line,Local,14,0.53174938,10.63498763,63.43%,26.9514155000,0.0583193001,0.1422122000,2.7761229000,0.6968545000,18.2731455000,5.5229368001,0.0001175000,0.1117344000,26.9578791000,216,137,79
4275,400,380,40,20,6,2,Sweep Line,Local,14,0.48350833,9.67016664,68.42%,29.4367147000,0.0657641999,0.1709695000,3.0852658000,0.7731677999,20.0794336000,5.8623008000,0.0001206001,0.1192925000,29.4420522000,228,156,72
4275,400,400,40,20,6,2,Sweep Line,Local,14,0.47718284,9.54365678,71.67%,32.6994030000,0.0727267000,0.1989813000,3.5328694000,0.8904314999,22.3702287999,6.3396515000,0.0001413001,0.1214360000,32.7054230000,240,172,68
4275,400,420,40,20,6,2,Sweep Line,Local,14,0.51059124,10.21182478,70.24%,31.8452533000,0.0787877000,0.2054881000,3.7717627000,0.9257056002,21.5608990000,6.0359066000,0.0001327999,0.1322806001,31.8500297000,252,177,75
4275,400,440,40,20,6,2,Sweep Line,Local,14,0.47064606,9.41292129,72.73%,37.1064717000,0.0895402001,0.2790447001,4.2923843001,1.0585434999,25.4174502000,6.8135248000,0.0001421000,0.1435136998,37.1127977000,264,192,72
4275,400,460,40,20,6,2,Sweep Line,Local,14,0.48934712,9.78694239,75.00%,36.5646819000,0.0927378000,0.2726856001,4.2427733001,1.0595485999,24.5478177000,7.1545550000,0.0001610000,0.1490580000,36.5713318000,276,207,69
4275,400,480,40,20,6,2,Sweep Line,Local,14,0.45747796,9.14955912,76.39%,38.6697030000,0.1009314001,0.3012537000,4.6750007999,1.1776287001,25.7364623000,7.6117196999,0.0001541000,0.1601265001,38.6750767000,288,220,68
4275,400,500,40,20,6,2,Sweep Line,Local,14,0.47684867,9.53697341,77.00%,39.0869012000,0.1092485999,0.3153513002,4.7554856000,1.2083811000,26.0365335000,7.6250747000,0.0001521000,0.1588653000,39.0929961000,300,231,69
4275,400,520,40,20,6,2,Sweep Line,Local,14,0.45148423,9.02968456,80.45%,43.8539419000,0.1218167000,0.3461749001,5.5942488000,1.4151158002,30.0014114001,7.5621887000,0.0001722000,0.1653893000,43.8601878000,312,251,61
4275,400,540,40,20,6,2,Sweep Line,Local,14,0.43373759,8.67475188,82.72%,44.8188778000,0.1260345000,0.3991625999,5.9527569998,1.4919744000,30.1218872999,7.9618569999,0.0001599000,0.1723577000,44.8250832000,324,268,56
4275,400,560,40,20,6,2,Sweep Line,Local,14,0.43225590,8.64511802,79.46%,43.9488364000,0.1366210000,0.4129880001,5.8893978001,1.4898162999,29.2992339000,7.9411340000,0.0001717000,0.1921578002,43.9555845000,336,267,69
4275,400,580,40,20,6,2,Sweep Line,Local,14,0.42039684,8.40793676,81.32%,46.4847928000,0.1509786000,0.4476736000,6.4184480000,1.6040508000,31.1631023000,8.0077707000,0.0001819999,0.1875961000,46.4914707000,348,283,65
4275,400,600,40,20,6,2,Sweep Line,Local,14,0.40524152,8.10483041,86.11%,49.1129179000,0.1634148000,0.5022598001,7.0040323998,1.7861691999,32.6883846000,8.4556870001,0.0001789000,0.1972760000,49.1235649000,360,310,50
4275,400,620,40,20,6,2,Sweep Line,Local,14,0.39333184,7.86663687,81.99%,49.8245050000,0.1686709000,0.5015473999,7.2418189000,1.8224807000,33.6296220002,8.0060550000,0.0002074001,0.2068096999,49.8357713000,372,305,67
4275,400,640,40,20,6,2,Sweep Line,Local,14,0.40064604,8.01292083,87.50%,52.5918421000,0.1878045999,0.6323690001,7.8528215000,2.0216521999,35.0042243999,8.6198092000,0.0001872999,0.2115118000,52.6017793000,384,336,48
4275,400,660,40,20,6,2,Sweep Line,Local,14,0.41330382,8.26607645,85.86%,52.3901455000,0.1917479999,0.5861639999,7.7853561999,1.9767254999,34.7496781999,8.7830648000,0.0002099001,0.2082291999,52.4048198000,396,340,56
4275,400,680,40,20,6,2,Sweep Line,Local,14,0.39807170,7.96143394,85.54%,55.5387112000,0.1962097001,0.6170350998,8.2495528999,2.1203765001,37.5336517999,8.6424676000,0.0001944001,0.2193056999,55.5486550000,408,349,59
4275,400,700,40,20,6,2,Sweep Line,Local,14,0.38454847,7.69096944,88.57%,57.6741726000,0.2302905999,0.6997534001,9.1360973999,2.3177559999,38.1719632001,9.1276709000,0.0002187999,0.2294526000,57.6865609000,420,372,48
4275,400,720,40,20,6,2,Sweep Line,Local,14,0.37953161,7.59063213,92.59%,59.5472296000,0.2222269000,0.7350841998,9.4645899000,2.4163277999,39.3702647000,9.4354448000,0.0001974999,0.2360817000,59.5579920000,432,400,32
4275,400,740,40,20,6,2,Sweep Line,Local,14,0.36554259,7.31085180,89.86%,59.4419839000,0.2392106001,0.7779617001,9.5934382999,2.4790351000,38.8264931999,9.6591302000,0.0002098999,0.2383690001,59.4593296000,444,399,45
4275,400,760,40,20,6,2,Sweep Line,Local,14,0.36728856,7.34577111,91.45%,61.4260405000,0.2476921000,0.8390533001,9.9574004000,2.5674229000,40.2706660999,9.8464732000,0.0002163000,0.1710879001,61.4350130000,456,417,39
4275,400,780,40,20,6,2,Sweep Line,Local,14,0.33660509,6.73210181,86.11%,57.4672031000,0.2663993000,0.8079398999,9.8892477999,2.5085670002,37.6116588000,8.6209906000,0.0002301001,0.1742016999,57.4792535000,468,403,65
4275,400,800,40,20,6,2,Sweep Line,Local,14,0.36454412,7.29088232,91.25%,63.8193333000,0.2724307999,0.9031813998,10.6255958001,2.7304968000,41.9344875999,9.8158061999,0.0002286999,0.1809664000,63.8275984000,480,438,42
4275,400,820,40,20,6,2,Sweep Line,Local,14,0.33557480,6.71149590,91.06%,64.0192928000,0.2824223000,0.9572737000,10.9734417999,2.8408736000,41.8074896000,9.7066059000,0.0002257000,0.1849445999,64.0290500000,492,448,44
4275,400,840,40,20,6,2,Sweep Line,Local,14,0.34505973,6.90119455,91.27%,65.4062798000,0.2948917000,1.0064000000,11.3551411001,2.8971754002,42.5350906001,9.9246310000,0.0002796000,0.1892990002,65.4194273000,504,460,44
4275,400,860,40,20,6,2,Sweep Line,Local,14,0.31582524,6.31650487,94.96%,68.0608601000,0.3117676000,1.0774582000,12.2105647002,3.1325370997,44.1681168000,10.0063876001,0.0002487000,0.1914163001,68.0710467000,516,490,26
4275,400,880,40,20,6,2,Sweep Line,Local,14,0.31031148,6.20622952,91.29%,66.9933888000,0.3216569000,1.1032996000,12.0229157997,3.0975136000,43.4891210000,9.7786084000,0.0002433999,0.1898524000,67.0614863000,528,482,46
4275,400,900,40,20,6,2,Sweep Line,Local,14,0.32787414,6.55748288,93.52%,69.6865474000,0.3553756000,1.1855135000,12.3997896998,3.2181199000,44.8470374999,10.5971706000,0.0002515001,0.1989592000,69.7005648000,540,505,35
4275,400,920,40,20,6,2,Sweep Line,Local,14,0.31567815,6.31356301,91.49%,69.7646210000,0.3613689999,1.1808389001,12.6495729001,3.2610081997,44.7017244000,10.5483342999,0.0002494000,0.2042910999,69.7750393000,552,505,47
4275,400,940,40,20,6,2,Sweep Line,Local,14,0.33008897,6.60177945,94.15%,71.9920168000,0.3813760000,1.2710194000,13.2151267000,3.4307272000,45.8799379999,10.9307609999,0.0002549000,0.1977618000,72.0063775000,564,531,33
4275,400,960,40,20,6,2,Sweep Line,Local,14,0.32393634,6.47872683,95.66%,74.3711523000,0.3900769999,1.3397028002,13.6945709997,3.5502700999,47.3863512999,11.2458335000,0.0002684998,0.2028947000,74.3823569000,576,551,25
4275,400,980,40,20,6,2,Sweep Line,Local,14,0.31351416,6.27028322,95.07%,76.6175516000,0.4163944000,1.4250834002,14.5214896998,3.8076546999,48.8364868000,11.1084007001,0.0002754999,0.2063335002,76.6277744000,588,559,29
4275,400,1000,40,20,6,2,Sweep Line,Local,14,0.30062666,6.01253329,95.00%,75.1495442000,0.4113933001,1.4675174000,14.6443423999,3.8371057003,47.2789953000,11.0385719000,0.0002709000,0.2121779999,75.1642378000,600,570,30
4275,400,60,40,20,6,2,Sweep Line,Local,16,0.60799571,12.15991426,16.67%,1.7862267000,0.0020518000,0.0019463000,0.0938429000,0.0291297000,0.9714710000,0.6724607000,0.0000239000,0.0381922000,1.7875187000,36,6,30
4275,400,80,40,20,6,2,Sweep Line,Local,16,0.64017480,12.80349597,25.00%,3.1642975000,0.0027561000,0.0034780000,0.2261459000,0.0607398000,2.0567673000,0.8328575000,0.0000271000,0.0347222000,3.1654394000,48,12,36
4275,400,100,40,20,6,2,Sweep Line,Local,16,0.59815891,11.96317819,35.00%,6.5364045000,0.0053734000,0.0079281000,0.4406494000,0.0976336000,4.1746779000,1.8307267000,0.0000384000,0.0454939000,6.5402266000,60,21,39
4275,400,120,40,20,6,2,Sweep Line,Local,16,0.45120458,9.02409152,36.11%,7.4624702000,0.0068368000,0.0114638000,0.4703303000,0.1080382999,4.7721843000,2.1407545000,0.0000422000,0.0459882000,7.4645199000,72,26,46
4275,400,140,40,20,6,2,Sweep Line,Local,16,0.58686634,11.73732687,25.00%,5.5365928000,0.0081198000,0.0090172000,0.4643524000,0.1046054000,3.8311703000,1.1651211000,0.0000447000,0.0481965000,5.5388128000,84,21,63
4275,400,160,40,20,6,2,Sweep Line,Local,16,0.45830376,9.16607530,36.46%,9.0650557000,0.0119077000,0.0180632000,0.6506851000,0.1494153000,5.8262634000,2.4882643000,0.0000545000,0.0510692000,9.0671486000,96,35,61
4275,400,180,40,20,6,2,Sweep Line,Local,16,0.58314991,11.66299815,35.19%,8.9457170000,0.0139839001,0.0214545999,0.7296149000,0.1651157000,5.7598191000,2.3408969001,0.0000617001,0.0586050000,8.9488528000,108,38,70
4275,400,200,40,20,6,2,Sweep Line,Local,16,0.60893590,12.17871803,36.67%,9.6269158000,0.0171811000,0.0273360999,0.7875377001,0.1830188001,6.1442661000,2.5622153000,0.0000645999,0.0642315001,9.6305763000,120,44,76
4275,400,220,40,20,6,2,Sweep Line,Local,16,0.51502205,10.30044091,42.42%,12.9359305000,0.0216513000,0.0371306000,1.1313154999,0.2614232001,8.5565979000,3.0838449999,0.0001315000,0.0736721999,12.9393941000,132,56,76
4275,400,240,40,20,6,2,Sweep Line,Local,16,0.51727974,10.34559484,45.83%,15.2796386000,0.0253808001,0.0467545000,1.3820363001,0.3125143000,10.1215037001,3.5621335001,0.0000933999,0.0753794002,15.2828277000,144,66,78
4275,400,260,40,20,6,2,Sweep Line,Local,16,0.59323987,11.86479745,51.92%,18.6793234000,0.0284093999,0.0597742001,1.7221688001,0.3936646999,12.7567508001,4.0020406999,0.0000825999,0.0798972000,18.6881645000,156,81,75
4275,400,280,40,20,6,2,Sweep Line,Local,16,0.55500454,11.10009087,56.55%,22.1367645000,0.0363673999,0.0824507000,2.2745531999,0.5126305002,15.0126333999,4.6024974001,0.0000950999,0.0899302001,22.1442937000,168,95,73
4275,400,300,40,20,6,2,Sweep Line,Local,16,0.55175130,11.03502601,60.56%,22.4585904000,0.0415360001,0.0949326000,2.2115930000,0.5188251002,14.9941162000,4.9754601001,0.0001030000,0.0973014000,22.4651010000,180,109,71
4275,400,320,40,20,6,2,Sweep Line,Local,16,0.53410246,10.68204910,59.38%,23.6495806000,0.0480137000,0.1125144999,2.4716003999,0.5654030999,16.0091561999,4.8529739000,0.0001302999,0.1013545001,23.6538672000,192,114,78
4275,400,340,40,20,6,2,Sweep Line,Local,16,0.51992900,10.39858004,63.24%,24.8792728000,0.0522291999,0.1418935001,2.8273838000,0.6495448000,16.4274840000,5.2690264001,0.0001130000,0.1108610000,24.8887247000,204,129,75
4275,400,360,40,20,6,2,Sweep Line,Local,16,0.53149684,10.62993680,63.43%,26.8238238000,0.0595316000,0.1412316000,3.0663802003,0.7093906997,17.9808998000,5.4093329999,0.0001195999,0.1140151001,26.8284608000,216,137,79
4275,400,380,40,20,6,2,Sweep Line,Local,16,0.48349304,9.66986070,68.42%,30.3878714000,0.0650719000,0.1727659000,3.5233044000,0.8102489998,20.4289129000,6.0196517001,0.0001232001,0.1253871000,30.3955642000,228,156,72
4275,400,400,40,20,6,2,Sweep Line,Local,16,0.47700428,9.54008568,71.67%,33.0237939000,0.0791878000,0.1905465999,3.7975422999,0.8900001999,22.2233746001,6.5300569999,0.0001299000,0.1252790000,33.0293035000,240,172,68
4275,400,420,40,20,6,2,Sweep Line,Local,16,0.51059124,10.21182478,70.24%,32.9512046000,0.0783400999,0.2112747001,4.1252401001,0.9512436999,22.1691094999,6.1564375999,0.0001336000,0.1439520000,33.0047783000,252,177,75
4275,400,440,40,20,6,2,Sweep Line,Local,16,0.47064606,9.41292129,72.73%,36.9367811000,0.0878131999,0.2459791000,4.6082606999,1.0794899997,24.9930875999,6.7534930001,0.0001579999,0.1676365001,36.9420374000,264,192,72
4275,400,460,40,20,6,2,Sweep Line,Local,16,0.48921019,9.78420380,75.00%,37.3601020000,0.0914588000,0.2778405999,4.6625946004,1.0760814001,24.7583145000,7.3394394000,0.0001458999,0.1477858001,37.3680954000,276,207,69
4275,400,480,40,20,6,2,Sweep Line,Local,16,0.45745408,9.14908154,76.39%,38.7739833000,0.1017744997,0.2987091996,4.9981838002,1.1768035001,25.7928407998,7.3389062000,0.0001484001,0.1563179999,38.7795288000,288,220,68
4275,400,500,40,20,6,2,Sweep Line,Local,16,0.47677859,9.53557174,77.00%,39.6099204000,0.1100374000,0.3211953003,5.2468103001,1.2453300996,25.9735957001,7.6817069000,0.0001537998,0.1639928001,39.6202014000,300,231,69
4275,400,520,40,20,6,2,Sweep Line,Local,16,0.45136418,9.02728358,80.45%,44.5592478000,0.1195813003,0.3529106003,6.2400294997,1.4720437997,30.0054530001,7.5973368000,0.0001585003,0.1715348999,44.5679463000,312,251,61
4275,400,540,40,20,6,2,Sweep Line,Local,16,0.43372031,8.67440619,82.72%,44.7846865000,0.1318362001,0.3866881002,6.3626405002,1.4807609995,29.6737871000,7.9691343999,0.0001757999,0.1766553000,44.7907520000,324,268,56
4275,400,560,40,20,6,2,Sweep Line,Local,16,0.43200586,8.64011721,79.46%,44.3788068000,0.1335484000,0.4127225000,6.5457603003,1.5618351999,29.3359872002,7.7060985999,0.0001678998,0.1734497002,44.3873167000,336,267,69
4275,400,580,40,20,6,2,Sweep Line,Local,16,0.42029372,8.40587432,81.32%,46.9180506000,0.1450154999,0.4522951000,6.9818472999,1.6174809005,31.1288077003,7.9509242998,0.0001711002,0.1829157998,46.9273139000,348,283,65
4275,400,600,40,20,6,2,Sweep Line,Local,16,0.40447751,8.08955020,86.11%,49.9809279000,0.1632974001,0.5114675996,7.5812764998,1.8016594996,32.8666192998,8.5728905001,0.0002175003,0.1952029000,49.9880977000,360,310,50
4275,400,620,40,20,6,2,Sweep Line,Local,16,0.39321730,7.86434606,81.99%,50.0383455000,0.1674952000,0.5004046002,7.7493310999,1.8088696998,33.4108722001,7.9375340001,0.0001890000,0.1959649001,50.0935476000,372,305,67
4275,400,640,40,20,6,2,Sweep Line,Local,16,0.40046990,8.00939800,87.50%,53.8014868000,0.1821710001,0.5716269002,8.6972401999,2.0784907001,35.3380091000,8.6964008000,0.0001881998,0.2139792001,53.8095025000,384,336,48
4275,400,660,40,20,6,2,Sweep Line,Local,16,0.41325837,8.26516736,85.86%,53.5080331000,0.1934421998,0.6153324002,8.7324130002,2.0679843002,34.7761420999,8.8828546001,0.0001983001,0.2099961000,53.5165480000,396,340,56
4275,400,680,40,20,6,2,Sweep Line,Local,16,0.39792944,7.95858886,85.54%,57.4608778000,0.2098904002,0.6765455000,9.3684627000,2.2384167998,37.8696711000,9.0194521000,0.0001986000,0.2207369999,57.4702617000,408,349,59
4275,400,700,40,20,6,2,Sweep Line,Local,16,0.38436343,7.68726856,88.57%,57.9009716000,0.2167461000,0.6852741001,9.7399630998,2.3205780002,38.0333029000,8.9214768000,0.0001916001,0.2234816000,57.9081524000,420,372,48
4275,400,720,40,20,6,2,Sweep Line,Local,16,0.37961466,7.59229325,92.59%,54.7617514000,0.2066070000,0.6855273999,9.3532852000,2.2770262002,35.4616285000,8.7425829998,0.0001855000,0.2190131000,54.7713058000,432,400,32
4275,400,740,40,20,6,2,Sweep Line,Local,16,0.36531918,7.30638358,89.86%,54.3177419000,0.2123505001,0.6853490996,9.2720799998,2.2647098005,34.9912948000,8.8404540002,0.0001936000,0.2191826001,54.3298932000,444,399,45
4275,400,760,40,20,6,2,Sweep Line,Local,16,0.36723682,7.34473647,91.45%,55.4972886000,0.2262739001,0.7382900000,9.4941016000,2.2989773002,35.9009620998,8.8671222999,0.0001881999,0.1799974002,55.5108525000,456,417,39
4275,400,780,40,20,6,2,Sweep Line,Local,16,0.33653272,6.73065438,86.11%,52.4426887000,0.2364947999,0.7089928000,9.6263742995,2.3355288998,33.7405925998,7.8872647999,0.0002326000,0.1586965004,52.4529354000,468,403,65
4275,400,800,40,20,6,2,Sweep Line,Local,16,0.36472488,7.29449757,91.25%,58.0807930000,0.2491756999,0.8157612002,10.3290149002,2.5397258006,37.3915332998,9.0380076001,0.0001981000,0.1644659999,58.0885616000,480,438,42
4275,400,820,40,20,6,2,Sweep Line,Local,16,0.33548127,6.70962531,91.06%,58.1439211000,0.2652571999,0.8712134002,10.6425402999,2.5823442994,37.3871161001,8.7098345001,0.0002104001,0.1694029002,58.1536022000,492,448,44
4275,400,840,40,20,6,2,Sweep Line,Local,16,0.34469779,6.89395572,91.27%,59.7262033000,0.2849188002,0.8820334005,10.9407346007,2.6760557001,38.1486904998,9.1846738001,0.0002172000,0.1849633999,59.7354287000,504,460,44
4275,400,860,40,20,6,2,Sweep Line,Local,16,0.31569105,6.31382093,94.96%,61.8165167000,0.2967214001,0.9546036998,11.8324139997,2.8926128996,39.4528194000,9.0081269000,0.0002154000,0.1757382001,61.8269686000,516,490,26
4275,400,880,40,20,6,2,Sweep Line,Local,16,0.31001298,6.20025962,91.29%,61.1507627000,0.3000100001,0.9667812999,11.7461431001,2.8828467006,38.9958107000,8.8779601999,0.0002200998,0.1772725998,61.1595986000,528,482,46
4275,400,900,40,20,6,2,Sweep Line,Local,16,0.32784366,6.55687315,93.52%,62.3663217000,0.3141311000,1.0484316000,11.8942558998,2.9263058002,39.1798447001,9.6440974002,0.0002252999,0.1824929000,62.3750388000,540,505,35
4275,400,920,40,20,6,2,Sweep Line,Local,16,0.31465879,6.29317587,91.49%,62.6820885000,0.3282516999,1.0352853002,12.1997855002,3.0127628994,39.6190466003,9.2210711003,0.0002307000,0.1850047002,62.6907541000,552,505,47
4275,400,940,40,20,6,2,Sweep Line,Local,16,0.33001588,6.60031769,94.15%,68.6234967000,0.3702257001,1.1834952997,13.4158931999,3.3250394004,42.9939250001,10.3636580997,0.0002657002,0.1956175998,68.6405946000,564,531,33
4275,400,960,40,20,6,2,Sweep Line,Local,16,0.32388306,6.47766122,95.66%,67.3164398000,0.3572148000,1.1978305999,13.1877965000,3.2709538998,42.2579899000,10.0313474999,0.0007067000,0.1851516000,67.3252309000,576,551,25
4275,400,980,40,20,6,2,Sweep Line,Local,16,0.31338809,6.26776184,95.07%,68.4111443000,0.3774197000,1.2091076000,13.8045466998,3.4172124999,42.7934209000,9.9474658000,0.0002642000,0.1891532001,68.4207078000,588,559,29
4275,400,1000,40,20,6,2,Sweep Line,Local,16,0.30008992,6.00179837,95.00%,67.9308610000,0.3959758001,1.2848694002,14.0897889999,3.4941414994,41.9281768002,9.9460095002,0.0002441999,0.1917717003,67.9416668000,600,570,30
4275,400,60,40,20,6,2,Sweep Line,Local,16,0.60799571,12.15991426,16.67%,1.4644226000,0.0014998000,0.0012716000,0.0673897000,0.0207488000,0.8570431000,0.5009168000,0.0000160000,0.0313363000,1.4654631000,36,6,30
4275,400,80,40,20,6,2,Sweep Line,Local,16,0.64017480,12.80349597,25.00%,2.9139202000,0.0025610999,0.0034594000,0.2141850999,0.0582252000,1.9108402000,0.7391668000,0.0000239000,0.0347069000,2.9152114000,48,12,36
4275,400,100,40,20,6,2,Sweep Line,Local,16,0.59815891,11.96317819,35.00%,5.8058957000,0.0045488001,0.0072783999,0.4017235000,0.0959438001,3.8013234000,1.5357693000,0.0000338000,0.0427911999,5.8074960000,60,21,39
4275,400,120,40,20,6,2,Sweep Line,Local,16,0.45120458,9.02409152,36.11%,6.5337684000,0.0060216001,0.0098388000,0.4313369001,0.1011521000,4.1022636000,1.9277334000,0.0000388999,0.0414954000,6.5363698000,72,26,46
4275,400,140,40,20,6,2,Sweep Line,Local,16,0.58686634,11.73732687,25.00%,4.9831494000,0.0071414000,0.0116645000,0.4528226000,0.1044097000,3.3925276000,1.0578347000,0.0000404000,0.0486370001,4.9855924000,84,21,63
4275,400,160,40,20,6,2,Sweep Line,Local,16,0.45830376,9.16607530,36.46%,8.0548663000,0.0098339000,0.0152795000,0.5843571000,0.1349127999,5.1744127000,2.2001000000,0.0000497002,0.0502695000,8.0568625000,96,35,61
4275,400,180,40,20,6,2,Sweep Line,Local,16,0.58314991,11.66299815,35.19%,7.9852301000,0.0120701000,0.0194384000,0.6796618001,0.1638983000,5.1594276999,2.0393847001,0.0000545000,0.0530178000,7.9875806000,108,38,70
4275,400,200,40,20,6,2,Sweep Line,Local,16,0.60893590,12.17871803,36.67%,8.5265846000,0.0167991999,0.0225466998,0.6981207999,0.1658253001,5.3599803000,2.3358565999,0.0000589000,0.0577202999,8.5296516000,120,44,76
4275,400,220,40,20,6,2,Sweep Line,Local,16,0.51502205,10.30044091,42.42%,11.7808935000,0.0209121000,0.0330172000,1.0095279001,0.2401951001,7.7959125000,2.8146715000,0.0000834001,0.0760916999,11.7840040000,132,56,76
4275,400,240,40,20,6,2,Sweep Line,Local,16,0.51727974,10.34559484,45.83%,13.6423608000,0.0220319999,0.0422477001,1.2450134999,0.2987762000,9.1973704000,3.0332343000,0.0000719001,0.0733058000,13.6455687000,144,66,78
4275,400,260,40,20,6,2,Sweep Line,Local,16,0.59323987,11.86479745,51.92%,16.3055109000,0.0275481000,0.0530567000,1.5364824001,0.3617368000,10.8983982999,3.6790382000,0.0000732000,0.0772651000,16.3082650000,156,81,75
4275,400,280,40,20,6,2,Sweep Line,Local,16,0.55500454,11.10009087,56.55%,19.3673861000,0.0310240999,0.0668436998,1.9032832997,0.4458215999,13.2565870001,3.9833533001,0.0000825001,0.0845387000,19.3702932000,168,95,73
4275,400,300,40,20,6,2,Sweep Line,Local,16,0.55175130,11.03502601,60.56%,20.1087138000,0.0351515000,0.0816762998,2.0078338001,0.4766331000,13.4388227001,4.4127309001,0.0000868999,0.0862232999,20.1134372000,180,109,71
4275,400,320,40,20,6,2,Sweep Line,Local,16,0.53410246,10.68204910,59.38%,20.6942247000,0.0398642999,0.0903069000,2.1529413001,0.5171161000,14.0316932000,4.2395442999,0.0001200000,0.0938313000,20.6979655000,192,114,78
4275,400,340,40,20,6,2,Sweep Line,Local,16,0.51992900,10.39858004,63.24%,22.0023234000,0.0466155999,0.1133345001,2.4430945000,0.5738241001,14.5532141000,4.6853603002,0.0001099000,0.0991784999,22.0066256000,204,129,75
4275,400,360,40,20,6,2,Sweep Line,Local,16,0.53149684,10.62993680,63.43%,23.7867670000,0.0504751001,0.1232523000,2.7018509000,0.6458877002,15.9884650999,4.7653398001,0.0001049001,0.1005299000,23.7930335000,216,137,79
4275,400,380,40,20,6,2,Sweep Line,Local,16,0.48349304,9.66986070,68.42%,26.4493075000,0.0569577001,0.1483726001,3.1542131002,0.7346497002,17.5870726001,5.3201094000,0.0001035000,0.1147209000,26.4532475000,228,156,72
4275,400,400,40,20,6,2,Sweep Line,Local,16,0.47700428,9.54008568,71.67%,29.3922888000,0.0630367001,0.2094243998,3.4092482001,0.8008060998,19.8051775000,5.7253390999,0.0001365999,0.1160547000,29.3986612000,240,172,68
4275,400,420,40,20,6,2,Sweep Line,Local,16,0.51059124,10.21182478,70.24%,29.0838837000,0.0695616000,0.1787667000,3.5798977998,0.8532966000,19.4856025000,5.5897527000,0.0001199000,0.1208486000,29.0882770000,252,177,75
4275,400,440,40,20,6,2,Sweep Line,Local,16,0.47064606,9.41292129,72.73%,32.8460896000,0.0766302001,0.2053977001,4.0750252998,0.9640058001,22.2524335000,6.0436618999,0.0001215003,0.1308442999,32.8502559000,264,192,72
4275,400,460,40,20,6,2,Sweep Line,Local,16,0.48921019,9.78420380,75.00%,33.1048342000,0.0839810001,0.2319291003,4.1200536996,0.9875082001,22.0757268000,6.3785301000,0.0001491000,0.1336133999,33.1103954000,276,207,69
4275,400,480,40,20,6,2,Sweep Line,Local,16,0.45745408,9.14908154,76.39%,34.5390083000,0.0900141001,0.2603989000,4.4704230003,1.0603604000,22.7188139000,6.7888198000,0.0001315001,0.1379892000,34.5437491000,288,220,68
4275,400,500,40,20,6,2,Sweep Line,Local,16,0.47677859,9.53557174,77.00%,35.6487583000,0.0973528001,0.2895527000,4.7273988004,1.1322622003,23.4011175000,6.8968552999,0.0001356000,0.1535525000,35.6554120000,300,231,69
4275,400,520,40,20,6,2,Sweep Line,Local,16,0.45136418,9.02728358,80.45%,39.7508159000,0.1091839000,0.3144989001,5.5430641999,1.3272106003,26.6007264998,6.9548499000,0.0001433998,0.1596618000,39.7575317000,312,251,61
4275,400,540,40,20,6,2,Sweep Line,Local,16,0.43372031,8.67440619,82.72%,40.1985005000,0.1239534000,0.3516159000,5.8086781997,1.4246158997,26.5398313000,7.1260970001,0.0001519999,0.1718339001,40.2101042000,324,268,56
4275,400,560,40,20,6,2,Sweep Line,Local,16,0.43200586,8.64011721,79.46%,40.1880535000,0.1251662001,0.3625071003,5.8333688000,1.4049709998,26.4983189001,7.1266577000,0.0001581998,0.1646593003,40.1951408000,336,267,69
4275,400,580,40,20,6,2,Sweep Line,Local,16,0.42029372,8.40587432,81.32%,41.7268731000,0.1335769001,0.3853135003,6.2342513999,1.5009858000,27.5639270998,7.1627506999,0.0001598000,0.1655959999,41.7398361000,348,283,65
4275,400,600,40,20,6,2,Sweep Line,Local,16,0.40447751,8.08955020,86.11%,44.1939689000,0.1418409000,0.4303963999,6.6831184997,1.6252493004,29.0471278001,7.6112765998,0.0001900001,0.1755900000,44.2439176000,360,310,50
4275,400,620,40,20,6,2,Sweep Line,Local,16,0.39321730,7.86434606,81.99%,44.7389818000,0.1524346000,0.4532348999,7.0727964998,1.6903228001,29.5989261999,7.1856685001,0.0001658999,0.1837252002,44.7467145000,372,305,67
4275,400,640,40,20,6,2,Sweep Line,Local,16,0.40046990,8.00939800,87.50%,47.2336116000,0.1606731001,0.4958764999,7.5604400002,1.8272576998,31.0351659999,7.7119929000,0.0001654001,0.1891111000,47.2459715000,384,336,48
4275,400,660,40,20,6,2,Sweep Line,Local,16,0.41325837,8.26516736,85.86%,47.0215370000,0.1752284000,0.5201160001,7.5546341999,1.8322199997,30.5093684001,7.9642159000,0.0001798999,0.2038439001,47.0367593000,396,340,56
4275,400,680,40,20,6,2,Sweep Line,Local,16,0.39792944,7.95858886,85.54%,49.9300167000,0.1818187999,0.5504235999,8.0617959997,1.9754722000,32.9448957001,7.9217784001,0.0001771999,0.1931120001,49.9371388000,408,349,59
4275,400,700,40,20,6,2,Sweep Line,Local,16,0.38436343,7.68726856,88.57%,52.2125257000,0.1967833998,0.5971249001,8.6249442001,2.0953144002,34.1829684002,8.3153312998,0.0001872000,0.2119750999,52.2247461000,420,372,48
4275,400,720,40,20,6,2,Sweep Line,Local,16,0.37961466,7.59229325,92.59%,53.8294539000,0.2038133998,0.6528985001,9.2353281999,2.2624159003,34.8637613001,8.5755837000,0.0001852001,0.2106998000,53.8370121000,432,400,32
4275,400,740,40,20,6,2,Sweep Line,Local,16,0.36531918,7.30638358,89.86%,53.7688846000,0.2147895998,0.6947801000,9.1636517998,2.2387974999,34.7063377999,8.6705487001,0.0001951000,0.2209350003,53.7771047000,444,399,45
4275,400,760,40,20,6,2,Sweep Line,Local,16,0.36723682,7.34473647,91.45%,55.0476994000,0.2334210000,0.7204192001,9.5075151997,2.3152842999,35.5302012999,8.8086450001,0.0002004001,0.1593321999,55.0561288000,456,417,39
4275,400,780,40,20,6,2,Sweep Line,Local,16,0.33653272,6.73065438,86.11%,52.2691463000,0.2393164001,0.7083675000,9.6455651999,2.3372901003,33.4822359998,7.9377879001,0.0002062000,0.1786806997,52.2822013000,468,403,65
4275,400,800,40,20,6,2,Sweep Line,Local,16,0.36472488,7.29449757,91.25%,57.9325211000,0.2525803001,0.7994645002,10.2267123997,2.5109850999,37.4532192000,8.9338051001,0.0002086999,0.1732808999,57.9403182000,480,438,42
4275,400,820,40,20,6,2,Sweep Line,Local,16,0.33548127,6.70962531,91.06%,58.0621398000,0.2604872999,0.8234553999,10.6173975002,2.6124501000,37.2993556001,8.8024024000,0.0002161001,0.1705169001,58.1079129000,492,448,44
4275,400,840,40,20,6,2,Sweep Line,Local,16,0.34469779,6.89395572,91.27%,59.2764902000,0.2886719002,0.8815026002,11.1869139999,2.7509888995,37.5419002001,9.0956581999,0.0002307002,0.1846537999,59.2926190000,504,460,44
4275,400,860,40,20,6,2,Sweep Line,Local,16,0.31569105,6.31382093,94.96%,61.9205440000,0.3091674001,0.9604625000,11.8810051000,2.9078111999,39.4493866000,9.0471760001,0.0002179999,0.1865624998,61.9338579000,516,490,26
4275,400,880,40,20,6,2,Sweep Line,Local,16,0.31001298,6.20025962,91.29%,60.2315479000,0.2965043001,0.9647933001,11.6675487002,2.8547765999,38.2917898998,8.7320366997,0.0002234002,0.1812791997,60.2418692000,528,482,46
4275,400,900,40,20,6,2,Sweep Line,Local,16,0.32784366,6.55687315,93.52%,62.1174979000,0.3148774001,1.0215367002,11.8596881999,2.9469472002,39.0585802000,9.5583349000,0.0002360998,0.1848211998,62.1302234000,540,505,35
4275,400,920,40,20,6,2,Sweep Line,Local,16,0.31465879,6.29317587,91.49%,56.8266048000,0.3029910000,0.9260477000,10.9918046002,2.7586945002,35.9012515000,8.4381879003,0.0002029000,0.1736858001,56.8347138000,552,505,47
4275,400,940,40,20,6,2,Sweep Line,Local,16,0.33001588,6.60031769,94.15%,58.5903561000,0.3205278998,1.0195109999,11.6412122002,2.9262320998,36.4394473001,8.8857286001,0.0002081999,0.1878756001,58.6025254000,564,531,33
4275,400,960,40,20,6,2,Sweep Line,Local,16,0.32388306,6.47766122,95.66%,60.6421859000,0.3301339001,1.0639009000,11.9918923994,3.0256771006,37.9148045001,9.0688536998,0.0002154000,0.1797432001,60.6540313000,576,551,25
4275,400,980,40,20,6,2,Sweep Line,Local,16,0.31338809,6.26776184,95.07%,61.7118899000,0.3523830001,1.1031761000,12.5086830000,3.1179447002,38.5245851999,8.9410593999,0.0002517001,0.1815007000,61.7217551000,588,559,29
4275,400,1000,40,20,6,2,Sweep Line,Local,16,0.30008992,6.00179837,95.00%,61.4385994000,0.3590901000,1.1425444000,12.6469898007,3.2024290005,37.9947744003,9.0170047999,0.0002297001,0.1851184000,61.4501979000,600,570,30
4275,400,60,40,20,6,2,Sweep Line,Local,16,0.60799571,12.15991426,16.67%,1.3647910000,0.0013204000,0.0012519000,0.0681492000,0.0218752000,0.7639925000,0.4971130000,0.0000155000,0.0279828000,1.3660181000,36,6,30
4275,400,80,40,20,6,2,Sweep Line,Local,16,0.64017480,12.80349597,25.00%,2.4744706000,0.0023823999,0.0029626999,0.1737164000,0.0506204000,1.6041232000,0.6502163000,0.0000212000,0.0327281000,2.4756511000,48,12,36
4275,400,100,40,20,6,2,Sweep Line,Local,16,0.59815891,11.96317819,35.00%,5.1802326000,0.0039922000,0.0061442000,0.3452965000,0.0813881001,3.4038192000,1.3713203000,0.0000280001,0.0379445000,5.1816174000,60,21,39
4275,400,120,40,20,6,2,Sweep Line,Local,16,0.45120458,9.02409152,36.11%,5.8585221000,0.0051965999,0.0084212000,0.3759777000,0.0919809999,3.6733311000,1.7406444000,0.0000439000,0.0392970000,5.8602342000,72,26,46
4275,400,140,40,20,6,2,Sweep Line,Local,16,0.58686634,11.73732687,25.00%,4.5873085000,0.0064837000,0.0073619999,0.4317588001,0.1089892001,3.1062037000,0.9826686000,0.0000360999,0.0400580000,4.5891504000,84,21,63
4275,400,160,40,20,6,2,Sweep Line,Local,16,0.45830376,9.16607530,36.46%,7.1544195000,0.0089420000,0.0138384999,0.5262111000,0.1286321002,4.4373197001,2.1002224001,0.0000430999,0.0475288000,7.1564556000,96,35,61
4275,400,180,40,20,6,2,Sweep Line,Local,16,0.58314991,11.66299815,35.19%,7.1945738000,0.0123231000,0.0168594001,0.6017233000,0.1445139001,4.5638802000,1.9160823000,0.0000482001,0.0513356001,7.1968343000,108,38,70
4275,400,200,40,20,6,2,Sweep Line,Local,16,0.60893590,12.17871803,36.67%,7.9732887000,0.0134766000,0.0206633999,0.6577513999,0.1617112000,4.9552621000,2.2425603000,0.0000813000,0.0561377999,7.9755556000,120,44,76
4275,400,220,40,20,6,2,Sweep Line,Local,16,0.51502205,10.30044091,42.42%,10.2245887000,0.0180759000,0.0306884000,0.9201800001,0.2267078000,6.6756297001,2.4783032000,0.0000641999,0.0701749000,10.2270764000,132,56,76
4275,400,240,40,20,6,2,Sweep Line,Local,16,0.51727974,10.34559484,45.83%,12.1264527000,0.0206227000,0.0367374002,1.1461934000,0.2802159001,8.0907492999,2.7367951000,0.0000786999,0.0627747000,12.1295334000,144,66,78
4275,400,260,40,20,6,2,Sweep Line,Local,16,0.59323987,11.86479745,51.92%,14.7882306000,0.0254762001,0.0473235000,1.3798808000,0.3269984000,9.9466025999,3.2784358000,0.0000990001,0.0705497999,14.7907551000,156,81,75
4275,400,280,40,20,6,2,Sweep Line,Local,16,0.55500454,11.10009087,56.55%,17.5076838000,0.0301624000,0.0614290999,1.7325971000,0.4180108000,11.8923371000,3.6735171000,0.0000884999,0.0792134999,17.5120410000,168,95,73
4275,400,300,40,20,6,2,Sweep Line,Local,16,0.55175130,11.03502601,60.56%,18.0823069000,0.0338846001,0.0790788001,1.8066272000,0.4446699999,11.9659231000,4.0573152000,0.0000780001,0.0857534001,18.0854611000,180,109,71
4275,400,320,40,20,6,2,Sweep Line,Local,16,0.53410246,10.68204910,59.38%,18.2092156000,0.0363780000,0.0848009001,2.0125970999,0.4994094001,12.1121834000,3.8299617001,0.0000829999,0.0860650000,18.2124718000,192,114,78
4275,400,340,40,20,6,2,Sweep Line,Local,16,0.51992900,10.39858004,63.24%,20.1545222000,0.0447330998,0.1037507998,2.2816411997,0.5645395999,13.2911681999,4.2694683000,0.0000920001,0.0982023001,20.1577952000,204,129,75
4275,400,360,40,20,6,2,Sweep Line,Local,16,0.53149684,10.62993680,63.43%,21.5254501000,0.0453903000,0.1109033000,2.4484758002,0.5964835001,14.4426707001,4.3210149002,0.0001048000,0.1018797000,21.5289036000,216,137,79
4275,400,380,40,20,6,2,Sweep Line,Local,16,0.48349304,9.66986070,68.42%,24.0495960000,0.0522354001,0.1307304000,2.8371887002,0.6937626003,15.9267660000,4.9436842998,0.0001004002,0.1037573000,24.0533753000,228,156,72
4275,400,400,40,20,6,2,Sweep Line,Local,16,0.47700428,9.54008568,71.67%,26.4133974000,0.0603520999,0.1519329998,3.1919802000,0.8047334999,17.6651061000,5.1577002001,0.0001037999,0.1250563001,26.4181059000,240,172,68
4275,400,420,40,20,6,2,Sweep Line,Local,16,0.51059124,10.21182478,70.24%,26.0786377000,0.0645938999,0.1968008002,3.2937244000,0.7960789998,17.4093562999,4.9402477001,0.0001058999,0.1111273001,26.0826058000,252,177,75
4275,400,440,40,20,6,2,Sweep Line,Local,16,0.47064606,9.41292129,72.73%,29.3507028000,0.0688101000,0.1785196998,3.6130361002,0.8808901000,19.8960980999,5.4065194999,0.0001100999,0.1125528000,29.3550552000,264,192,72
4275,400,460,40,20,6,2,Sweep Line,Local,16,0.48921019,9.78420380,75.00%,29.6797742000,0.0798259001,0.2129423002,3.7306675000,0.9205037999,19.5289488001,5.9132545001,0.0001169000,0.1252200000,29.6878266000,276,207,69
4275,400,480,40,20,6,2,Sweep Line,Local,16,0.45745408,9.14908154,76.39%,30.7528488000,0.0829762000,0.2273518000,4.0353631997,1.0087971004,20.2171766001,5.9816812002,0.0001203999,0.1318493000,30.7573009000,288,220,68
4275,400,500,40,20,6,2,Sweep Line,Local,16,0.47677859,9.53557174,77.00%,31.9018774000,0.0924042001,0.2497503000,4.2214377002,1.0468900999,20.8113702000,6.3134175999,0.0001254999,0.1377285000,31.9066521000,300,231,69
4275,400,520,40,20,6,2,Sweep Line,Local,16,0.45136418,9.02728358,80.45%,35.4359975000,0.0987545000,0.2833192998,5.0628731999,1.2287406000,23.6356554999,6.1357051000,0.0001650998,0.1451918001,35.4446719000,312,251,61
4275,400,540,40,20,6,2,Sweep Line,Local,16,0.43372031,8.67440619,82.72%,36.2401673000,0.1045065001,0.3062540002,5.1684444001,1.2616273003,24.0426370999,6.3862652000,0.0001430001,0.1445070000,36.2463641000,324,268,56
4275,400,560,40,20,6,2,Sweep Line,Local,16,0.43200586,8.64011721,79.46%,35.7655202000,0.1122779000,0.3129582999,5.1754006999,1.2814170002,23.5279909001,6.4043453000,0.0001359000,0.1552347001,35.7714091000,336,267,69
4275,400,580,40,20,6,2,Sweep Line,Local,16,0.42029372,8.40587432,81.32%,37.5412228000,0.1247844000,0.3546933000,5.6917350998,1.4001534000,24.6642604000,6.4615455000,0.0001580999,0.1678534999,37.5463561000,348,283,65
4275,400,600,40,20,6,2,Sweep Line,Local,16,0.40447751,8.08955020,86.11%,39.1068167000,0.1291495999,0.3793645004,6.0570589000,1.5104819001,25.6490625000,6.6391620999,0.0001368001,0.1654511999,39.1134856000,360,310,50
4275,400,620,40,20,6,2,Sweep Line,Local,16,0.39321730,7.86434606,81.99%,40.3470784000,0.1384635001,0.4153879997,6.3397941998,1.5618336002,26.7364847001,6.4755051000,0.0001455999,0.1700710998,40.3537960000,372,305,67
4275,400,640,40,20,6,2,Sweep Line,Local,16,0.40046990,8.00939800,87.50%,42.6431895000,0.1496294999,0.4588291000,6.9638843001,1.7549384002,27.7675066999,7.0373618999,0.0001539000,0.1831856001,42.6493594000,384,336,48
4275,400,660,40,20,6,2,Sweep Line,Local,16,0.41325837,8.26516736,85.86%,42.1797996000,0.1620107001,0.4636411002,6.8519880001,1.7122625995,27.3050292999,7.1213136999,0.0001550001,0.1874982000,42.1883021000,396,340,56
4275,400,680,40,20,6,2,Sweep Line,Local,16,0.39792944,7.95858886,85.54%,44.7551117000,0.1653070999,0.4922713001,7.2456356999,1.8140447996,29.5462781001,7.0398811000,0.0001944998,0.1850963999,44.7619372000,408,349,59
4275,400,700,40,20,6,2,Sweep Line,Local,16,0.38436343,7.68726856,88.57%,46.6993293000,0.1785337000,0.5345198001,7.8151562995,1.9513112003,30.4729266000,7.4228553999,0.0001580000,0.1951846000,46.7056236000,420,372,48
4275,400,720,40,20,6,2,Sweep Line,Local,16,0.37961466,7.59229325,92.59%,48.4477899000,0.1988302998,0.5932938999,8.3646299006,2.0762562996,31.1896915003,7.8083165000,0.0001699000,0.2071968001,48.4541053000,432,400,32
4275,400,740,40,20,6,2,Sweep Line,Local,16,0.36531918,7.30638358,89.86%,48.1374762000,0.1917665001,0.6010447003,8.2601297000,2.0667306997,30.9323149000,7.8629043000,0.0001706000,0.2005545996,48.1441955000,444,399,45
4275,400,760,40,20,6,2,Sweep Line,Local,16,0.36723682,7.34473647,91.45%,49.5910359000,0.2062609998,0.6608758001,8.6953751999,2.1642220000,31.7748435000,8.0063800000,0.0001932000,0.1485501998,49.6009927000,456,417,39
4275,400,780,40,20,6,2,Sweep Line,Local,16,0.33653272,6.73065438,86.11%,47.1076923000,0.2244610998,0.6399971002,8.6980431000,2.1611314005,30.1838313999,7.1293683000,0.0001854999,0.1553000003,47.1173102000,468,403,65
4275,400,800,40,20,6,2,Sweep Line,Local,16,0.36472488,7.29449757,91.25%,51.6317095000,0.2272873998,0.6961341997,9.1532523999,2.3015796001,33.1540185000,8.1492854002,0.0001758998,0.1599518003,51.6389929000,480,438,42
4275,400,820,40,20,6,2,Sweep Line,Local,16,0.33548127,6.70962531,91.06%,52.4016574000,0.2443169001,0.7451671999,9.6683247999,2.4353137002,33.5194282000,7.9705690999,0.0002035999,0.1683330002,52.4361311000,492,448,44
4275,400,840,40,20,6,2,Sweep Line,Local,16,0.34469779,6.89395572,91.27%,53.3563554000,0.2456717999,0.8108292999,9.8359874997,2.4782129000,34.0232659000,8.1863566002,0.0001952001,0.1706861000,53.3661694000,504,460,44
4275,400,860,40,20,6,2,Sweep Line,Local,16,0.31569105,6.31382093,94.96%,55.4424180000,0.2704780000,0.8558555002,10.7578364000,2.6907452003,35.1643981000,8.1252612000,0.0001939000,0.1812990001,55.4497678000,516,490,26
4275,400,880,40,20,6,2,Sweep Line,Local,16,0.31001298,6.20025962,91.29%,54.2996639000,0.2802807000,0.8476629001,10.5121342998,2.6488469001,34.4263790998,7.9600565000,0.0001957001,0.1750892000,54.3076930000,528,482,46
4275,400,900,40,20,6,2,Sweep Line,Local,16,0.32784366,6.55687315,93.52%,55.5731430000,0.2931241999,0.9033411004,10.5180560004,2.6525020003,34.9956533998,8.5746233000,0.0002019999,0.1737351999,55.5812537000,540,505,35
4275,400,920,40,20,6,2,Sweep Line,Local,16,0.31465879,6.29317587,91.49%,55.8806664000,0.2982795000,0.9255508998,10.9500410998,2.7525501003,35.0869458001,8.3540671999,0.0002217000,0.1750518999,55.8886588000,552,505,47
4275,400,940,40,20,6,2,Sweep Line,Local,16,0.33001588,6.60031769,94.15%,58.4335171000,0.3108373001,0.9946892999,11.4696169005,2.8839452003,36.4516761999,8.9282355999,0.0002112998,0.1744311003,58.4450449000,564,531,33
4275,400,960,40,20,6,2,Sweep Line,Local,16,0.32388306,6.47766122,95.66%,60.7660378000,0.3336628000,1.0607229996,12.1285135001,3.0911954000,37.8431744000,9.1234061999,0.0002307997,0.1806011999,60.7908175000,576,551,25
4275,400,980,40,20,6,2,Sweep Line,Local,16,0.31338809,6.26776184,95.07%,61.2314881000,0.3437148000,1.0914161003,12.3705627998,3.0977037999,38.1560299998,8.9961073001,0.0002193997,0.1808131000,61.2405173000,588,559,29
4275,400,1000,40,20,6,2,Sweep Line,Local,16,0.30008992,6.00179837,95.00%,60.9513396000,0.3523985002,1.1424427997,12.6593250005,3.2019702002,37.4761701000,9.0340866998,0.0002225000,0.1819027000,60.9640646000,600,570,30
4275,400,60,40,20,6,2,Sweep Line,Local,18,0.60799571,12.15991426,16.67%,1.3455950000,0.0013671000,0.0012692000,0.0673496000,0.0209774000,0.7797941000,0.4603555000,0.0000160000,0.0299897000,1.3466560000,36,6,30
4275,400,80,40,20,6,2,Sweep Line,Local,18,0.64017480,12.80349597,25.00%,2.5950788000,0.0025601000,0.0031483001,0.1991249000,0.0608246000,1.6811623000,0.6693755000,0.0000227000,0.0310371000,2.5966336000,48,12,36
4275,400,100,40,20,6,2,Sweep Line,Local,18,0.59815891,11.96317819,35.00%,5.1402400000,0.0038522000,0.0055318000,0.3598342999,0.0781532000,3.3640121000,1.3574781000,0.0000270000,0.0374650000,5.1416789000,60,21,39
4275,400,120,40,20,6,2,Sweep Line,Local,18,0.45120458,9.02409152,36.11%,5.9566589000,0.0058193999,0.0084493000,0.4131184000,0.0992455001,3.7545884000,1.7164487000,0.0000368000,0.0410585000,5.9589541000,72,26,46
4275,400,140,40,20,6,2,Sweep Line,Local,18,0.58686634,11.73732687,25.00%,4.5082931000,0.0061046000,0.0078241000,0.4139490001,0.0901995000,2.9935625000,1.0234728000,0.0000355000,0.0413900999,4.5100575000,84,21,63
4275,400,160,40,20,6,2,Sweep Line,Local,18,0.45830376,9.16607530,36.46%,7.1736715000,0.0085778002,0.0141578001,0.5638741001,0.1279268000,4.5352766000,1.9861439000,0.0000416000,0.0446349001,7.1759802000,96,35,61
4275,400,180,40,20,6,2,Sweep Line,Local,18,0.58314991,11.66299815,35.19%,7.2870075000,0.0110887001,0.0171291000,0.6432133000,0.1459835000,4.6038117000,1.9386623000,0.0000461999,0.0502349000,7.2895235000,108,38,70
4275,400,200,40,20,6,2,Sweep Line,Local,18,0.60893590,12.17871803,36.67%,7.9447220000,0.0135576000,0.0218709000,0.7059151999,0.1653112000,4.9302391000,2.1858323000,0.0000512000,0.0608370999,7.9477434000,120,44,76
4275,400,220,40,20,6,2,Sweep Line,Local,18,0.51502205,10.30044091,42.42%,11.5768914000,0.0212214999,0.0352593000,1.1073131000,0.2638633000,7.5224110000,2.7903117999,0.0000756999,0.0688784999,11.5793899000,132,56,76
4275,400,240,40,20,6,2,Sweep Line,Local,18,0.51727974,10.34559484,45.83%,13.7364920000,0.0244640000,0.0471507999,1.3821920998,0.3181152000,9.0628650000,3.1055452000,0.0000812999,0.0775030001,13.7394137000,144,66,78
4275,400,260,40,20,6,2,Sweep Line,Local,18,0.59323987,11.86479745,51.92%,15.0371397000,0.0236520001,0.0464244000,1.4846763998,0.3350255999,10.0096224000,3.3659619000,0.0000664001,0.0714960999,15.0408066000,156,81,75
4275,400,280,40,20,6,2,Sweep Line,Local,18,0.55500454,11.10009087,56.55%,17.8498033000,0.0279256000,0.0589296999,1.8146452999,0.4137978000,12.1695099999,3.6676308000,0.0000751000,0.0744026001,17.8531159000,168,95,73
4275,400,300,40,20,6,2,Sweep Line,Local,18,0.55175130,11.03502601,60.56%,17.9984235000,0.0322544999,0.0750616999,1.9779743003,0.4525719001,11.7592226000,4.0174023000,0.0000807000,0.0814516001,18.0026656000,180,109,71
4275,400,320,40,20,6,2,Sweep Line,Local,18,0.53410246,10.68204910,59.38%,18.5602962000,0.0375401999,0.0813183000,2.1562481000,0.5127699001,12.2530453001,3.8981394000,0.0000831999,0.0867116001,18.5638473000,192,114,78
4275,400,340,40,20,6,2,Sweep Line,Local,18,0.51992900,10.39858004,63.24%,20.1684934000,0.0419098000,0.0995088000,2.3681928999,0.5449868000,13.2639902999,4.2491037001,0.0000894000,0.0932526000,20.1721288000,204,129,75
4275,400,360,40,20,6,2,Sweep Line,Local,18,0.53149684,10.62993680,63.43%,21.5834950000,0.0482875999,0.1061530001,2.6273758001,0.6081604002,14.2091675000,4.4457376000,0.0000912000,0.0971831999,21.5871379000,216,137,79
4275,400,380,40,20,6,2,Sweep Line,Local,18,0.48334239,9.66684775,68.42%,23.8829252000,0.0508423000,0.2163948001,2.9987762000,0.7002353999,15.7195173000,4.7322929999,0.0001102001,0.0999458001,23.8865350000,228,156,72
4275,400,400,40,20,6,2,Sweep Line,Local,18,0.47700428,9.54008568,71.67%,26.5476540000,0.0573591001,0.1514254998,3.4241424002,0.7853745997,17.5646753000,5.1727634000,0.0000991000,0.1085036000,26.5548760000,240,172,68
4275,400,420,40,20,6,2,Sweep Line,Local,18,0.51059124,10.21182478,70.24%,26.4665063000,0.0632556001,0.1646465002,3.5684812002,0.8175362997,17.5559349000,4.9352005000,0.0001076999,0.1131396999,26.4715514000,252,177,75
4275,400,440,40,20,6,2,Sweep Line,Local,18,0.47064606,9.41292129,72.73%,29.5125238000,0.0695057001,0.1816602000,3.9361910999,0.9155554000,19.8281282001,5.3118439000,0.0001258001,0.1226704999,29.5167929000,264,192,72
4275,400,460,40,20,6,2,Sweep Line,Local,18,0.48921019,9.78420380,75.00%,30.1757200000,0.0794130000,0.2149906002,4.0231254002,0.9372035000,19.8140377000,5.8471957999,0.0001155001,0.1248502000,30.1803294000,276,207,69
4275,400,480,40,20,6,2,Sweep Line,Local,18,0.45745408,9.14908154,76.39%,30.9842139000,0.0810663002,0.2249735999,4.3273645998,1.0127434002,20.1723588001,5.9738373000,0.0001217000,0.1306455999,30.9892485000,288,220,68
4275,400,500,40,20,6,2,Sweep Line,Local,18,0.47677859,9.53557174,77.00%,32.3755002000,0.0908578000,0.2552507001,4.6456728000,1.0894738997,20.9320786999,6.2232243998,0.0001222000,0.1517836000,32.3807710000,300,231,69
4275,400,520,40,20,6,2,Sweep Line,Local,18,0.45131116,9.02622317,80.45%,35.8554509000,0.0960976000,0.2677388000,5.2761544001,1.2306927999,23.7660127000,6.2301201999,0.0001284999,0.1534899999,35.8608165000,312,251,61
4275,400,540,40,20,6,2,Sweep Line,Local,18,0.43372031,8.67440619,82.72%,36.5366293000,0.1067757001,0.3118464000,5.6223321998,1.3214688002,23.8792938001,6.3884811001,0.0001272002,0.1484124000,36.5420307000,324,268,56
4275,400,560,40,20,6,2,Sweep Line,Local,18,0.43200586,8.64011721,79.46%,35.9599067000,0.1153783999,0.3178954000,5.6138398999,1.3055185999,23.2674988998,6.4079405999,0.0001335000,0.1586242000,35.9653159000,336,267,69
4275,400,580,40,20,6,2,Sweep Line,Local,18,0.42029372,8.40587432,81.32%,37.4031003000,0.1213813000,0.3399435002,5.8745657002,1.3576766996,24.4022394999,6.4266352999,0.0002278000,0.1598726002,37.4112322000,348,283,65
4275,400,600,40,20,6,2,Sweep Line,Local,18,0.40442135,8.08842708,86.11%,40.3527101000,0.1362774999,0.3937587997,6.6206057002,1.5417737001,26.0419240000,6.8895132000,0.0001542000,0.1738889001,40.3590621000,360,310,50
4275,400,620,40,20,6,2,Sweep Line,Local,18,0.39321730,7.86434606,81.99%,40.4690144000,0.1368941000,0.3914227998,6.7590310998,1.5715859002,26.5595484000,6.3770937000,0.0001596998,0.1715276003,40.4810717000,372,305,67
4275,400,640,40,20,6,2,Sweep Line,Local,18,0.40038009,8.00760188,87.50%,43.0906562000,0.1499946001,0.4565075000,7.3634170003,1.7060459998,27.8308556000,7.0331673999,0.0001699000,0.1777773998,43.0979483000,384,336,48
4275,400,660,40,20,6,2,Sweep Line,Local,18,0.41325837,8.26516736,85.86%,43.1185513000,0.1571499003,0.4742695002,7.3948234997,1.7222151999,27.6757654999,7.1370472001,0.0001516998,0.1920200002,43.1252784000,396,340,56
4275,400,680,40,20,6,2,Sweep Line,Local,18,0.39790883,7.95817664,85.54%,45.3417335000,0.1675955000,0.4878424998,7.7270302999,1.8093651995,29.5101861999,7.1744425998,0.0001631000,0.1970965999,45.3493299000,408,349,59
4275,400,700,40,20,6,2,Sweep Line,Local,18,0.38432736,7.68654726,88.57%,47.3624350000,0.1753431000,0.5473642998,8.3884123001,1.9560714001,30.5284420002,7.4418425999,0.0001631999,0.1978980999,47.3690654000,420,372,48
4275,400,720,40,20,6,2,Sweep Line,Local,18,0.37961802,7.59236032,92.59%,49.3163713000,0.1869567001,0.6028311997,8.9691091996,2.1026331002,31.5366192000,7.7176943998,0.0001863002,0.2086993001,49.3250247000,432,400,32
4275,400,740,40,20,6,2,Sweep Line,Local,18,0.36529687,7.30593741,89.86%,49.1290503000,0.2033609998,0.6032069998,8.8787611001,2.0859081000,31.1819151999,7.9622649003,0.0001813998,0.2095870001,49.1370521000,444,399,45
4275,400,760,40,20,6,2,Sweep Line,Local,18,0.36717902,7.34358039,91.45%,50.2777530000,0.2098557998,0.6654412999,9.3042203999,2.1878050000,31.7671961002,8.0740956001,0.0001740002,0.1500965999,50.2888822000,456,417,39
4275,400,780,40,20,6,2,Sweep Line,Local,18,0.33648157,6.72963146,86.11%,48.0126020000,0.2238666001,0.6320601999,9.3266117001,2.1871878002,30.3457651000,7.2496018000,0.0001874002,0.1521713998,48.0205554000,468,403,65
4275,400,800,40,20,6,2,Sweep Line,Local,18,0.36461232,7.29224631,91.25%,52.7787910000,0.2300763999,0.7237780000,9.9623867003,2.3417614998,33.4135968000,8.1916193000,0.0001770999,0.1572400998,52.8149700000,480,438,42
4275,400,820,40,20,6,2,Sweep Line,Local,18,0.33548127,6.70962531,91.06%,52.6314433000,0.2445929000,0.7435962998,10.2007384998,2.3944044997,33.1975368001,7.9959192001,0.0001889998,0.1664353999,52.6384734000,492,448,44
4275,400,840,40,20,6,2,Sweep Line,Local,18,0.34419102,6.88382043,91.27%,54.2498364000,0.2563673000,0.7806724997,10.6416143000,2.4977884005,34.0151457000,8.3047910998,0.0002059999,0.1662153001,54.2568952000,504,460,44
4275,400,860,40,20,6,2,Sweep Line,Local,18,0.31569105,6.31382093,94.96%,56.6380592000,0.2662941000,0.8514837997,11.5091360997,2.7082632998,35.4935979002,8.2544762002,0.0001911000,0.1737600000,56.6454566000,516,490,26
4275,400,880,40,20,6,2,Sweep Line,Local,18,0.30999644,6.19992873,91.29%,55.2597556000,0.2780978999,0.8440229000,11.3368028000,2.6865064000,34.6247832000,7.9197295000,0.0001974996,0.1734871002,55.2691448000,528,482,46
4275,400,900,40,20,6,2,Sweep Line,Local,18,0.32781984,6.55639681,93.52%,57.3455972000,0.3006277001,0.9273303997,11.6506828001,2.7387537006,35.3999339999,8.7902600001,0.0002007001,0.1750045997,57.3530216000,540,505,35
4275,400,920,40,20,6,2,Sweep Line,Local,18,0.31465879,6.29317587,91.49%,56.9997304000,0.3099618999,0.9243794001,11.7779005999,2.7859460000,35.2475187999,8.4641785000,0.0002095001,0.1828352003,57.0121466000,552,505,47
4275,400,940,40,20,6,2,Sweep Line,Local,18,0.32986246,6.59724920,94.15%,59.6685704000,0.3291302997,1.0195051000,12.3887665000,2.9537230998,36.6310926003,9.0230648002,0.0002135000,0.1814687003,59.6819973000,564,531,33
4275,400,960,40,20,6,2,Sweep Line,Local,18,0.32362855,6.47257108,95.66%,61.9599428000,0.3292881000,1.0636840002,12.8749823009,3.0603311000,38.2707318000,9.1436692000,0.0003199001,0.1770338001,61.9684312000,576,551,25
4275,400,980,40,20,6,2,Sweep Line,Local,18,0.31338297,6.26765947,95.07%,62.6105194000,0.3415266002,1.0958689997,13.5359272004,3.2071392995,38.2972677999,9.0653196001,0.0002132000,0.1753823996,62.6216121000,588,559,29
4275,400,1000,40,20,6,2,Sweep Line,Local,18,0.29997607,5.99952132,95.00%,62.4307497000,0.3500469001,1.1510417998,13.7518296998,3.2747273002,37.8719173001,9.0399644000,0.0002255998,0.1765162000,62.4398722000,600,570,30
4275,400,60,40,20,6,2,Sweep Line,Local,18,0.60799571,12.15991426,16.67%,1.6226610000,0.0013001000,0.0012243000,0.0673332000,0.0211312000,0.8942378000,0.6237589000,0.0000168000,0.0300291000,1.6236946000,36,6,30
4275,400,80,40,20,6,2,Sweep Line,Local,18,0.64017480,12.80349597,25.00%,2.5847739000,0.0021166000,0.0027503999,0.1804726000,0.0492386000,1.6677170000,0.6918109000,0.0000209000,0.0316722999,2.5859557000,48,12,36
4275,400,100,40,20,6,2,Sweep Line,Local,18,0.59815891,11.96317819,35.00%,5.1882488000,0.0038684000,0.0057653000,0.3719029000,0.0854081000,3.3401813000,1.4205962000,0.0000278000,0.0344862000,5.1901427000,60,21,39
4275,400,120,40,20,6,2,Sweep Line,Local,18,0.45120458,9.02409152,36.11%,5.8915457000,0.0050336000,0.0093048000,0.4094816000,0.0941946999,3.6423378000,1.7716282000,0.0000305000,0.0376519000,5.8931802000,72,26,46
4275,400,140,40,20,6,2,Sweep Line,Local,18,0.58686634,11.73732687,25.00%,4.5062486000,0.0065798000,0.0076185999,0.4105772000,0.0948530001,3.0067790000,1.0187643000,0.0000393000,0.0424159000,4.5083051000,84,21,63
4275,400,160,40,20,6,2,Sweep Line,Local,18,0.45830376,9.16607530,36.46%,7.2179602000,0.0091127000,0.0140272001,0.5728414000,0.1253142000,4.4642817000,2.0813746000,0.0000460000,0.0464549000,7.2199660000,96,35,61
4275,400,180,40,20,6,2,Sweep Line,Local,18,0.58314991,11.66299815,35.19%,7.1946439000,0.0108693000,0.0171639000,0.6385874000,0.1432876000,4.5176201000,1.9397694000,0.0000487000,0.0479746000,7.1969528000,108,38,70
4275,400,200,40,20,6,2,Sweep Line,Local,18,0.60893590,12.17871803,36.67%,7.8464937000,0.0131700000,0.0216495999,0.7014465000,0.1603905000,4.8953517000,2.1352745999,0.0000514001,0.0521098999,7.8493007000,120,44,76
4275,400,220,40,20,6,2,Sweep Line,Local,18,0.51502205,10.30044091,42.42%,10.4517571000,0.0178034000,0.0290510000,0.9464084000,0.2203100000,6.8436139000,2.5207800000,0.0000614000,0.0634752998,10.4542689000,132,56,76
4275,400,240,40,20,6,2,Sweep Line,Local,18,0.51727974,10.34559484,45.83%,12.4922089000,0.0211331999,0.0388953000,1.2114832000,0.2717968999,8.2578375000,2.8530355999,0.0000702000,0.0641175000,12.4950754000,144,66,78
4275,400,260,40,20,6,2,Sweep Line,Local,18,0.59323987,11.86479745,51.92%,15.2007359000,0.0249358001,0.0472778999,1.4958333998,0.3396910999,10.2015439000,3.3211752999,0.0000694000,0.0746096000,15.2040196000,156,81,75
4275,400,280,40,20,6,2,Sweep Line,Local,18,0.55500454,11.10009087,56.55%,17.5756520000,0.0287623999,0.0602411000,1.8258241999,0.4136665001,11.9634211000,3.5816448000,0.0000751999,0.0794455999,17.5788568000,168,95,73
4275,400,300,40,20,6,2,Sweep Line,Local,18,0.55175130,11.03502601,60.56%,18.0019298000,0.0318064999,0.0756530999,1.9646062001,0.4408958002,11.8063806001,3.9986799999,0.0000815001,0.0783467001,18.0057077000,180,109,71
4275,400,320,40,20,6,2,Sweep Line,Local,18,0.53410246,10.68204910,59.38%,19.1548684000,0.0374856000,0.0860286000,2.2421182000,0.5161882002,12.6896775000,3.9638344999,0.0000853999,0.0880506000,19.1585388000,192,114,78
4275,400,340,40,20,6,2,Sweep Line,Local,18,0.51992900,10.39858004,63.24%,20.2770885000,0.0447089001,0.0973019001,2.3283154999,0.5348876998,13.2622036000,4.3951103000,0.0001093000,0.0968941999,20.2816345000,204,129,75
4275,400,360,40,20,6,2,Sweep Line,Local,18,0.53149684,10.62993680,63.43%,21.2881608000,0.0474722000,0.1074728999,2.5876208999,0.5868620000,14.0486792000,4.3453667000,0.0000879000,0.0998428001,21.2916523000,216,137,79
4275,400,380,40,20,6,2,Sweep Line,Local,18,0.48334239,9.66684775,68.42%,24.4747787000,0.0519846999,0.1322655998,2.9901997998,0.6946519002,16.1910785000,4.9454403000,0.0000974999,0.1047803001,24.4786403000,228,156,72
4275,400,400,40,20,6,2,Sweep Line,Local,18,0.47700428,9.54008568,71.67%,26.5264314000,0.0568671000,0.1472524996,3.3093457000,0.7527634000,17.6232416000,5.2224512000,0.0000990999,0.1099835999,26.5306240000,240,172,68
4275,400,420,40,20,6,2,Sweep Line,Local,18,0.51059124,10.21182478,70.24%,26.4285913000,0.0624044999,0.1629626002,3.4701323002,0.7956440998,17.5905053002,4.9694392000,0.0001097000,0.1127355001,26.4344586000,252,177,75
4275,400,440,40,20,6,2,Sweep Line,Local,18,0.47064606,9.41292129,72.73%,30.0484868000,0.0713026999,0.1888254001,4.0526050998,0.9345488005,20.1088636000,5.4359075000,0.0001105001,0.1212749001,30.0532934000,264,192,72
4275,400,460,40,20,6,2,Sweep Line,Local,18,0.48921019,9.78420380,75.00%,29.7560622000,0.0766632000,0.2019973999,3.9356781000,0.8999503999,19.6015092002,5.7345655000,0.0001136999,0.1241466000,29.7617204000,276,207,69
4275,400,480,40,20,6,2,Sweep Line,Local,18,0.45745408,9.14908154,76.39%,31.3223058000,0.0837689000,0.2295142002,4.3467234006,0.9999055001,20.3862770000,6.0708263001,0.0001238998,0.1309945000,31.3271840000,288,220,68
4275,400,500,40,20,6,2,Sweep Line,Local,18,0.47677859,9.53557174,77.00%,32.1157277000,0.0919406998,0.2546160999,4.5887396003,1.0744389001,20.6962393998,6.2704486000,0.0001264000,0.1391549000,32.1207312000,300,231,69
4275,400,520,40,20,6,2,Sweep Line,Local,18,0.45131116,9.02622317,80.45%,36.1962247000,0.1034593000,0.2812564003,5.4235667998,1.2413956000,23.9206874999,6.2440147999,0.0001515999,0.1555640002,36.2014079000,312,251,61
4275,400,540,40,20,6,2,Sweep Line,Local,18,0.43372031,8.67440619,82.72%,36.8204711000,0.1077898000,0.3134111999,5.7154478000,1.3297995004,23.9360382000,6.5138389001,0.0001296000,0.1558903998,36.8270509000,324,268,56
4275,400,560,40,20,6,2,Sweep Line,Local,18,0.43200586,8.64011721,79.46%,36.8691863000,0.1185893999,0.3202979999,5.7070119999,1.3319352001,23.9447272002,6.5412582000,0.0001399999,0.1591911998,36.8753740000,336,267,69
4275,400,580,40,20,6,2,Sweep Line,Local,18,0.42029372,8.40587432,81.32%,37.5451371000,0.1182968000,0.3440802001,5.9101062000,1.3693324003,24.5370056999,6.3843903000,0.0001379001,0.1622530001,37.5566304000,348,283,65
4275,400,600,40,20,6,2,Sweep Line,Local,18,0.40442135,8.08842708,86.11%,40.7502997000,0.1313511001,0.3945720001,6.5616098003,1.5054798999,26.4019475001,7.0021512000,0.0001414999,0.1710169000,40.7573113000,360,310,50
4275,400,620,40,20,6,2,Sweep Line,Local,18,0.39321730,7.86434606,81.99%,41.7596313000,0.1478305000,0.4063603000,6.9879527001,1.6131633996,27.3099293999,6.6497905000,0.0001970999,0.1814491000,41.7690870000,372,305,67
4275,400,640,40,20,6,2,Sweep Line,Local,18,0.40038009,8.00760188,87.50%,43.8265186000,0.1590304000,0.4647912000,7.4857622000,1.7578860001,28.2943358999,7.1508100001,0.0001613000,0.1837971002,43.8377068000,384,336,48
4275,400,660,40,20,6,2,Sweep Line,Local,18,0.41325837,8.26516736,85.86%,43.5020721000,0.1632729001,0.4712164001,7.4227223999,1.7419166004,27.8279840002,7.3488364999,0.0001606000,0.1839674001,43.5087557000,396,340,56
4275,400,680,40,20,6,2,Sweep Line,Local,18,0.39790883,7.95817664,85.54%,45.7658227000,0.1721314000,0.5026107001,7.8548890003,1.8461535000,29.6810376000,7.2687359002,0.0001630998,0.1978905999,45.7724894000,408,349,59
4275,400,700,40,20,6,2,Sweep Line,Local,18,0.38432736,7.68654726,88.57%,47.4777691000,0.1803928999,0.5469174998,8.3995948998,1.9574814000,30.6747062002,7.4000250001,0.0001638001,0.1902537000,47.4997443000,420,372,48
4275,400,720,40,20,6,2,Sweep Line,Local,18,0.37961802,7.59236032,92.59%,49.6036673000,0.1904838999,0.6099140002,9.0248524003,2.1096671995,31.6314257000,7.8475613002,0.0001690997,0.2066854999,49.6097965000,432,400,32
4275,400,740,40,20,6,2,Sweep Line,Local,18,0.36529687,7.30593741,89.86%,49.6919841000,0.2003793999,0.6261529002,8.9717590000,2.1217701000,31.5880136000,8.0055396000,0.0001716001,0.2074282998,49.6991559000,444,399,45
4275,400,760,40,20,6,2,Sweep Line,Local,18,0.36717902,7.34358039,91.45%,50.9096674000,0.2153482000,0.6487886002,9.2544951999,2.1501681003,32.4054674000,8.1449685001,0.0001892999,0.1519281000,50.9166243000,456,417,39
4275,400,780,40,20,6,2,Sweep Line,Local,18,0.33648157,6.72963146,86.11%,48.1316544000,0.2233910998,0.6384050001,9.3440316002,2.1697336998,30.4870677001,7.2010649998,0.0001882001,0.1578493997,48.1388195000,468,403,65
4275,400,800,40,20,6,2,Sweep Line,Local,18,0.36461232,7.29224631,91.25%,52.8552130000,0.2294381001,0.7068837999,9.9001404994,2.3271071002,33.6318307000,8.1381288998,0.0001830001,0.1620782002,52.9116548000,480,438,42
4275,400,820,40,20,6,2,Sweep Line,Local,18,0.33548127,6.70962531,91.06%,53.2795467000,0.2485048003,0.7491915998,10.3325786994,2.4307184005,33.6378237001,8.0508108000,0.0001921000,0.1660058999,53.2869094000,492,448,44
4275,400,840,40,20,6,2,Sweep Line,Local,18,0.34419102,6.88382043,91.27%,54.4158127000,0.2552649002,0.7749695002,10.6715819005,2.5042891000,34.2064596999,8.2493075999,0.0002136000,0.1729071997,54.4226786000,504,460,44
4275,400,860,40,20,6,2,Sweep Line,Local,18,0.31569105,6.31382093,94.96%,56.3557805000,0.2783732001,0.8628199001,11.5015095002,2.7115850002,35.1952903000,8.2627925000,0.0001861998,0.1676744999,56.3644478000,516,490,26
4275,400,880,40,20,6,2,Sweep Line,Local,18,0.30999644,6.19992873,91.29%,56.8297387000,0.2879295999,0.8801864998,11.7698364002,2.7853829000,35.4019323002,8.2262610003,0.0002004998,0.1745697999,56.8495483000,528,482,46
4275,400,900,40,20,6,2,Sweep Line,Local,18,0.32781984,6.55639681,93.52%,57.3482324000,0.2991514998,0.9238914001,11.4305137998,2.7139477997,35.6278937000,8.7755627998,0.0002077998,0.1780123001,57.3615334000,540,505,35
4275,400,920,40,20,6,2,Sweep Line,Local,18,0.31465879,6.29317587,91.49%,57.6157339000,0.3131964999,0.9424810005,11.9713893999,2.8627048003,35.6089606998,8.5097979000,0.0002076001,0.1770560000,57.6280351000,552,505,47
4275,400,940,40,20,6,2,Sweep Line,Local,18,0.32986246,6.59724920,94.15%,59.6916602000,0.3195554999,1.0083479000,12.4211377006,2.9364484002,36.7933548001,8.8758650000,0.0002142999,0.1708499001,59.7010510000,564,531,33
4275,400,960,40,20,6,2,Sweep Line,Local,18,0.32362855,6.47257108,95.66%,61.8216192000,0.3409864002,1.0682913003,12.9257960997,3.0994194004,38.1061073998,9.1053933998,0.0002125999,0.1790873996,61.8337743000,576,551,25
4275,400,980,40,20,6,2,Sweep Line,Local,18,0.31338297,6.26765947,95.07%,63.0400630000,0.3486754997,1.1043490000,13.4440664003,3.1857337994,38.7927047002,9.0771518999,0.0002172001,0.1794304999,63.0532783000,588,559,29
4275,400,1000,40,20,6,2,Sweep Line,Local,18,0.29997607,5.99952132,95.00%,62.6912159000,0.3764723000,1.1620015995,13.7622645003,3.2506782993,37.8772218999,9.2298092999,0.0002431000,0.1892006996,62.7055008000,600,570,30
4275,400,60,40,20,6,2,Sweep Line,Local,18,0.60799571,12.15991426,16.67%,1.5502486000,0.0013432000,0.0015132000,0.0926397001,0.0314345000,0.8293574000,0.5836809000,0.0000158000,0.0321175001,1.5512947000,36,6,30
4275,400,80,40,20,6,2,Sweep Line,Local,18,0.64017480,12.80349597,25.00%,2.5698374000,0.0022056999,0.0030586000,0.1772697000,0.0507850000,1.6742669000,0.6749809000,0.0000217000,0.0293688000,2.5712698000,48,12,36
4275,400,100,40,20,6,2,Sweep Line,Local,18,0.59815891,11.96317819,35.00%,5.2991708000,0.0040542000,0.0062014000,0.3901234001,0.0876690000,3.4057287000,1.4314853000,0.0000290000,0.0364433000,5.3004516000,60,21,39
4275,400,120,40,20,6,2,Sweep Line,Local,18,0.45120458,9.02409152,36.11%,5.9814903000,0.0050995000,0.0085892000,0.3991700000,0.0915022000,3.7920812000,1.7208032000,0.0000307000,0.0389735000,5.9831043000,72,26,46
4275,400,140,40,20,6,2,Sweep Line,Local,18,0.58686634,11.73732687,25.00%,4.6375265000,0.0067945999,0.0073926000,0.4073289000,0.0926850000,3.1797372000,0.9811657000,0.0000408000,0.0422300000,4.6394973000,84,21,63
4275,400,160,40,20,6,2,Sweep Line,Local,18,0.45830376,9.16607530,36.46%,7.4662146000,0.0091784000,0.0144029000,0.5850588000,0.1336918001,4.7131163001,2.0724245000,0.0000421001,0.0474236000,7.4687118000,96,35,61
4275,400,180,40,20,6,2,Sweep Line,Local,18,0.58314991,11.66299815,35.19%,7.3289637000,0.0124374001,0.0173023000,0.6425980999,0.1456970001,4.6032683000,1.9759180000,0.0000792000,0.0506742999,7.3310727000,108,38,70
4275,400,200,40,20,6,2,Sweep Line,Local,18,0.60893590,12.17871803,36.67%,7.7429110000,0.0142085000,0.0219053001,0.6992856999,0.1639832001,4.8032450000,2.1239977000,0.0000505001,0.0520672001,7.7450833000,120,44,76
4275,400,220,40,20,6,2,Sweep Line,Local,18,0.51502205,10.30044091,42.42%,10.5067163000,0.0171496000,0.0287733000,0.9491298999,0.2199813000,6.9239601999,2.4991173000,0.0000571000,0.0581883000,10.5090129000,132,56,76
4275,400,240,40,20,6,2,Sweep Line,Local,18,0.51727974,10.34559484,45.83%,12.3932918000,0.0209072000,0.0377601001,1.2082849998,0.2754445999,8.2218906000,2.8019820000,0.0000646000,0.0650166000,12.3958569000,144,66,78
4275,400,260,40,20,6,2,Sweep Line,Local,18,0.59323987,11.86479745,51.92%,15.1638052000,0.0247848999,0.0484356001,1.5616695001,0.3449857999,10.0442368999,3.3791537000,0.0000679000,0.0710287000,15.1665883000,156,81,75
4275,400,280,40,20,6,2,Sweep Line,Local,18,0.55500454,11.10009087,56.55%,18.2194245000,0.0285231000,0.0610510001,1.8953389003,0.4341640999,12.4200220000,3.7054349000,0.0000723000,0.0726938000,18.2232339000,168,95,73
4275,400,300,40,20,6,2,Sweep Line,Local,18,0.55175130,11.03502601,60.56%,18.1344069000,0.0336773000,0.0724952999,1.9271426999,0.4406303999,11.9201040000,4.0426839000,0.0000810000,0.0831773999,18.1383871000,180,109,71
4275,400,320,40,20,6,2,Sweep Line,Local,18,0.53410246,10.68204910,59.38%,18.6680393000,0.0365800000,0.0788204001,2.0581974003,0.4686069001,12.4410842000,3.9156748000,0.0000833000,0.0865376999,18.6718696000,192,114,78
4275,400,340,40,20,6,2,Sweep Line,Local,18,0.51992900,10.39858004,63.24%,20.4260344000,0.0411778002,0.0983174999,2.3819940001,0.5469567999,13.4258613000,4.3245179000,0.0000847998,0.0944289000,20.4292869000,204,129,75
4275,400,360,40,20,6,2,Sweep Line,Local,18,0.53149684,10.62993680,63.43%,21.8803807000,0.0498082998,0.1097279999,2.6884738001,0.6140429999,14.4241008000,4.4564741001,0.0000939001,0.0997543997,21.8840936000,216,137,79
4275,400,380,40,20,6,2,Sweep Line,Local,18,0.48334239,9.66684775,68.42%,24.2160662000,0.0522324000,0.1328960000,3.0242752999,0.6946686000,15.9496804998,4.8781210999,0.0000940000,0.1001939999,24.2202199000,228,156,72
4275,400,400,40,20,6,2,Sweep Line,Local,18,0.47700428,9.54008568,71.67%,26.5619557000,0.0589593000,0.1498010001,3.3294940997,0.7693861001,17.6206946000,5.2327635999,0.0001020000,0.1086985999,26.5994291000,240,172,68
4275,400,420,40,20,6,2,Sweep Line,Local,18,0.51059124,10.21182478,70.24%,26.6105502000,0.0648518000,0.1579194000,3.4837715002,0.8125370001,17.6973704000,5.0345037000,0.0001301001,0.1123364001,26.6162526000,252,177,75
4275,400,440,40,20,6,2,Sweep Line,Local,18,0.47064606,9.41292129,72.73%,30.0243829000,0.0720831000,0.1812012999,3.9103070001,0.8877039998,20.2726559999,5.4022866999,0.0001291001,0.1249212999,30.0295550000,264,192,72
4275,400,460,40,20,6,2,Sweep Line,Local,18,0.48921019,9.78420380,75.00%,30.0775945000,0.0809475001,0.2144206998,4.0618710004,0.9382133001,19.5902017002,5.9258027999,0.0001254000,0.1308073997,30.0824012000,276,207,69
4275,400,480,40,20,6,2,Sweep Line,Local,18,0.45745408,9.14908154,76.39%,31.2189180000,0.0849986999,0.2241804002,4.2894132999,0.9944240003,20.3036820000,6.1102318000,0.0001316000,0.1324952999,31.2239194000,288,220,68
4275,400,500,40,20,6,2,Sweep Line,Local,18,0.47677859,9.53557174,77.00%,32.7034732000,0.0971692000,0.2503971001,4.5746514999,1.0627932998,21.1609948999,6.4001085000,0.0001271001,0.1443715002,32.7093848000,300,231,69
4275,400,520,40,20,6,2,Sweep Line,Local,18,0.45131116,9.02622317,80.45%,37.3253797000,0.1062462001,0.2943606997,5.5957329996,1.3080725997,24.7508629998,6.3517784000,0.0001412999,0.1532590998,37.3306042000,312,251,61
4275,400,540,40,20,6,2,Sweep Line,Local,18,0.43372031,8.67440619,82.72%,38.9450988000,0.1171479001,0.3415995001,6.0969275000,1.4306387999,25.2538228000,6.8940952002,0.0001434000,0.1659323002,38.9523728000,324,268,56
4275,400,560,40,20,6,2,Sweep Line,Local,18,0.43200586,8.64011721,79.46%,36.7223166000,0.1179905000,0.3506017999,5.6304919000,1.2986718000,23.9479330000,6.4474422001,0.0001398001,0.1553012997,36.7284826000,336,267,69
4275,400,580,40,20,6,2,Sweep Line,Local,18,0.42029372,8.40587432,81.32%,38.0519041000,0.1239568999,0.3482667997,5.9601501002,1.3845378004,24.8762612998,6.4997800001,0.0001426000,0.1659705002,38.0584365000,348,283,65
4275,400,600,40,20,6,2,Sweep Line,Local,18,0.40442135,8.08842708,86.11%,40.5601749000,0.1330864999,0.3884052999,6.5477873000,1.5222511994,26.2534680999,6.9657568000,0.0001393997,0.1730492002,40.5657449000,360,310,50
4275,400,620,40,20,6,2,Sweep Line,Local,18,0.39321730,7.86434606,81.99%,40.6696858000,0.1405107000,0.4030246000,6.7966732000,1.5759409997,26.6301604999,6.4579043001,0.0001486002,0.1699956000,40.6794095000,372,305,67
4275,400,640,40,20,6,2,Sweep Line,Local,18,0.40038009,8.00760188,87.50%,43.8259174000,0.1487287001,0.4514468002,7.4546821001,1.7223008995,28.4469913000,7.0493597001,0.0001526000,0.1796192001,43.8324776000,384,336,48
4275,400,660,40,20,6,2,Sweep Line,Local,18,0.41325837,8.26516736,85.86%,43.5174901000,0.1638998999,0.4723231002,7.3508515998,1.6985319999,27.9733894000,7.2589652998,0.0001805001,0.1819509001,43.5252894000,396,340,56
4275,400,680,40,20,6,2,Sweep Line,Local,18,0.39790883,7.95817664,85.54%,45.6086255000,0.1720278997,0.4920870002,7.7577933000,1.8264830003,29.7431936998,7.1684645000,0.0001681001,0.1929951001,45.6156826000,408,349,59
4275,400,700,40,20,6,2,Sweep Line,Local,18,0.38432736,7.68654726,88.57%,47.4164930000,0.1856551002,0.5366418998,8.4600909999,1.9642725000,30.4884861999,7.4621162001,0.0001706999,0.2031949999,47.4233887000,420,372,48
4275,400,720,40,20,6,2,Sweep Line,Local,18,0.37961802,7.59236032,92.59%,49.6725047000,0.1934909000,0.5968320001,9.0130669002,2.1232150005,31.7794817001,7.8088300001,0.0001807998,0.1959242000,49.6791523000,432,400,32
4275,400,740,40,20,6,2,Sweep Line,Local,18,0.36529687,7.30593741,89.86%,49.7187563000,0.1990660000,0.6046960001,8.9720225000,2.1003061999,31.5837443999,8.0615980001,0.0001737999,0.2085624003,49.7266321000,444,399,45
4275,400,760,40,20,6,2,Sweep Line,Local,18,0.36717902,7.34358039,91.45%,50.1757635000,0.2093551001,0.6594731996,9.2902086005,2.1880748006,31.8031105002,7.9735597002,0.0001841999,0.1492513998,50.1827667000,456,417,39
4275,400,780,40,20,6,2,Sweep Line,Local,18,0.33648157,6.72963146,86.11%,48.2362883000,0.2214185000,0.6423092998,9.3908440998,2.2005868000,30.5412510000,7.2029685000,0.0001829000,0.1569522996,48.2430406000,468,403,65
4275,400,800,40,20,6,2,Sweep Line,Local,18,0.36461232,7.29224631,91.25%,53.6030588000,0.2344417000,0.7226591999,9.9832688000,2.3289063999,34.0380528999,8.3646419000,0.0001861002,0.1633889998,53.6474325000,480,438,42
4275,400,820,40,20,6,2,Sweep Line,Local,18,0.33548127,6.70962531,91.06%,53.0273337000,0.2471085996,0.7608969999,10.3595784000,2.4434878996,33.4002915002,8.0080689998,0.0001879003,0.1674278998,53.0362175000,492,448,44
4275,400,840,40,20,6,2,Sweep Line,Local,18,0.34419102,6.88382043,91.27%,54.5413918000,0.2578807999,0.7886948001,10.7080059998,2.4994884007,34.1549859001,8.3600248001,0.0001878000,0.1795883001,54.5508995000,504,460,44
4275,400,860,40,20,6,2,Sweep Line,Local,18,0.31569105,6.31382093,94.96%,56.8598915000,0.2746546001,0.8570365999,11.5823157003,2.7333424003,35.6859189999,8.1949959000,0.0001943001,0.1704731000,56.8675089000,516,490,26
4275,400,880,40,20,6,2,Sweep Line,Local,18,0.30999644,6.19992873,91.29%,55.8170699000,0.2854981002,0.8653136002,11.4240209005,2.6961649997,34.9307477001,8.0509775001,0.0001981000,0.1735443999,55.8445349000,528,482,46
4275,400,900,40,20,6,2,Sweep Line,Local,18,0.32781984,6.55639681,93.52%,57.8388253000,0.3020283001,0.9410105996,11.6685266002,2.7480440003,35.7972220999,8.8525253000,0.0002100001,0.1698691998,57.8547055000,540,505,35
4275,400,920,40,20,6,2,Sweep Line,Local,18,0.31465879,6.29317587,91.49%,57.2058227000,0.3093375000,0.9256394996,11.7927181997,2.8061622000,35.4630315001,8.4387760000,0.0002457999,0.1728551001,57.2197675000,552,505,47
4275,400,940,40,20,6,2,Sweep Line,Local,18,0.32986246,6.59724920,94.15%,60.0831868000,0.3279872999,1.0146586996,12.5494987005,2.9835416002,36.7868526001,9.1090906998,0.0002157001,0.1870831000,60.0939779000,564,531,33
4275,400,960,40,20,6,2,Sweep Line,Local,18,0.32362855,6.47257108,95.66%,62.2666860000,0.3341511000,1.0710286998,13.0665720997,3.0954516000,38.2496454001,9.2735296000,0.0002123997,0.1772277003,62.2937265000,576,551,25
4275,400,980,40,20,6,2,Sweep Line,Local,18,0.31338297,6.26765947,95.07%,62.8482971000,0.3550807001,1.1075157000,13.4759394000,3.2069942002,38.5057399002,9.1199477000,0.0002207997,0.1947149001,62.8614535000,588,559,29
4275,400,1000,40,20,6,2,Sweep Line,Local,18,0.29997607,5.99952132,95.00%,63.1322336000,0.3669130000,1.1490321998,13.7124224000,3.2666984003,38.4410830000,9.1868027001,0.0002502000,0.1842506000,63.1493902000,600,570,30
4275,400,60,40,20,6,2,Sweep Line,Local,20,0.60799571,12.15991426,16.67%,1.4593444000,0.0013526000,0.0013824000,0.0702141000,0.0226316000,0.8433263000,0.5080047000,0.0000160000,0.0325953000,1.4635271000,36,6,30
4275,400,80,40,20,6,2,Sweep Line,Local,20,0.64017480,12.80349597,25.00%,2.5541640000,0.0023682000,0.0032588000,0.1801456000,0.0512044000,1.6628261000,0.6685154000,0.0000200000,0.0285133000,2.5556431000,48,12,36
4275,400,100,40,20,6,2,Sweep Line,Local,20,0.59815891,11.96317819,35.00%,5.4559296000,0.0044939000,0.0065018999,0.4492764000,0.1159572000,3.4934473000,1.4532214000,0.0000318001,0.0360701000,5.4572828000,60,21,39
4275,400,120,40,20,6,2,Sweep Line,Local,20,0.45120458,9.02409152,36.11%,6.0161946000,0.0049560999,0.0084838000,0.4381949999,0.0946190000,3.7390143000,1.7651620000,0.0000330000,0.0450880001,6.0178425000,72,26,46
4275,400,140,40,20,6,2,Sweep Line,Local,20,0.58686634,11.73732687,25.00%,4.6292529000,0.0063341001,0.0075038999,0.4478587000,0.0987883998,3.1358299000,0.9783925000,0.0000352000,0.0394687998,4.6310095000,84,21,63
4275,400,160,40,20,6,2,Sweep Line,Local,20,0.45830376,9.16607530,36.46%,7.1721059000,0.0082802000,0.0134061001,0.5885451000,0.1268738000,4.5299583000,1.9684634000,0.0000398000,0.0431870000,7.1743253000,96,35,61
4275,400,180,40,20,6,2,Sweep Line,Local,20,0.58314991,11.66299815,35.19%,7.2824907000,0.0119947999,0.0170334000,0.6901462001,0.1507168000,4.5682398000,1.9137376000,0.0000869999,0.0539083000,7.2846518000,108,38,70
4275,400,200,40,20,6,2,Sweep Line,Local,20,0.60893590,12.17871803,36.67%,7.9564675000,0.0146056000,0.0217324000,0.7791747999,0.1746732999,4.8933924000,2.1587757001,0.0000566001,0.0592605999,7.9588853000,120,44,76
4275,400,220,40,20,6,2,Sweep Line,Local,20,0.51502205,10.30044091,42.42%,10.7670642000,0.0170255999,0.0292787999,1.0604988000,0.2260368001,6.9764609000,2.5877120999,0.0000610001,0.0590537000,10.7700177000,132,56,76
4275,400,240,40,20,6,2,Sweep Line,Local,20,0.51727974,10.34559484,45.83%,12.3378058000,0.0204880000,0.0369509000,1.2553492999,0.2685576998,8.1127993001,2.8156649000,0.0000649000,0.0663626001,12.3404900000,144,66,78
4275,400,260,40,20,6,2,Sweep Line,Local,20,0.59323987,11.86479745,51.92%,15.0971609000,0.0241251001,0.0453889998,1.5769622000,0.3408676002,10.0155034000,3.3321498000,0.0000690000,0.0692205000,15.1000844000,156,81,75
4275,400,280,40,20,6,2,Sweep Line,Local,20,0.55500454,11.10009087,56.55%,18.0919488000,0.0299639999,0.0620834000,2.0455149000,0.4334009998,12.1050980000,3.7297017999,0.0000776000,0.0761359998,18.0949337000,168,95,73
4275,400,300,40,20,6,2,Sweep Line,Local,20,0.55175130,11.03502601,60.56%,18.6671124000,0.0334751000,0.0733982000,2.0979360998,0.4535210001,12.1578511001,4.1714630000,0.0000798001,0.0849826999,18.6710533000,180,109,71
4275,400,320,40,20,6,2,Sweep Line,Local,20,0.53410246,10.68204910,59.38%,18.9316864000,0.0368695999,0.0805730999,2.2462142996,0.4931922001,12.4823406999,3.9497029000,0.0000829000,0.0864946000,18.9362540000,192,114,78
4275,400,340,40,20,6,2,Sweep Line,Local,20,0.51992900,10.39858004,63.24%,20.6077825000,0.0418715000,0.0965929000,2.5544611999,0.5464363001,13.5187074000,4.2474907000,0.0000854001,0.0950759000,20.6112571000,204,129,75
4275,400,360,40,20,6,2,Sweep Line,Local,20,0.53149684,10.62993680,63.43%,21.8750514000,0.0491058000,0.1104310001,2.8095248000,0.6098149001,14.3307213000,4.4179139000,0.0000993002,0.1005183999,21.8790018000,216,137,79
4275,400,380,40,20,6,2,Sweep Line,Local,20,0.48334239,9.66684775,68.42%,24.7342237000,0.0521361000,0.1312901999,3.2482382000,0.7139244002,16.2772739999,4.8601881000,0.0000994999,0.1050656999,24.7737475000,228,156,72
4275,400,400,40,20,6,2,Sweep Line,Local,20,0.47700428,9.54008568,71.67%,27.1176210000,0.0584007999,0.1521824000,3.6092458999,0.7846359001,17.8821064001,5.2413994999,0.0001240001,0.1096266001,27.1216926000,240,172,68
4275,400,420,40,20,6,2,Sweep Line,Local,20,0.51059124,10.21182478,70.24%,27.0713190000,0.0654631000,0.1635713000,3.7670830998,0.8087293999,17.7400027000,5.1537706999,0.0001072000,0.1183242999,27.0754201000,252,177,75
4275,400,440,40,20,6,2,Sweep Line,Local,20,0.47064606,9.41292129,72.73%,30.2754184000,0.0762516000,0.1824730999,4.2833228004,0.9218971000,19.9527010001,5.5975093999,0.0001290999,0.1192083000,30.2817504000,264,192,72
4275,400,460,40,20,6,2,Sweep Line,Local,20,0.48921019,9.78420380,75.00%,30.4454099000,0.0760183999,0.2085092997,4.2581068999,0.9195886000,19.8486162000,5.8599690002,0.0001319001,0.1211006999,30.4500423000,276,207,69
4275,400,480,40,20,6,2,Sweep Line,Local,20,0.45745408,9.14908154,76.39%,31.6722025000,0.0859837000,0.2281733001,4.6574478000,1.0272252998,20.3746958999,6.0987228000,0.0001209000,0.1419961999,31.6798921000,288,220,68
4275,400,500,40,20,6,2,Sweep Line,Local,20,0.47677859,9.53557174,77.00%,33.0160674000,0.0920645000,0.2498719002,4.9552876996,1.0766268000,21.1148269001,6.3622717999,0.0001322002,0.1436377999,33.0214146000,300,231,69
4275,400,520,40,20,6,2,Sweep Line,Local,20,0.45131116,9.02622317,80.45%,36.5549303000,0.0982149001,0.2772725999,5.7041659003,1.2361303997,24.0669891001,6.1954144999,0.0001302000,0.1464403000,36.5605981000,312,251,61
4275,400,540,40,20,6,2,Sweep Line,Local,20,0.43372031,8.67440619,82.72%,37.4949870000,0.1149977001,0.3486848998,6.0147230999,1.3273984000,24.3398451002,6.4548096999,0.0001330000,0.1507293002,37.5014479000,324,268,56
4275,400,560,40,20,6,2,Sweep Line,Local,20,0.43200586,8.64011721,79.46%,36.9831521000,0.1162085001,0.3172556002,6.1665396001,1.3438805004,23.5551934000,6.5916605000,0.0001386999,0.1579823000,36.9909414000,336,267,69
4275,400,580,40,20,6,2,Sweep Line,Local,20,0.42029372,8.40587432,81.32%,38.6407444000,0.1237496999,0.3423460003,6.3910327002,1.3919227001,24.9348660001,6.6029744001,0.0001491000,0.1635199999,38.6493356000,348,283,65
4275,400,600,40,20,6,2,Sweep Line,Local,20,0.40442135,8.08842708,86.11%,41.0890625000,0.1393482001,0.3987722000,6.9984105000,1.5299892000,26.3775899001,6.9114336000,0.0001459000,0.1791097997,41.0963694000,360,310,50
4275,400,620,40,20,6,2,Sweep Line,Local,20,0.39321730,7.86434606,81.99%,41.0739351000,0.1408840001,0.3925156003,7.2698706008,1.5875341995,26.5578805998,6.4673684000,0.0001494999,0.1738703999,41.0811354000,372,305,67
4275,400,640,40,20,6,2,Sweep Line,Local,20,0.40038009,8.00760188,87.50%,44.1604282000,0.1487917001,0.4577611000,7.9878633000,1.7547223997,28.2939603000,7.0170797999,0.0001474999,0.1777676001,44.1668674000,384,336,48
4275,400,660,40,20,6,2,Sweep Line,Local,20,0.41325837,8.26516736,85.86%,43.7645495000,0.1581696999,0.4572575003,7.8775474001,1.7297435999,27.7696234002,7.2302499001,0.0001561000,0.1839682000,43.7707570000,396,340,56
4275,400,680,40,20,6,2,Sweep Line,Local,20,0.39790883,7.95817664,85.54%,46.5101584000,0.1770356000,0.4983964001,8.4217767000,1.8599299001,29.7811547000,7.3495103001,0.0001584001,0.1904468000,46.5222282000,408,349,59
4275,400,700,40,20,6,2,Sweep Line,Local,20,0.38432736,7.68654726,88.57%,48.4229509000,0.1775508000,0.5381047001,9.0036346003,1.9758921000,30.8777138000,7.5443712001,0.0001597999,0.1964487005,48.4330542000,420,372,48
4275,400,720,40,20,6,2,Sweep Line,Local,20,0.37961802,7.59236032,92.59%,50.6252572000,0.1917259998,0.6027838000,9.7517864000,2.1644693996,31.9284370000,7.8562071001,0.0001691000,0.2036058002,50.6356982000,432,400,32
4275,400,740,40,20,6,2,Sweep Line,Local,20,0.36529687,7.30593741,89.86%,50.1175095000,0.2070828001,0.6212840995,9.7023665995,2.1513437999,31.1517363001,8.1149040999,0.0001833000,0.2247529000,50.1278703000,444,399,45
4275,400,760,40,20,6,2,Sweep Line,Local,20,0.36717902,7.34358039,91.45%,51.9098331000,0.2160903998,0.6861626999,9.9624728001,2.2172811999,32.6076849000,8.1929634997,0.0001957002,0.1538045998,51.9176126000,456,417,39
4275,400,780,40,20,6,2,Sweep Line,Local,20,0.33648157,6.72963146,86.11%,49.3407650000,0.2241385000,0.6479178001,10.2055920000,2.2641279999,30.7607260998,7.2639559001,0.0002191001,0.1610242999,49.3485351000,468,403,65
4275,400,800,40,20,6,2,Sweep Line,Local,20,0.36461232,7.29224631,91.25%,53.5707076000,0.2374221000,0.7181267004,10.5466212000,2.3459463998,33.6033407000,8.2119013999,0.0001899998,0.1599401998,53.5781565000,480,438,42
4275,400,820,40,20,6,2,Sweep Line,Local,20,0.33548127,6.70962531,91.06%,54.0649093000,0.2527923000,0.7384884004,11.0658820999,2.4626386001,33.6264549002,8.1322388999,0.0001887000,0.1642702997,54.0736528000,492,448,44
4275,400,840,40,20,6,2,Sweep Line,Local,20,0.34419102,6.88382043,91.27%,55.2395043000,0.2633771999,0.7856765003,11.4031995003,2.5096164999,34.2190268001,8.3107789000,0.0001991002,0.1680359001,55.2463584000,504,460,44
4275,400,860,40,20,6,2,Sweep Line,Local,20,0.31569105,6.31382093,94.96%,57.9131689000,0.2743051999,0.8679652003,12.4719754004,2.7513548999,35.7275027001,8.3022614999,0.0001994000,0.1701497999,57.9222088000,516,490,26
4275,400,880,40,20,6,2,Sweep Line,Local,20,0.30996392,6.19927836,91.29%,56.5194539000,0.2803138000,0.8771340001,12.2265602999,2.7256382998,34.8115635002,8.0577894999,0.0001984002,0.1747003001,56.5296241000,528,482,46
4275,400,900,40,20,6,2,Sweep Line,Local,20,0.32781984,6.55639681,93.52%,58.7532234000,0.2955164001,0.9326082003,12.4896565001,2.7979741994,36.0016160000,8.7525716999,0.0002281002,0.1729386998,58.7620654000,540,505,35
4275,400,920,40,20,6,2,Sweep Line,Local,20,0.31464695,6.29293905,91.49%,58.7171729000,0.3056344998,0.9484042002,12.8160915003,2.8589513003,35.7905235001,8.5832273000,0.0002110002,0.1774797000,58.7299131000,552,505,47
4275,400,940,40,20,6,2,Sweep Line,Local,20,0.32986246,6.59724920,94.15%,60.8573028000,0.3219584001,1.0129289003,13.3335973003,3.0098964001,36.8655193000,9.0377777000,0.0002098001,0.1854861998,60.8711042000,564,531,33
4275,400,960,40,20,6,2,Sweep Line,Local,20,0.32359955,6.47199104,95.66%,63.1925128000,0.3403519002,1.0840876999,14.0904449998,3.1726960000,38.0430288002,9.3477996000,0.0002187999,0.1908355997,63.2009710000,576,551,25
4275,400,980,40,20,6,2,Sweep Line,Local,20,0.31336831,6.26736625,95.07%,64.1740145000,0.3664469999,1.1075648998,14.5070639991,3.2467670999,38.7975992001,9.1088498001,0.0002267000,0.1869098003,64.1854997000,588,559,29
4275,400,1000,40,20,6,2,Sweep Line,Local,20,0.29984420,5.99688399,95.00%,63.6804141000,0.3646946001,1.1981067997,14.7606822003,3.3467386003,37.9812242000,9.1015120001,0.0002524998,0.1840266999,63.6912349000,600,570,30
4275,400,60,40,20,6,2,Sweep Line,Local,20,0.60799571,12.15991426,16.67%,1.3692587000,0.0014539000,0.0013126000,0.0697443000,0.0218358000,0.7881369000,0.4730028000,0.0000175000,0.0299634000,1.3702201000,36,6,30
4275,400,80,40,20,6,2,Sweep Line,Local,20,0.64017480,12.80349597,25.00%,2.6123048000,0.0029736000,0.0030860000,0.1829659001,0.0515522000,1.6590465000,0.7092513000,0.0000286000,0.0344335000,2.6135409000,48,12,36
4275,400,100,40,20,6,2,Sweep Line,Local,20,0.59815891,11.96317819,35.00%,5.4069750000,0.0039108000,0.0068534000,0.4627406000,0.1194929000,3.4219873000,1.4656132000,0.0000273000,0.0338394000,5.4084719000,60,21,39
4275,400,120,40,20,6,2,Sweep Line,Local,20,0.45120458,9.02409152,36.11%,6.0648921000,0.0050872000,0.0085184000,0.4380584001,0.0924554999,3.8210051000,1.7390681000,0.0000313000,0.0360269000,6.0664597000,72,26,46
4275,400,140,40,20,6,2,Sweep Line,Local,20,0.58686634,11.73732687,25.00%,4.7527411000,0.0070937999,0.0078457999,0.4481602000,0.1073385999,3.1686252001,1.0645893000,0.0000408000,0.0440720000,4.7545415000,84,21,63
4275,400,160,40,20,6,2,Sweep Line,Local,20,0.45830376,9.16607530,36.46%,7.1927638000,0.0088292000,0.0134815002,0.5898227001,0.1276868999,4.5631187000,1.9494949000,0.0000430000,0.0460505000,7.1949754000,96,35,61
4275,400,180,40,20,6,2,Sweep Line,Local,20,0.58314991,11.66299815,35.19%,7.3526635000,0.0119768001,0.0208519001,0.6986141000,0.1529991000,4.6154486001,1.9313824999,0.0000520000,0.0523448999,7.3549760000,108,38,70
4275,400,200,40,20,6,2,Sweep Line,Local,20,0.60893590,12.17871803,36.67%,7.9682190000,0.0129119000,0.0217305001,0.7550751000,0.1633992000,4.9027025001,2.1972235000,0.0000516000,0.0523256000,7.9703107000,120,44,76
4275,400,220,40,20,6,2,Sweep Line,Local,20,0.51502205,10.30044091,42.42%,10.8744924000,0.0188377000,0.0308144001,1.0647746000,0.2395607000,6.9899721001,2.6722716000,0.0000621000,0.0631151999,10.8772818000,132,56,76
4275,400,240,40,20,6,2,Sweep Line,Local,20,0.51727974,10.34559484,45.83%,12.5860892000,0.0204947000,0.0361667001,1.3027556998,0.2778188001,8.3108091000,2.8216663000,0.0000658001,0.0632640999,12.5892125000,144,66,78
4275,400,260,40,20,6,2,Sweep Line,Local,20,0.59323987,11.86479745,51.92%,15.2715056000,0.0236767002,0.0494221999,1.6416285001,0.3483977000,10.1341402000,3.3110004000,0.0000691002,0.0720721999,15.2743271000,156,81,75
4275,400,280,40,20,6,2,Sweep Line,Local,20,0.55500454,11.10009087,56.55%,18.1508836000,0.0289437000,0.0652269001,1.9821624001,0.4303352000,12.1894404000,3.7669009999,0.0000755001,0.0794697000,18.1543477000,168,95,73
4275,400,300,40,20,6,2,Sweep Line,Local,20,0.55175130,11.03502601,60.56%,18.5535605000,0.0325471999,0.0741122001,2.1078891000,0.4500478001,12.0608037000,4.1492160000,0.0000801001,0.0814319001,18.5574217000,180,109,71
4275,400,320,40,20,6,2,Sweep Line,Local,20,0.53410246,10.68204910,59.38%,18.8804335000,0.0397585999,0.0798181001,2.2948105998,0.4966737002,12.3883160001,3.9306576001,0.0000932999,0.0928019000,18.8844956000,192,114,78
4275,400,340,40,20,6,2,Sweep Line,Local,20,0.51992900,10.39858004,63.24%,20.6335311000,0.0432743999,0.0973126000,2.5804244999,0.5532921000,13.4629999000,4.2994997000,0.0000858001,0.0941303000,20.6374245000,204,129,75
4275,400,360,40,20,6,2,Sweep Line,Local,20,0.53149684,10.62993680,63.43%,21.6380382000,0.0486617000,0.1080935000,2.8340759001,0.6174433000,14.1661551000,4.3340007000,0.0000945999,0.0950623000,21.6429400000,216,137,79
4275,400,380,40,20,6,2,Sweep Line,Local,20,0.48334239,9.66684775,68.42%,24.7759188000,0.0548486001,0.1310904001,3.2836649001,0.7227934001,16.1632541999,4.9743023000,0.0001016001,0.1094501000,24.7798125000,228,156,72
4275,400,400,40,20,6,2,Sweep Line,Local,20,0.47700428,9.54008568,71.67%,27.0611957000,0.0592204000,0.1498909001,3.6616447997,0.7915068000,17.7578679998,5.2526554000,0.0001019000,0.1141403999,27.0658470000,240,172,68
4275,400,420,40,20,6,2,Sweep Line,Local,20,0.51059124,10.21182478,70.24%,27.0578239000,0.0688016001,0.1698928000,3.8331114997,0.8255881001,17.7694333000,5.0323709000,0.0001127999,0.1157766001,27.0624633000,252,177,75
4275,400,440,40,20,6,2,Sweep Line,Local,20,0.47064606,9.41292129,72.73%,30.0473554000,0.0727879001,0.1843287000,4.2748825999,0.9294519000,19.8281681999,5.4941402001,0.0001130001,0.1188034000,30.0517188000,264,192,72
4275,400,460,40,20,6,2,Sweep Line,Local,20,0.48921019,9.78420380,75.00%,30.4246651000,0.0790751001,0.2394798002,4.2837645996,0.9434115998,19.6882819999,5.9223416000,0.0001172000,0.1281683998,30.4293292000,276,207,69
4275,400,480,40,20,6,2,Sweep Line,Local,20,0.45745408,9.14908154,76.39%,31.7335757000,0.0840514999,0.2277395000,4.6097072999,0.9953994996,20.5382045001,6.0549174999,0.0001244001,0.1380299000,31.7451579000,288,220,68
4275,400,500,40,20,6,2,Sweep Line,Local,20,0.47677859,9.53557174,77.00%,33.3522255000,0.0915896999,0.2676777998,5.1487827000,1.1213482003,21.2939426001,6.3219890001,0.0001498000,0.1425496001,33.3574587000,300,231,69
4275,400,520,40,20,6,2,Sweep Line,Local,20,0.45131116,9.02622317,80.45%,36.8068358000,0.1015912000,0.2749187999,5.7882619003,1.2642063000,24.0673997999,6.3559269000,0.0001330001,0.1516913000,36.8129645000,312,251,61
4275,400,540,40,20,6,2,Sweep Line,Local,20,0.43372031,8.67440619,82.72%,37.5479096000,0.1060752999,0.3057745000,6.1250330000,1.3374093995,24.1810518998,6.6043047001,0.0001485999,0.1509899998,37.5608215000,324,268,56
4275,400,560,40,20,6,2,Sweep Line,Local,20,0.43200586,8.64011721,79.46%,37.3041982000,0.1153452000,0.3177795998,6.0108197998,1.3248058002,24.0598429000,6.5642667001,0.0001376999,0.1540854001,37.3225364000,336,267,69
4275,400,580,40,20,6,2,Sweep Line,Local,20,0.42029372,8.40587432,81.32%,38.6954215000,0.1252284999,0.3509775000,6.4939563998,1.4304946996,24.8486819000,6.6316815000,0.0001743999,0.1585778003,38.7018156000,348,283,65
4275,400,600,40,20,6,2,Sweep Line,Local,20,0.40442135,8.08842708,86.11%,40.6142738000,0.1383904000,0.3974600000,7.0693166003,1.5888565998,25.8983086000,6.8535426000,0.0001450000,0.1664369000,40.6203144000,360,310,50
4275,400,620,40,20,6,2,Sweep Line,Local,20,0.39321730,7.86434606,81.99%,41.3887968000,0.1444095000,0.4087284000,7.3980015996,1.6348094000,26.7501857999,6.4403777000,0.0001656000,0.1728679997,41.3964273000,372,305,67
4275,400,640,40,20,6,2,Sweep Line,Local,20,0.40038009,8.00760188,87.50%,44.3186221000,0.1498637000,0.4491922002,7.9136323001,1.7303087998,28.4076868999,7.1390790000,0.0001569999,0.1806843999,44.3254957000,384,336,48
4275,400,660,40,20,6,2,Sweep Line,Local,20,0.41325837,8.26516736,85.86%,43.9352799000,0.1655359002,0.4788009000,7.9616713999,1.7583299003,27.7008003000,7.3486628001,0.0001637000,0.1878598000,43.9419252000,396,340,56
4275,400,680,40,20,6,2,Sweep Line,Local,20,0.39790883,7.95817664,85.54%,49.5555396000,0.1847923001,0.5353435001,9.0256317996,2.0089958003,31.6636416001,7.8602396999,0.0001832999,0.2022198001,49.6187930000,408,349,59
4275,400,700,40,20,6,2,Sweep Line,Local,20,0.38432736,7.68654726,88.57%,48.3773552000,0.1823425998,0.5348579002,9.0633504003,2.0177847999,30.8366353000,7.4855088999,0.0001803000,0.1949091997,48.3840788000,420,372,48
4275,400,720,40,20,6,2,Sweep Line,Local,20,0.37961802,7.59236032,92.59%,50.5468987000,0.1987013001,0.5988965002,9.6672271996,2.1480031002,31.7628512999,8.0260119000,0.0001686999,0.2072157001,50.5590576000,432,400,32
4275,400,740,40,20,6,2,Sweep Line,Local,20,0.36529687,7.30593741,89.86%,50.3614417000,0.2014633001,0.6065695999,9.5812666997,2.1294788999,31.6558124000,8.0221443999,0.0001730001,0.2066612997,50.3774155000,444,399,45
4275,400,760,40,20,6,2,Sweep Line,Local,20,0.36717902,7.34358039,91.45%,51.7668533000,0.2144503001,0.6609697001,10.0418733999,2.2156486001,32.3963672998,8.2025238999,0.0001806000,0.1518244001,51.7751666000,456,417,39
4275,400,780,40,20,6,2,Sweep Line,Local,20,0.33648157,6.72963146,86.11%,48.9319951000,0.2289217001,0.6390640001,10.0443274002,2.2265613001,30.5660316998,7.2120999999,0.0002061000,0.1527413001,48.9414919000,468,403,65
4275,400,800,40,20,6,2,Sweep Line,Local,20,0.36461232,7.29224631,91.25%,53.6983296000,0.2396099999,0.7185750999,10.7012416995,2.3729137996,33.5216223000,8.2559820001,0.0001883000,0.1711240001,53.7075936000,480,438,42
4275,400,820,40,20,6,2,Sweep Line,Local,20,0.33548127,6.70962531,91.06%,54.0348564000,0.2490619999,0.7547935996,11.1132296004,2.4776741000,33.6063868000,8.0566308000,0.0001891000,0.1655593999,54.0614034000,492,448,44
4275,400,840,40,20,6,2,Sweep Line,Local,20,0.34419102,6.88382043,91.27%,55.1544218000,0.2585244999,0.7929792004,11.4944526996,2.5547731001,34.0829857998,8.2645943001,0.0001965999,0.1739873003,55.1619041000,504,460,44
4275,400,860,40,20,6,2,Sweep Line,Local,20,0.31569105,6.31382093,94.96%,57.7637896000,0.2696857998,0.8644763997,12.4289447001,2.7670284997,35.7471414002,8.1978395003,0.0002126000,0.1682514003,57.7723716000,516,490,26
4275,400,880,40,20,6,2,Sweep Line,Local,20,0.30996392,6.19927836,91.29%,56.7978261000,0.2826657001,0.8615931999,12.2249369999,2.7131971998,35.0517003000,8.1239894000,0.0002201001,0.1676895998,56.8064492000,528,482,46
4275,400,900,40,20,6,2,Sweep Line,Local,20,0.32781984,6.55639681,93.52%,57.9188063000,0.2989328000,0.9266740003,12.4993861001,2.8080424998,35.1618449998,8.7536205000,0.0002044000,0.1763104002,57.9265305000,540,505,35
4275,400,920,40,20,6,2,Sweep Line,Local,20,0.31464695,6.29293905,91.49%,58.4123335000,0.3034782002,0.9391332003,12.7581633007,2.8570541996,35.6715946998,8.4767028000,0.0002367998,0.1730831999,58.4212514000,552,505,47
4275,400,940,40,20,6,2,Sweep Line,Local,20,0.32986246,6.59724920,94.15%,60.6451297000,0.3196869001,1.0150295999,13.2842429005,2.9798602001,36.7097749999,9.0358304002,0.0002364999,0.1751983001,60.6549090000,564,531,33
4275,400,960,40,20,6,2,Sweep Line,Local,20,0.32359955,6.47199104,95.66%,63.2114175000,0.3368816000,1.0714230001,13.9221626005,3.1346709998,38.3230858000,9.2816421998,0.0002093003,0.1769178003,63.2238257000,576,551,25
4275,400,980,40,20,6,2,Sweep Line,Local,20,0.31336831,6.26736625,95.07%,63.9322137000,0.3482326003,1.1194902998,14.5198137001,3.2693550001,38.4585773001,9.2049844003,0.0002220000,0.1779445998,63.9478511000,588,559,29
4275,400,1000,40,20,6,2,Sweep Line,Local,20,0.29984420,5.99688399,95.00%,63.6700723000,0.3617764001,1.1597470000,14.7186628999,3.3240867002,38.0046107999,9.1552883999,0.0002226998,0.1805582000,63.6848920000,600,570,30
4275,400,60,40,20,6,2,Sweep Line,Local,20,0.60799571,12.15991426,16.67%,1.4030666000,0.0012719000,0.0013202000,0.0706129000,0.0233237000,0.7785981000,0.5165023000,0.0000166001,0.0297979000,1.4039905000,36,6,30
4275,400,80,40,20,6,2,Sweep Line,Local,20,0.64017480,12.80349597,25.00%,2.6322849000,0.0022921000,0.0030652000,0.1780505000,0.0514143000,1.6790235000,0.7310247000,0.0000207000,0.0308880000,2.6339763000,48,12,36
4275,400,100,40,20,6,2,Sweep Line,Local,20,0.59815891,11.96317819,35.00%,5.2614528000,0.0040142000,0.0064524000,0.4393466000,0.1093000000,3.3741199000,1.3867099000,0.0000303000,0.0373923000,5.2627943000,60,21,39
4275,400,120,40,20,6,2,Sweep Line,Local,20,0.45120458,9.02409152,36.11%,6.0119716000,0.0054135001,0.0085834001,0.4453807000,0.0948538000,3.7545229000,1.7422519001,0.0000340000,0.0394756999,6.0140155000,72,26,46
4275,400,140,40,20,6,2,Sweep Line,Local,20,0.58686634,11.73732687,25.00%,4.6608299000,0.0073990000,0.0076955000,0.4519863999,0.1030643000,3.1186501000,1.0211921000,0.0000385999,0.0414838001,4.6626532000,84,21,63
4275,400,160,40,20,6,2,Sweep Line,Local,20,0.45830376,9.16607530,36.46%,7.1316874000,0.0090478000,0.0138944999,0.5888709999,0.1270841000,4.3683221000,2.0682707000,0.0000479001,0.0486422000,7.1336879000,96,35,61
4275,400,180,40,20,6,2,Sweep Line,Local,20,0.58314991,11.66299815,35.19%,7.2144205000,0.0115770000,0.0171036000,0.6836657000,0.1525111000,4.4532164000,1.9780837000,0.0000490001,0.0483191000,7.2164228000,108,38,70
4275,400,200,40,20,6,2,Sweep Line,Local,20,0.60893590,12.17871803,36.67%,7.8662107000,0.0144216001,0.0226562000,0.7817961000,0.1759965999,4.7688956000,2.1990292000,0.0000717000,0.0532475999,7.8687024000,120,44,76
4275,400,220,40,20,6,2,Sweep Line,Local,20,0.51502205,10.30044091,42.42%,10.9969036000,0.0164433001,0.0295204999,1.0942460001,0.2402999000,7.0928627000,2.6716983000,0.0000576000,0.0633201000,10.9992410000,132,56,76
4275,400,240,40,20,6,2,Sweep Line,Local,20,0.51727974,10.34559484,45.83%,12.7825354000,0.0211666001,0.0359392999,1.2987169000,0.2773829000,8.3339169001,2.9928398000,0.0000686999,0.0658462000,12.7851297000,144,66,78
4275,400,260,40,20,6,2,Sweep Line,Local,20,0.59323987,11.86479745,51.92%,15.2888876000,0.0245261001,0.0467100002,1.6283966000,0.3399574001,10.1361326000,3.3468896001,0.0000688000,0.0691357000,15.2916679000,156,81,75
4275,400,280,40,20,6,2,Sweep Line,Local,20,0.55500454,11.10009087,56.55%,18.0801033000,0.0284897999,0.0590792000,1.9876707001,0.4304900998,12.1307614000,3.7612279000,0.0000741001,0.0756025999,18.0837983000,168,95,73
4275,400,300,40,20,6,2,Sweep Line,Local,20,0.55175130,11.03502601,60.56%,18.7502640000,0.0336295999,0.0741593999,2.0992315000,0.4591386000,12.2841044001,4.1264578000,0.0000804001,0.0857775999,18.7544195000,180,109,71
4275,400,320,40,20,6,2,Sweep Line,Local,20,0.53410246,10.68204910,59.38%,18.9937696000,0.0365150998,0.0802858002,2.2619771001,0.4897570998,12.4886774000,3.9888592000,0.0000833999,0.0843173001,18.9984928000,192,114,78
4275,400,340,40,20,6,2,Sweep Line,Local,20,0.51992900,10.39858004,63.24%,20.5039894000,0.0450998999,0.1007221000,2.5812096998,0.5585730001,13.3163590001,4.3084699000,0.0000910000,0.0965927000,20.5079170000,204,129,75
4275,400,360,40,20,6,2,Sweep Line,Local,20,0.53149684,10.62993680,63.43%,22.1034746000,0.0477170000,0.1074204998,2.8507736998,0.6324697001,14.5543599000,4.3932697000,0.0005727999,0.0947483000,22.1090608000,216,137,79
4275,400,380,40,20,6,2,Sweep Line,Local,20,0.48334239,9.66684775,68.42%,24.9026142000,0.0539159001,0.1304302001,3.1833917998,0.6956390000,16.4084424000,4.9572994999,0.0001076000,0.1051025998,24.9083059000,228,156,72
4275,400,400,40,20,6,2,Sweep Line,Local,20,0.47700428,9.54008568,71.67%,26.7493150000,0.0597146998,0.1504688001,3.5953155999,0.7779554002,17.5110931000,5.2584132000,0.0001016999,0.1082121999,26.7561333000,240,172,68
4275,400,420,40,20,6,2,Sweep Line,Local,20,0.51059124,10.21182478,70.24%,27.0109142000,0.0624866999,0.1610871000,3.7164711004,0.8045104002,17.8088057999,5.0936335000,0.0001044999,0.1104002000,27.0150572000,252,177,75
4275,400,440,40,20,6,2,Sweep Line,Local,20,0.47064606,9.41292129,72.73%,30.0479591000,0.0705516998,0.1774393001,4.1884933002,0.9067477999,20.0054224000,5.4230488999,0.0001117001,0.1245257998,30.0524470000,264,192,72
4275,400,460,40,20,6,2,Sweep Line,Local,20,0.48921019,9.78420380,75.00%,30.8082782000,0.0832351000,0.2227802998,4.4463880998,0.9749543001,19.8476670998,6.0077195000,0.0001230000,0.1266809002,30.8168447000,276,207,69
4275,400,480,40,20,6,2,Sweep Line,Local,20,0.45745408,9.14908154,76.39%,33.1718328000,0.0929195999,0.2420797000,4.9077264999,1.1160292003,21.2871046998,6.4009216001,0.0001520000,0.1631542999,33.1767391000,288,220,68
4275,400,500,40,20,6,2,Sweep Line,Local,20,0.47677859,9.53557174,77.00%,34.3910058000,0.1066439000,0.2730320000,5.1587910003,1.1676965997,21.9669377999,6.6362919000,0.0001408000,0.1594636001,34.3965842000,300,231,69
4275,400,520,40,20,6,2,Sweep Line,Local,20,0.45131116,9.02622317,80.45%,37.3269201000,0.1026468001,0.2918039001,5.8470597999,1.2970370004,24.4708347001,6.3944342001,0.0001359000,0.1510856001,37.3315873000,312,251,61
4275,400,540,40,20,6,2,Sweep Line,Local,20,0.43372031,8.67440619,82.72%,36.9981750000,0.1073823999,0.3112721000,6.0391273001,1.3461342003,23.7717807000,6.5410858001,0.0001335000,0.1518654000,37.0051635000,324,268,56
4275,400,560,40,20,6,2,Sweep Line,Local,20,0.43200586,8.64011721,79.46%,36.2859460000,0.1146559999,0.3074444000,5.8920941996,1.3101908999,23.3641434000,6.3738872000,0.0001710001,0.1513261000,36.2925801000,336,267,69
4275,400,580,40,20,6,2,Sweep Line,Local,20,0.42029372,8.40587432,81.32%,38.0000362000,0.1248102000,0.3458411995,6.4743262001,1.4337341000,24.4503491000,6.3576524000,0.0001420001,0.1639710999,38.0057577000,348,283,65
4275,400,600,40,20,6,2,Sweep Line,Local,20,0.40442135,8.08842708,86.11%,39.5312159000,0.1353827001,0.3798065000,6.8175946999,1.5117195000,25.2649446000,6.6767978000,0.0001465001,0.1644544000,39.5773399000,360,310,50
4275,400,620,40,20,6,2,Sweep Line,Local,20,0.39321730,7.86434606,81.99%,40.2211413000,0.1435285001,0.3940757001,7.2038154001,1.5906566001,25.9190808001,6.3059805002,0.0001534001,0.1746257000,40.2314821000,372,305,67
4275,400,640,40,20,6,2,Sweep Line,Local,20,0.40038009,8.00760188,87.50%,43.4352177000,0.1464242001,0.4535442996,7.9314628997,1.7641462001,27.7121069999,6.9337088001,0.0001522998,0.1764684001,43.4470252000,384,336,48
4275,400,660,40,20,6,2,Sweep Line,Local,20,0.41325837,8.26516736,85.86%,42.3968194000,0.1646304001,0.4692660000,7.8467751001,1.7682795000,26.6626870999,6.9815705000,0.0001535999,0.1825683998,42.4112934000,396,340,56
4275,400,680,40,20,6,2,Sweep Line,Local,20,0.39790883,7.95817664,85.54%,45.1829787000,0.1751300000,0.5067899002,8.2637604001,1.8558683004,28.9469795999,7.0209865001,0.0001599999,0.1897145000,45.2014019000,408,349,59
4275,400,700,40,20,6,2,Sweep Line,Local,20,0.38432736,7.68654726,88.57%,47.0930696000,0.1789632001,0.5383518000,8.8686957996,1.9967567005,29.9467313999,7.2676484000,0.0001584000,0.1945580997,47.1007712000,420,372,48
4275,400,720,40,20,6,2,Sweep Line,Local,20,0.37961802,7.59236032,92.59%,48.6719871000,0.1900365998,0.5881991001,9.5044518000,2.1705637998,30.6035414001,7.4901215000,0.0001762001,0.2055153002,48.6784348000,432,400,32
4275,400,740,40,20,6,2,Sweep Line,Local,20,0.36529687,7.30593741,89.86%,48.4957798000,0.1996131000,0.6095410998,9.4080110999,2.1464601004,30.3277788001,7.6503093999,0.0001731000,0.2043287002,48.5026540000,444,399,45
4275,400,760,40,20,6,2,Sweep Line,Local,20,0.36717902,7.34358039,91.45%,49.9517638000,0.2067607002,0.6465237997,9.7753825998,2.2144381994,31.1836310999,7.9015519999,0.0002019002,0.1484553999,49.9580930000,456,417,39
4275,400,780,40,20,6,2,Sweep Line,Local,20,0.33648157,6.72963146,86.11%,47.7687349000,0.2180622999,0.6270006000,9.8239612000,2.2010437000,29.9746746001,6.9005567000,0.0001863000,0.1468906001,47.7777374000,468,403,65
4275,400,800,40,20,6,2,Sweep Line,Local,20,0.36461232,7.29224631,91.25%,52.0236603000,0.2344874000,0.6909159996,10.3417317993,2.3493668002,32.5948880000,7.9226944001,0.0001888999,0.1541471999,52.0346150000,480,438,42
4275,400,820,40,20,6,2,Sweep Line,Local,20,0.33548127,6.70962531,91.06%,51.8179287000,0.2433106999,0.7201906999,10.7773031000,2.4758116999,32.1890934999,7.6253430000,0.0001993001,0.1612129003,51.8649872000,492,448,44
4275,400,840,40,20,6,2,Sweep Line,Local,20,0.34419102,6.88382043,91.27%,53.1224278000,0.2535605999,0.7721391002,11.1534090002,2.5370213998,32.7028126001,7.9640459002,0.0001881998,0.1706597000,53.1376307000,504,460,44
4275,400,860,40,20,6,2,Sweep Line,Local,20,0.31569105,6.31382093,94.96%,56.0008925000,0.2681574003,0.8326680002,12.1956285006,2.7797874006,34.4766579999,7.9687174998,0.0002126000,0.1689823000,56.0137546000,516,490,26
4275,400,880,40,20,6,2,Sweep Line,Local,20,0.30996392,6.19927836,91.29%,55.3442694000,0.2933551000,0.8506917001,12.0674901000,2.7355215005,33.9798658000,7.8823831001,0.0002124000,0.1721821997,55.3634326000,528,482,46
4275,400,900,40,20,6,2,Sweep Line,Local,20,0.32781984,6.55639681,93.52%,56.3417960000,0.2905199000,0.9119251003,12.2147318996,2.7995094004,34.1908059000,8.4586135998,0.0001992999,0.1753726005,56.3756170000,540,505,35
4275,400,920,40,20,6,2,Sweep Line,Local,20,0.31464695,6.29293905,91.49%,56.8566418000,0.3065983000,0.9182124995,12.5977737003,2.8558071000,34.4581483000,8.2963525001,0.0002074999,0.1793185999,56.8658289000,552,505,47
4275,400,940,40,20,6,2,Sweep Line,Local,20,0.32986246,6.59724920,94.15%,58.7804592000,0.3207005000,0.9806268000,12.9371094002,2.9422461001,35.5420135000,8.7287649997,0.0002132001,0.1744982998,58.7891440000,564,531,33
4275,400,960,40,20,6,2,Sweep Line,Local,20,0.32359955,6.47199104,95.66%,60.8803137000,0.3370425999,1.0374090000,13.5546828999,3.1311340996,36.7110373997,8.9633040000,0.0002105999,0.1760462002,60.8932361000,576,551,25
4275,400,980,40,20,6,2,Sweep Line,Local,20,0.31336831,6.26736625,95.07%,61.8658508000,0.3476701998,1.0719631997,14.0867234000,3.2450277000,37.3179801004,8.7657279001,0.0002183999,0.1830334001,61.8780581000,588,559,29
4275,400,1000,40,20,6,2,Sweep Line,Local,20,0.29984420,5.99688399,95.00%,61.5009303000,0.3619907003,1.1251437998,14.3498459997,3.3214051007,36.6851514000,8.7103120002,0.0002309002,0.1742873999,61.5226013000,600,570,30
