Seed,SimulationSize_m,NumberOfNodes,PercentageAnchor,DetectionRadius_m,Clusters_K,GridSize_m,Algorithm,VoronoiMode,k_neighbors,AverageEstimationError,LocalizationError,Pe,MainLoop,DetectableCalc,GroupSplitting,VoronoiProc,VoronoiCalc,IntersectionCalc,ShapeCalc,DrawingOps,UIUpdates,TotalTime,UnknownNodes,LocalizedNodes,UnlocalizableNodes
4275,200,60,40,20,6,2,Sweep Line,Local,6,0.51141933,10.22838669,41.67%,2.7153014000,0.0011811000,0.0027425000,0.1464818000,0.0549830000,1.9181395000,0.5567145000,0.0000131000,0.0841110000,2.7165979000,36,15,21
4275,200,80,40,20,6,2,Sweep Line,Local,6,0.68573887,13.71477742,66.67%,5.1360316000,0.0020128000,0.0080333000,0.3592425000,0.1263248000,3.7344422000,0.9875030000,0.0000181000,0.0343232000,5.1374081000,48,32,16
4275,200,100,40,20,6,2,Sweep Line,Local,6,0.52294330,10.45886602,80.00%,7.1455048000,0.0035210000,0.0151434000,0.5815510999,0.2094939000,5.2559759000,1.2299891000,0.0000214000,0.0451878000,7.1471640000,60,48,12
4275,200,120,40,20,6,2,Sweep Line,Local,6,0.48180862,9.63617244,81.94%,8.7416337000,0.0059759000,0.0219804000,0.7307830000,0.2597528000,6.4116610000,1.5016301000,0.0000278000,0.0531845000,8.7432550000,72,59,13
4275,200,140,40,20,6,2,Sweep Line,Local,6,0.45588599,9.11771980,72.62%,11.3854800000,0.0080349000,0.0258846001,0.8316874001,0.3024686999,6.4520141000,1.2187456000,0.0000345000,2.8332882000,11.3880443000,84,61,23
4275,200,160,40,20,6,2,Sweep Line,Local,6,0.46350131,9.27002622,83.33%,13.4931967000,0.0102569000,0.0363767000,1.1693144001,0.4262311000,10.3116255000,1.8330364000,0.0000399000,0.1186351000,13.4955405000,96,80,16
4275,200,180,40,20,6,2,Sweep Line,Local,6,0.43251775,8.65035494,81.48%,11.7120773000,0.0132739000,0.0464024000,1.1764228000,0.4278012000,8.7518002000,1.6048736000,0.0000457000,0.0975121000,11.7144833000,108,88,20
4275,200,200,40,20,6,2,Sweep Line,Local,6,0.41823624,8.36472482,81.67%,15.1192510000,0.0153045000,0.0532148000,1.3208318000,0.4683588000,10.1327280000,1.6427755000,0.0000462000,1.9346634000,15.1224193000,120,98,22
4275,200,220,40,20,6,2,Sweep Line,Local,6,0.37680196,7.53603924,93.94%,17.0202078000,0.0184639000,0.0720302001,1.7648745000,0.6382699999,12.4682460000,1.7817410000,0.0000482000,0.8963266000,17.0229475000,132,124,8
4275,200,240,40,20,6,2,Sweep Line,Local,6,0.36538031,7.30760620,88.19%,16.9643247000,0.0222727000,0.0799569000,1.8267762000,0.6499558001,13.1416196001,1.7200864000,0.0000558000,0.1551064000,16.9677040000,144,127,17
4275,200,260,40,20,6,2,Sweep Line,Local,6,0.34586296,6.91725910,91.67%,20.9061030000,0.0276666001,0.1033686999,2.3815202999,0.8747891999,16.3801320001,1.8796074999,0.0000634000,0.1127939000,20.9097079000,156,143,13
4275,200,280,40,20,6,2,Sweep Line,Local,6,0.30921318,6.18426364,95.83%,21.7617590000,0.0324194000,0.1231418000,2.6948103001,0.9671446002,17.0178235001,1.7776707000,0.0000804000,0.1022275999,21.7654052000,168,161,7
4275,200,300,40,20,6,2,Sweep Line,Local,6,0.31454009,6.29080186,98.89%,23.7553409000,0.0388090000,0.1497108001,3.0204561001,1.0937297001,18.5327315000,1.8606830000,0.0000676000,0.1367387999,23.7624107000,180,178,2
4275,200,320,40,20,6,2,Sweep Line,Local,6,0.26342228,5.26844566,95.83%,20.6705126000,0.0365155000,0.1419556001,2.7330736000,0.9775903000,15.9891453000,1.6483209001,0.0000624999,0.1033824001,20.6740057000,192,184,8
4275,200,340,40,20,6,2,Sweep Line,Local,6,0.27123716,5.42474313,95.59%,20.7395437000,0.0393127000,0.1515164001,2.8283503000,1.0197029999,15.9896081000,1.6136522000,0.0000668000,0.1011903999,20.7440503000,204,195,9
4275,200,360,40,20,6,2,Sweep Line,Local,6,0.26946293,5.38925866,97.22%,23.0852825000,0.0440697000,0.1699488999,3.0444774001,1.0781231999,18.0014665999,1.7046905000,0.0000718000,0.1055770000,23.0897078000,216,210,6
4275,200,380,40,20,6,2,Sweep Line,Local,6,0.24412603,4.88252065,98.25%,23.4205826000,0.0471037999,0.1864124000,3.2582073998,1.1635724000,18.1727519000,1.6291133001,0.0000702000,0.1136326999,23.4272245000,228,224,4
4275,200,400,40,20,6,2,Sweep Line,Local,6,0.26586790,5.31735792,96.67%,25.3010725000,0.0536647000,0.2105018000,3.4778421001,1.2483282000,19.6127898000,1.8105002001,0.0000782000,0.1203305000,25.3058957000,240,232,8
4275,200,420,40,20,6,2,Sweep Line,Local,6,0.22918193,4.58363853,100.00%,25.1854018000,0.0608234000,0.2340969000,3.7198709002,1.3404705001,19.3591604000,1.6687250000,0.0000758000,0.1244009999,25.1903428000,252,252,0
4275,200,440,40,20,6,2,Sweep Line,Local,6,0.24422264,4.88445275,100.00%,27.5620645000,0.0654513000,0.2496292001,3.8850407999,1.3908953999,21.4066718999,1.8105767000,0.0000803001,0.1301563001,27.5671120000,264,264,0
4275,200,460,40,20,6,2,Sweep Line,Local,6,0.24087090,4.81741795,99.64%,28.9198743000,0.0802820000,0.2965058999,4.3081978999,1.5891266000,22.1801304000,1.8601043000,0.0000920001,0.1761791999,28.9247947000,276,275,1
4275,200,480,40,20,6,2,Sweep Line,Local,6,0.22377978,4.47559550,100.00%,39.9832759000,0.1030085000,0.4202168000,5.6859995001,2.0227456002,31.0552929000,2.5022700001,0.0001188000,0.1974100000,39.9922738000,288,288,0
4275,200,500,40,20,6,2,Sweep Line,Local,6,0.23333463,4.66669262,100.00%,50.0340236000,0.1246100000,0.5317948999,6.4690803999,2.2114248000,39.5082941000,3.1783946000,0.0001381000,0.1966358998,50.0421930000,300,300,0
4275,200,520,40,20,6,2,Sweep Line,Local,6,0.22060181,4.41203615,99.68%,48.6618744000,0.1353385999,0.5772662000,6.8009669999,2.3244948002,37.8993948001,3.0261350000,0.0001416001,0.1997631000,48.6689696000,312,311,1
4275,200,540,40,20,6,2,Sweep Line,Local,6,0.21347900,4.26957994,100.00%,46.6325875000,0.1439430000,0.6045895999,6.9554335002,2.3759128999,35.8582774999,2.8438821000,0.0001488000,0.2037614000,46.6445915000,324,324,0
4275,200,560,40,20,6,2,Sweep Line,Local,6,0.22118821,4.42376424,99.70%,50.4310396000,0.1536915001,0.6400388002,7.0390493001,2.4454378000,39.1661189999,3.1885697000,0.0001609999,0.2165690000,50.4428258000,336,335,1
4275,200,580,40,20,6,2,Sweep Line,Local,6,0.19685836,3.93716712,100.00%,52.2498388000,0.1732951000,0.7224130000,7.7282455001,2.6527646997,40.3251230999,3.0483589000,0.0001609000,0.2263493001,52.2639859000,348,348,0
4275,200,600,40,20,6,2,Sweep Line,Local,6,0.19300061,3.86001215,100.00%,51.0498745000,0.1771291000,0.7308167001,7.7227353999,2.6665505002,39.3289178000,2.8360899000,0.0001617999,0.2279533001,51.0599239000,360,360,0
4275,200,620,40,20,6,2,Sweep Line,Local,6,0.19257844,3.85156878,100.00%,51.4625264000,0.1821419001,0.7562015998,7.6343981003,2.6416710998,39.7892750000,2.8499897000,0.0001718999,0.2229305000,51.4742779000,372,372,0
4275,200,640,40,20,6,2,Sweep Line,Local,6,0.17396939,3.47938789,100.00%,51.5096519000,0.2009202001,0.8642653000,8.4793706000,2.9111894000,38.8154827001,2.8822772001,0.0001742001,0.2387121999,51.5172796000,384,384,0
4275,200,660,40,20,6,2,Sweep Line,Local,6,0.17570457,3.51409132,100.00%,53.1904015000,0.2088145000,0.8969309000,8.6590011001,3.0075534998,40.1429287999,3.0041411000,0.0001757001,0.2477117001,53.2048241000,396,396,0
4275,200,680,40,20,6,2,Sweep Line,Local,6,0.18481413,3.69628266,100.00%,51.4330196000,0.2230281999,0.9240296999,8.4842193002,2.9460161999,38.4312568000,3.0951915001,0.0001790000,0.2431812000,51.4490989000,408,408,0
4275,200,700,40,20,6,2,Sweep Line,Local,6,0.16577510,3.31550205,100.00%,53.9112604000,0.2398852000,1.0166740998,9.2468482001,3.1988679000,40.0104348000,3.1009159001,0.0001957000,0.2607864000,53.9263749000,420,420,0
4275,200,720,40,20,6,2,Sweep Line,Local,6,0.17491141,3.49822817,100.00%,62.1654447000,0.2772439001,1.1890647000,10.3522960999,3.6096970002,46.5389315000,3.4696995001,0.0002091000,0.2931888000,62.1731434000,432,432,0
4275,200,740,40,20,6,2,Sweep Line,Local,6,0.17837195,3.56743897,100.00%,57.0117640000,0.2586872000,1.1176523001,9.6042431999,3.3454806001,42.3828241001,3.3397710001,0.0001982000,0.2694276999,57.0230696000,444,444,0
4275,200,760,40,20,6,2,Sweep Line,Local,6,0.17275752,3.45515035,100.00%,57.4657309000,0.2754599000,1.1519284998,9.5276439000,3.3151417999,43.0366354000,3.2439800999,0.0002002001,0.1891939999,57.4816480000,456,456,0
4275,200,780,40,20,6,2,Sweep Line,Local,6,0.16516815,3.30336304,100.00%,63.3089258000,0.3076930000,1.2994272000,10.4493603998,3.6388582000,47.3889269001,3.6146591001,0.0002174999,0.2066997001,63.3256542000,468,468,0
4275,200,800,40,20,6,2,Sweep Line,Local,6,0.17763183,3.55263652,100.00%,63.6134402000,0.3164492999,1.3092759999,10.4956962002,3.6576019001,47.6804784001,3.5642873000,0.0002189999,0.2065531000,63.6220345000,480,480,0
4275,200,820,40,20,6,2,Sweep Line,Local,6,0.16090227,3.21804534,100.00%,58.5505113000,0.3069284999,1.2821095999,10.0619806000,3.5409837000,43.3083897000,3.3452623000,0.0002143999,0.2047464999,58.5703534000,492,492,0
4275,200,840,40,20,6,2,Sweep Line,Local,6,0.16519355,3.30387090,100.00%,63.1389329000,0.3453159999,1.4812018999,11.2628096998,3.9623619996,46.0993331000,3.6842369000,0.0002455999,0.2211261000,63.1564243000,504,504,0
4275,200,860,40,20,6,2,Sweep Line,Local,6,0.15339803,3.06796062,100.00%,61.7658190000,0.3574501000,1.4906182001,11.1227601997,3.9512868002,45.0904825000,3.4362852001,0.0002289000,0.2242127001,61.8225896000,516,516,0
4275,200,880,40,20,6,2,Sweep Line,Local,6,0.16513723,3.30274455,100.00%,61.9205983000,0.3706840999,1.5080387000,11.0063966000,3.9284919000,45.2471134000,3.5244279000,0.0002366001,0.2159482001,61.9376340000,528,528,0
4275,200,900,40,20,6,2,Sweep Line,Local,6,0.15919531,3.18390625,100.00%,72.3678843000,0.4173166001,1.7086063000,12.2369583001,4.3125617002,53.9454026000,3.7761313999,0.0002518000,0.2320012999,72.3808603000,540,540,0
4275,200,920,40,20,6,2,Sweep Line,Local,6,0.15525522,3.10510434,100.00%,67.8321529000,0.4234218999,1.7236359002,12.0584776999,4.2922713001,49.5360401000,3.8060491999,0.0002492000,0.2305336998,67.8434314000,552,552,0
4275,200,940,40,20,6,2,Sweep Line,Local,6,0.14894100,2.97882008,100.00%,67.6658631000,0.4453372999,1.7649690999,12.1498323001,4.3334610999,49.4482950000,3.5774753000,0.0002654000,0.2245833000,67.6776844000,564,564,0
4275,200,960,40,20,6,2,Sweep Line,Local,6,0.14835532,2.96710646,100.00%,71.8699724000,0.4671606000,1.9305687999,12.9849839000,4.6278347998,52.2872788001,3.9071694000,0.0002666001,0.2348680001,71.8878925000,576,576,0
4275,200,980,40,20,6,2,Sweep Line,Local,6,0.15824297,3.16485932,100.00%,69.4998357000,0.4696725000,1.9037204000,12.5647862999,4.4619868001,50.5291003000,3.7516957001,0.0002598998,0.2208864001,69.5231734000,588,588,0
4275,200,1000,40,20,6,2,Sweep Line,Local,6,0.14277219,2.85544385,100.00%,72.1171525000,0.5005634000,2.0315694999,13.2243190001,4.7542496000,52.0503563999,4.0184259000,0.0003014001,0.2308614002,72.1270665000,600,600,0
4275,200,60,40,20,6,2,Sweep Line,Local,6,0.51141933,10.22838669,41.67%,5.0381731000,0.0030124000,0.0050359000,0.2451196000,0.0797884000,3.7033335000,1.0281755000,0.0000223000,0.0451810000,5.0398919000,36,15,21
4275,200,80,40,20,6,2,Sweep Line,Local,6,0.68573887,13.71477742,66.67%,8.5436914000,0.0041341000,0.0130453000,0.5114153000,0.1692907000,6.2751067000,1.6168303000,0.0000313000,0.0474112000,8.5455947000,48,32,16
4275,200,100,40,20,6,2,Sweep Line,Local,6,0.52294330,10.45886602,80.00%,11.6668015000,0.0057188000,0.0226347000,0.7921755999,0.2622742000,8.7482365000,2.0232963000,0.0000356001,0.0595474000,11.6697617000,60,48,12
4275,200,120,40,20,6,2,Sweep Line,Local,6,0.48180862,9.63617244,81.94%,12.6302482000,0.0085492000,0.0316936000,0.9031692001,0.2986053999,9.3472605000,2.2590898000,0.0000392000,0.0624743000,12.6337578000,72,59,13
4275,200,140,40,20,6,2,Sweep Line,Local,6,0.45588599,9.11771980,72.62%,12.7150889000,0.0109979000,0.0367495001,1.0650961000,0.3488106000,9.7276063000,1.7892182000,0.0000459000,0.0676121001,12.7187683000,84,61,23
4275,200,160,40,20,6,2,Sweep Line,Local,6,0.46350131,9.27002622,83.33%,18.9644908000,0.0139241000,0.0501226000,1.3829138999,0.4680235001,14.9083836000,2.5195232000,0.0000490000,0.0726832000,18.9690273000,96,80,16
4275,200,180,40,20,6,2,Sweep Line,Local,6,0.43251775,8.65035494,81.48%,17.0529255000,0.0173467000,0.0612614001,1.4784483001,0.4896146000,13.0331378000,2.3561929000,0.0000548000,0.0758489000,17.0575065000,108,88,20
4275,200,200,40,20,6,2,Sweep Line,Local,6,0.41823624,8.36472482,81.67%,18.6736646000,0.0212028000,0.0773167000,1.7038806002,0.5654146001,14.4522817000,2.3079656000,0.0000623000,0.0845744001,18.6788199000,120,98,22
4275,200,220,40,20,6,2,Sweep Line,Local,6,0.37680196,7.53603924,93.94%,22.4862261000,0.0250707000,0.1006519001,2.1664585999,0.7223061000,17.6669141000,2.4125837000,0.0000603000,0.0903825000,22.4895554000,132,124,8
4275,200,240,40,20,6,2,Sweep Line,Local,6,0.36538031,7.30760620,88.19%,22.9336945000,0.0296967000,0.1097404000,2.2798630998,0.7685050999,18.1607034000,2.2396261000,0.0000702999,0.0927253000,22.9374517000,144,127,17
4275,200,260,40,20,6,2,Sweep Line,Local,6,0.34586296,6.91725910,91.67%,28.1029751000,0.0352929000,0.1371959001,2.8080676001,0.9441610998,22.4690112000,2.5243183000,0.0000735000,0.1063545000,28.1096908000,156,143,13
4275,200,280,40,20,6,2,Sweep Line,Local,6,0.30921318,6.18426364,95.83%,29.4855314000,0.0428551000,0.1691887000,3.3256963001,1.1020709001,23.3944905000,2.4189188000,0.0000840000,0.1146227000,29.4916726000,168,161,7
4275,200,300,40,20,6,2,Sweep Line,Local,6,0.31454009,6.29080186,98.89%,32.0571781000,0.0492018000,0.2001797000,3.6493558000,1.2122337000,25.4916455000,2.5191358000,0.0000849001,0.1273341001,32.0650029000,180,178,2
4275,200,320,40,20,6,2,Sweep Line,Local,6,0.26342228,5.26844566,95.83%,31.2401255000,0.0529993001,0.2161379999,3.7311523001,1.2646709000,24.5989750001,2.4879059000,0.0001032000,0.1293336001,31.2444296000,192,184,8
4275,200,340,40,20,6,2,Sweep Line,Local,6,0.27123716,5.42474313,95.59%,30.9052787000,0.0596976000,0.2329990000,3.8176179000,1.2914927000,24.2238297000,2.4156578000,0.0000930000,0.1344580999,30.9133889000,204,195,9
4275,200,360,40,20,6,2,Sweep Line,Local,6,0.26946293,5.38925866,97.22%,32.6304004000,0.0632706000,0.2451512999,3.9375013001,1.3472095999,25.8670528000,2.3627661000,0.0000959000,0.1354097000,32.6350242000,216,210,6
4275,200,380,40,20,6,2,Sweep Line,Local,6,0.24412603,4.88252065,98.25%,35.0344718000,0.0735242000,0.2919737001,4.4345104000,1.5103317999,27.5162405000,2.5517904001,0.0001142000,0.1473138001,35.0406563000,228,224,4
4275,200,400,40,20,6,2,Sweep Line,Local,6,0.26586790,5.31735792,96.67%,39.7372299000,0.0834321000,0.3302142000,4.8567202001,1.6439979997,31.4328383000,2.8539978000,0.0001126999,0.1591564001,39.7424827000,240,232,8
4275,200,420,40,20,6,2,Sweep Line,Local,6,0.22918193,4.58363853,100.00%,38.9282598000,0.0928549999,0.3795342001,5.2420465000,1.8018631001,30.3905676000,2.6298834000,0.0001195999,0.1689797001,38.9394163000,252,252,0
4275,200,440,40,20,6,2,Sweep Line,Local,6,0.24422264,4.88445275,100.00%,43.2673246000,0.1044194000,0.4164352999,5.6305451999,1.9073250000,34.0619950001,2.8504975999,0.0001266000,0.1805428999,43.2734035000,264,264,0
4275,200,460,40,20,6,2,Sweep Line,Local,6,0.24087090,4.81741795,99.64%,40.5266578000,0.1059146000,0.4286106000,5.4446918001,1.8796898000,31.7431147000,2.6057624999,0.0001335999,0.1752674000,40.5369212000,276,275,1
4275,200,480,40,20,6,2,Sweep Line,Local,6,0.22377978,4.47559550,100.00%,46.3037896000,0.1235024000,0.4899352001,6.2359691000,2.1360069999,36.2792411000,2.9599898001,0.0001366000,0.1941557002,46.3108589000,288,288,0
4275,200,500,40,20,6,2,Sweep Line,Local,6,0.23333463,4.66669262,100.00%,49.3584718000,0.1301790000,0.5361628001,6.4901142999,2.2153433999,38.8449138000,3.1262557000,0.0001454000,0.2037362000,49.3711975000,300,300,0
4275,200,520,40,20,6,2,Sweep Line,Local,6,0.22060181,4.41203615,99.68%,46.1911126000,0.1402170000,0.5564512000,6.5363102001,2.2510176002,35.8244751000,2.9091054000,0.0001545000,0.1999920000,46.2037265000,312,311,1
4275,200,540,40,20,6,2,Sweep Line,Local,6,0.21347900,4.26957994,100.00%,43.5693729000,0.1464570000,0.5804466002,6.5503017002,2.2684293000,33.4079477000,2.6549656000,0.0001464000,0.2036507999,43.5805344000,324,324,0
4275,200,560,40,20,6,2,Sweep Line,Local,6,0.22118821,4.42376424,99.70%,50.4696290000,0.1616372000,0.6473708001,7.1742142001,2.4695571000,39.0587059999,3.1874041000,0.0001569001,0.2111401000,50.5245302000,336,335,1
4275,200,580,40,20,6,2,Sweep Line,Local,6,0.19685836,3.93716712,100.00%,51.1562092000,0.1792801000,0.7169189999,7.6842222001,2.6330736998,39.3389514000,2.9826068000,0.0001600000,0.2258485000,51.1702150000,348,348,0
4275,200,600,40,20,6,2,Sweep Line,Local,6,0.19300061,3.86001215,100.00%,48.7450574000,0.1859223000,0.7183181998,7.5442179999,2.6219819000,37.3052125000,2.7347660000,0.0001743000,0.2286056000,48.7629706000,360,360,0
4275,200,620,40,20,6,2,Sweep Line,Local,6,0.19257844,3.85156878,100.00%,51.1919978000,0.1983574001,0.7802076000,7.7975051000,2.7201376000,39.2893329000,2.8596499000,0.0001694000,0.2349817001,51.1998582000,372,372,0
4275,200,640,40,20,6,2,Sweep Line,Local,6,0.17396939,3.47938789,100.00%,51.0441645000,0.2134204000,0.8663773999,8.5105341000,2.9474406001,38.3307207000,2.8419089000,0.0001815000,0.2488864001,51.0566747000,384,384,0
4275,200,660,40,20,6,2,Sweep Line,Local,6,0.17570457,3.51409132,100.00%,53.5312032000,0.2259622999,0.9200591000,8.7158583000,3.0397151999,40.3716806000,3.0166779000,0.0001763998,0.2458514001,53.5464248000,396,396,0
4275,200,680,40,20,6,2,Sweep Line,Local,6,0.18481413,3.69628266,100.00%,50.6502434000,0.2325297000,0.9114604002,8.4397815000,2.9660774002,37.7474725000,3.0356222000,0.0001841999,0.2483919000,50.6605844000,408,408,0
4275,200,700,40,20,6,2,Sweep Line,Local,6,0.16577510,3.31550205,100.00%,51.2908710000,0.2575674001,0.9906293000,8.9485588998,3.1408350001,37.8522580999,2.9458770000,0.0001909000,0.2576554000,51.2986359000,420,420,0
4275,200,720,40,20,6,2,Sweep Line,Local,6,0.17491141,3.49822817,100.00%,56.9418238000,0.2670521001,1.0873297001,9.5874455002,3.3609863998,42.5305075001,3.1608852000,0.0001903001,0.2689699000,56.9499915000,432,432,0
4275,200,740,40,20,6,2,Sweep Line,Local,6,0.17837195,3.56743897,100.00%,57.2191546000,0.2880455000,1.1369020000,9.7231292002,3.4237520998,42.3020950001,3.4423521000,0.0002096000,0.2836853001,57.2348634000,444,444,0
4275,200,760,40,20,6,2,Sweep Line,Local,6,0.17275752,3.45515035,100.00%,55.3444667000,0.2903717000,1.1319011000,9.3288094002,3.2639110002,41.2090480000,3.1519767000,0.0002114000,0.1897734001,55.3562016000,456,456,0
4275,200,780,40,20,6,2,Sweep Line,Local,6,0.16516815,3.30336304,100.00%,62.1566751000,0.3202934001,1.2677830001,10.2860636999,3.6144221002,46.5033140999,3.5331203000,0.0002124000,0.2016285001,62.1713420000,468,468,0
4275,200,800,40,20,6,2,Sweep Line,Local,6,0.17763183,3.55263652,100.00%,64.3116558000,0.3303070000,1.3553314000,10.8182645001,3.8022084001,47.9421476000,3.6074111000,0.0002213001,0.2128871999,64.3219310000,480,480,0
4275,200,820,40,20,6,2,Sweep Line,Local,6,0.16090227,3.21804534,100.00%,60.0481086000,0.3473244000,1.3481475997,10.4599543001,3.7240856003,44.1873377000,3.4458353000,0.0002209001,0.2139109000,60.0659274000,492,492,0
4275,200,840,40,20,6,2,Sweep Line,Local,6,0.16519355,3.30387090,100.00%,61.0284174000,0.3555100000,1.4457914001,11.0293592002,3.8907509000,44.3728929000,3.5554290000,0.0002357000,0.2216236000,61.0433525000,504,504,0
4275,200,860,40,20,6,2,Sweep Line,Local,6,0.15339803,3.06796062,100.00%,63.1974246000,0.3924400001,1.5501901001,11.6327138999,4.1139450001,45.8468881999,3.4977052999,0.0002404001,0.2272889003,63.2090981000,516,516,0
4275,200,880,40,20,6,2,Sweep Line,Local,6,0.16513723,3.30274455,100.00%,63.0268716000,0.3858546999,1.5322454000,11.2074400000,3.9989580999,46.0792375000,3.5440618000,0.0002425001,0.2269584999,63.0442894000,528,528,0
4275,200,900,40,20,6,2,Sweep Line,Local,6,0.15919531,3.18390625,100.00%,69.5981638000,0.4180595998,1.6575416998,11.8141887999,4.1973734001,51.7374902000,3.6911304000,0.0002487001,0.2254482999,69.6186869000,540,540,0
4275,200,920,40,20,6,2,Sweep Line,Local,6,0.15525522,3.10510434,100.00%,69.0252530000,0.4374473999,1.7603807999,12.3755892000,4.3985943999,50.3751617000,3.7934279999,0.0002578000,0.2260760001,69.0397363000,552,552,0
4275,200,940,40,20,6,2,Sweep Line,Local,6,0.14894100,2.97882008,100.00%,66.5145898000,0.4421363998,1.7238669999,11.9700934002,4.2888848999,48.5412600000,3.5545997999,0.0002518999,0.2249871000,66.5366471000,564,564,0
4275,200,960,40,20,6,2,Sweep Line,Local,6,0.14835532,2.96710646,100.00%,72.1725857000,0.4857577001,1.9575720001,13.1726973001,4.7092687000,52.3088759001,3.9531811000,0.0002863000,0.2338980000,72.1824264000,576,576,0
4275,200,980,40,20,6,2,Sweep Line,Local,6,0.15824297,3.16485932,100.00%,72.1326673000,0.4902235000,1.9633870999,13.0445688997,4.6739578999,52.3384050001,4.0002597000,0.0002725001,0.2339826001,72.1527097000,588,588,0
4275,200,1000,40,20,6,2,Sweep Line,Local,6,0.14277219,2.85544385,100.00%,72.1311461000,0.5006201000,2.0288021000,13.3214416001,4.7660627000,52.0417194000,3.9445176000,0.0002821000,0.2316273998,72.1553864000,600,600,0
4275,200,60,40,20,6,2,Sweep Line,Local,6,0.51141933,10.22838669,41.67%,4.8156846000,0.0020955000,0.0045586000,0.2351442000,0.0793000000,3.5544369000,0.9697547000,0.0000215000,0.0441386000,4.8182752000,36,15,21
4275,200,80,40,20,6,2,Sweep Line,Local,6,0.68573887,13.71477742,66.67%,8.2803959000,0.0042566000,0.0124118000,0.5271173000,0.1740375000,6.0883381000,1.5854203000,0.0000263000,0.0472598000,8.2830428000,48,32,16
4275,200,100,40,20,6,2,Sweep Line,Local,6,0.52294330,10.45886602,80.00%,11.5083411000,0.0058584001,0.0226854000,0.8273737000,0.2692611000,8.6027304000,1.9710554000,0.0000314000,0.0563698000,11.5116254000,60,48,12
4275,200,120,40,20,6,2,Sweep Line,Local,6,0.48180862,9.63617244,81.94%,12.6641294000,0.0082789000,0.0314724000,0.9212963000,0.3060477000,9.4324884000,2.1836027000,0.0000397000,0.0598484000,12.6664013000,72,59,13
4275,200,140,40,20,6,2,Sweep Line,Local,6,0.45588599,9.11771980,72.62%,12.5451715000,0.0114329000,0.0354274000,1.0745841000,0.3528862999,9.5523511000,1.7821697000,0.0000465000,0.0653433000,12.5472461000,84,61,23
4275,200,160,40,20,6,2,Sweep Line,Local,6,0.46350131,9.27002622,83.33%,18.6269932000,0.0132135000,0.0500490000,1.4024289999,0.4702783000,14.6542536000,2.4101905000,0.0000489001,0.0689531000,18.6322094000,96,80,16
4275,200,180,40,20,6,2,Sweep Line,Local,6,0.43251775,8.65035494,81.48%,16.0190606000,0.0174539000,0.0620352999,1.4100151000,0.4765221001,12.2060093001,2.2237755000,0.0000554000,0.0782942000,16.0242269000,108,88,20
4275,200,200,40,20,6,2,Sweep Line,Local,6,0.41823624,8.36472482,81.67%,18.1337414000,0.0220917000,0.0729244000,1.6419296000,0.5519735000,14.0897198999,2.2014471000,0.0000612001,0.0845367000,18.1390805000,120,98,22
4275,200,220,40,20,6,2,Sweep Line,Local,6,0.37680196,7.53603924,93.94%,22.2656189000,0.0263591000,0.1003932000,2.1677759999,0.7294396001,17.4335730000,2.4254075000,0.0000707000,0.0903178000,22.2684806000,132,124,8
4275,200,240,40,20,6,2,Sweep Line,Local,6,0.36538031,7.30760620,88.19%,24.2351370000,0.0317047000,0.1152226000,2.4014670000,0.8062426000,19.1557486000,2.4110953000,0.0000754000,0.0978693001,24.2383227000,144,127,17
4275,200,260,40,20,6,2,Sweep Line,Local,6,0.34586296,6.91725910,91.67%,28.7691725000,0.0388890001,0.1418932999,2.8742684999,0.9596142000,22.9466657000,2.6394481001,0.0000823000,0.1081005001,28.7728450000,156,143,13
4275,200,280,40,20,6,2,Sweep Line,Local,6,0.30921318,6.18426364,95.83%,29.6991257000,0.0448197000,0.1715284000,3.3266002000,1.1123778001,23.5318907000,2.4881108001,0.0000855000,0.1184484999,29.7033999000,168,161,7
4275,200,300,40,20,6,2,Sweep Line,Local,6,0.31454009,6.29080186,98.89%,31.6223528000,0.0487620000,0.2008974000,3.6812591001,1.2252289002,25.0726709000,2.4683223000,0.0000846000,0.1250418000,31.6297045000,180,178,2
4275,200,320,40,20,6,2,Sweep Line,Local,6,0.26342228,5.26844566,95.83%,30.0966677000,0.0551556000,0.2092178000,3.5695503001,1.2099433001,23.7440038000,2.3646791000,0.0000943000,0.1296078001,30.1009255000,192,184,8
4275,200,340,40,20,6,2,Sweep Line,Local,6,0.27123716,5.42474313,95.59%,30.4236493000,0.0593485999,0.2253711001,3.7525714998,1.2790263000,23.8329207999,2.3981033000,0.0000983000,0.1340674999,30.4279924000,204,195,9
4275,200,360,40,20,6,2,Sweep Line,Local,6,0.26946293,5.38925866,97.22%,36.0310651000,0.0692632000,0.2700090000,4.2984073001,1.4595005000,28.5968764001,2.6285374999,0.0001064000,0.1471512000,36.0398989000,216,210,6
4275,200,380,40,20,6,2,Sweep Line,Local,6,0.24412603,4.88252065,98.25%,37.2657332000,0.0764755000,0.3075373000,4.7497010000,1.6134045001,29.3777735001,2.5767068000,0.0001085000,0.1575348000,37.2763037000,228,224,4
4275,200,400,40,20,6,2,Sweep Line,Local,6,0.26586790,5.31735792,96.67%,39.1123669000,0.0849295001,0.3270144000,4.8252528001,1.6399057000,30.8441415999,2.8429326000,0.0001245000,0.1652911001,39.1231675000,240,232,8
4275,200,420,40,20,6,2,Sweep Line,Local,6,0.22918193,4.58363853,100.00%,36.9251335000,0.0879426000,0.3606494000,4.9228008000,1.6909994000,28.8269260001,2.5384666001,0.0001132001,0.1635571001,36.9360697000,252,252,0
4275,200,440,40,20,6,2,Sweep Line,Local,6,0.24422264,4.88445275,100.00%,36.7035060000,0.0890286999,0.3456106999,4.8670880000,1.6803985001,28.8637880000,2.3617436000,0.0001070999,0.1565758000,36.7091387000,264,264,0
4275,200,460,40,20,6,2,Sweep Line,Local,6,0.24087090,4.81741795,99.64%,38.6153686000,0.0985383000,0.3928492001,5.3169544000,1.8589692000,30.1337599000,2.4808639000,0.0001159000,0.1699421999,38.6227358000,276,275,1
4275,200,480,40,20,6,2,Sweep Line,Local,6,0.22377978,4.47559550,100.00%,38.0452327000,0.1016228001,0.4086196002,5.5267352001,1.9437508002,29.4481172000,2.3740470001,0.0001113000,0.1674328000,38.0528130000,288,288,0
4275,200,500,40,20,6,2,Sweep Line,Local,6,0.23333463,4.66669262,100.00%,38.6039307000,0.1123405000,0.4308578000,5.4906358999,1.9560202999,29.9184329001,2.4486576000,0.0001156000,0.1757942999,38.6166429000,300,300,0
4275,200,520,40,20,6,2,Sweep Line,Local,6,0.22060181,4.41203615,99.68%,31.3086117000,0.1010962001,0.3805620000,4.8941346999,1.7531630001,23.7807951001,1.9688664001,0.0001018000,0.1642361000,31.3147503000,312,311,1
4275,200,540,40,20,6,2,Sweep Line,Local,6,0.21347900,4.26957994,100.00%,31.0549157000,0.1086688999,0.4045428000,5.1564842999,1.8726079000,23.4136646000,1.7913376002,0.0001023001,0.1610710999,31.0610731000,324,324,0
4275,200,560,40,20,6,2,Sweep Line,Local,6,0.22118821,4.42376424,99.70%,36.4677337000,0.1241994001,0.4576755000,5.6159379000,2.0153630000,27.7791384001,2.2883057001,0.0001221999,0.1793723001,36.4789413000,336,335,1
4275,200,580,40,20,6,2,Sweep Line,Local,6,0.19685836,3.93716712,100.00%,36.5417762000,0.1323991000,0.5009397000,5.9363238000,2.1342340000,27.6839867000,2.0846767000,0.0001220000,0.1815620000,36.5507643000,348,348,0
4275,200,600,40,20,6,2,Sweep Line,Local,6,0.19300061,3.86001215,100.00%,36.1493774000,0.1427687000,0.5219714001,6.0412683001,2.1714815001,27.2318378001,2.0026916001,0.0001231001,0.1866422000,36.1567810000,360,360,0
4275,200,620,40,20,6,2,Sweep Line,Local,6,0.19257844,3.85156878,100.00%,36.5059920000,0.1466172000,0.5371049002,5.9478753000,2.1568959999,27.6790764000,1.9859978000,0.0001224000,0.1856714002,36.5141083000,372,372,0
4275,200,640,40,20,6,2,Sweep Line,Local,6,0.17396939,3.47938789,100.00%,33.6048493000,0.1550715999,0.5659106999,6.1988757003,2.2482802995,24.5963632000,1.8714882000,0.0001282001,0.1926413002,33.6183492000,384,384,0
4275,200,660,40,20,6,2,Sweep Line,Local,6,0.17570457,3.51409132,100.00%,37.5290218000,0.1714202001,0.6303626001,6.6843497999,2.4282899999,27.7132829001,2.0987090999,0.0001469999,0.2051029000,37.5406080000,396,396,0
4275,200,680,40,20,6,2,Sweep Line,Local,6,0.18481413,3.69628266,100.00%,39.0318471000,0.1788867000,0.6840751000,7.0159387999,2.5647432001,28.6023351000,2.3157465001,0.0001410000,0.2073079999,39.0401027000,408,408,0
4275,200,700,40,20,6,2,Sweep Line,Local,6,0.16577510,3.31550205,100.00%,38.5098669000,0.1916791000,0.7231672999,7.1184862001,2.6089681001,28.0619063000,2.1679900999,0.0001448001,0.2159528001,38.5197918000,420,420,0
4275,200,720,40,20,6,2,Sweep Line,Local,6,0.17491141,3.49822817,100.00%,37.8063561000,0.1872526000,0.7181139999,6.9531428999,2.5430148998,27.6313875001,2.0748511001,0.0001410999,0.2130278000,37.8134189000,432,432,0
4275,200,740,40,20,6,2,Sweep Line,Local,6,0.17837195,3.56743897,100.00%,39.5786623000,0.2127811001,0.7897894000,7.3609059002,2.6863636003,28.6068447000,2.3555298000,0.0001539001,0.2197625001,39.5866682000,444,444,0
4275,200,760,40,20,6,2,Sweep Line,Local,6,0.17275752,3.45515035,100.00%,42.2981860000,0.2234960000,0.8369572001,7.6830021998,2.7810504002,31.0372593000,2.3259871999,0.0001618999,0.1589383000,42.3092151000,456,456,0
4275,200,780,40,20,6,2,Sweep Line,Local,6,0.16516815,3.30336304,100.00%,44.1670404000,0.2398010000,0.8801533000,7.9002368000,2.8760299998,32.4315872000,2.5181964000,0.0001666000,0.1649525998,44.2126078000,468,468,0
4275,200,800,40,20,6,2,Sweep Line,Local,6,0.17763183,3.55263652,100.00%,40.8830546000,0.2387374000,0.8423393999,7.4365460999,2.7331941998,29.8920452999,2.2766871000,0.0001568000,0.1651648999,40.8992493000,480,480,0
4275,200,820,40,20,6,2,Sweep Line,Local,6,0.16090227,3.21804534,100.00%,37.7430430000,0.2387934000,0.8258072001,7.2121398000,2.6785969000,27.1685416001,2.1039582000,0.0001486000,0.1635343000,37.7549989000,492,492,0
4275,200,840,40,20,6,2,Sweep Line,Local,6,0.16519355,3.30387090,100.00%,40.4511739000,0.2591456000,0.9294197000,7.8755591001,2.9010884998,28.8563142000,2.3224343999,0.0001612001,0.1752889000,40.4591446000,504,504,0
4275,200,860,40,20,6,2,Sweep Line,Local,6,0.15339803,3.06796062,100.00%,39.6935467000,0.2664371000,0.9425527001,7.9258985000,2.9318350999,28.1829053000,2.1711561001,0.0001585000,0.1714802000,39.7019555000,516,516,0
4275,200,880,40,20,6,2,Sweep Line,Local,6,0.16513723,3.30274455,100.00%,40.5191228000,0.2721754000,0.9590104000,7.8367517997,2.8930929998,28.9896647999,2.2559023000,0.0001630000,0.1711084999,40.5282172000,528,528,0
4275,200,900,40,20,6,2,Sweep Line,Local,6,0.15919531,3.18390625,100.00%,43.8511973000,0.2883080999,1.0082279998,8.1090200001,3.0314877002,31.9726874000,2.2688578000,0.0001704001,0.1674127001,43.8618171000,540,540,0
4275,200,920,40,20,6,2,Sweep Line,Local,6,0.15525522,3.10510434,100.00%,44.4808309000,0.3100047001,1.0965400001,8.6474860001,3.2177167998,31.7669981000,2.4443937001,0.0001780001,0.1760626001,44.4918220000,552,552,0
4275,200,940,40,20,6,2,Sweep Line,Local,6,0.14894100,2.97882008,100.00%,44.7626468000,0.3187563000,1.1225631000,8.6494937001,3.2105913002,32.0508405000,2.4019987001,0.0001792000,0.1808336998,44.7717509000,564,564,0
4275,200,960,40,20,6,2,Sweep Line,Local,6,0.14835532,2.96710646,100.00%,42.6909298000,0.3203253999,1.1276195999,8.4804561998,3.1788522000,30.2672659000,2.2845255000,0.0001806000,0.1724672999,42.7053028000,576,576,0
4275,200,980,40,20,6,2,Sweep Line,Local,6,0.15824297,3.16485932,100.00%,46.6640007000,0.3470235001,1.2306021000,9.0675295999,3.3785433997,33.2549153002,2.5434279001,0.0002098001,0.1788971000,46.6732088000,588,588,0
4275,200,1000,40,20,6,2,Sweep Line,Local,6,0.14277219,2.85544385,100.00%,47.9165122000,0.3655805001,1.3179399999,9.5763726001,3.5812407998,33.8171484999,2.6089687999,0.0001930000,0.1872448999,47.9309499000,600,600,0
4275,200,60,40,20,6,2,Sweep Line,Local,8,0.51141933,10.22838669,41.67%,3.1049304000,0.0015240000,0.0031242000,0.1872777000,0.0574062000,2.2186383000,0.6536881000,0.0000157000,0.0345092000,3.1059522000,36,15,21
4275,200,80,40,20,6,2,Sweep Line,Local,8,0.68090516,13.61810318,66.67%,5.2564713000,0.0028387000,0.0089257000,0.4252726000,0.1335690000,3.7560879000,1.0199788000,0.0000197000,0.0341900000,5.2577675000,48,32,16
4275,200,100,40,20,6,2,Sweep Line,Local,8,0.52249880,10.44997590,80.00%,7.0917454000,0.0044002000,0.0143071000,0.6569435000,0.2002400000,5.1477951000,1.2157016000,0.0000261000,0.0418103000,7.0934589000,60,48,12
4275,200,120,40,20,6,2,Sweep Line,Local,8,0.47597785,9.51955692,81.94%,7.8819737000,0.0063621000,0.0212620000,0.7558034000,0.2307089000,5.6369779000,1.4013384000,0.0000268000,0.0446160001,7.8837866000,72,59,13
4275,200,140,40,20,6,2,Sweep Line,Local,8,0.45530832,9.10616646,72.62%,7.6662516000,0.0077474000,0.0225323000,0.8435854000,0.2590893001,5.6681280999,1.0636111000,0.0000327000,0.0477750000,7.6696155000,84,61,23
4275,200,160,40,20,6,2,Sweep Line,Local,8,0.45236131,9.04722619,83.33%,10.9464564000,0.0097148000,0.0329309001,1.1359935000,0.3548884999,8.1914456000,1.5100624000,0.0000374000,0.0529081999,10.9489065000,96,80,16
4275,200,180,40,20,6,2,Sweep Line,Local,8,0.40972791,8.19455821,81.48%,9.4236487000,0.0117248000,0.0401553000,1.1507957000,0.3620132000,6.8355730000,1.3078664000,0.0000408000,0.0582071000,9.4258701000,108,88,20
4275,200,200,40,20,6,2,Sweep Line,Local,8,0.40328728,8.06574563,81.67%,10.6349919000,0.0149997999,0.0480807999,1.3680816001,0.4333756000,7.7524020000,1.3730309000,0.0000445000,0.0614289000,10.6399899000,120,98,22
4275,200,220,40,20,6,2,Sweep Line,Local,8,0.36347865,7.26957303,93.94%,13.0245244000,0.0185457000,0.0663876000,1.8091510000,0.5676170000,9.5830791000,1.4612256000,0.0000445000,0.0677460000,13.0271226000,132,124,8
4275,200,240,40,20,6,2,Sweep Line,Local,8,0.36056173,7.21123453,88.19%,13.6336927000,0.0224467000,0.0717570999,1.8875634000,0.6000685999,10.1060595000,1.4539794000,0.0000552000,0.0747808000,13.6383034000,144,127,17
4275,200,260,40,20,6,2,Sweep Line,Local,8,0.32433488,6.48669754,91.67%,15.1405533000,0.0239155000,0.0832745000,2.1895618000,0.6869666998,11.3249004000,1.4224433000,0.0000527000,0.0812618001,15.1444399000,156,143,13
4275,200,280,40,20,6,2,Sweep Line,Local,8,0.29922564,5.98451276,95.83%,16.5440885000,0.0291245000,0.1029483000,2.5827694001,0.8114623001,12.3010840999,1.4303310000,0.0000571000,0.0848429000,16.5475796000,168,161,7
4275,200,300,40,20,6,2,Sweep Line,Local,8,0.30305559,6.06111173,98.89%,18.5046237000,0.0354095000,0.1253960999,2.9803820001,0.9354103000,13.7161923000,1.5373136000,0.0000648000,0.0953706000,18.5087614000,180,178,2
4275,200,320,40,20,6,2,Sweep Line,Local,8,0.24801325,4.96026502,95.83%,18.1377765000,0.0398806000,0.1379710000,3.0623920000,0.9872952001,13.2855592000,1.4970464000,0.0000663000,0.0957152999,18.1432403000,192,184,8
4275,200,340,40,20,6,2,Sweep Line,Local,8,0.26351278,5.27025568,95.59%,18.5948507000,0.0443482000,0.1516877000,3.2368382000,1.0170442000,13.5026326000,1.5337354000,0.0000704000,0.1090972001,18.5991116000,204,195,9
4275,200,360,40,20,6,2,Sweep Line,Local,8,0.25781155,5.15623102,97.22%,20.2272488000,0.0487910000,0.1734879999,3.5224781000,1.1220767000,14.7445281999,1.6113464000,0.0000759000,0.1098738000,20.2324448000,216,210,6
4275,200,380,40,20,6,2,Sweep Line,Local,8,0.22800203,4.56004056,98.25%,20.8867849000,0.0564864001,0.1922970000,3.7967065999,1.2014430002,15.1714468000,1.5394399000,0.0000753000,0.1148079000,20.8919388000,228,224,4
4275,200,400,40,20,6,2,Sweep Line,Local,8,0.24316474,4.86329481,96.67%,21.6034988000,0.0583849999,0.2048709999,3.8637141001,1.2275785999,15.7377923999,1.6038889999,0.0000774001,0.1178694000,21.6097086000,240,232,8
4275,200,420,40,20,6,2,Sweep Line,Local,8,0.21703021,4.34060425,100.00%,20.8308668000,0.0630414000,0.2288677999,4.0624163001,1.3051628001,14.8450115000,1.4896686001,0.0000776000,0.1228176000,20.8371023000,252,252,0
4275,200,440,40,20,6,2,Sweep Line,Local,8,0.23054940,4.61098794,100.00%,22.6171017000,0.0702390000,0.2478925000,4.2982836998,1.3652502001,16.2678996000,1.5897222000,0.0000800000,0.1265842000,22.6229118000,264,264,0
4275,200,460,40,20,6,2,Sweep Line,Local,8,0.22162040,4.43240808,99.64%,22.8813983000,0.0755424000,0.2656563000,4.4362322002,1.4134375999,16.3790669001,1.5727408000,0.0000856000,0.1343895998,22.8899269000,276,275,1
4275,200,480,40,20,6,2,Sweep Line,Local,8,0.20353344,4.07066871,100.00%,24.0587629000,0.0823787999,0.2970342000,4.8987647999,1.5658865003,17.0146416001,1.6101284000,0.0000900000,0.1400154001,24.0660439000,288,288,0
4275,200,500,40,20,6,2,Sweep Line,Local,8,0.20641591,4.12831813,100.00%,26.4503592000,0.0939524000,0.3668545000,5.2493565002,1.6800720000,18.7857208000,1.7872901000,0.0000956001,0.1453009999,26.4573371000,300,300,0
4275,200,520,40,20,6,2,Sweep Line,Local,8,0.19727300,3.94546002,99.68%,26.2230927000,0.1027431000,0.3591796000,5.4489861001,1.7552237997,18.4426229000,1.6981096001,0.0001004001,0.1526249000,26.2298834000,312,311,1
4275,200,540,40,20,6,2,Sweep Line,Local,8,0.19307740,3.86154794,100.00%,25.0397595000,0.1078903001,0.3765841999,5.6337555999,1.8121622000,17.1330828000,1.6155841000,0.0000999001,0.1549216001,25.0457343000,324,324,0
4275,200,560,40,20,6,2,Sweep Line,Local,8,0.19835881,3.96717618,99.70%,26.7012994000,0.1156707000,0.3967715001,5.6209322000,1.8062503998,18.5919535001,1.7950546001,0.0001187001,0.1598775000,26.7086067000,336,335,1
4275,200,580,40,20,6,2,Sweep Line,Local,8,0.18147605,3.62952101,100.00%,25.8181961000,0.1222365001,0.4142026001,5.7578781999,1.8920109998,17.7161353000,1.6240036999,0.0001089999,0.1639385001,25.8249597000,348,348,0
4275,200,600,40,20,6,2,Sweep Line,Local,8,0.17450488,3.49009758,100.00%,27.4428547000,0.1329438000,0.4664131999,6.2208820002,2.0175522001,18.7708385001,1.6588286000,0.0001172001,0.1716818999,27.4495109000,360,360,0
4275,200,620,40,20,6,2,Sweep Line,Local,8,0.17418520,3.48370391,100.00%,29.7257247000,0.1451328000,0.5092629999,6.6146557002,2.1464857997,20.4396544000,1.8133729000,0.0001214000,0.1796915000,29.7375800000,372,372,0
4275,200,640,40,20,6,2,Sweep Line,Local,8,0.16471435,3.29428708,100.00%,28.2591069000,0.1504906000,0.5373551999,6.8159810002,2.2074460001,18.8224512000,1.7222021000,0.0001259001,0.1882583001,28.2669105000,384,384,0
4275,200,660,40,20,6,2,Sweep Line,Local,8,0.16187839,3.23756773,100.00%,28.6094181000,0.1565909000,0.5668858000,6.9624102000,2.2582823003,18.9435362000,1.7684437999,0.0001194000,0.1878555001,28.6178727000,396,396,0
4275,200,680,40,20,6,2,Sweep Line,Local,8,0.17121632,3.42432638,100.00%,27.7199337000,0.1599409000,0.5703293000,6.8071214002,2.2430188999,18.1789441000,1.7902538001,0.0001231000,0.1885504001,27.7294722000,408,408,0
4275,200,700,40,20,6,2,Sweep Line,Local,8,0.15236959,3.04739170,100.00%,28.7345900000,0.1795556000,0.6293860002,7.2366327001,2.3676014999,18.6855798999,1.7804111000,0.0001298000,0.1947393001,28.7417411000,420,420,0
4275,200,720,40,20,6,2,Sweep Line,Local,8,0.16076331,3.21526614,100.00%,31.1986568000,0.1867850000,0.6722012999,7.6870282001,2.4965069001,20.5280693000,1.8901664000,0.0001369000,0.2069240001,31.2059907000,432,432,0
4275,200,740,40,20,6,2,Sweep Line,Local,8,0.16233458,3.24669154,100.00%,32.1234584000,0.2063051999,0.7422381001,8.0800895000,2.6363738000,20.7525593000,2.0929225000,0.0001468998,0.2179213002,32.1372182000,444,444,0
4275,200,760,40,20,6,2,Sweep Line,Local,8,0.15356587,3.07131745,100.00%,31.6560964000,0.2050473999,0.7403995999,7.9053232002,2.5792330001,20.6812665000,1.9423921001,0.0001440000,0.1520949000,31.6634638000,456,456,0
4275,200,780,40,20,6,2,Sweep Line,Local,8,0.14928649,2.98572979,100.00%,31.7051435000,0.2153486999,0.7526261002,7.8662713003,2.5768295001,20.6873247999,1.9969726999,0.0001486999,0.1566112001,31.7130219000,468,468,0
4275,200,800,40,20,6,2,Sweep Line,Local,8,0.15348918,3.06978352,100.00%,32.9548915000,0.2269112001,0.8012626000,8.1912197998,2.6849407001,21.5183394000,2.0274886000,0.0001505999,0.1581816999,32.9624396000,480,480,0
4275,200,820,40,20,6,2,Sweep Line,Local,8,0.14563284,2.91265685,100.00%,34.1704458000,0.2500120001,0.8946310000,8.8921610000,2.9166107001,21.8022828000,2.1279706000,0.0001581000,0.1694828000,34.1817480000,492,492,0
4275,200,840,40,20,6,2,Sweep Line,Local,8,0.15076026,3.01520517,100.00%,33.9719271000,0.2547759001,0.9283644000,8.9682014002,2.9391661002,21.4056215000,2.2065467000,0.0001638000,0.1740600001,33.9805555000,504,504,0
4275,200,860,40,20,6,2,Sweep Line,Local,8,0.14528515,2.90570291,100.00%,33.4437720000,0.2628715000,0.9388188001,9.0686498002,2.9727751002,20.8804067999,2.0927013999,0.0001607000,0.1676821999,33.4529843000,516,516,0
4275,200,880,40,20,6,2,Sweep Line,Local,8,0.13659603,2.73192061,100.00%,33.1006993000,0.2758349000,0.9582226001,8.8772161998,2.9460165001,20.7248218002,2.0579975999,0.0001682000,0.1705827001,33.1098299000,528,528,0
4275,200,900,40,20,6,2,Sweep Line,Local,8,0.14149717,2.82994342,100.00%,36.1966136000,0.2899302001,1.0301279999,9.3394989999,3.0946688000,23.1570277999,2.1696505001,0.0001776000,0.1749832000,36.2045647000,540,540,0
4275,200,920,40,20,6,2,Sweep Line,Local,8,0.14097016,2.81940312,100.00%,36.8752540000,0.3004462999,1.1117136002,9.9462694001,3.3068082999,22.9926981999,2.3056668000,0.0001755001,0.1797442999,36.8876172000,552,552,0
4275,200,940,40,20,6,2,Sweep Line,Local,8,0.13831232,2.76624648,100.00%,38.0444569000,0.3142905000,1.1561803000,10.1831664999,3.3691394000,23.8609043001,2.3131303000,0.0001783999,0.1757326000,38.0541939000,564,564,0
4275,200,960,40,20,6,2,Sweep Line,Local,8,0.13271404,2.65428072,100.00%,35.7981414000,0.3236856000,1.1539742998,9.8924720000,3.2815083000,22.0035336999,2.2084582999,0.0001881000,0.1750453999,35.8176586000,576,576,0
4275,200,980,40,20,6,2,Sweep Line,Local,8,0.13328790,2.66575803,100.00%,36.6807532000,0.3278487999,1.1731761000,10.0161850002,3.3441437000,22.7191235000,2.2266138001,0.0001804000,0.1763900000,36.6895856000,588,588,0
4275,200,1000,40,20,6,2,Sweep Line,Local,8,0.12611722,2.52234437,100.00%,39.2336239000,0.3587330001,1.3164526004,10.9239179000,3.6442081999,24.0064289000,2.4037674000,0.0001894000,0.1811916001,39.2803179000,600,600,0
4275,200,60,40,20,6,2,Sweep Line,Local,8,0.51141933,10.22838669,41.67%,3.1711778000,0.0014505000,0.0034666000,0.1870654000,0.0581822000,2.2856304000,0.6544021000,0.0000163000,0.0334212000,3.1723053000,36,15,21
4275,200,80,40,20,6,2,Sweep Line,Local,8,0.68090516,13.61810318,66.67%,5.2155840000,0.0027017000,0.0084366000,0.4045970000,0.1265976000,3.7699729000,0.9870890000,0.0000207000,0.0327358000,5.2167972000,48,32,16
4275,200,100,40,20,6,2,Sweep Line,Local,8,0.52249880,10.44997590,80.00%,7.3101941000,0.0041698000,0.0153264000,0.6876679999,0.2091739000,5.3061816000,1.2466411000,0.0000226000,0.0394698000,7.3129628000,60,48,12
4275,200,120,40,20,6,2,Sweep Line,Local,8,0.47597785,9.51955692,81.94%,7.9878076000,0.0056386000,0.0212672000,0.7771771001,0.2422311001,5.7694301000,1.3560298000,0.0000259000,0.0428183000,7.9895685000,72,59,13
4275,200,140,40,20,6,2,Sweep Line,Local,8,0.45530832,9.10616646,72.62%,7.8477403000,0.0075625000,0.0234871000,0.8645562000,0.2703693000,5.7757691000,1.1165451000,0.0000336000,0.0464709000,7.8495861000,84,61,23
4275,200,160,40,20,6,2,Sweep Line,Local,8,0.45236131,9.04722619,83.33%,11.5419170000,0.0101575000,0.0331231000,1.1796603999,0.3731194000,8.6294975000,1.6235056000,0.0000367999,0.0528505000,11.5448604000,96,80,16
4275,200,180,40,20,6,2,Sweep Line,Local,8,0.40972791,8.19455821,81.48%,9.6952002000,0.0125948001,0.0411761000,1.2032510000,0.3761668001,7.0245089000,1.3367798000,0.0000416000,0.0583492000,9.6980297000,108,88,20
4275,200,200,40,20,6,2,Sweep Line,Local,8,0.40328728,8.06574563,81.67%,11.3571493000,0.0156126000,0.0507248000,1.4351737001,0.4527825000,8.3887067000,1.3858138000,0.0000472999,0.0625801001,11.3596288000,120,98,22
4275,200,220,40,20,6,2,Sweep Line,Local,8,0.36347865,7.26957303,93.94%,13.3477701000,0.0197797000,0.0652379999,1.7946767000,0.5678412000,9.8964861999,1.4841656999,0.0000466000,0.0707276000,13.3505894000,132,124,8
4275,200,240,40,20,6,2,Sweep Line,Local,8,0.36056173,7.21123453,88.19%,13.1765002000,0.0220577000,0.0716853000,1.8513199000,0.5844604000,9.7056891000,1.4333641001,0.0000517000,0.0743325001,13.1795053000,144,127,17
4275,200,260,40,20,6,2,Sweep Line,Local,8,0.32433488,6.48669754,91.67%,14.9822973000,0.0245923000,0.0828742000,2.1717717001,0.6930084001,11.2331495999,1.3762272000,0.0000553001,0.0782115000,14.9855331000,156,143,13
4275,200,280,40,20,6,2,Sweep Line,Local,8,0.29922564,5.98451276,95.83%,15.9331770000,0.0292722000,0.1012826001,2.5176397000,0.7989889000,11.8067567000,1.3820447000,0.0000563999,0.0834388000,15.9371367000,168,161,7
4275,200,300,40,20,6,2,Sweep Line,Local,8,0.30305559,6.06111173,98.89%,18.6367936000,0.0344405001,0.1228673000,2.9602893998,0.9410059999,13.8747951000,1.5363002000,0.0000578000,0.0937772000,18.6407984000,180,178,2
4275,200,320,40,20,6,2,Sweep Line,Local,8,0.24801325,4.96026502,95.83%,17.8646509000,0.0400096999,0.1387103000,2.9978488000,0.9368987999,13.1089627001,1.4619451000,0.0000946001,0.0976059999,17.8689603000,192,184,8
4275,200,340,40,20,6,2,Sweep Line,Local,8,0.26351278,5.27025568,95.59%,18.6247099000,0.0452267000,0.1527451000,3.2339713999,1.0210470002,13.5076939000,1.5639696000,0.0000804000,0.1035818000,18.6291622000,204,195,9
4275,200,360,40,20,6,2,Sweep Line,Local,8,0.25781155,5.15623102,97.22%,20.8470791000,0.0496529000,0.1800615000,3.6199369000,1.1407413002,15.2139603000,1.6589074000,0.0000729000,0.1078860000,20.8522192000,216,210,6
4275,200,380,40,20,6,2,Sweep Line,Local,8,0.22800203,4.56004056,98.25%,21.0886768000,0.0557734000,0.1930746999,3.8383805000,1.2172786000,15.3580003000,1.5126557000,0.0000748999,0.1148446001,21.0968691000,228,224,4
4275,200,400,40,20,6,2,Sweep Line,Local,8,0.24316474,4.86329481,96.67%,21.8093621000,0.0618047000,0.2074984999,3.9174066002,1.2376816998,15.8698077000,1.6133164000,0.0000816000,0.1218497000,21.8149624000,240,232,8
4275,200,420,40,20,6,2,Sweep Line,Local,8,0.21703021,4.34060425,100.00%,21.0149857000,0.0655887001,0.2319275000,4.0892116001,1.3093196000,14.9898861999,1.4964982000,0.0000850000,0.1221917999,21.0202389000,252,252,0
4275,200,440,40,20,6,2,Sweep Line,Local,8,0.23054940,4.61098794,100.00%,22.4347912000,0.0694510000,0.2466063000,4.2664696001,1.3580019999,16.1041408000,1.6069133000,0.0000854000,0.1251506999,22.4438843000,264,264,0
4275,200,460,40,20,6,2,Sweep Line,Local,8,0.22162040,4.43240808,99.64%,22.6128220000,0.0753356002,0.2663576999,4.4408933003,1.4530004000,16.1423079001,1.5419594000,0.0000841000,0.1267843001,22.6214368000,276,275,1
4275,200,480,40,20,6,2,Sweep Line,Local,8,0.20353344,4.07066871,100.00%,24.7731546000,0.0860505000,0.3079328999,5.0102502000,1.5887244999,17.5656076000,1.6474142001,0.0000920000,0.1390021000,24.7799833000,288,288,0
4275,200,500,40,20,6,2,Sweep Line,Local,8,0.20641591,4.12831813,100.00%,26.0806573000,0.0949024999,0.3368985999,5.2144995003,1.6687903004,18.4970075000,1.7656772000,0.0000938000,0.1503749000,26.0869587000,300,300,0
4275,200,520,40,20,6,2,Sweep Line,Local,8,0.19727300,3.94546002,99.68%,26.2064850000,0.0986653000,0.3631808999,5.4584694999,1.7489556999,18.4189416000,1.6970735999,0.0001006001,0.1506884001,26.2131069000,312,311,1
4275,200,540,40,20,6,2,Sweep Line,Local,8,0.19307740,3.86154794,100.00%,25.7576084000,0.1066087000,0.3791887002,5.7137630999,1.8530160001,17.7042644001,1.6767939999,0.0001045999,0.1580909001,25.7653254000,324,324,0
4275,200,560,40,20,6,2,Sweep Line,Local,8,0.19835881,3.96717618,99.70%,27.5484870000,0.1132014000,0.4039887000,5.7541250000,1.8485680001,19.2581378000,1.8350335000,0.0001125999,0.1625368999,27.5562618000,336,335,1
4275,200,580,40,20,6,2,Sweep Line,Local,8,0.18147605,3.62952101,100.00%,26.2656500000,0.1182798000,0.4223943999,5.9139878000,1.9219731003,17.9699341001,1.6572654000,0.0001078001,0.1634059000,26.2749067000,348,348,0
4275,200,600,40,20,6,2,Sweep Line,Local,8,0.17450488,3.49009758,100.00%,26.0020120000,0.1320796001,0.4519208999,5.9778361002,1.9388272998,17.6703729000,1.5782576000,0.0001102001,0.1700342000,26.0122754000,360,360,0
4275,200,620,40,20,6,2,Sweep Line,Local,8,0.17418520,3.48370391,100.00%,29.1933449000,0.1422963999,0.5029344000,6.5685672001,2.1324072001,19.9884917001,1.7908142001,0.0001186000,0.1764983999,29.2005492000,372,372,0
4275,200,640,40,20,6,2,Sweep Line,Local,8,0.16471435,3.29428708,100.00%,28.5793536000,0.1519504000,0.5463425001,6.8399757999,2.2043171000,19.0497824000,1.7800542001,0.0001248999,0.1869218000,28.5870162000,384,384,0
4275,200,660,40,20,6,2,Sweep Line,Local,8,0.16187839,3.23756773,100.00%,29.2057812000,0.1605127001,0.5768477999,7.0799299002,2.2871033999,19.3670906000,1.8076860999,0.0001319001,0.1884143000,29.2208205000,396,396,0
4275,200,680,40,20,6,2,Sweep Line,Local,8,0.17121632,3.42432638,100.00%,29.4803569000,0.1649299000,0.5964519999,7.2117807001,2.3692655000,19.3541138000,1.9313836000,0.0001258000,0.1951074000,29.4886955000,408,408,0
4275,200,700,40,20,6,2,Sweep Line,Local,8,0.15236959,3.04739170,100.00%,28.2268561000,0.1750722002,0.6148089998,7.1153954001,2.3161762999,18.3579410001,1.7445501000,0.0001350000,0.1911681001,28.2367814000,420,420,0
4275,200,720,40,20,6,2,Sweep Line,Local,8,0.16076331,3.21526614,100.00%,29.3143726000,0.1870709000,0.6525557999,7.3322234002,2.4289237998,19.1089158000,1.7977655001,0.0001347999,0.2070913001,29.3228440000,432,432,0
4275,200,740,40,20,6,2,Sweep Line,Local,8,0.16233458,3.24669154,100.00%,30.7118530000,0.1990796999,0.7018025000,7.7594213999,2.5529361999,19.8461548000,1.9671237001,0.0001430000,0.2064886001,30.7191996000,444,444,0
4275,200,760,40,20,6,2,Sweep Line,Local,8,0.15356587,3.07131745,100.00%,32.7903472000,0.2106468999,0.7598636001,8.1513740999,2.6564479000,21.4603511000,2.0251529000,0.0001473000,0.1514314001,32.8037303000,456,456,0
4275,200,780,40,20,6,2,Sweep Line,Local,8,0.14928649,2.98572979,100.00%,33.0623793000,0.2238758001,0.7942938000,8.2694712001,2.6975656999,21.4998573999,2.0887949000,0.0001551000,0.1554795001,33.0704072000,468,468,0
4275,200,800,40,20,6,2,Sweep Line,Local,8,0.15348918,3.06978352,100.00%,34.9682940000,0.2360257999,0.8595629000,8.8076613999,2.8661899999,22.7459818001,2.1209881000,0.0001530000,0.1653349999,35.0072309000,480,480,0
4275,200,820,40,20,6,2,Sweep Line,Local,8,0.14563284,2.91265685,100.00%,32.3401383000,0.2482246000,0.8522002000,8.4865017999,2.7926866002,20.5160652000,2.0398327000,0.0001627999,0.1637212000,32.3489079000,492,492,0
4275,200,840,40,20,6,2,Sweep Line,Local,8,0.15076026,3.01520517,100.00%,31.7840894000,0.2507941999,0.8680736999,8.5838161999,2.8532890000,19.8486487001,2.0344272000,0.0001661000,0.1638581000,31.7936833000,504,504,0
4275,200,860,40,20,6,2,Sweep Line,Local,8,0.14528515,2.90570291,100.00%,32.9085302000,0.2683725999,0.9354260003,8.9731929999,2.9719204001,20.4527641999,2.0687067001,0.0001614001,0.1734057001,32.9169675000,516,516,0
4275,200,880,40,20,6,2,Sweep Line,Local,8,0.13659603,2.73192061,100.00%,35.7265221000,0.2947082001,1.0315706001,9.5202775001,3.1239534998,22.4550350999,2.2094520000,0.0001722000,0.1784868001,35.7416870000,528,528,0
4275,200,900,40,20,6,2,Sweep Line,Local,8,0.14149717,2.82994342,100.00%,37.4860109000,0.3015927001,1.0748353999,9.7045544998,3.2242089000,23.9625364000,2.2285689000,0.0001776001,0.1748950000,37.4979913000,540,540,0
4275,200,920,40,20,6,2,Sweep Line,Local,8,0.14097016,2.81940312,100.00%,36.0358860000,0.3105083000,1.0805537000,9.6269671998,3.2017362000,22.5439802999,2.2564189000,0.0001734001,0.1783048999,36.0455544000,552,552,0
4275,200,940,40,20,6,2,Sweep Line,Local,8,0.13831232,2.76624648,100.00%,35.5067006000,0.3170700000,1.0938251999,9.5557076000,3.2005161001,22.1789427999,2.1437731999,0.0001779998,0.1761432000,35.5181386000,564,564,0
4275,200,960,40,20,6,2,Sweep Line,Local,8,0.13271404,2.65428072,100.00%,37.3357816000,0.3344916999,1.1841699999,10.2089257001,3.3771395001,23.1193724001,2.2667253001,0.0001833000,0.1799801002,37.3437940000,576,576,0
4275,200,980,40,20,6,2,Sweep Line,Local,8,0.13328790,2.66575803,100.00%,38.9523362000,0.3503817000,1.2549591001,10.6426637000,3.5637040002,24.0963445000,2.3822926000,0.0001968999,0.1827229001,38.9665061000,588,588,0
4275,200,1000,40,20,6,2,Sweep Line,Local,8,0.12611722,2.52234437,100.00%,39.1693298000,0.3764115999,1.3218279998,10.9537877999,3.6650898005,23.8970036000,2.3901789001,0.0002045000,0.1860114002,39.1802664000,600,600,0
4275,200,60,40,20,6,2,Sweep Line,Local,8,0.51141933,10.22838669,41.67%,3.0294529000,0.0016479000,0.0034678000,0.1956369000,0.0607155000,2.1368249000,0.6516106000,0.0000178000,0.0349028000,3.0304945000,36,15,21
4275,200,80,40,20,6,2,Sweep Line,Local,8,0.68090516,13.61810318,66.67%,5.0042776000,0.0026625000,0.0082454000,0.3964213001,0.1198103000,3.5984526000,0.9581339000,0.0000187000,0.0320397000,5.0055613000,48,32,16
4275,200,100,40,20,6,2,Sweep Line,Local,8,0.52249880,10.44997590,80.00%,6.9567593000,0.0042814000,0.0141698999,0.6321611000,0.1941884000,5.0807958000,1.1751744000,0.0000244000,0.0392619999,6.9581161000,60,48,12
4275,200,120,40,20,6,2,Sweep Line,Local,8,0.47597785,9.51955692,81.94%,7.2942767000,0.0062105000,0.0198420000,0.7013700000,0.2218815000,5.2088994000,1.2937068000,0.0000269000,0.0478404000,7.2961545000,72,59,13
4275,200,140,40,20,6,2,Sweep Line,Local,8,0.45530832,9.10616646,72.62%,7.2720404000,0.0081552000,0.0213411000,0.8093976001,0.2525242000,5.3405581000,1.0331858000,0.0000341000,0.0472122000,7.2737436000,84,61,23
4275,200,160,40,20,6,2,Sweep Line,Local,8,0.45236131,9.04722619,83.33%,10.9471579000,0.0099982000,0.0317722999,1.1449824000,0.3637494999,8.1798556000,1.5125999000,0.0000371000,0.0548770000,10.9489511000,96,80,16
4275,200,180,40,20,6,2,Sweep Line,Local,8,0.40972791,8.19455821,81.48%,9.2224749000,0.0133797000,0.0410248000,1.1549109000,0.3706593000,6.6594192000,1.2736296000,0.0000399000,0.0592798000,9.2245701000,108,88,20
4275,200,200,40,20,6,2,Sweep Line,Local,8,0.40328728,8.06574563,81.67%,10.8011895000,0.0158436000,0.0493945000,1.4011020999,0.4569270000,7.9136397000,1.3374580000,0.0000468000,0.0652425000,10.8050157000,120,98,22
4275,200,220,40,20,6,2,Sweep Line,Local,8,0.36347865,7.26957303,93.94%,13.4295467000,0.0187189000,0.0649096000,1.7973340000,0.5663969999,9.9797855000,1.4805251000,0.0000456001,0.0707397000,13.4322977000,132,124,8
4275,200,240,40,20,6,2,Sweep Line,Local,8,0.36056173,7.21123453,88.19%,14.1875464000,0.0226276999,0.0759650001,1.9718894001,0.6080797999,10.5101564000,1.5107782000,0.0000515000,0.0777263000,14.1935603000,144,127,17
4275,200,260,40,20,6,2,Sweep Line,Local,8,0.32433488,6.48669754,91.67%,16.5368681000,0.0265685000,0.0903228999,2.3928490000,0.7480082000,12.3850749000,1.5462376000,0.0000556000,0.0808119001,16.5407377000,156,143,13
4275,200,280,40,20,6,2,Sweep Line,Local,8,0.29922564,5.98451276,95.83%,17.0244975000,0.0310305000,0.1070303000,2.6724396999,0.8304552999,12.6370979000,1.4780787000,0.0000602000,0.0858196001,17.0282518000,168,161,7
4275,200,300,40,20,6,2,Sweep Line,Local,8,0.30305559,6.06111173,98.89%,18.5371793000,0.0353342000,0.1244834000,2.9624749999,0.9272240001,13.7880391000,1.5204195000,0.0000618000,0.0921990000,18.5414352000,180,178,2
4275,200,320,40,20,6,2,Sweep Line,Local,8,0.24801325,4.96026502,95.83%,17.8132813000,0.0400823999,0.1389272000,3.0270881999,0.9466673000,13.0006022000,1.4914587000,0.0000662001,0.0963391000,17.8181808000,192,184,8
4275,200,340,40,20,6,2,Sweep Line,Local,8,0.26351278,5.27025568,95.59%,18.9003502000,0.0433922000,0.1535837999,3.2877796001,1.0345939001,13.7585064000,1.5333742000,0.0000725000,0.1071115998,18.9061215000,204,195,9
4275,200,360,40,20,6,2,Sweep Line,Local,8,0.25781155,5.15623102,97.22%,19.8734223000,0.0481071999,0.1687471001,3.4673629000,1.1027843002,14.5133379000,1.5525135000,0.0000721001,0.1065965000,19.8788406000,216,210,6
4275,200,380,40,20,6,2,Sweep Line,Local,8,0.22800203,4.56004056,98.25%,19.9086911000,0.0533068000,0.1848616000,3.6311467999,1.1565493999,14.4613738000,1.4513992999,0.0000728000,0.1115163999,19.9181955000,228,224,4
4275,200,400,40,20,6,2,Sweep Line,Local,8,0.24316474,4.86329481,96.67%,20.7195695000,0.0587318000,0.2004141001,3.7270001999,1.1836505001,15.0868456999,1.5154095000,0.0000767000,0.1140872000,20.7247256000,240,232,8
4275,200,420,40,20,6,2,Sweep Line,Local,8,0.21703021,4.34060425,100.00%,20.9854762000,0.0663375999,0.2289034002,4.0333457999,1.2952607999,15.0024247000,1.5086830000,0.0000806000,0.1253549000,20.9921643000,252,252,0
4275,200,440,40,20,6,2,Sweep Line,Local,8,0.23054940,4.61098794,100.00%,27.8892879000,0.0903443000,0.3178861000,5.3916461998,1.7250088000,19.8971013000,2.0183620000,0.0001172000,0.1530903001,27.8944455000,264,264,0
4275,200,460,40,20,6,2,Sweep Line,Local,8,0.22162040,4.43240808,99.64%,24.5084790000,0.0817549999,0.2849375000,4.7885812001,1.5256776001,17.5074922999,1.6879006999,0.0000886000,0.1392707000,24.5141786000,276,275,1
4275,200,480,40,20,6,2,Sweep Line,Local,8,0.20353344,4.07066871,100.00%,24.3978341000,0.0835371000,0.3030457999,4.9382271998,1.5783645000,17.2730232001,1.6433406000,0.0000926001,0.1401695000,24.4046603000,288,288,0
4275,200,500,40,20,6,2,Sweep Line,Local,8,0.20641591,4.12831813,100.00%,25.4326120000,0.0933648000,0.3261255001,5.0852990000,1.6328784001,18.0479353000,1.7150854000,0.0000994001,0.1444926999,25.4390874000,300,300,0
4275,200,520,40,20,6,2,Sweep Line,Local,8,0.19727300,3.94546002,99.68%,25.1887235000,0.1014662001,0.3456475002,5.2293870000,1.6790781000,17.7445796001,1.5976006000,0.0001000999,0.1510111999,25.1959266000,312,311,1
4275,200,540,40,20,6,2,Sweep Line,Local,8,0.19307740,3.86154794,100.00%,24.3269238000,0.1071975999,0.3708395001,5.4219402998,1.7421903999,16.7038559001,1.5557257000,0.0000968000,0.1484138999,24.3373427000,324,324,0
4275,200,560,40,20,6,2,Sweep Line,Local,8,0.19835881,3.96717618,99.70%,28.1040826000,0.1175752000,0.4227744001,5.9176674002,1.9005757000,19.5866973000,1.8743292001,0.0001097999,0.1615677001,28.1401205000,336,335,1
4275,200,580,40,20,6,2,Sweep Line,Local,8,0.18147605,3.62952101,100.00%,27.9909018000,0.1281904000,0.4480624000,6.1794284000,1.9999621999,19.2700505000,1.7718903999,0.0001075000,0.1718919000,27.9989817000,348,348,0
4275,200,600,40,20,6,2,Sweep Line,Local,8,0.17450488,3.49009758,100.00%,27.9871746000,0.1386045000,0.4760606999,6.3821182001,2.0666903998,19.1171687000,1.6806005999,0.0001143000,0.1703412000,27.9953900000,360,360,0
4275,200,620,40,20,6,2,Sweep Line,Local,8,0.17418520,3.48370391,100.00%,28.4030525000,0.1448293000,0.4912531999,6.3590053999,2.0570038002,19.4927192001,1.7192985999,0.0001153000,0.1725983000,28.4104701000,372,372,0
4275,200,640,40,20,6,2,Sweep Line,Local,8,0.16471435,3.29428708,100.00%,26.2201996000,0.1483472000,0.5113997998,6.4133598000,2.1032751002,17.3422532999,1.6040901000,0.0001149000,0.1770576001,26.2277142000,384,384,0
4275,200,660,40,20,6,2,Sweep Line,Local,8,0.16187839,3.23756773,100.00%,28.0880803000,0.1621565001,0.5588010000,6.8118478998,2.2152270002,18.5770585000,1.7677639001,0.0001233000,0.1849386001,28.1024641000,396,396,0
4275,200,680,40,20,6,2,Sweep Line,Local,8,0.17121632,3.42432638,100.00%,29.8146095000,0.1748079000,0.6138409000,7.3053302002,2.3769022003,19.5585231001,1.9367209001,0.0001290001,0.1986061000,29.8305084000,408,408,0
4275,200,700,40,20,6,2,Sweep Line,Local,8,0.15236959,3.04739170,100.00%,30.6011113000,0.1858503000,0.6658621999,7.6742528003,2.5011451002,19.9503591000,1.8947388000,0.0001345999,0.2001107000,30.6083701000,420,420,0
4275,200,720,40,20,6,2,Sweep Line,Local,8,0.16076331,3.21526614,100.00%,31.2519504000,0.1928429000,0.6805877001,7.7342580999,2.5529009999,20.4878616001,1.9205586000,0.0001355001,0.2064015000,31.2593178000,432,432,0
4275,200,740,40,20,6,2,Sweep Line,Local,8,0.16233458,3.24669154,100.00%,31.3720477000,0.2037525001,0.7253672000,7.8698401000,2.5828952002,20.2592598001,2.0691993000,0.0001391000,0.2127804999,31.3846234000,444,444,0
4275,200,760,40,20,6,2,Sweep Line,Local,8,0.15356587,3.07131745,100.00%,30.3017140000,0.2078742000,0.7098707001,7.5639706999,2.4808911999,19.7507494000,1.8951768999,0.0001445000,0.1436100001,30.3087089000,456,456,0
4275,200,780,40,20,6,2,Sweep Line,Local,8,0.14928649,2.98572979,100.00%,31.6337666000,0.2192242001,0.7571766998,7.8747998998,2.6065699999,20.5948625001,2.0067382000,0.0001409000,0.1498331000,31.6424159000,468,468,0
4275,200,800,40,20,6,2,Sweep Line,Local,8,0.15348918,3.06978352,100.00%,34.5201572000,0.2348062000,0.8268235000,8.5415758000,2.7808399001,22.5961218999,2.1215641999,0.0001520001,0.1668909000,34.5294792000,480,480,0
4275,200,820,40,20,6,2,Sweep Line,Local,8,0.14563284,2.91265685,100.00%,34.1779142000,0.2524068000,0.9014825000,8.9081039000,2.9099621999,21.7399778000,2.1671102000,0.0001572000,0.1746051999,34.1892317000,492,492,0
4275,200,840,40,20,6,2,Sweep Line,Local,8,0.15076026,3.01520517,100.00%,33.3647138000,0.2564856000,0.9092749002,8.8815438000,2.8995390000,20.9983303002,2.1143459001,0.0001641999,0.1706694001,33.3733945000,504,504,0
4275,200,860,40,20,6,2,Sweep Line,Local,8,0.14528515,2.90570291,100.00%,32.3481961000,0.2701166000,0.9252776001,8.8146095000,2.9213002000,20.1058250000,2.0275726999,0.0001664000,0.1721798001,32.3594257000,516,516,0
4275,200,880,40,20,6,2,Sweep Line,Local,8,0.13659603,2.73192061,100.00%,34.4567423000,0.2846790001,0.9903027000,9.2571981002,3.0658851000,21.6198669000,2.0956196001,0.0001665000,0.1713450999,34.4651228000,528,528,0
4275,200,900,40,20,6,2,Sweep Line,Local,8,0.14149717,2.82994342,100.00%,37.7903867000,0.3038596999,1.0817165002,9.8444310998,3.2466204001,24.1058376000,2.2363293000,0.0001756000,0.1801103001,37.8008980000,540,540,0
4275,200,920,40,20,6,2,Sweep Line,Local,8,0.14097016,2.81940312,100.00%,36.3549869000,0.3167303999,1.0879713000,9.7607172000,3.2178765999,22.7038531000,2.2640453000,0.0001835999,0.1809760002,36.3643680000,552,552,0
4275,200,940,40,20,6,2,Sweep Line,Local,8,0.13831232,2.76624648,100.00%,36.4456123000,0.3120058000,1.1007316002,9.6720122000,3.2261805000,22.9289708999,2.2160813000,0.0001737000,0.1757638999,36.4564245000,564,564,0
4275,200,960,40,20,6,2,Sweep Line,Local,8,0.13271404,2.65428072,100.00%,35.6222207000,0.3289772999,1.1427836000,9.8161649001,3.3031311998,21.9610315001,2.1574003001,0.0001755001,0.1748572999,35.6324037000,576,576,0
4275,200,980,40,20,6,2,Sweep Line,Local,8,0.13328790,2.66575803,100.00%,39.5711324000,0.3540569000,1.2838075001,10.7463808000,3.5535743998,24.5338942999,2.4286236000,0.0001921999,0.1797663002,39.5828838000,588,588,0
4275,200,1000,40,20,6,2,Sweep Line,Local,8,0.12611722,2.52234437,100.00%,39.4649303000,0.3769436999,1.3199157001,10.8895650001,3.6008529000,24.2010738000,2.4483930999,0.0001949999,0.1832674000,39.4754473000,600,600,0
4275,200,60,40,20,6,2,Sweep Line,Local,10,0.51141933,10.22838669,41.67%,3.1566806000,0.0014855000,0.0038111000,0.2275936000,0.0638120000,2.2069956000,0.6767864000,0.0000170000,0.0334455000,3.1577747000,36,15,21
4275,200,80,40,20,6,2,Sweep Line,Local,10,0.68084937,13.61698734,66.67%,5.2923892000,0.0029816000,0.0088458000,0.4737577000,0.1337716000,3.7660022000,0.9970111000,0.0000216000,0.0344898000,5.2938305000,48,32,16
4275,200,100,40,20,6,2,Sweep Line,Local,10,0.52053527,10.41070543,80.00%,7.3872012000,0.0046190000,0.0147925000,0.7542671000,0.2082227000,5.2918882000,1.2677255000,0.0000266000,0.0421488000,7.3886624000,60,48,12
4275,200,120,40,20,6,2,Sweep Line,Local,10,0.47368989,9.47379777,81.94%,7.9875020000,0.0066574000,0.0210800000,0.8593098999,0.2428138000,5.6290503000,1.4080077000,0.0000304000,0.0466734000,7.9905241000,72,59,13
4275,200,140,40,20,6,2,Sweep Line,Local,10,0.45691700,9.13834003,72.62%,7.6396124000,0.0079329000,0.0235962000,0.9760165000,0.2721412000,5.5050042000,1.0644902000,0.0000340000,0.0495449000,7.6414081000,84,61,23
4275,200,160,40,20,6,2,Sweep Line,Local,10,0.44918046,8.98360919,83.33%,11.1668510000,0.0105599000,0.0330462000,1.3205642000,0.3794014000,8.2031241000,1.5339708000,0.0000359000,0.0524178999,11.1693127000,96,80,16
4275,200,180,40,20,6,2,Sweep Line,Local,10,0.40809807,8.16196139,81.48%,9.5272279000,0.0138762000,0.0409954000,1.3200573000,0.3700210999,6.7705132999,1.3050184000,0.0000424001,0.0575736000,9.5304231000,108,88,20
4275,200,200,40,20,6,2,Sweep Line,Local,10,0.40069327,8.01386533,81.67%,10.6930360000,0.0155547000,0.0488138001,1.5438598000,0.4400199000,7.6302411001,1.3702861000,0.0000439000,0.0671432999,10.6958826000,120,98,22
4275,200,220,40,20,6,2,Sweep Line,Local,10,0.35930436,7.18608711,93.94%,13.0747179000,0.0197188999,0.0670924000,2.0707073000,0.5897490001,9.3884077000,1.4402993000,0.0000451000,0.0707840000,13.0777604000,132,124,8
4275,200,240,40,20,6,2,Sweep Line,Local,10,0.35475184,7.09503689,88.19%,12.9791483000,0.0218858000,0.0713993001,2.0808287999,0.5954407000,9.2527951000,1.4617996000,0.0000497000,0.0726378000,12.9826809000,144,127,17
4275,200,260,40,20,6,2,Sweep Line,Local,10,0.31827973,6.36559450,91.67%,15.4361405000,0.0273248001,0.0885442000,2.5728187002,0.7230397000,11.2206541000,1.4308911000,0.0000580001,0.0804463000,15.4402289000,156,143,13
4275,200,280,40,20,6,2,Sweep Line,Local,10,0.29905579,5.98111570,95.83%,16.8099606000,0.0313130000,0.1068923000,3.0040965000,0.8453268000,12.0783567000,1.4885806000,0.0000569000,0.0874546000,16.8144678000,168,161,7
4275,200,300,40,20,6,2,Sweep Line,Local,10,0.29873224,5.97464488,98.89%,18.2759137000,0.0374130000,0.1255071000,3.3919749000,0.9639776000,13.0443136000,1.5663459000,0.0000627000,0.0957378999,18.2801561000,180,178,2
4275,200,320,40,20,6,2,Sweep Line,Local,10,0.24724327,4.94486545,95.83%,17.4809776000,0.0416380000,0.1415021000,3.4547672000,0.9930498000,12.2472704000,1.4780981000,0.0000722000,0.0987843000,17.4885950000,192,184,8
4275,200,340,40,20,6,2,Sweep Line,Local,10,0.25640093,5.12801868,95.59%,18.1035228000,0.0450139000,0.1502403000,3.6916931000,1.0524128001,12.6110540000,1.4863936000,0.0000709000,0.1019092000,18.1081103000,204,195,9
4275,200,360,40,20,6,2,Sweep Line,Local,10,0.25449544,5.08990887,97.22%,19.5864121000,0.0487895001,0.1692807999,3.9163145000,1.1192022000,13.7745367000,1.5540208001,0.0000746999,0.1064816001,19.5913465000,216,210,6
4275,200,380,40,20,6,2,Sweep Line,Local,10,0.22486355,4.49727097,98.25%,19.5436339000,0.0572835000,0.1849648999,4.1566314999,1.1978970998,13.5793632001,1.4324241999,0.0000755999,0.1169527000,19.5509475000,228,224,4
4275,200,400,40,20,6,2,Sweep Line,Local,10,0.23806118,4.76122362,96.67%,19.6002289000,0.0609701000,0.2034278998,4.2536364999,1.2212844999,13.4354279000,1.5144310999,0.0000813000,0.1145600000,19.6055322000,240,232,8
4275,200,420,40,20,6,2,Sweep Line,Local,10,0.21491558,4.29831161,100.00%,20.6857909000,0.0678069000,0.2344280000,4.6963551000,1.3461965000,14.0157904000,1.5267528000,0.0000832999,0.1243636000,20.6954903000,252,252,0
4275,200,440,40,20,6,2,Sweep Line,Local,10,0.22684060,4.53681200,100.00%,23.2223353000,0.0744654000,0.2710141000,5.2149700999,1.5058347001,15.8131898000,1.6961665000,0.0000906000,0.1346960000,23.2283208000,264,264,0
4275,200,460,40,20,6,2,Sweep Line,Local,10,0.21459032,4.29180633,99.64%,22.7672683000,0.0809395000,0.2842198999,5.3447179000,1.5455394002,15.2893959000,1.6122939000,0.0000867000,0.1361362001,22.7732396000,276,275,1
4275,200,480,40,20,6,2,Sweep Line,Local,10,0.19878782,3.97575639,100.00%,23.2734612000,0.0845714000,0.3036082999,5.5898994000,1.6001913999,15.5368624000,1.5980269000,0.0000960001,0.1439689000,23.2809624000,288,288,0
4275,200,500,40,20,6,2,Sweep Line,Local,10,0.20221448,4.04428954,100.00%,23.7258199000,0.0920162000,0.3226531000,5.6493721000,1.6439352001,15.8468024001,1.6524077000,0.0000999999,0.1418977001,23.7315407000,300,300,0
4275,200,520,40,20,6,2,Sweep Line,Local,10,0.19104151,3.82083023,99.68%,22.6949340000,0.0986231001,0.3379788000,5.7059777000,1.6642395999,14.8632827000,1.5267470000,0.0000999000,0.1430884001,22.7072475000,312,311,1
4275,200,540,40,20,6,2,Sweep Line,Local,10,0.18886534,3.77730682,100.00%,23.3412203000,0.1077716001,0.3733835001,6.1928396001,1.8056034999,14.9637455000,1.5312709000,0.0000975000,0.1535107999,23.3519705000,324,324,0
4275,200,560,40,20,6,2,Sweep Line,Local,10,0.18779199,3.75583983,99.70%,26.3254333000,0.1174830000,0.4177727999,6.6128740999,1.9146142000,17.1782619000,1.8106756999,0.0001166001,0.1654481000,26.3322321000,336,335,1
4275,200,580,40,20,6,2,Sweep Line,Local,10,0.17740280,3.54805608,100.00%,26.2242692000,0.1273053999,0.4543480000,6.9607106997,2.0175386000,16.7448458000,1.7450085000,0.0001127001,0.1706874999,26.2317244000,348,348,0
4275,200,600,40,20,6,2,Sweep Line,Local,10,0.16998093,3.39961853,100.00%,26.5779458000,0.1371800000,0.4698200000,7.2033324000,2.1196499000,16.9093898000,1.6637181000,0.0001175999,0.1735601000,26.5868241000,360,360,0
4275,200,620,40,20,6,2,Sweep Line,Local,10,0.16735850,3.34717002,100.00%,26.8583821000,0.1448307000,0.4961069001,7.2933433999,2.1609295002,17.0187287000,1.7050926001,0.0001199000,0.1767194000,26.8725725000,372,372,0
4275,200,640,40,20,6,2,Sweep Line,Local,10,0.15780756,3.15615112,100.00%,25.5535120000,0.1476262001,0.5153363001,7.3750252999,2.1830195999,15.6870938000,1.6266624999,0.0001189000,0.1774547999,25.5626061000,384,384,0
4275,200,660,40,20,6,2,Sweep Line,Local,10,0.15740669,3.14813377,100.00%,25.8956869000,0.1555390000,0.5428448001,7.4591461001,2.2147747001,15.8698136000,1.6566941000,0.0001223999,0.1868906001,25.9102461000,396,396,0
4275,200,680,40,20,6,2,Sweep Line,Local,10,0.16827027,3.36540530,100.00%,27.7036170000,0.1654066999,0.5972052998,8.0614790001,2.3720634001,16.8053731000,1.8566065000,0.0001306001,0.1919228000,27.7122860000,408,408,0
4275,200,700,40,20,6,2,Sweep Line,Local,10,0.14655851,2.93117017,100.00%,28.8587846000,0.1869384999,0.6576053001,8.5829384999,2.5306568998,17.3561511001,1.8468342000,0.0001427001,0.2000905000,28.8659491000,420,420,0
4275,200,720,40,20,6,2,Sweep Line,Local,10,0.15551132,3.11022642,100.00%,29.6294570000,0.1893878000,0.6909494998,8.7764895999,2.6012439998,17.8545091001,1.8827024000,0.0001415999,0.2061935001,29.6378184000,432,432,0
4275,200,740,40,20,6,2,Sweep Line,Local,10,0.15942011,3.18840213,100.00%,29.3434181000,0.2007705999,0.7084082000,8.7156170003,2.5959881999,17.5128420000,1.9658673001,0.0001492000,0.2066941001,29.3526119000,444,444,0
4275,200,760,40,20,6,2,Sweep Line,Local,10,0.14666087,2.93321741,100.00%,28.1832839000,0.2023245000,0.7053095000,8.4407545999,2.5002806001,16.8422586999,1.8200028000,0.0001323000,0.1414469002,28.1912653000,456,456,0
4275,200,780,40,20,6,2,Sweep Line,Local,10,0.14612758,2.92255167,100.00%,30.6810715000,0.2208046000,0.7948293000,9.2200713001,2.7132249001,18.2466614000,2.0164359000,0.0001506000,0.1505527000,30.6884363000,468,468,0
4275,200,800,40,20,6,2,Sweep Line,Local,10,0.15076875,3.01537508,100.00%,32.5111351000,0.2354776000,0.8342847000,9.6673001000,2.8521420998,19.4964654000,2.0796632001,0.0001585000,0.1662376999,32.5189440000,480,480,0
4275,200,820,40,20,6,2,Sweep Line,Local,10,0.14128624,2.82572481,100.00%,31.9644602000,0.2514449000,0.8811928000,10.0001271002,2.9830431000,18.5683106001,2.0627159001,0.0001574000,0.1693839002,31.9731144000,492,492,0
4275,200,840,40,20,6,2,Sweep Line,Local,10,0.14429090,2.88581794,100.00%,31.3335257000,0.2571536000,0.9077556999,9.9222356000,2.9492861001,17.9611179999,2.0767970000,0.0001608000,0.1730267999,31.3769468000,504,504,0
4275,200,860,40,20,6,2,Sweep Line,Local,10,0.14049103,2.80982067,100.00%,29.9668656000,0.2667380000,0.9133337001,9.7951813997,2.9245048003,16.8390984000,1.9506815999,0.0001688999,0.1657640000,29.9768436000,516,516,0
4275,200,880,40,20,6,2,Sweep Line,Local,10,0.13080200,2.61603991,100.00%,33.2848799000,0.2889172000,1.0248813999,10.6824177001,3.1859311999,18.9609714001,2.1142554000,0.0001741000,0.1743581001,33.2933248000,528,528,0
4275,200,900,40,20,6,2,Sweep Line,Local,10,0.13653664,2.73073271,100.00%,34.5616906000,0.3075783999,1.0620557001,10.9132690001,3.2554001997,19.8466438001,2.2116248000,0.0001795999,0.1818912000,34.5774597000,540,540,0
4275,200,920,40,20,6,2,Sweep Line,Local,10,0.13498456,2.69969125,100.00%,33.7794655000,0.3112048000,1.1001093999,10.9721697004,3.2694496999,18.9762739999,2.1957468000,0.0001802000,0.1837500001,33.7889171000,552,552,0
4275,200,940,40,20,6,2,Sweep Line,Local,10,0.13448282,2.68965645,100.00%,33.2004468000,0.3207494999,1.0954675000,10.7264318999,3.2511168000,18.7208399000,2.1224462999,0.0001715001,0.1724475999,33.2105856000,564,564,0
4275,200,960,40,20,6,2,Sweep Line,Local,10,0.12616337,2.52326745,100.00%,33.6300353000,0.3258111000,1.1419732000,11.1685765000,3.3713249000,18.6410905999,2.1304889000,0.0001784000,0.1790093001,33.6443622000,576,576,0
4275,200,980,40,20,6,2,Sweep Line,Local,10,0.12894219,2.57884371,100.00%,36.3127263000,0.3570234002,1.2613994002,12.0685457004,3.6262850002,20.0448960000,2.3558520000,0.0001919001,0.1815595001,36.3256061000,588,588,0
4275,200,1000,40,20,6,2,Sweep Line,Local,10,0.12101937,2.42038746,100.00%,36.3915989000,0.3608215001,1.3046118001,12.1678403998,3.6587753997,20.0224855000,2.3072069002,0.0001904998,0.1836583001,36.4053766000,600,600,0
4275,200,60,40,20,6,2,Sweep Line,Local,10,0.51141933,10.22838669,41.67%,3.0694086000,0.0014253000,0.0032868000,0.2095303000,0.0580540000,2.1795352000,0.6382002000,0.0000157000,0.0318552000,3.0704816000,36,15,21
4275,200,80,40,20,6,2,Sweep Line,Local,10,0.68084937,13.61698734,66.67%,5.1719899000,0.0030194000,0.0080932000,0.4596616000,0.1289174000,3.6351878000,1.0198583000,0.0000231000,0.0361358000,5.1732338000,48,32,16
4275,200,100,40,20,6,2,Sweep Line,Local,10,0.52053527,10.41070543,80.00%,6.9794449000,0.0044923000,0.0142240001,0.7178945000,0.2028168000,4.9979402000,1.1922961000,0.0000261000,0.0414396000,6.9824498000,60,48,12
4275,200,120,40,20,6,2,Sweep Line,Local,10,0.47368989,9.47379777,81.94%,7.6483871000,0.0062748000,0.0204261000,0.8143056000,0.2302098999,5.4426759000,1.3016891000,0.0000314000,0.0467077000,7.6501382000,72,59,13
4275,200,140,40,20,6,2,Sweep Line,Local,10,0.45691700,9.13834003,72.62%,7.7092539000,0.0084039000,0.0234259000,0.9664850000,0.2760490999,5.5657310000,1.0805082000,0.0000388000,0.0505102000,7.7110056000,84,61,23
4275,200,160,40,20,6,2,Sweep Line,Local,10,0.44918046,8.98360919,83.33%,10.6834258000,0.0098093000,0.0316387000,1.2411706000,0.3444050999,7.8915752000,1.4434123000,0.0000344000,0.0522762999,10.6856192000,96,80,16
4275,200,180,40,20,6,2,Sweep Line,Local,10,0.40809807,8.16196139,81.48%,9.2344080000,0.0130848000,0.0400030000,1.2872873999,0.3752336001,6.5404261000,1.2756865000,0.0000419000,0.0586423000,9.2367155000,108,88,20
4275,200,200,40,20,6,2,Sweep Line,Local,10,0.40069327,8.01386533,81.67%,10.4225111000,0.0149678000,0.0454444001,1.4978029999,0.4318782999,7.4929945000,1.2912881000,0.0000476001,0.0620963000,10.4259249000,120,98,22
4275,200,220,40,20,6,2,Sweep Line,Local,10,0.35930436,7.18608711,93.94%,13.0275591000,0.0181329001,0.0644271000,2.0314079001,0.5825430000,9.3739430000,1.4558125000,0.0000450001,0.0660623999,13.0303509000,132,124,8
4275,200,240,40,20,6,2,Sweep Line,Local,10,0.35475184,7.09503689,88.19%,13.1005576000,0.0215778000,0.0709202000,2.1152282000,0.6102024001,9.3825064000,1.4198982000,0.0000543001,0.0721756999,13.1039776000,144,127,17
4275,200,260,40,20,6,2,Sweep Line,Local,10,0.31827973,6.36559450,91.67%,15.9280589000,0.0273227000,0.0887801000,2.6058674998,0.7363204002,11.6292206000,1.4770563000,0.0000612000,0.0836756000,15.9315459000,156,143,13
4275,200,280,40,20,6,2,Sweep Line,Local,10,0.29905579,5.98111570,95.83%,16.7077007000,0.0298392000,0.1045316000,2.9954220999,0.8350723999,12.0241338000,1.4552979000,0.0000606000,0.0854577001,16.7120115000,168,161,7
4275,200,300,40,20,6,2,Sweep Line,Local,10,0.29873224,5.97464488,98.89%,17.9246013000,0.0346667000,0.1261320000,3.3043641999,0.9344535000,12.8251750000,1.5233387999,0.0000608999,0.0961952001,17.9288148000,180,178,2
4275,200,320,40,20,6,2,Sweep Line,Local,10,0.24724327,4.94486545,95.83%,17.5292189000,0.0409161000,0.1393217000,3.4502942000,0.9838900000,12.3087386000,1.4710070000,0.0000725001,0.0994320001,17.5337727000,192,184,8
4275,200,340,40,20,6,2,Sweep Line,Local,10,0.25640093,5.12801868,95.59%,18.3459713000,0.0452980001,0.1561004000,3.7086484001,1.0496781999,12.7924066000,1.5200632000,0.0000719999,0.1065543001,18.3506206000,204,195,9
4275,200,360,40,20,6,2,Sweep Line,Local,10,0.25449544,5.08990887,97.22%,20.2133687000,0.0518080000,0.1756687000,4.0483144001,1.1491605000,14.2191909000,1.5892195000,0.0000781000,0.1105955000,20.2185577000,216,210,6
4275,200,380,40,20,6,2,Sweep Line,Local,10,0.22486355,4.49727097,98.25%,20.2535509000,0.0576525001,0.1928221998,4.2759871000,1.2263520000,14.0640567001,1.5313643000,0.0000786001,0.1155310000,20.2586223000,228,224,4
4275,200,400,40,20,6,2,Sweep Line,Local,10,0.23806118,4.76122362,96.67%,20.4136778000,0.0604692000,0.2056045999,4.3804619000,1.2563116000,14.0830595000,1.5478663001,0.0000817000,0.1186754000,20.4194436000,240,232,8
4275,200,420,40,20,6,2,Sweep Line,Local,10,0.21491558,4.29831161,100.00%,19.8893191000,0.0663795000,0.2225204000,4.5022576000,1.3156707999,13.5070636000,1.4475656000,0.0002014000,0.1229563002,19.8950438000,252,252,0
4275,200,440,40,20,6,2,Sweep Line,Local,10,0.22684060,4.53681200,100.00%,21.3564074000,0.0713992000,0.2434622001,4.7981039998,1.4034096000,14.5090714000,1.5895317001,0.0000853000,0.1276097000,21.3642251000,264,264,0
4275,200,460,40,20,6,2,Sweep Line,Local,10,0.21459032,4.29180633,99.64%,22.6281050000,0.0826516000,0.2821049000,5.2782922001,1.5262137000,15.2224741000,1.6047628999,0.0000958000,0.1378803999,22.6347581000,276,275,1
4275,200,480,40,20,6,2,Sweep Line,Local,10,0.19878782,3.97575639,100.00%,26.7990287000,0.0973908001,0.3458779999,6.2246242000,1.8043990001,17.5106251999,1.7533324000,0.0001065000,0.8475519001,26.8064121000,288,288,0
4275,200,500,40,20,6,2,Sweep Line,Local,10,0.20221448,4.04428954,100.00%,25.7237215000,0.1022788000,0.3612340000,6.1780571999,1.7827766001,17.0865263000,1.8170079001,0.0001021000,0.1557781000,25.7301448000,300,300,0
4275,200,520,40,20,6,2,Sweep Line,Local,10,0.19104151,3.82083023,99.68%,27.5406261000,0.1177582001,0.4136007000,6.9354558002,2.0749367001,18.0699719000,1.8111393000,0.0001163000,0.1689828002,27.5543659000,312,311,1
4275,200,540,40,20,6,2,Sweep Line,Local,10,0.18886534,3.77730682,100.00%,23.3436711000,0.1093184000,0.3704903001,6.1668750000,1.8031371999,14.9316204000,1.5911066001,0.0001040000,0.1545744999,23.3507297000,324,324,0
4275,200,560,40,20,6,2,Sweep Line,Local,10,0.18779199,3.75583983,99.70%,24.8250263000,0.1175828000,0.4005579000,6.3240595000,1.8786526999,16.1016909000,1.7025920999,0.0001093000,0.1559573999,24.8324719000,336,335,1
4275,200,580,40,20,6,2,Sweep Line,Local,10,0.17740280,3.54805608,100.00%,25.9883153000,0.1295421000,0.4701662998,6.8786643000,1.9929126001,16.6194222000,1.6935548000,0.0001219999,0.1743656001,25.9977739000,348,348,0
4275,200,600,40,20,6,2,Sweep Line,Local,10,0.16998093,3.39961853,100.00%,26.3785680000,0.1404472002,0.4793579999,7.2483064001,2.1147994003,16.6877604999,1.6229906999,0.0001128999,0.1767604001,26.3868340000,360,360,0
4275,200,620,40,20,6,2,Sweep Line,Local,10,0.16735850,3.34717002,100.00%,27.7988857000,0.1486003999,0.5178355998,7.5418977999,2.1846192997,17.6267854001,1.7589615001,0.0001213000,0.1799391999,27.8074818000,372,372,0
4275,200,640,40,20,6,2,Sweep Line,Local,10,0.15780756,3.15615112,100.00%,26.3323463000,0.1591036999,0.5377468001,7.6537994001,2.2567122997,16.0694998001,1.6992428000,0.0001342999,0.1876371000,26.3416457000,384,384,0
4275,200,660,40,20,6,2,Sweep Line,Local,10,0.15740669,3.14813377,100.00%,27.1762477000,0.1603711999,0.5635514000,7.8109990999,2.3192182999,16.7202320001,1.7099033000,0.0001348001,0.1848112000,27.1860972000,396,396,0
4275,200,680,40,20,6,2,Sweep Line,Local,10,0.16827027,3.36540530,100.00%,26.5923214000,0.1748595001,0.5804771002,7.7250306998,2.2761477001,16.1385092000,1.7571099999,0.0001316002,0.1894035999,26.6003097000,408,408,0
4275,200,700,40,20,6,2,Sweep Line,Local,10,0.14655851,2.93117017,100.00%,27.2187826000,0.1867816000,0.6320740000,8.1020709001,2.3803592001,16.2991119000,1.7713658000,0.0001395001,0.1970916001,27.2261600000,420,420,0
4275,200,720,40,20,6,2,Sweep Line,Local,10,0.15551132,3.11022642,100.00%,30.0252280000,0.1996846000,0.7065761001,8.8943925000,2.6183135998,18.0840131000,1.9030613999,0.0001416999,0.2060566001,30.0324542000,432,432,0
4275,200,740,40,20,6,2,Sweep Line,Local,10,0.15942011,3.18840213,100.00%,30.1772296000,0.2100562000,0.7340800000,8.9357271001,2.6480108000,17.9950118000,2.0551808001,0.0001584001,0.2136288000,30.1862224000,444,444,0
4275,200,760,40,20,6,2,Sweep Line,Local,10,0.14666087,2.93321741,100.00%,30.6687694000,0.2186838000,0.7567168999,9.1183045999,2.6803547000,18.4037366000,1.9902880999,0.0001491000,0.1480940000,30.6763785000,456,456,0
4275,200,780,40,20,6,2,Sweep Line,Local,10,0.14612758,2.92255167,100.00%,29.9390355000,0.2280469000,0.7678312001,8.9961662998,2.6779589001,17.7959766000,1.9619572000,0.0001520000,0.1561740001,29.9510211000,468,468,0
4275,200,800,40,20,6,2,Sweep Line,Local,10,0.15076875,3.01537508,100.00%,30.9214679000,0.2357706000,0.8017211001,9.2366690998,2.7518036001,18.4933296000,1.9662555000,0.0001547000,0.1536386000,30.9287694000,480,480,0
4275,200,820,40,20,6,2,Sweep Line,Local,10,0.14128624,2.82572481,100.00%,31.8992027000,0.2525437001,0.8835319999,9.9716249000,2.9473146002,18.5082779001,2.0817331000,0.0001632999,0.1695369002,31.9095116000,492,492,0
4275,200,840,40,20,6,2,Sweep Line,Local,10,0.14429090,2.88581794,100.00%,34.1720858000,0.2733699999,0.9829951001,10.9025991001,3.2551372004,19.5625206001,2.2250771000,0.0001758001,0.1864961001,34.1862477000,504,504,0
4275,200,860,40,20,6,2,Sweep Line,Local,10,0.14049103,2.80982067,100.00%,32.5565440000,0.2862180001,0.9848900999,10.6258250999,3.1748834000,18.2937476000,2.1488236999,0.0001817000,0.1802818001,32.5684906000,516,516,0
4275,200,880,40,20,6,2,Sweep Line,Local,10,0.13080200,2.61603991,100.00%,32.0424618000,0.2806841000,0.9881382001,10.3522974001,3.0955686001,18.1894654001,2.0228238000,0.0001688001,0.1706646999,32.0519797000,528,528,0
4275,200,900,40,20,6,2,Sweep Line,Local,10,0.13653664,2.73073271,100.00%,32.5434224000,0.2933158999,1.0185601002,10.3841583999,3.1326510998,18.5759276000,2.0613604999,0.0001678001,0.1714835997,32.5555640000,540,540,0
4275,200,920,40,20,6,2,Sweep Line,Local,10,0.13498456,2.69969125,100.00%,34.8605393000,0.3127722000,1.1220331000,11.3826625999,3.4118380998,19.5887215001,2.2367706001,0.0001752000,0.1774193002,34.8697923000,552,552,0
4275,200,940,40,20,6,2,Sweep Line,Local,10,0.13448282,2.68965645,100.00%,35.6115997000,0.3221217000,1.1591870999,11.4567401001,3.4338089003,20.2020042002,2.2516480998,0.0001856000,0.1764229999,35.6213611000,564,564,0
4275,200,960,40,20,6,2,Sweep Line,Local,10,0.12616337,2.52326745,100.00%,34.4713932000,0.3388988999,1.1940855000,11.4767154999,3.4471650003,19.0348563998,2.2007728999,0.0001876000,0.1818016000,34.4876189000,576,576,0
4275,200,980,40,20,6,2,Sweep Line,Local,10,0.12894219,2.57884371,100.00%,34.2505504000,0.3381686000,1.1984937002,11.3745262000,3.4114883001,18.9116298001,2.2027348001,0.0001861000,0.1795613000,34.2597743000,588,588,0
4275,200,1000,40,20,6,2,Sweep Line,Local,10,0.12101937,2.42038746,100.00%,38.2258902000,0.3992816999,1.4009633000,12.8835705998,3.9254666001,20.8835463999,2.4071153000,0.0002224000,0.2015144000,38.2395371000,600,600,0
4275,200,60,40,20,6,2,Sweep Line,Local,10,0.51141933,10.22838669,41.67%,3.2083222000,0.0021540000,0.0036666000,0.2306318000,0.0692374000,2.2655294000,0.6662298000,0.0000175000,0.0347294000,3.2095574000,36,15,21
4275,200,80,40,20,6,2,Sweep Line,Local,10,0.68084937,13.61698734,66.67%,5.5659164000,0.0033681000,0.0102622000,0.5812956000,0.1571227000,3.8685344000,1.0507378000,0.0000267000,0.0395415000,5.5672172000,48,32,16
4275,200,100,40,20,6,2,Sweep Line,Local,10,0.52053527,10.41070543,80.00%,7.8628405000,0.0049959000,0.0163235000,0.8287651000,0.2446961000,5.6677702000,1.2824807000,0.0000299000,0.0490924001,7.8643489000,60,48,12
4275,200,120,40,20,6,2,Sweep Line,Local,10,0.47368989,9.47379777,81.94%,11.3871034000,0.0080562000,0.0288093000,1.1456098001,0.3142723000,8.1412227000,1.9872453000,0.0000364000,0.0560644000,11.3887542000,72,59,13
4275,200,140,40,20,6,2,Sweep Line,Local,10,0.45691700,9.13834003,72.62%,12.2053828000,0.0108776000,0.0345575000,1.4088226000,0.3668902000,8.9459046000,1.7271612000,0.0000471000,0.0642055000,12.2090263000,84,61,23
4275,200,160,40,20,6,2,Sweep Line,Local,10,0.44918046,8.98360919,83.33%,17.8604392000,0.0147411000,0.0510162000,1.9108182001,0.4970012000,13.3214938000,2.4739657000,0.0000525000,0.0727202000,17.8654041000,96,80,16
4275,200,180,40,20,6,2,Sweep Line,Local,10,0.40809807,8.16196139,81.48%,14.9014576000,0.0175412000,0.0605345001,1.8596148000,0.4873423999,10.8036291000,2.0576332000,0.0000569000,0.0776860000,14.9043196000,108,88,20
4275,200,200,40,20,6,2,Sweep Line,Local,10,0.40069327,8.01386533,81.67%,15.8834175000,0.0219086999,0.0724097000,2.1103032000,0.5637017001,11.5779367001,1.9950314000,0.0000629000,0.0815891000,15.8883691000,120,98,22
4275,200,220,40,20,6,2,Sweep Line,Local,10,0.35930436,7.18608711,93.94%,20.1822136000,0.0258470000,0.0975776000,2.8544375001,0.7435343000,14.8565422000,2.2339314000,0.0000618000,0.0911797000,20.1856873000,132,124,8
4275,200,240,40,20,6,2,Sweep Line,Local,10,0.35475184,7.09503689,88.19%,21.1139946000,0.0330351000,0.1164720001,3.1508376000,0.8290538000,15.2950029000,2.3952468000,0.0000735000,0.0982389000,21.1204748000,144,127,17
4275,200,260,40,20,6,2,Sweep Line,Local,10,0.31827973,6.36559450,91.67%,24.6954446000,0.0381845000,0.1366725000,3.7182335000,0.9680243000,18.2816525000,2.3878657000,0.0000776000,0.1096284999,24.7033092000,156,143,13
4275,200,280,40,20,6,2,Sweep Line,Local,10,0.29905579,5.98111570,95.83%,26.6362803000,0.0450380000,0.1649393001,4.4011209002,1.1511099001,19.5601623000,2.3343754000,0.0000832000,0.1148575000,26.6447682000,168,161,7
4275,200,300,40,20,6,2,Sweep Line,Local,10,0.29873224,5.97464488,98.89%,27.7527707000,0.0501115000,0.1915040000,4.7422595000,1.2401956001,20.2752310000,2.3555422999,0.0000899000,0.1205042000,27.7576826000,180,178,2
4275,200,320,40,20,6,2,Sweep Line,Local,10,0.24724327,4.94486545,95.83%,27.2674230000,0.0582949000,0.2165600001,4.8955936001,1.2973658998,19.6168053000,2.3313743999,0.0000937000,0.1272423000,27.2726290000,192,184,8
4275,200,340,40,20,6,2,Sweep Line,Local,10,0.25640093,5.12801868,95.59%,27.8790458000,0.0651206999,0.2386371000,5.2182256999,1.3763739000,19.7880891000,2.4044839000,0.0001054000,0.1330891999,27.8883935000,204,195,9
4275,200,360,40,20,6,2,Sweep Line,Local,10,0.25449544,5.08990887,97.22%,29.1843532000,0.0704318001,0.2599292999,5.4379325999,1.4413623998,20.9174172000,2.3406379000,0.0000996000,0.1381620999,29.1917430000,216,210,6
4275,200,380,40,20,6,2,Sweep Line,Local,10,0.22486355,4.49727097,98.25%,30.9154277000,0.0800672000,0.3039247000,6.1049298001,1.6166624000,21.8574937000,2.3989689000,0.0001067999,0.1494986000,30.9232956000,228,224,4
4275,200,400,40,20,6,2,Sweep Line,Local,10,0.23806118,4.76122362,96.67%,31.6858643000,0.0898286000,0.3232636001,6.2774066999,1.6735448000,22.4072104001,2.4049293999,0.0001149000,0.1610051000,31.6937636000,240,232,8
4275,200,420,40,20,6,2,Sweep Line,Local,10,0.21491558,4.29831161,100.00%,32.0291045000,0.0968268000,0.3703472001,6.7068889001,1.7786384999,22.2831541000,2.3782305000,0.0001198999,0.1672991001,32.0420584000,252,252,0
4275,200,440,40,20,6,2,Sweep Line,Local,10,0.22684060,4.53681200,100.00%,32.8095871000,0.1033781000,0.3820738001,6.7664289998,1.8231221000,22.9239156000,2.4467144000,0.0001218000,0.1647533999,32.8273211000,264,264,0
4275,200,460,40,20,6,2,Sweep Line,Local,10,0.21459032,4.29180633,99.64%,34.5893481000,0.1142339001,0.4326840000,7.3770341002,1.9871855000,23.8913664001,2.5687658000,0.0001324000,0.1792287999,34.5951475000,276,275,1
4275,200,480,40,20,6,2,Sweep Line,Local,10,0.19878782,3.97575639,100.00%,36.3265505000,0.1266333000,0.4834760002,8.1070941003,2.1986295001,24.8901955000,2.5048605000,0.0001449000,0.1920330999,36.3393730000,288,288,0
4275,200,500,40,20,6,2,Sweep Line,Local,10,0.20221448,4.04428954,100.00%,41.6348064000,0.1504042999,0.5903178000,9.1792900999,2.5093905998,28.4312395999,3.0311761000,0.0001544000,0.2161979000,41.6469603000,300,300,0
4275,200,520,40,20,6,2,Sweep Line,Local,10,0.19104151,3.82083023,99.68%,38.3059958000,0.1500592000,0.5670238000,8.8298801000,2.4114578001,25.8855316999,2.6391606000,0.0001532001,0.2077857000,38.3254166000,312,311,1
4275,200,540,40,20,6,2,Sweep Line,Local,10,0.18886534,3.77730682,100.00%,34.7057099000,0.1467979000,0.5595082999,8.4181707000,2.2945298001,23.0189647999,2.3413496000,0.0001427000,0.1958210000,34.7132064000,324,324,0
4275,200,560,40,20,6,2,Sweep Line,Local,10,0.18779199,3.75583983,99.70%,39.1910211000,0.1683038001,0.6305733002,9.1124446001,2.4867202999,26.3542709001,2.6859605000,0.0001645999,0.2106881001,39.2013348000,336,335,1
4275,200,580,40,20,6,2,Sweep Line,Local,10,0.17740280,3.54805608,100.00%,39.8431759000,0.1796844000,0.6909839002,9.9053636001,2.6978039001,26.1275711999,2.6895447000,0.0001657000,0.2210196000,39.8588869000,348,348,0
4275,200,600,40,20,6,2,Sweep Line,Local,10,0.16998093,3.39961853,100.00%,40.5932984000,0.1990227999,0.7510378001,10.2218922999,2.7656750000,26.5130594000,2.6479408000,0.0001688002,0.2297099999,40.6136094000,360,360,0
4275,200,620,40,20,6,2,Sweep Line,Local,10,0.16735850,3.34717002,100.00%,41.3087135000,0.2042685000,0.7831684999,10.4342412999,2.8440143999,26.9607829000,2.6586788001,0.0001686001,0.2355730999,41.3252640000,372,372,0
4275,200,640,40,20,6,2,Sweep Line,Local,10,0.15780756,3.15615112,100.00%,38.5142990000,0.2178883000,0.8213543998,10.4366966001,2.8721934001,24.2223084000,2.5417576000,0.0001706001,0.2418034000,38.5315763000,384,384,0
4275,200,660,40,20,6,2,Sweep Line,Local,10,0.15740669,3.14813377,100.00%,40.3500607000,0.2182609000,0.8590613999,10.8337505999,2.9905961002,25.5136331000,2.6531461000,0.0001775001,0.2380957000,40.3671547000,396,396,0
4275,200,680,40,20,6,2,Sweep Line,Local,10,0.16827027,3.36540530,100.00%,43.0843112000,0.2469224000,0.9586639000,11.7580392999,3.2626037002,26.8799293000,2.9466266000,0.0001893000,0.2577052001,43.1034732000,408,408,0
4275,200,700,40,20,6,2,Sweep Line,Local,10,0.14655851,2.93117017,100.00%,43.5171292000,0.2589364000,1.0263145999,12.1560697001,3.3677238001,26.9539498999,2.8190479999,0.0001888000,0.2637980000,43.5357011000,420,420,0
4275,200,720,40,20,6,2,Sweep Line,Local,10,0.15551132,3.11022642,100.00%,44.7410924000,0.2766757000,1.0673785002,12.3638730000,3.4431614004,27.7807476001,2.9400062000,0.0002020000,0.2718862000,44.7494483000,432,432,0
4275,200,740,40,20,6,2,Sweep Line,Local,10,0.15942011,3.18840213,100.00%,42.5690633000,0.2791306001,1.0707529999,11.9288774000,3.3381838002,26.0368584000,2.9467348000,0.0002082999,0.2625876001,42.5901798000,444,444,0
4275,200,760,40,20,6,2,Sweep Line,Local,10,0.14666087,2.93321741,100.00%,44.8657864000,0.3011801999,1.1494719001,12.5842233999,3.5018654999,27.6379216000,2.9641850001,0.0002074001,0.1859058000,44.8798091000,456,456,0
4275,200,780,40,20,6,2,Sweep Line,Local,10,0.14612758,2.92255167,100.00%,47.8909627000,0.3174691000,1.2790282000,13.5634109001,3.7621967998,29.2571286001,3.2231913000,0.0002162000,0.2050709001,47.9012418000,468,468,0
4275,200,800,40,20,6,2,Sweep Line,Local,10,0.15076875,3.01537508,100.00%,48.8122310000,0.3457843002,1.3157459001,13.7656353000,3.8640081000,29.8797087000,3.2464442000,0.0002230001,0.2126498000,48.8308681000,480,480,0
4275,200,820,40,20,6,2,Sweep Line,Local,10,0.14128624,2.82572481,100.00%,46.4880179000,0.3553271001,1.3580015997,13.8831023001,3.9336422997,27.5230830000,3.1093771999,0.0002364001,0.2113061000,46.5025004000,492,492,0
4275,200,840,40,20,6,2,Sweep Line,Local,10,0.14429090,2.88581794,100.00%,49.6459732000,0.3811802999,1.4794055999,14.7001274997,4.1091154998,29.4298929000,3.3779263000,0.0002580001,0.2272898999,49.6598835000,504,504,0
4275,200,860,40,20,6,2,Sweep Line,Local,10,0.14049103,2.80982067,100.00%,46.4324256000,0.3799297000,1.4678326000,14.2685325999,4.0028231002,26.9303056999,3.1171808999,0.0002299000,0.2197543999,46.4953431000,516,516,0
4275,200,880,40,20,6,2,Sweep Line,Local,10,0.13080200,2.61603991,100.00%,49.1139572000,0.4101114000,1.5783597999,15.1001163999,4.2874863001,28.5223642001,3.2239892001,0.0002450000,0.2229076001,49.1294086000,528,528,0
4275,200,900,40,20,6,2,Sweep Line,Local,10,0.13653664,2.73073271,100.00%,52.6798042000,0.4453306001,1.6934864000,15.7191046998,4.4710519000,31.0738056999,3.4603288000,0.0002588000,0.2307455001,52.6938390000,540,540,0
4275,200,920,40,20,6,2,Sweep Line,Local,10,0.13498456,2.69969125,100.00%,51.8303143000,0.4502753000,1.7471432000,15.9703413000,4.5238342001,29.8651071999,3.5057325000,0.0002528000,0.2293114001,51.8442898000,552,552,0
4275,200,940,40,20,6,2,Sweep Line,Local,10,0.13448282,2.68965645,100.00%,49.7305250000,0.4506269001,1.7010746001,15.2975136999,4.3863318999,28.7454931000,3.2513787000,0.0002483001,0.2248182000,49.7512088000,564,564,0
4275,200,960,40,20,6,2,Sweep Line,Local,10,0.12616337,2.52326745,100.00%,53.5894158000,0.5002630001,1.9212410001,16.9146181998,4.8659728003,30.3699632000,3.5782398000,0.0002826001,0.2401920000,53.6105985000,576,576,0
4275,200,980,40,20,6,2,Sweep Line,Local,10,0.12894219,2.57884371,100.00%,54.8917502000,0.5054061999,1.9754244001,17.1671452001,4.9393769002,31.2915192001,3.6596277001,0.0002798001,0.2295594000,54.9070415000,588,588,0
4275,200,1000,40,20,6,2,Sweep Line,Local,10,0.12101937,2.42038746,100.00%,54.7281641000,0.5278578002,2.0682417999,17.4778864999,5.0026719999,30.7182155000,3.6349729001,0.0002786000,0.2339130003,54.7417112000,600,600,0
4275,200,60,40,20,6,2,Sweep Line,Local,12,0.51141933,10.22838669,41.67%,4.9390329000,0.0024146000,0.0046984000,0.3591902000,0.1006194000,3.5025756000,1.0180557000,0.0000226000,0.0463744000,4.9414294000,36,15,21
4275,200,80,40,20,6,2,Sweep Line,Local,12,0.68084937,13.61698734,66.67%,8.2450540000,0.0041523000,0.0123729000,0.7322707000,0.1732815000,5.8368321000,1.6010751000,0.0000294000,0.0479875000,8.2474727000,48,32,16
4275,200,100,40,20,6,2,Sweep Line,Local,12,0.51868425,10.37368496,80.00%,11.5766200000,0.0058872000,0.0210396000,1.1481831000,0.2646898000,8.3690769000,1.9556193000,0.0000329000,0.0574192000,11.5784023000,60,48,12
4275,200,120,40,20,6,2,Sweep Line,Local,12,0.47368989,9.47379777,81.94%,12.0717941000,0.0081099000,0.0294759000,1.2827890001,0.3016777001,8.6044725000,2.0628491000,0.0000376000,0.0577765000,12.0740565000,72,59,13
4275,200,140,40,20,6,2,Sweep Line,Local,12,0.45623018,9.12460353,72.62%,11.7996780000,0.0115135000,0.0328905000,1.4622430000,0.3500643001,8.5460546000,1.6661109000,0.0000576000,0.0665860000,11.8033949000,84,61,23
4275,200,160,40,20,6,2,Sweep Line,Local,12,0.44934976,8.98699516,83.33%,16.7101365000,0.0139037000,0.0474558000,1.9971201000,0.4869333001,12.2442244000,2.3261721000,0.0000490000,0.0666014000,16.7141088000,96,80,16
4275,200,180,40,20,6,2,Sweep Line,Local,12,0.40868505,8.17370109,81.48%,14.2315454000,0.0177058000,0.0585940000,1.9829128999,0.4814802000,10.1446350000,1.9298231000,0.0000569000,0.0759783000,14.2359299000,108,88,20
4275,200,200,40,20,6,2,Sweep Line,Local,12,0.40096262,8.01925246,81.67%,16.6338048000,0.0222520999,0.0714108000,2.4141669001,0.5762612000,11.9603657000,2.0636656000,0.0000651000,0.0826103000,16.6378032000,120,98,22
4275,200,220,40,20,6,2,Sweep Line,Local,12,0.35955050,7.19101006,93.94%,21.6575913000,0.0280667000,0.1042938999,3.4085526000,0.8241587000,15.5979263001,2.4006950000,0.0000692000,0.0977311000,21.6641320000,132,124,8
4275,200,240,40,20,6,2,Sweep Line,Local,12,0.35523741,7.10474821,88.19%,21.4860914000,0.0328975000,0.1117687999,3.4891039999,0.8440436998,15.3903203999,2.3392832000,0.0000846000,0.0991901000,21.4927484000,144,127,17
4275,200,260,40,20,6,2,Sweep Line,Local,12,0.31680176,6.33603521,91.67%,24.5386455000,0.0375926000,0.1377542999,4.2557681000,1.0179094000,17.7100382000,2.2710348001,0.0000819000,0.1052964000,24.5428088000,156,143,13
4275,200,280,40,20,6,2,Sweep Line,Local,12,0.29692330,5.93846601,95.83%,25.8847192000,0.0429258000,0.1630400000,4.8046501001,1.1555293000,18.4715374000,2.2696138001,0.0000828000,0.1175243001,25.8927335000,168,161,7
4275,200,300,40,20,6,2,Sweep Line,Local,12,0.29775567,5.95511345,98.89%,27.6848223000,0.0517595000,0.1898389000,5.2635931000,1.2684607999,19.6161787000,2.4216112999,0.0000894000,0.1207014001,27.6897248000,180,178,2
4275,200,320,40,20,6,2,Sweep Line,Local,12,0.24619355,4.92387093,95.83%,26.9810642000,0.0582512000,0.2118851000,5.4066692999,1.3183770999,18.8233000000,2.3215011000,0.0000945001,0.1310950999,26.9860882000,192,184,8
4275,200,340,40,20,6,2,Sweep Line,Local,12,0.25579016,5.11580314,95.59%,26.9300325000,0.0656822000,0.2306157000,5.6504205000,1.3849830000,18.5425592000,2.2794335001,0.0001016000,0.1381484000,26.9403920000,204,195,9
4275,200,360,40,20,6,2,Sweep Line,Local,12,0.25242856,5.04857125,97.22%,28.1305519000,0.0691622000,0.2667853999,5.8352903999,1.4446842001,19.5504550000,2.2428356000,0.0001030001,0.1351806000,28.1401116000,216,210,6
4275,200,380,40,20,6,2,Sweep Line,Local,12,0.22117875,4.42357495,98.25%,29.5617115000,0.0789838000,0.2805521000,6.5319102000,1.6155571000,20.2881744000,2.2185812000,0.0001040000,0.1433693001,29.5729527000,228,224,4
4275,200,400,40,20,6,2,Sweep Line,Local,12,0.23753024,4.75060488,96.67%,32.2926113000,0.0913299000,0.3317915999,7.0997034000,1.7453370001,22.0353642001,2.5108413001,0.0001213001,0.1614187000,32.3025676000,240,232,8
4275,200,420,40,20,6,2,Sweep Line,Local,12,0.21234993,4.24699867,100.00%,35.1385941000,0.1120429999,0.4158687999,8.4467003999,2.1402843000,23.2724983000,2.6075784001,0.0001338001,0.1970033999,35.1455514000,252,252,0
4275,200,440,40,20,6,2,Sweep Line,Local,12,0.22420615,4.48412307,100.00%,36.0604749000,0.1139216000,0.4181244000,8.3571916999,2.0615891002,24.2127474000,2.7544509999,0.0001296000,0.1797154999,36.0734406000,264,264,0
4275,200,460,40,20,6,2,Sweep Line,Local,12,0.21314886,4.26297711,99.64%,33.8036504000,0.1164787000,0.4321581000,8.2919780001,2.0726064000,22.2500438000,2.5015201000,0.0001299000,0.1836457999,33.8101885000,276,275,1
4275,200,480,40,20,6,2,Sweep Line,Local,12,0.19616111,3.92322219,100.00%,35.6975513000,0.1268508000,0.4779801000,9.0121451998,2.2551482997,23.4122059000,2.4554847001,0.0001321001,0.1900393000,35.7066258000,288,288,0
4275,200,500,40,20,6,2,Sweep Line,Local,12,0.19903276,3.98065518,100.00%,37.4767669000,0.1378749000,0.5271624002,9.5345662999,2.3844997000,24.3378635000,2.7050138000,0.0001471001,0.2063553999,37.4853892000,300,300,0
4275,200,520,40,20,6,2,Sweep Line,Local,12,0.18989602,3.79792048,99.68%,37.8068243000,0.1498610000,0.5754802002,9.8878425001,2.4880074001,24.3713027000,2.5945303001,0.0001445001,0.2014342001,37.8235631000,312,311,1
4275,200,540,40,20,6,2,Sweep Line,Local,12,0.18665785,3.73315692,100.00%,37.3857384000,0.1616084000,0.6027532001,10.2982985001,2.5886038000,23.5072757999,2.5770384000,0.0001540000,0.2128674999,37.4012360000,324,324,0
4275,200,560,40,20,6,2,Sweep Line,Local,12,0.18575595,3.71511894,99.70%,38.2442505000,0.1706154999,0.6285288999,10.3208233999,2.6044565999,24.1649578000,2.7040428000,0.0001575001,0.2232372999,38.2528445000,336,335,1
4275,200,580,40,20,6,2,Sweep Line,Local,12,0.17588330,3.51766596,100.00%,40.8016231000,0.1905747000,0.7270175000,11.5171806000,2.8917715997,25.3687072000,2.7197157000,0.0001641999,0.2265912001,40.8178364000,348,348,0
4275,200,600,40,20,6,2,Sweep Line,Local,12,0.16984273,3.39685464,100.00%,40.8661733000,0.2039532999,0.7720363003,11.8024181001,2.9638823999,25.2246451999,2.5845198000,0.0002247000,0.2478282000,40.8842023000,360,360,0
4275,200,620,40,20,6,2,Sweep Line,Local,12,0.16531054,3.30621087,100.00%,42.3182954000,0.2259770000,0.8264607001,12.1584407999,3.1031489001,25.9686571000,2.8572857000,0.0001826000,0.2436547001,42.3830431000,372,372,0
4275,200,640,40,20,6,2,Sweep Line,Local,12,0.15499814,3.09996290,100.00%,41.1580664000,0.2293611000,0.8488582000,12.4014084000,3.1909577999,24.7527436999,2.6432300000,0.0001742000,0.2482596999,41.1762892000,384,384,0
4275,200,660,40,20,6,2,Sweep Line,Local,12,0.15672540,3.13450793,100.00%,42.2180360000,0.2354321000,0.8994116000,12.5590297998,3.2195552001,25.4768957999,2.7495670001,0.0001838000,0.2620912998,42.2503803000,396,396,0
4275,200,680,40,20,6,2,Sweep Line,Local,12,0.16692525,3.33850494,100.00%,41.9643083000,0.2696380000,0.9701433001,12.9047612998,3.2809511000,24.7561567000,2.7675810000,0.0001896999,0.2588620001,41.9868838000,408,408,0
4275,200,700,40,20,6,2,Sweep Line,Local,12,0.14535568,2.90711361,100.00%,45.0695481000,0.2787601999,1.0377309000,13.9522203997,3.5967392000,26.4884979999,2.9427419000,0.0001992999,0.2722137001,45.0840280000,420,420,0
4275,200,720,40,20,6,2,Sweep Line,Local,12,0.15301077,3.06021532,100.00%,45.5033046000,0.2915943000,1.0908819000,14.1740976996,3.6380119000,26.6284454000,2.9921462000,0.0002061000,0.2842537001,45.5119647000,432,432,0
4275,200,740,40,20,6,2,Sweep Line,Local,12,0.15675530,3.13510609,100.00%,47.5455335000,0.3089622999,1.2053078001,14.8508823000,3.8029673999,27.5510783000,3.2904279999,0.0002192000,0.2920655000,47.5606096000,444,444,0
4275,200,760,40,20,6,2,Sweep Line,Local,12,0.14268870,2.85377392,100.00%,47.5943080000,0.3144000000,1.2313748000,15.0350310002,3.8452819998,27.6327981001,3.1347742000,0.0002166001,0.2010129999,47.6043886000,456,456,0
4275,200,780,40,20,6,2,Sweep Line,Local,12,0.14397214,2.87944285,100.00%,46.6030217000,0.3290102000,1.2631304000,14.9046394004,3.8623087001,26.7361602999,3.1160479000,0.0002409001,0.2082636999,46.6139601000,468,468,0
4275,200,800,40,20,6,2,Sweep Line,Local,12,0.14786363,2.95727260,100.00%,46.5395761000,0.3312858999,1.2705979998,14.8576433002,3.8674584000,26.7565568000,3.0688437000,0.0002160000,0.2068964999,46.5495613000,480,480,0
4275,200,820,40,20,6,2,Sweep Line,Local,12,0.13981459,2.79629171,100.00%,49.7121675000,0.3778431001,1.4309842000,16.1786187998,4.2441677001,28.0850745001,3.3458192999,0.0002355999,0.2453286001,49.7274690000,492,492,0
4275,200,840,40,20,6,2,Sweep Line,Local,12,0.14366374,2.87327473,100.00%,50.5844040000,0.3908032000,1.5259361002,16.7680086999,4.3323522999,28.1955116000,3.4005897001,0.0002396999,0.2491037000,50.5954683000,504,504,0
4275,200,860,40,20,6,2,Sweep Line,Local,12,0.13659294,2.73185870,100.00%,49.9033828000,0.4015861000,1.5657844999,17.1489378997,4.4400481001,27.2014304000,3.3047129000,0.0002428001,0.2271457001,49.9227642000,516,516,0
4275,200,880,40,20,6,2,Sweep Line,Local,12,0.12971064,2.59421273,100.00%,48.6775851000,0.4078202000,1.5601653998,16.6836798998,4.3656448001,26.5595721999,3.1796503999,0.0002442000,0.2308333001,48.6956334000,528,528,0
4275,200,900,40,20,6,2,Sweep Line,Local,12,0.13409807,2.68196143,100.00%,51.9806963000,0.4450815999,1.7103112000,17.5724613995,4.6056483000,28.5900473000,3.3732879001,0.0002583000,0.2311029000,51.9895463000,540,540,0
4275,200,920,40,20,6,2,Sweep Line,Local,12,0.13224951,2.64499027,100.00%,53.7453951000,0.4659817000,1.8259640998,18.4714255998,4.8542226001,29.0434569000,3.6343309000,0.0002693999,0.2424783999,53.7552376000,552,552,0
4275,200,940,40,20,6,2,Sweep Line,Local,12,0.13304932,2.66098648,100.00%,54.4508078000,0.4765147000,1.9010352001,18.7271162999,4.9331197997,29.4257746999,3.6212055000,0.0002669000,0.2332701001,54.4763609000,564,564,0
4275,200,960,40,20,6,2,Sweep Line,Local,12,0.12544474,2.50889483,100.00%,52.9326160000,0.4961387999,1.9097064001,18.8898731998,5.0290130003,27.8759816000,3.4550983999,0.0002701999,0.2408134000,52.9429528000,576,576,0
4275,200,980,40,20,6,2,Sweep Line,Local,12,0.12726650,2.54533006,100.00%,52.0083063000,0.5047855001,1.9168795002,18.5271202003,4.9045093998,27.3597430000,3.3953385000,0.0002648000,0.2365969999,52.0319795000,588,588,0
4275,200,1000,40,20,6,2,Sweep Line,Local,12,0.11937584,2.38751676,100.00%,56.5371295000,0.5348552998,2.1630430999,20.0235394002,5.2961816003,29.7238342000,3.7632429000,0.0002976999,0.2586513999,56.5534590000,600,600,0
4275,200,60,40,20,6,2,Sweep Line,Local,12,0.51141933,10.22838669,41.67%,5.1428778000,0.0021815000,0.0049173000,0.3812812000,0.1076704000,3.6279447000,1.0565664000,0.0000231000,0.0480510000,5.1450675000,36,15,21
4275,200,80,40,20,6,2,Sweep Line,Local,12,0.68084937,13.61698734,66.67%,8.6417507000,0.0040077000,0.0132120999,0.7395279000,0.1778784000,6.1647837000,1.6301886000,0.0000303000,0.0552052000,8.6435174000,48,32,16
4275,200,100,40,20,6,2,Sweep Line,Local,12,0.51868425,10.37368496,80.00%,12.0722583000,0.0062389999,0.0222488000,1.2202758000,0.2813782000,8.5726686000,2.1297914000,0.0000337000,0.0570695000,12.0750733000,60,48,12
4275,200,120,40,20,6,2,Sweep Line,Local,12,0.47368989,9.47379777,81.94%,13.0062046000,0.0101537000,0.0325318000,1.3915452000,0.3271674000,9.1000853000,2.3155727000,0.0000405000,0.0634129000,13.0083618000,72,59,13
4275,200,140,40,20,6,2,Sweep Line,Local,12,0.45623018,9.12460353,72.62%,12.9044384000,0.0117761000,0.0383779000,1.6405620999,0.3882189001,9.3615256000,1.7568848000,0.0000480000,0.0700973000,12.9076609000,84,61,23
4275,200,160,40,20,6,2,Sweep Line,Local,12,0.44934976,8.98699516,83.33%,18.3075248000,0.0152827000,0.0522670000,2.1375915000,0.5011248001,13.4353148000,2.5707207000,0.0000522000,0.0691299000,18.3124296000,96,80,16
4275,200,180,40,20,6,2,Sweep Line,Local,12,0.40868505,8.17370109,81.48%,15.5570464000,0.0194456000,0.0632178000,2.1840088999,0.5214742000,10.9900605000,2.1209756000,0.0000600000,0.0786676000,15.5598865000,108,88,20
4275,200,200,40,20,6,2,Sweep Line,Local,12,0.40096262,8.01925246,81.67%,17.6527590000,0.0238134000,0.0752274000,2.5402111001,0.6222356999,12.6463491000,2.2099552000,0.0000679000,0.0916646999,17.6581043000,120,98,22
4275,200,220,40,20,6,2,Sweep Line,Local,12,0.35955050,7.19101006,93.94%,21.2460774000,0.0268740000,0.1020262999,3.3501473000,0.8123008000,15.3340781000,2.3115638000,0.0000650999,0.0876865000,21.2492910000,132,124,8
4275,200,240,40,20,6,2,Sweep Line,Local,12,0.35523741,7.10474821,88.19%,20.3472593000,0.0325437000,0.1114479000,3.3653570999,0.8163614001,14.4519215000,2.2411494000,0.0000734001,0.1000022000,20.3545081000,144,127,17
4275,200,260,40,20,6,2,Sweep Line,Local,12,0.31680176,6.33603521,91.67%,23.8459103000,0.0396733000,0.1354416000,4.1328888000,0.9928356999,17.1720363000,2.2331420000,0.0000822000,0.1092406999,23.8549398000,156,143,13
4275,200,280,40,20,6,2,Sweep Line,Local,12,0.29692330,5.93846601,95.83%,26.5912209000,0.0467805000,0.1690823000,4.8916544000,1.1907308999,18.9893938000,2.3544022000,0.0000892000,0.1230307000,26.5958040000,168,161,7
4275,200,300,40,20,6,2,Sweep Line,Local,12,0.29775567,5.95511345,98.89%,28.9372325000,0.0527193000,0.2076099001,5.5178355999,1.3249262000,20.5001931000,2.4839235000,0.0000871000,0.1313592999,28.9464440000,180,178,2
4275,200,320,40,20,6,2,Sweep Line,Local,12,0.24619355,4.92387093,95.83%,27.5972171000,0.0587504000,0.2207075999,5.5505506000,1.3751112999,19.2352015000,2.3706494000,0.0000951001,0.1340957001,27.6053651000,192,184,8
4275,200,340,40,20,6,2,Sweep Line,Local,12,0.25579016,5.11580314,95.59%,28.8324436000,0.0647395999,0.2478965000,6.0259992000,1.4501011000,19.9789052000,2.3516591000,0.0001013000,0.1353372001,28.8423572000,204,195,9
4275,200,360,40,20,6,2,Sweep Line,Local,12,0.25242856,5.04857125,97.22%,29.8135800000,0.0760091000,0.2764030000,6.3904633998,1.5676712001,20.4924156000,2.4071565000,0.0001055000,0.1437624000,29.8252492000,216,210,6
4275,200,380,40,20,6,2,Sweep Line,Local,12,0.22117875,4.42357495,98.25%,29.4194930000,0.0844055000,0.2883857000,6.5891008999,1.6218993000,20.0329872999,2.2517315999,0.0001072999,0.1513944001,29.4305751000,228,224,4
4275,200,400,40,20,6,2,Sweep Line,Local,12,0.23753024,4.75060488,96.67%,31.0496491000,0.0942980999,0.3284876000,6.9673918001,1.7278718001,21.1034344000,2.3728442000,0.0001225000,0.1610710001,31.0608712000,240,232,8
4275,200,420,40,20,6,2,Sweep Line,Local,12,0.21234993,4.24699867,100.00%,33.1234308000,0.0989543999,0.3766565999,7.7889311999,1.9408963999,22.2347551000,2.4214954000,0.0001246000,0.1702775001,33.1318399000,252,252,0
4275,200,440,40,20,6,2,Sweep Line,Local,12,0.22420615,4.48412307,100.00%,35.8711960000,0.1092311000,0.4174319000,8.3644470001,2.0738541999,24.1177034001,2.6587401001,0.0001275999,0.1805610999,35.8850340000,264,264,0
4275,200,460,40,20,6,2,Sweep Line,Local,12,0.21314886,4.26297711,99.64%,34.8060492000,0.1179228000,0.4424999000,8.6002218001,2.1459165999,22.8946060000,2.5410576000,0.0001311000,0.1838813000,34.8118532000,276,275,1
4275,200,480,40,20,6,2,Sweep Line,Local,12,0.19616111,3.92322219,100.00%,36.4372672000,0.1354166001,0.4841805001,9.1165121999,2.2411712999,23.8937578001,2.5701549999,0.0001418000,0.2135927999,36.4500810000,288,288,0
4275,200,500,40,20,6,2,Sweep Line,Local,12,0.19903276,3.98065518,100.00%,35.1631006000,0.1381740000,0.5112830001,8.9800182999,2.2762303999,22.7505850000,2.5555311000,0.0001357002,0.1992328001,35.1757672000,300,300,0
4275,200,520,40,20,6,2,Sweep Line,Local,12,0.18989602,3.79792048,99.68%,36.5870267000,0.1471579000,0.5527661000,9.6727599001,2.4315502999,23.5036090000,2.4756360999,0.0001448999,0.2031251000,36.5948611000,312,311,1
4275,200,540,40,20,6,2,Sweep Line,Local,12,0.18665785,3.73315692,100.00%,38.2795220000,0.1681468000,0.6301470000,10.7220458000,2.6972006002,23.8650082999,2.6495327000,0.0001548000,0.2164379001,38.2972884000,324,324,0
4275,200,560,40,20,6,2,Sweep Line,Local,12,0.18575595,3.71511894,99.70%,40.1551535000,0.1783284999,0.6698569001,10.6985627998,2.6779257998,25.5470318999,2.8045103000,0.0001577001,0.2238647000,40.1719058000,336,335,1
4275,200,580,40,20,6,2,Sweep Line,Local,12,0.17588330,3.51766596,100.00%,39.8715275000,0.1864535000,0.7125754000,11.1605109000,2.8621079000,24.9149157999,2.6366629000,0.0001662000,0.2295697000,39.8830968000,348,348,0
4275,200,600,40,20,6,2,Sweep Line,Local,12,0.16984273,3.39685464,100.00%,42.9059863000,0.2199362000,0.8054729000,12.4159553999,3.1902406000,26.4794372000,2.6909951001,0.0001800001,0.2582502002,42.9253667000,360,360,0
4275,200,620,40,20,6,2,Sweep Line,Local,12,0.16531054,3.30621087,100.00%,45.7241920000,0.2256954000,0.8875389999,13.1576769000,3.3703808001,28.1338013000,3.0054811000,0.0001897999,0.2667226001,45.7408739000,372,372,0
4275,200,640,40,20,6,2,Sweep Line,Local,12,0.15499814,3.09996290,100.00%,41.4693772000,0.2243271000,0.8552738001,12.5643988002,3.2025444000,24.8618898001,2.6708195000,0.0001813999,0.2570539000,41.4915621000,384,384,0
4275,200,660,40,20,6,2,Sweep Line,Local,12,0.15672540,3.13450793,100.00%,42.8385838000,0.2429681000,0.9180705000,12.9379313000,3.3239465000,25.6612409001,2.7812534000,0.0001890999,0.2608062001,42.8524488000,396,396,0
4275,200,680,40,20,6,2,Sweep Line,Local,12,0.16692525,3.33850494,100.00%,42.5913462000,0.2539605000,0.9449291999,13.0522997002,3.3803493000,25.1898486000,2.8539312000,0.0001965000,0.2588481000,42.6113298000,408,408,0
4275,200,700,40,20,6,2,Sweep Line,Local,12,0.14535568,2.90711361,100.00%,40.9017511000,0.2663949000,0.9846576999,12.8256027000,3.3464767998,23.8474415000,2.6755888000,0.0001925000,0.2621697002,40.9135053000,420,420,0
4275,200,720,40,20,6,2,Sweep Line,Local,12,0.15301077,3.06021532,100.00%,41.3978033000,0.2686227000,1.0165021000,13.1799281000,3.4381653000,23.9351375000,2.6827148999,0.0001918999,0.2722766000,41.4148294000,432,432,0
4275,200,740,40,20,6,2,Sweep Line,Local,12,0.15675530,3.13510609,100.00%,39.0999535000,0.2581060000,0.9617461999,12.5115579000,3.3059816996,22.4210535000,2.6426249000,0.0001844000,0.2631943000,39.1078508000,444,444,0
4275,200,760,40,20,6,2,Sweep Line,Local,12,0.14268870,2.85377392,100.00%,42.5548026000,0.3011090999,1.1009755999,13.7420279001,3.7016215001,24.4164018000,2.7383742002,0.0003445001,0.2077773999,42.5705293000,456,456,0
4275,200,780,40,20,6,2,Sweep Line,Local,12,0.14397214,2.87944285,100.00%,44.3531293000,0.3090764000,1.1475955001,15.0140628001,4.5993662000,24.7862768001,2.8295950000,0.0002071000,0.2179479999,44.3649321000,468,468,0
4275,200,800,40,20,6,2,Sweep Line,Local,12,0.14786363,2.95727260,100.00%,46.5457111000,0.3369879999,1.2497733999,15.3180528998,4.3795232001,26.3553321000,3.0191938001,0.0002251001,0.2164911000,46.5559111000,480,480,0
4275,200,820,40,20,6,2,Sweep Line,Local,12,0.13981459,2.79629171,100.00%,48.0024964000,0.3670785000,1.4074697000,16.1489590998,4.4155093001,26.6743291999,3.1361405999,0.0002344000,0.2205968000,48.0205078000,492,492,0
4275,200,840,40,20,6,2,Sweep Line,Local,12,0.14366374,2.87327473,100.00%,47.8388013000,0.3919239000,1.4598654998,16.2032590998,4.2630903998,26.2877247000,3.1923029000,0.0002390000,0.2493028001,47.8585581000,504,504,0
4275,200,860,40,20,6,2,Sweep Line,Local,12,0.13659294,2.73185870,100.00%,45.7709959000,0.3873525000,1.4526153000,15.9744923997,4.2674833000,24.7211382999,2.9557115000,0.0002405000,0.2255772999,45.7896900000,516,516,0
4275,200,880,40,20,6,2,Sweep Line,Local,12,0.12971064,2.59421273,100.00%,47.0557145000,0.4125245999,1.5318021001,16.3144858001,4.3882292997,25.4575298999,3.0527116999,0.0002436000,0.2288909999,47.0655229000,528,528,0
4275,200,900,40,20,6,2,Sweep Line,Local,12,0.13409807,2.68196143,100.00%,44.9673178000,0.4093572001,1.4894674999,15.7038927999,4.2796976997,24.1512079000,2.9370380999,0.0002320999,0.2226842001,44.9827638000,540,540,0
4275,200,920,40,20,6,2,Sweep Line,Local,12,0.13224951,2.64499027,100.00%,43.8787598000,0.4166720001,1.4831606999,15.6919374002,4.2944210001,23.1728481000,2.8346790001,0.0002321999,0.2226351999,43.8893761000,552,552,0
4275,200,940,40,20,6,2,Sweep Line,Local,12,0.13304932,2.66098648,100.00%,42.9569290000,0.4108207001,1.4459995000,15.4037175002,4.2220263002,22.7062959000,2.7173129999,0.0002179001,0.2171908001,42.9689693000,564,564,0
4275,200,960,40,20,6,2,Sweep Line,Local,12,0.12544474,2.50889483,100.00%,40.1966973000,0.3933838999,1.4094932002,14.6672882000,4.0222682998,20.9239865000,2.5466826000,0.0002049000,0.2030375002,40.2099553000,576,576,0
4275,200,980,40,20,6,2,Sweep Line,Local,12,0.12726650,2.54533006,100.00%,41.5659276000,0.4311968000,1.5093814001,15.2496739000,4.2059864001,21.3862620000,2.7229441999,0.0002225000,0.2110399001,41.5765096000,588,588,0
4275,200,1000,40,20,6,2,Sweep Line,Local,12,0.11937584,2.38751676,100.00%,42.4248370000,0.4367707999,1.5627775001,15.6852593000,4.3226473001,21.7641292999,2.7133083999,0.0002326999,0.2056483001,42.4409464000,600,600,0
4275,200,60,40,20,6,2,Sweep Line,Local,12,0.51141933,10.22838669,41.67%,3.5979661000,0.0017091000,0.0038721000,0.2986918000,0.0948982000,2.5524967000,0.6918023000,0.0000184000,0.0365293000,3.5992115000,36,15,21
4275,200,80,40,20,6,2,Sweep Line,Local,12,0.68084937,13.61698734,66.67%,6.1208428000,0.0033048000,0.0097455000,0.5838248000,0.1471025001,4.2893861000,1.1872314000,0.0000246000,0.0380587000,6.1227571000,48,32,16
4275,200,100,40,20,6,2,Sweep Line,Local,12,0.51868425,10.37368496,80.00%,8.6297302000,0.0051471000,0.0173125000,0.9441894000,0.2307904000,6.0888869000,1.5091992000,0.0000282000,0.0501528000,8.6318873000,60,48,12
4275,200,120,40,20,6,2,Sweep Line,Local,12,0.47368989,9.47379777,81.94%,9.1979879000,0.0072072000,0.0245086000,1.0603049000,0.2762168000,6.4782586000,1.5605770000,0.0000331000,0.0503625000,9.1996364000,72,59,13
4275,200,140,40,20,6,2,Sweep Line,Local,12,0.45623018,9.12460353,72.62%,9.1766449000,0.0093336000,0.0291305000,1.2731948001,0.3245580000,6.5013819000,1.2926316000,0.0000433000,0.0573248999,9.1790351000,84,61,23
4275,200,160,40,20,6,2,Sweep Line,Local,12,0.44934976,8.98699516,83.33%,13.4400702000,0.0111897999,0.0399383000,1.6818677000,0.4212962001,9.8145025000,1.8182210000,0.0000430001,0.0600340000,13.4426238000,96,80,16
4275,200,180,40,20,6,2,Sweep Line,Local,12,0.40868505,8.17370109,81.48%,10.7073108000,0.0136788000,0.0437614000,1.5812522001,0.4025287000,7.5530180000,1.4316716000,0.0000439000,0.0639279999,10.7096188000,108,88,20
4275,200,200,40,20,6,2,Sweep Line,Local,12,0.40096262,8.01925246,81.67%,11.9435774000,0.0181794000,0.0533074000,1.8918768999,0.4875407999,8.4255131000,1.4629616000,0.0000595001,0.0734598000,11.9469710000,120,98,22
4275,200,220,40,20,6,2,Sweep Line,Local,12,0.35955050,7.19101006,93.94%,14.5099829000,0.0201222001,0.0705613999,2.4853697999,0.6361241000,10.2611948000,1.5783682000,0.0000472999,0.0713986000,14.5129278000,132,124,8
4275,200,240,40,20,6,2,Sweep Line,Local,12,0.35523741,7.10474821,88.19%,14.4063057000,0.0240771000,0.0756360000,2.5140965000,0.6462501000,10.1468402000,1.5460841000,0.0000550000,0.0810777000,14.4096087000,144,127,17
4275,200,260,40,20,6,2,Sweep Line,Local,12,0.31680176,6.33603521,91.67%,16.2510811000,0.0274625000,0.0918144000,3.0118109000,0.7665783998,11.4923212000,1.5239360000,0.0000581001,0.0868190000,16.2551514000,156,143,13
4275,200,280,40,20,6,2,Sweep Line,Local,12,0.29692330,5.93846601,95.83%,17.8977060000,0.0338548000,0.1098607002,3.5157642001,0.9042530000,12.5753297000,1.5399307000,0.0000645000,0.0984036000,17.9026799000,168,161,7
4275,200,300,40,20,6,2,Sweep Line,Local,12,0.29775567,5.95511345,98.89%,18.5053661000,0.0369562000,0.1288636001,3.8288273001,0.9846136000,12.8385256000,1.5567790000,0.0000625000,0.1003862999,18.5101046000,180,178,2
4275,200,320,40,20,6,2,Sweep Line,Local,12,0.24619355,4.92387093,95.83%,18.3377330000,0.0433333001,0.1434794000,3.8999731002,1.0074206001,12.5808045000,1.5474066000,0.0000685999,0.1034240000,18.3436095000,192,184,8
4275,200,340,40,20,6,2,Sweep Line,Local,12,0.25579016,5.11580314,95.59%,19.3132663000,0.0484489000,0.1620143000,4.3512393001,1.1119727000,13.0433855001,1.5651126000,0.0000739000,0.1132838999,19.3184519000,204,195,9
4275,200,360,40,20,6,2,Sweep Line,Local,12,0.25242856,5.04857125,97.22%,20.4224031000,0.0517113000,0.1829946001,4.6630242999,1.2163684997,13.7581792000,1.6320057000,0.0000797000,0.1168533001,20.4281397000,216,210,6
4275,200,380,40,20,6,2,Sweep Line,Local,12,0.22117875,4.42357495,98.25%,20.8342802000,0.0593691999,0.2013696999,4.9220437000,1.2776800000,13.9714410000,1.5440323000,0.0000804001,0.1188137999,20.8403998000,228,224,4
4275,200,400,40,20,6,2,Sweep Line,Local,12,0.23753024,4.75060488,96.67%,21.9304761000,0.0687627999,0.2300716999,5.2794246003,1.3790183000,14.5453688001,1.6495214000,0.0000873000,0.1382966001,21.9379478000,240,232,8
4275,200,420,40,20,6,2,Sweep Line,Local,12,0.21234993,4.24699867,100.00%,21.7041212000,0.0712504000,0.2465370000,5.4830418998,1.4270855999,14.1547696000,1.5898436999,0.0000832000,0.1342206999,21.7110532000,252,252,0
4275,200,440,40,20,6,2,Sweep Line,Local,12,0.22420615,4.48412307,100.00%,23.8627381000,0.0799309000,0.2756662000,5.9287068001,1.5588343001,15.6245032000,1.7948149000,0.0000899999,0.1406405001,23.8701523000,264,264,0
4275,200,460,40,20,6,2,Sweep Line,Local,12,0.21314886,4.26297711,99.64%,23.8869541000,0.0857330000,0.2969953001,6.1260905001,1.6163849998,15.5042438999,1.7056268999,0.0000946000,0.1473286000,23.8932207000,276,275,1
4275,200,480,40,20,6,2,Sweep Line,Local,12,0.19616111,3.92322219,100.00%,24.3970305000,0.0934788000,0.3178979001,6.5057931999,1.7144471999,15.6538588000,1.6606395000,0.0000960000,0.1466626000,24.4040966000,288,288,0
4275,200,500,40,20,6,2,Sweep Line,Local,12,0.19903276,3.98065518,100.00%,24.8490474000,0.1005555000,0.3433519000,6.6697650999,1.7736436001,15.8338100000,1.7280910000,0.0001086999,0.1504804999,24.8567899000,300,300,0
4275,200,520,40,20,6,2,Sweep Line,Local,12,0.18989602,3.79792048,99.68%,25.7179835000,0.1138613000,0.3984867000,7.1940907000,1.8988192000,16.0901586000,1.7334415000,0.0001105000,0.1652201000,25.7264345000,312,311,1
4275,200,540,40,20,6,2,Sweep Line,Local,12,0.18665785,3.73315692,100.00%,25.1524083000,0.1162237000,0.3987216000,7.3521375998,1.9464548998,15.4582769000,1.6465108000,0.0001084000,0.1593682999,25.1606492000,324,324,0
4275,200,560,40,20,6,2,Sweep Line,Local,12,0.18575595,3.71511894,99.70%,26.9018218000,0.1246176000,0.4346553000,7.5615757001,2.0107559000,16.7462130000,1.8400602001,0.0001164000,0.1702690001,26.9103782000,336,335,1
4275,200,580,40,20,6,2,Sweep Line,Local,12,0.17588330,3.51766596,100.00%,26.9568907000,0.1378558000,0.4611292000,7.9690976000,2.1382785000,16.4135014000,1.7727928000,0.0001186001,0.1792882000,26.9713595000,348,348,0
4275,200,600,40,20,6,2,Sweep Line,Local,12,0.16984273,3.39685464,100.00%,26.8039016000,0.1467892000,0.4876785000,8.0956962998,2.1779146002,16.1632621999,1.7032367001,0.0001213001,0.1837366999,26.8120919000,360,360,0
4275,200,620,40,20,6,2,Sweep Line,Local,12,0.16531054,3.30621087,100.00%,27.4310420000,0.1517887999,0.5226434998,8.3021622999,2.2254623000,16.4657127000,1.7762810000,0.0001283000,0.1864535000,27.4389932000,372,372,0
4275,200,640,40,20,6,2,Sweep Line,Local,12,0.15499814,3.09996290,100.00%,26.6904245000,0.1628149999,0.5480662001,8.5739983001,2.3112937998,15.5084283001,1.6813484001,0.0001253000,0.1901314002,26.7305704000,384,384,0
4275,200,660,40,20,6,2,Sweep Line,Local,12,0.15672540,3.13450793,100.00%,29.0238145000,0.1777972001,0.6153526000,9.2488135999,2.4847767002,16.9454337001,1.8094015001,0.0001326000,0.1992925000,29.0335982000,396,396,0
4275,200,680,40,20,6,2,Sweep Line,Local,12,0.16692525,3.33850494,100.00%,29.2299050000,0.1879792000,0.6430675000,9.3177180999,2.5349474999,16.9122864000,1.9357329001,0.0001426000,0.2044929001,29.2438258000,408,408,0
4275,200,700,40,20,6,2,Sweep Line,Local,12,0.14535568,2.90711361,100.00%,29.4862709000,0.2034309000,0.6750917002,9.6255616003,2.5864866000,16.8506083000,1.8931516001,0.0001427001,0.2074658999,29.4936962000,420,420,0
4275,200,720,40,20,6,2,Sweep Line,Local,12,0.15301077,3.06021532,100.00%,30.5282015000,0.2097921999,0.7280982000,10.1297383001,2.7438511000,17.2853201000,1.9261880000,0.0001443999,0.2160736000,30.5366202000,432,432,0
4275,200,740,40,20,6,2,Sweep Line,Local,12,0.15675530,3.13510609,100.00%,31.0356446000,0.2205535001,0.7691072998,10.1308495998,2.7447873001,17.5772348999,2.0813818001,0.0001551001,0.2214635000,31.0502086000,444,444,0
4275,200,760,40,20,6,2,Sweep Line,Local,12,0.14268870,2.85377392,100.00%,31.7902653000,0.2334222000,0.8066906001,10.5929498001,2.8517333999,17.9520961000,2.0112038000,0.0001521999,0.1588490000,31.8032594000,456,456,0
4275,200,780,40,20,6,2,Sweep Line,Local,12,0.14397214,2.87944285,100.00%,32.0432437000,0.2459538000,0.8341912999,10.7120578999,2.9070678999,17.9556857000,2.0946772000,0.0001571001,0.1652804001,32.0542814000,468,468,0
4275,200,800,40,20,6,2,Sweep Line,Local,12,0.14786363,2.95727260,100.00%,31.8257733000,0.2573049001,0.8469952996,10.5877138999,2.8876546000,17.9002431000,2.0259047999,0.0001621000,0.1721937001,31.8362369000,480,480,0
4275,200,820,40,20,6,2,Sweep Line,Local,12,0.13981459,2.79629171,100.00%,30.9396183000,0.2588331001,0.8788064001,10.7200998000,2.9518008999,16.8478359000,2.0237812999,0.0001630000,0.1740407001,30.9473931000,492,492,0
4275,200,840,40,20,6,2,Sweep Line,Local,12,0.14366374,2.87327473,100.00%,33.5974132000,0.2817421001,0.9789953002,11.6278765002,3.1624444003,18.2518852000,2.2365067999,0.0001735000,0.1812733000,33.6060815000,504,504,0
4275,200,860,40,20,6,2,Sweep Line,Local,12,0.13659294,2.73185870,100.00%,33.1448987000,0.3037240001,1.0266389999,12.0065577999,3.3118597999,17.4158927000,2.1639334000,0.0001758999,0.1879250000,33.1534008000,516,516,0
4275,200,880,40,20,6,2,Sweep Line,Local,12,0.12971064,2.59421273,100.00%,34.2939464000,0.3179796999,1.0656041998,12.1942629002,3.3457641002,18.2921812001,2.1959071000,0.0001879000,0.1853262001,34.3036187000,528,528,0
4275,200,900,40,20,6,2,Sweep Line,Local,12,0.13409807,2.68196143,100.00%,35.2569576000,0.3172948999,1.0987305999,12.3821982999,3.3898505999,19.0315580000,2.2021772999,0.0001824001,0.1833834001,35.2679175000,540,540,0
4275,200,920,40,20,6,2,Sweep Line,Local,12,0.13224951,2.64499027,100.00%,35.6588228000,0.3377523000,1.1562499001,12.8635290000,3.5326779998,18.7768991001,2.2962707001,0.0001949999,0.1861811000,35.6722688000,552,552,0
4275,200,940,40,20,6,2,Sweep Line,Local,12,0.13304932,2.66098648,100.00%,36.3658093000,0.3454725000,1.2082551002,13.0476966000,3.5690226000,19.1881490000,2.3309727001,0.0001898002,0.1988108999,36.3759294000,564,564,0
4275,200,960,40,20,6,2,Sweep Line,Local,12,0.12544474,2.50889483,100.00%,36.1052602000,0.3609630001,1.2627642000,13.4322243998,3.6851579001,18.5094487000,2.3002655000,0.0001957001,0.1915233001,36.1195208000,576,576,0
4275,200,980,40,20,6,2,Sweep Line,Local,12,0.12726650,2.54533006,100.00%,36.9280220000,0.3725434000,1.3258006000,13.7056483999,3.7900961000,18.9121277000,2.3724391002,0.0002017000,0.1931823999,36.9417141000,588,588,0
4275,200,1000,40,20,6,2,Sweep Line,Local,12,0.11937584,2.38751676,100.00%,37.6059538000,0.3979763000,1.3667424999,14.0174119001,3.8706047001,19.1973665001,2.3904529998,0.0002088000,0.1870156999,37.6169266000,600,600,0
4275,200,60,40,20,6,2,Sweep Line,Local,14,0.51141933,10.22838669,41.67%,3.2835590000,0.0016800000,0.0034176000,0.2642896000,0.0731105000,2.2902108000,0.6864430000,0.0000180000,0.0321414000,3.2846225000,36,15,21
4275,200,80,40,20,6,2,Sweep Line,Local,14,0.68084937,13.61698734,66.67%,5.4990637000,0.0030742000,0.0088762000,0.5813669000,0.1381509000,3.8559953000,1.0051263000,0.0000295000,0.0346896000,5.5003869000,48,32,16
4275,200,100,40,20,6,2,Sweep Line,Local,14,0.51868425,10.37368496,80.00%,7.7023210000,0.0048176000,0.0146273000,0.9276602001,0.2196026001,5.4831725000,1.2206341000,0.0000259000,0.0404754000,7.7041042000,60,48,12
4275,200,120,40,20,6,2,Sweep Line,Local,14,0.47368989,9.47379777,81.94%,8.5333938000,0.0062788000,0.0210198000,1.0633498000,0.2496814000,5.9212604000,1.4580598000,0.0000282000,0.0458503000,8.5351079000,72,59,13
4275,200,140,40,20,6,2,Sweep Line,Local,14,0.45623018,9.12460353,72.62%,8.4294679000,0.0086811000,0.0241498000,1.2196010001,0.2875500999,5.9094217000,1.2028058000,0.0000359000,0.0513535001,8.4313973000,84,61,23
4275,200,160,40,20,6,2,Sweep Line,Local,14,0.44914419,8.98288376,83.33%,11.9490992000,0.0111843000,0.0349241000,1.6916689000,0.4031838001,8.5137666000,1.6172389000,0.0000403000,0.0623931000,11.9517101000,96,80,16
4275,200,180,40,20,6,2,Sweep Line,Local,14,0.40868505,8.17370109,81.48%,10.3334594000,0.0136491000,0.0440227000,1.7020003000,0.4051711999,7.1250317000,1.3656883000,0.0000448000,0.0619187999,10.3365161000,108,88,20
4275,200,200,40,20,6,2,Sweep Line,Local,14,0.40061187,8.01223732,81.67%,11.9630740000,0.0168984000,0.0541897001,2.0710081001,0.4920319000,8.2302356000,1.5050438000,0.0000509000,0.0667023000,11.9686108000,120,98,22
4275,200,220,40,20,6,2,Sweep Line,Local,14,0.35955050,7.19101006,93.94%,14.5987042000,0.0208078001,0.0708020000,2.7412256002,0.6605845000,10.1057493000,1.5629153001,0.0000519000,0.0785172000,14.6046412000,132,124,8
4275,200,240,40,20,6,2,Sweep Line,Local,14,0.35356697,7.07133947,88.19%,14.8426864000,0.0259807000,0.0797154000,2.8285260000,0.6653919999,10.2653246000,1.5447103000,0.0000579000,0.0797112000,14.8478555000,144,127,17
4275,200,260,40,20,6,2,Sweep Line,Local,14,0.31725180,6.34503593,91.67%,16.3787240000,0.0282935000,0.0915332000,3.2639821001,0.7784150000,11.4241341001,1.4664845000,0.0000593000,0.0865522000,16.3832480000,156,143,13
4275,200,280,40,20,6,2,Sweep Line,Local,14,0.29598810,5.91976200,95.83%,17.8666668000,0.0341344000,0.1112046000,3.8263862002,0.9058693000,12.2843157000,1.5036038999,0.0000601000,0.0920554000,17.8712384000,168,161,7
4275,200,300,40,20,6,2,Sweep Line,Local,14,0.29791010,5.95820204,98.89%,18.9747890000,0.0383722000,0.1302559001,4.2389694002,1.0139400000,12.8782608000,1.5707689999,0.0000659000,0.1023553000,18.9795420000,180,178,2
4275,200,320,40,20,6,2,Sweep Line,Local,14,0.24610783,4.92215659,95.83%,18.9587546000,0.0465445000,0.1444266999,4.3959335000,1.0455082999,12.7126416000,1.5281524000,0.0000769000,0.1090651001,18.9636871000,192,184,8
4275,200,340,40,20,6,2,Sweep Line,Local,14,0.25499472,5.09989439,95.59%,19.0192987000,0.0478224000,0.1586777000,4.6002585000,1.1108342000,12.5243300000,1.5550197999,0.0000762000,0.1089330001,19.0248606000,204,195,9
4275,200,360,40,20,6,2,Sweep Line,Local,14,0.25178071,5.03561414,97.22%,20.2385675000,0.0526017001,0.1805545999,5.0277744000,1.2142193000,13.2499947000,1.5932164999,0.0000759999,0.1164942001,20.2439679000,216,210,6
4275,200,380,40,20,6,2,Sweep Line,Local,14,0.21945804,4.38916070,98.25%,20.7618814000,0.0587062001,0.1982912000,5.3671445000,1.2983643998,13.4843882000,1.5097856000,0.0000810000,0.1177424000,20.7676381000,228,224,4
4275,200,400,40,20,6,2,Sweep Line,Local,14,0.23787249,4.75744973,96.67%,21.1223249000,0.0674464000,0.2149454999,5.4912832000,1.3338290999,13.5910022999,1.6072588000,0.0000974001,0.1313850000,21.1414243000,240,232,8
4275,200,420,40,20,6,2,Sweep Line,Local,14,0.21127408,4.22548152,100.00%,21.9929268000,0.0734038000,0.2495025001,6.0543506000,1.4646438999,13.8369394001,1.6091333001,0.0000876000,0.1389611999,21.9990255000,252,252,0
4275,200,440,40,20,6,2,Sweep Line,Local,14,0.22359723,4.47194453,100.00%,23.4220205000,0.0875961999,0.2671531998,6.3848820002,1.5676863001,14.8012428999,1.7221352000,0.0000929000,0.1404607000,23.4297012000,264,264,0
4275,200,460,40,20,6,2,Sweep Line,Local,14,0.21315162,4.26303246,99.64%,23.4654102000,0.0859684000,0.2999557000,6.6944304000,1.6403627001,14.5854536000,1.6301432001,0.0000976000,0.1483590001,23.4728872000,276,275,1
4275,200,480,40,20,6,2,Sweep Line,Local,14,0.19596233,3.91924652,100.00%,24.0351854000,0.0926473000,0.3128332999,7.0651231999,1.7393414002,14.7955285000,1.6008913000,0.0000937001,0.1500586001,24.0420513000,288,288,0
4275,200,500,40,20,6,2,Sweep Line,Local,14,0.19757654,3.95153089,100.00%,24.6751640000,0.0999089001,0.3450273998,7.2221729000,1.7722110000,15.1274976000,1.7065403999,0.0000998000,0.1509427000,24.6871697000,300,300,0
4275,200,520,40,20,6,2,Sweep Line,Local,14,0.18960966,3.79219326,99.68%,26.6010266000,0.1183625000,0.3971225000,8.1468345000,2.0427029001,15.9901539000,1.7473927000,0.0001136999,0.1735686001,26.6092666000,312,311,1
4275,200,540,40,20,6,2,Sweep Line,Local,14,0.18626953,3.72539068,100.00%,28.0857070000,0.1370556999,0.4577835000,9.0298502999,2.3032323001,16.4285645999,1.8115585000,0.0001304001,0.1931742001,28.0970504000,324,324,0
4275,200,560,40,20,6,2,Sweep Line,Local,14,0.18437762,3.68755231,99.70%,28.9811161000,0.1400371000,0.4752871000,9.1238560002,2.3377733996,17.1331063000,1.8895017999,0.0001370999,0.1911902001,28.9947939000,336,335,1
4275,200,580,40,20,6,2,Sweep Line,Local,14,0.17469693,3.49393866,100.00%,29.8247116000,0.1565035000,0.5277731000,9.7271685000,2.5037669001,17.3071118000,1.8724602000,0.0001403000,0.2043413998,29.8359814000,348,348,0
4275,200,600,40,20,6,2,Sweep Line,Local,14,0.16785920,3.35718398,100.00%,30.2009592000,0.1644267000,0.5531560000,10.0519100000,2.5775974000,17.3575670000,1.8383062000,0.0001395001,0.2077028000,30.2142815000,360,360,0
4275,200,620,40,20,6,2,Sweep Line,Local,14,0.16447384,3.28947683,100.00%,30.6376030000,0.1732768001,0.5837765998,10.3568267999,2.6746738998,17.3519073999,1.9292894000,0.0001464000,0.2115260000,30.6495589000,372,372,0
4275,200,640,40,20,6,2,Sweep Line,Local,14,0.15415725,3.08314491,100.00%,30.4125753000,0.1844796000,0.6248507998,10.5463264002,2.7468158000,16.9468775000,1.8551351000,0.0001576001,0.2246871000,30.4264124000,384,384,0
4275,200,660,40,20,6,2,Sweep Line,Local,14,0.15589692,3.11793842,100.00%,31.8169327000,0.1938794000,0.6624100999,11.0759277000,2.8612020002,17.6685083000,1.9585252001,0.0001558000,0.2256317000,31.8311981000,396,396,0
4275,200,680,40,20,6,2,Sweep Line,Local,14,0.16644466,3.32889323,100.00%,32.4995429000,0.2068112001,0.7025568001,11.3877689999,2.9588367001,17.8423746001,2.0937530000,0.0001559001,0.2330112000,32.5107927000,408,408,0
4275,200,700,40,20,6,2,Sweep Line,Local,14,0.14471688,2.89433765,100.00%,32.8761471000,0.2176490001,0.7598278001,11.8188187999,3.0523490998,17.7785703000,2.0332004999,0.0001675000,0.2306015999,32.8836017000,420,420,0
4275,200,720,40,20,6,2,Sweep Line,Local,14,0.15257981,3.05159624,100.00%,33.8889711000,0.2398738001,0.8115438999,12.1519593999,3.1458349001,18.2872801000,2.1081055000,0.0001752001,0.2528383002,33.9001885000,432,432,0
4275,200,740,40,20,6,2,Sweep Line,Local,14,0.15565599,3.11311970,100.00%,34.4068613000,0.2495754000,0.8347559999,12.3575734998,3.2511101998,18.4282211000,2.2471592000,0.0001748999,0.2479041999,34.4152079000,444,444,0
4275,200,760,40,20,6,2,Sweep Line,Local,14,0.14141227,2.82824542,100.00%,36.9385429000,0.2770710001,0.9251735998,13.2719275998,3.4551657000,19.9091417000,2.3126050001,0.0001905000,0.1842301000,36.9498124000,456,456,0
4275,200,780,40,20,6,2,Sweep Line,Local,14,0.14322086,2.86441716,100.00%,36.1416199000,0.2742425001,0.9448929999,13.4496037000,3.4924944000,19.0321390000,2.2102388000,0.0001890999,0.1888805999,36.1525576000,468,468,0
4275,200,800,40,20,6,2,Sweep Line,Local,14,0.14665914,2.93318276,100.00%,36.6208157000,0.2910486000,0.9832506999,13.4052971001,3.5219606001,19.3962163999,2.3029869000,0.0001872001,0.1982090999,36.6367307000,480,480,0
4275,200,820,40,20,6,2,Sweep Line,Local,14,0.13886914,2.77738285,100.00%,36.3768450000,0.3076126001,1.0310274998,13.7569505001,3.6197822996,18.7049783000,2.3242934000,0.0001969001,0.2094060002,36.3881890000,492,492,0
4275,200,840,40,20,6,2,Sweep Line,Local,14,0.14307905,2.86158099,100.00%,36.8375743000,0.3180231000,1.0784078000,14.1847268003,3.7226608001,18.6774402999,2.3281780000,0.0002041000,0.2042033000,36.8492182000,504,504,0
4275,200,860,40,20,6,2,Sweep Line,Local,14,0.13657714,2.73154283,100.00%,38.8287274000,0.3617464000,1.2102238002,15.1706062002,3.9669958001,19.3997310000,2.4189667999,0.0002494000,0.2163059999,38.8381555000,516,516,0
4275,200,880,40,20,6,2,Sweep Line,Local,14,0.12912986,2.58259729,100.00%,39.9133671000,0.3631486000,1.2514348000,15.5876567997,4.1465725001,19.9352579001,2.5035810000,0.0002127000,0.2183217000,39.9685897000,528,528,0
4275,200,900,40,20,6,2,Sweep Line,Local,14,0.13229053,2.64581066,100.00%,41.6420579000,0.3877486999,1.3111261000,16.1634946000,4.2868814000,20.9864911001,2.5239841001,0.0002210000,0.2176422001,41.6610324000,540,540,0
4275,200,920,40,20,6,2,Sweep Line,Local,14,0.13084287,2.61685741,100.00%,41.6009735000,0.4043541999,1.3499321000,16.2802801000,4.3191664999,20.6716979001,2.6158883001,0.0002236000,0.2148415000,41.6109558000,552,552,0
4275,200,940,40,20,6,2,Sweep Line,Local,14,0.13190476,2.63809522,100.00%,42.6741890000,0.4151625000,1.4332296999,16.7644980000,4.4496909999,21.1376521998,2.6479944998,0.0002562998,0.2160996001,42.6870785000,564,564,0
4275,200,960,40,20,6,2,Sweep Line,Local,14,0.12452993,2.49059865,100.00%,42.8089712000,0.4383521999,1.5104529999,17.2438611002,4.5858132000,20.6819439001,2.6563959001,0.0002384002,0.2170163001,42.8198569000,576,576,0
4275,200,980,40,20,6,2,Sweep Line,Local,14,0.12626045,2.52520909,100.00%,43.4866144000,0.4535057999,1.5689302999,17.5054552000,4.6214599000,20.9331261000,2.7399513000,0.0002393001,0.2223828001,43.5012910000,588,588,0
4275,200,1000,40,20,6,2,Sweep Line,Local,14,0.11821746,2.36434924,100.00%,43.8341649000,0.4609407000,1.6020153997,17.8850577002,4.7616391996,20.8560662000,2.7331811000,0.0002393001,0.2346453000,43.8703621000,600,600,0
4275,200,60,40,20,6,2,Sweep Line,Local,14,0.51141933,10.22838669,41.67%,3.7163014000,0.0018051000,0.0038709000,0.3128744000,0.0957211000,2.6126989000,0.7414431000,0.0000180000,0.0378788000,3.7179549000,36,15,21
4275,200,80,40,20,6,2,Sweep Line,Local,14,0.68084937,13.61698734,66.67%,6.4067465000,0.0034736000,0.0112286000,0.6702330000,0.1668092000,4.4568845000,1.1988507000,0.0000242000,0.0456932000,6.4080982000,48,32,16
4275,200,100,40,20,6,2,Sweep Line,Local,14,0.51868425,10.37368496,80.00%,9.0445350000,0.0058657000,0.0184483000,1.0863343000,0.2655833000,6.3742649000,1.4977395000,0.0000326000,0.0490124000,9.0475928000,60,48,12
4275,200,120,40,20,6,2,Sweep Line,Local,14,0.47368989,9.47379777,81.94%,9.8431989000,0.0077684000,0.0257781000,1.2546517000,0.2998926000,6.8653050000,1.6141253000,0.0000369000,0.0578609000,9.8459450000,72,59,13
4275,200,140,40,20,6,2,Sweep Line,Local,14,0.45623018,9.12460353,72.62%,9.6686862000,0.0108554000,0.0295631000,1.4723395000,0.3557325000,6.7915401000,1.2806531000,0.0000443000,0.0668044000,9.6708983000,84,61,23
4275,200,160,40,20,6,2,Sweep Line,Local,14,0.44914419,8.98288376,83.33%,13.8714818000,0.0132770000,0.0413185000,1.9536926000,0.4816745000,9.9397309000,1.8328668000,0.0000456000,0.0697436999,13.8736295000,96,80,16
4275,200,180,40,20,6,2,Sweep Line,Local,14,0.40868505,8.17370109,81.48%,12.0996062000,0.0164533000,0.0504655000,2.0048173000,0.4833247000,8.3097050999,1.6184077000,0.0000533000,0.0750133000,12.1019388000,108,88,20
4275,200,200,40,20,6,2,Sweep Line,Local,14,0.40061187,8.01223732,81.67%,13.7354207000,0.0216666000,0.0639214000,2.4199761999,0.5916764999,9.4073005000,1.7022746000,0.0000642000,0.0803981000,13.7404339000,120,98,22
4275,200,220,40,20,6,2,Sweep Line,Local,14,0.35955050,7.19101006,93.94%,16.9853756000,0.0246493000,0.0818481000,3.1155226000,0.7622193000,11.7960058000,1.8614986000,0.0000615999,0.0856119000,16.9900472000,132,124,8
4275,200,240,40,20,6,2,Sweep Line,Local,14,0.35356697,7.07133947,88.19%,16.7778675000,0.0307259000,0.0922088000,3.3131743000,0.8270194000,11.4450873000,1.7665633000,0.0000672999,0.0935858000,16.7818747000,144,127,17
4275,200,260,40,20,6,2,Sweep Line,Local,14,0.31725180,6.34503593,91.67%,18.9975760000,0.0349006000,0.1130412999,3.8975144998,0.9538796002,13.0853099000,1.7434364999,0.0000778000,0.1038298000,19.0043565000,156,143,13
4275,200,280,40,20,6,2,Sweep Line,Local,14,0.29598810,5.91976200,95.83%,20.3156577000,0.0415325000,0.1283961999,4.4416482001,1.0740307999,13.8079807000,1.7723697999,0.0000857000,0.1078819001,20.3206072000,168,161,7
4275,200,300,40,20,6,2,Sweep Line,Local,14,0.29791010,5.95820204,98.89%,21.5704291000,0.0454077000,0.1514234000,4.8769103000,1.2024353000,14.5880311000,1.7739043000,0.0000804000,0.1152587000,21.5796261000,180,178,2
4275,200,320,40,20,6,2,Sweep Line,Local,14,0.24610783,4.92215659,95.83%,21.1788036000,0.0511347000,0.1671270000,4.9863117000,1.2224595998,14.1302918000,1.6983995000,0.0001035000,0.1225256001,21.1858375000,192,184,8
4275,200,340,40,20,6,2,Sweep Line,Local,14,0.25499472,5.09989439,95.59%,22.3756132000,0.0590195999,0.1924696000,5.5203549001,1.3742709999,14.6225645000,1.8056555000,0.0005214999,0.1328137001,22.3821706000,204,195,9
4275,200,360,40,20,6,2,Sweep Line,Local,14,0.25178071,5.03561414,97.22%,23.5048948000,0.0655156999,0.2185056999,5.8744940001,1.4669202001,15.3596489000,1.8289573999,0.0000961999,0.1356858000,23.5143028000,216,210,6
4275,200,380,40,20,6,2,Sweep Line,Local,14,0.21945804,4.38916070,98.25%,23.9062593000,0.0700368001,0.2302735998,6.1934681001,1.5489645999,15.5254768000,1.7312321000,0.0000938000,0.1360256001,23.9135799000,228,224,4
4275,200,400,40,20,6,2,Sweep Line,Local,14,0.23787249,4.75744973,96.67%,25.1952777000,0.0782977000,0.2690595999,6.6569331000,1.6463581002,16.1761915000,1.8363662999,0.0001085000,0.1399725000,25.2027175000,240,232,8
4275,200,420,40,20,6,2,Sweep Line,Local,14,0.21127408,4.22548152,100.00%,27.2688286000,0.0990380000,0.3162421001,7.4963903000,1.8733771000,17.1977890000,1.9594973000,0.0001069000,0.1612866000,27.2758764000,252,252,0
4275,200,440,40,20,6,2,Sweep Line,Local,14,0.22359723,4.47194453,100.00%,30.4606318000,0.1131666000,0.3905785001,8.2640155999,2.0778267000,19.2264703000,2.2525802000,0.0001279000,0.1882097000,30.4705830000,264,264,0
4275,200,460,40,20,6,2,Sweep Line,Local,14,0.21315162,4.26303246,99.64%,27.7713784000,0.1025660000,0.3484928999,7.9819677001,2.0054870001,17.1667460000,1.9720739000,0.0001922000,0.1689574000,27.7802698000,276,275,1
4275,200,480,40,20,6,2,Sweep Line,Local,14,0.19596233,3.91924652,100.00%,28.1613720000,0.1085320000,0.3711671000,8.2561879000,2.0860193999,17.4091274000,1.8243427000,0.0001137999,0.1693226000,28.1721669000,288,288,0
4275,200,500,40,20,6,2,Sweep Line,Local,14,0.19757654,3.95153089,100.00%,29.1648641000,0.1195424000,0.4052723000,8.5793346000,2.1668927001,17.8641396001,1.9914423999,0.0001279000,0.1778383000,29.1747948000,300,300,0
4275,200,520,40,20,6,2,Sweep Line,Local,14,0.18960966,3.79219326,99.68%,29.1142402000,0.1310335999,0.4307251001,8.9359017001,2.2730332000,17.4722478000,1.9308726000,0.0001304000,0.1869946999,29.1283675000,312,311,1
4275,200,540,40,20,6,2,Sweep Line,Local,14,0.18626953,3.72539068,100.00%,29.5985902000,0.1539222001,0.4781901000,9.4591670000,2.3887721000,17.3571631001,1.9205337000,0.0001386999,0.2022123000,29.6083179000,324,324,0
4275,200,560,40,20,6,2,Sweep Line,Local,14,0.18437762,3.68755231,99.70%,30.7771573000,0.1519790000,0.5054502999,9.6043168000,2.4421580000,18.2471424000,2.0410531001,0.0001542001,0.1967516999,30.7881913000,336,335,1
4275,200,580,40,20,6,2,Sweep Line,Local,14,0.17469693,3.49393866,100.00%,31.5712151000,0.1626219000,0.5506199998,10.2316507998,2.5917536000,18.3805633000,2.0083975000,0.0001424999,0.2076438000,31.5804067000,348,348,0
4275,200,600,40,20,6,2,Sweep Line,Local,14,0.16785920,3.35718398,100.00%,31.3923423000,0.1780419000,0.5723120000,10.4792323001,2.6787283998,18.0090236001,1.9069185000,0.0001477000,0.2160183001,31.4023773000,360,360,0
4275,200,620,40,20,6,2,Sweep Line,Local,14,0.16447384,3.28947683,100.00%,32.5037589000,0.1850617001,0.6136401000,10.8916964999,2.7578899003,18.5540564000,2.0060760000,0.0001630000,0.2202630999,32.5168412000,372,372,0
4275,200,640,40,20,6,2,Sweep Line,Local,14,0.15415725,3.08314491,100.00%,32.1802812000,0.1992129001,0.6565870999,11.1609533000,2.8547439998,17.9351919001,1.9643695000,0.0001601000,0.2307557001,32.1921866000,384,384,0
4275,200,660,40,20,6,2,Sweep Line,Local,14,0.15589692,3.11793842,100.00%,33.6543925000,0.2045175000,0.6914820001,11.6696645999,3.0284221999,18.7430384000,2.0725733001,0.0001707999,0.2378909998,33.7084413000,396,396,0
4275,200,680,40,20,6,2,Sweep Line,Local,14,0.16644466,3.32889323,100.00%,33.9655505000,0.2305718000,0.7366738000,11.7530887998,3.0759846004,18.8184449000,2.1562143000,0.0002051000,0.2350641998,33.9821828000,408,408,0
4275,200,700,40,20,6,2,Sweep Line,Local,14,0.14471688,2.89433765,100.00%,34.3542742000,0.2370958000,0.7722566001,12.1511384999,3.2019397998,18.7628961999,2.1484787000,0.0001746000,0.2422858000,34.3713350000,420,420,0
4275,200,720,40,20,6,2,Sweep Line,Local,14,0.15257981,3.05159624,100.00%,35.2830114000,0.2403083000,0.8338648999,12.6659906999,3.3006874000,19.0919967000,2.1638455001,0.0001643999,0.2466754999,35.2953016000,432,432,0
4275,200,740,40,20,6,2,Sweep Line,Local,14,0.15565599,3.11311970,100.00%,36.1631056000,0.2590505000,0.8891963999,12.8750041000,3.3712169998,19.4778655000,2.3575180999,0.0001822000,0.2604329000,36.1845150000,444,444,0
4275,200,760,40,20,6,2,Sweep Line,Local,14,0.14141227,2.82824542,100.00%,36.5935345000,0.2767958000,0.9197993001,13.3340811001,3.4631087000,19.4837593999,2.3526303000,0.0002030000,0.1828053999,36.6021314000,456,456,0
4275,200,780,40,20,6,2,Sweep Line,Local,14,0.14322086,2.86441716,100.00%,37.3083819000,0.2931181000,0.9868971001,13.8170790000,3.5923456001,19.6003981001,2.3731930000,0.0001899000,0.1924019999,37.3227494000,468,468,0
4275,200,800,40,20,6,2,Sweep Line,Local,14,0.14665914,2.93318276,100.00%,38.1830401000,0.3079619000,1.0283555000,14.0601898000,3.6863356002,20.1548835999,2.3873252999,0.0002216001,0.1981556001,38.1922311000,480,480,0
4275,200,820,40,20,6,2,Sweep Line,Local,14,0.13886914,2.77738285,100.00%,38.5839832000,0.3096151001,1.0920178999,14.5349928998,3.8066179001,19.9893041001,2.4068643000,0.0002113000,0.2035029001,38.6099137000,492,492,0
4275,200,840,40,20,6,2,Sweep Line,Local,14,0.14307905,2.86158099,100.00%,38.7464205000,0.3252325999,1.1270511001,14.7947625997,3.8647840000,19.7895273000,2.4433397001,0.0002175000,0.2138413000,38.7557606000,504,504,0
4275,200,860,40,20,6,2,Sweep Line,Local,14,0.13657714,2.73154283,100.00%,39.2840275000,0.3532788000,1.1869825999,15.4172146002,4.0767431000,19.6540547001,2.4077452001,0.0002084001,0.2146733001,39.2967285000,516,516,0
4275,200,880,40,20,6,2,Sweep Line,Local,14,0.12912986,2.58259729,100.00%,40.0500097000,0.3684311001,1.2595722999,15.5802913001,4.1138468002,20.0974787999,2.4741840001,0.0002234999,0.2167063000,40.0623052000,528,528,0
4275,200,900,40,20,6,2,Sweep Line,Local,14,0.13229053,2.64581066,100.00%,40.9269734000,0.3872795999,1.2964045999,15.8566441002,4.1926567998,20.5923763999,2.5113405000,0.0002221000,0.2271123000,40.9463503000,540,540,0
4275,200,920,40,20,6,2,Sweep Line,Local,14,0.13084287,2.61685741,100.00%,41.5699036000,0.3993610000,1.3517266001,16.3862015003,4.3162898002,20.5767542000,2.5766323000,0.0002270999,0.2208331001,41.5866785000,552,552,0
4275,200,940,40,20,6,2,Sweep Line,Local,14,0.13190476,2.63809522,100.00%,42.2914703000,0.4008639000,1.3928069000,16.5510274002,4.3816212000,21.0700990001,2.6042399001,0.0002271999,0.2142671000,42.3019573000,564,564,0
4275,200,960,40,20,6,2,Sweep Line,Local,14,0.12452993,2.49059865,100.00%,42.6789871000,0.4388348000,1.4978311000,17.1535056000,4.5466589002,20.6927053998,2.6059419999,0.0002457000,0.2292198001,42.7028398000,576,576,0
4275,200,980,40,20,6,2,Sweep Line,Local,14,0.12626045,2.52520909,100.00%,43.5250263000,0.4499295001,1.5492164999,17.7400647997,4.7402323002,20.8059415999,2.6936367001,0.0002407999,0.2225866000,43.5399145000,588,588,0
4275,200,1000,40,20,6,2,Sweep Line,Local,14,0.11821746,2.36434924,100.00%,44.2838171000,0.4685897999,1.6198932000,17.9397528003,4.8147938999,21.2073441999,2.7572525999,0.0002471999,0.2302552001,44.3013063000,600,600,0
4275,200,60,40,20,6,2,Sweep Line,Local,14,0.51141933,10.22838669,41.67%,4.0054315000,0.0021590000,0.0044307000,0.3388941000,0.0978986000,2.8707615000,0.7381438000,0.0000205000,0.0443725000,4.0065147000,36,15,21
4275,200,80,40,20,6,2,Sweep Line,Local,14,0.68084937,13.61698734,66.67%,6.2557775000,0.0036074000,0.0098657000,0.6260467000,0.1539134000,4.3479227000,1.2157686000,0.0000245000,0.0409630000,6.2573884000,48,32,16
4275,200,100,40,20,6,2,Sweep Line,Local,14,0.51868425,10.37368496,80.00%,8.7669098000,0.0059782000,0.0167060000,1.0648882000,0.2601556000,6.1524716000,1.4555790000,0.0000320000,0.0534922000,8.7684565000,60,48,12
4275,200,120,40,20,6,2,Sweep Line,Local,14,0.47368989,9.47379777,81.94%,9.8580955000,0.0072887001,0.0256738001,1.2647953000,0.3078682001,6.8072862000,1.6827930000,0.0000338000,0.0519260000,9.8599823000,72,59,13
4275,200,140,40,20,6,2,Sweep Line,Local,14,0.45623018,9.12460353,72.62%,9.4498243000,0.0094994000,0.0299776000,1.4198357001,0.3495656999,6.6200367000,1.2977491000,0.0000435000,0.0566758000,9.4526377000,84,61,23
4275,200,160,40,20,6,2,Sweep Line,Local,14,0.44914419,8.98288376,83.33%,13.7889828000,0.0131515001,0.0411381000,1.9490323000,0.4772503999,9.8154212001,1.8835002001,0.0000544000,0.0643808000,13.7912046000,96,80,16
4275,200,180,40,20,6,2,Sweep Line,Local,14,0.40868505,8.17370109,81.48%,12.4402624000,0.0184221000,0.0536511000,2.1179357999,0.5193253000,8.4395316000,1.7080108000,0.0000554000,0.0785090000,12.4449502000,108,88,20
4275,200,200,40,20,6,2,Sweep Line,Local,14,0.40061187,8.01223732,81.67%,13.6019974000,0.0209814001,0.0613263000,2.4231173001,0.6080460999,9.3423737000,1.6578641001,0.0000636000,0.0746311000,13.6556292000,120,98,22
4275,200,220,40,20,6,2,Sweep Line,Local,14,0.35955050,7.19101006,93.94%,16.8442569000,0.0235286000,0.0791783000,3.0967270000,0.7694460999,11.7418945000,1.7922966000,0.0000775000,0.0903550001,16.8475361000,132,124,8
4275,200,240,40,20,6,2,Sweep Line,Local,14,0.35356697,7.07133947,88.19%,16.7355303000,0.0296239000,0.0900747000,3.2236992000,0.7980203000,11.5132498000,1.7649059000,0.0000916000,0.0925702000,16.7397531000,144,127,17
4275,200,260,40,20,6,2,Sweep Line,Local,14,0.31725180,6.34503593,91.67%,19.1011081000,0.0350304000,0.1108460000,3.8178212000,0.9332675000,13.2825890000,1.7289062000,0.0000723000,0.1005037000,19.1059641000,156,143,13
4275,200,280,40,20,6,2,Sweep Line,Local,14,0.29598810,5.91976200,95.83%,20.5036530000,0.0384085001,0.1301336001,4.5004259001,1.1102357001,13.9997011000,1.7156961000,0.0000715999,0.1035380000,20.5118687000,168,161,7
4275,200,300,40,20,6,2,Sweep Line,Local,14,0.29791010,5.95820204,98.89%,21.4829507000,0.0462462999,0.1500162001,4.9561067001,1.2319351999,14.4546865000,1.7432446000,0.0000748000,0.1149308001,21.4917788000,180,178,2
4275,200,320,40,20,6,2,Sweep Line,Local,14,0.24610783,4.92215659,95.83%,21.2088560000,0.0512443000,0.1635359001,4.9758321999,1.2507178000,14.1289724000,1.7463404000,0.0000887000,0.1200262000,21.2217296000,192,184,8
4275,200,340,40,20,6,2,Sweep Line,Local,14,0.25499472,5.09989439,95.59%,21.8562682000,0.0598299000,0.1808788000,5.2466328000,1.3024264999,14.4542154000,1.7643267000,0.0001006000,0.1295491999,21.8686725000,204,195,9
4275,200,360,40,20,6,2,Sweep Line,Local,14,0.25178071,5.03561414,97.22%,23.6328808000,0.0646293001,0.2091541000,5.8412550999,1.4642359002,15.5181492000,1.8441850000,0.0001040999,0.1346624000,23.6395418000,216,210,6
4275,200,380,40,20,6,2,Sweep Line,Local,14,0.21945804,4.38916070,98.25%,24.2130362000,0.0751303000,0.2349762000,6.2725960000,1.5705160000,15.6234115000,1.8253227001,0.0001079000,0.1598949000,24.2207556000,228,224,4
4275,200,400,40,20,6,2,Sweep Line,Local,14,0.23787249,4.75744973,96.67%,22.6746240000,0.0692412000,0.2379702000,5.9205356998,1.4432063998,14.5572614999,1.7246881000,0.0000912999,0.1451482000,22.6863318000,240,232,8
4275,200,420,40,20,6,2,Sweep Line,Local,14,0.21127408,4.22548152,100.00%,22.7256629000,0.0756587000,0.2613141000,6.2864058001,1.5473687999,14.2932077001,1.6485302000,0.0000872001,0.1372848999,22.7333840000,252,252,0
4275,200,440,40,20,6,2,Sweep Line,Local,14,0.22359723,4.47194453,100.00%,25.1252965000,0.0854112000,0.2868290999,6.8138016998,1.6733573000,15.9417995001,1.8362204000,0.0000964000,0.1412026001,25.1338392000,264,264,0
4275,200,460,40,20,6,2,Sweep Line,Local,14,0.21315162,4.26303246,99.64%,24.7548785000,0.0907132000,0.3051494999,7.0625275001,1.7171696000,15.3728773999,1.7537183000,0.0001008000,0.1482871000,24.7626771000,276,275,1
4275,200,480,40,20,6,2,Sweep Line,Local,14,0.19596233,3.91924652,100.00%,25.9232372000,0.0988031000,0.3375379999,7.5518805001,1.8510655000,16.0121100001,1.7516175000,0.0001006000,0.1515484000,25.9318695000,288,288,0
4275,200,500,40,20,6,2,Sweep Line,Local,14,0.19757654,3.95153089,100.00%,26.4527908000,0.1060368000,0.3686589000,7.7152467001,1.9039827001,16.2111973001,1.8695130000,0.0001130000,0.1582111000,26.4712480000,300,300,0
4275,200,520,40,20,6,2,Sweep Line,Local,14,0.18960966,3.79219326,99.68%,26.3810722000,0.1127837999,0.3878497001,8.0214343000,1.9894504000,15.9247026000,1.7483316001,0.0001108999,0.1632607999,26.3971354000,312,311,1
4275,200,540,40,20,6,2,Sweep Line,Local,14,0.18626953,3.72539068,100.00%,26.8506375000,0.1273913000,0.4212348001,8.5164018001,2.1098755001,15.8636073000,1.7316798001,0.0001117998,0.1683729001,26.8597507000,324,324,0
4275,200,560,40,20,6,2,Sweep Line,Local,14,0.18437762,3.68755231,99.70%,27.9722459000,0.1314992000,0.4481469000,8.6878378999,2.1813475002,16.5792531000,1.9200100999,0.0001206000,0.1794935001,27.9812087000,336,335,1
4275,200,580,40,20,6,2,Sweep Line,Local,14,0.17469693,3.49393866,100.00%,28.7154831000,0.1410393001,0.4866873999,9.3167683000,2.3173869000,16.7355807999,1.8268858001,0.0001230000,0.1831946001,28.7261678000,348,348,0
4275,200,600,40,20,6,2,Sweep Line,Local,14,0.16785920,3.35718398,100.00%,28.7242372000,0.1498381000,0.5186256000,9.4638755002,2.3583088001,16.6161180999,1.7649934999,0.0001300000,0.1854764999,28.7469404000,360,360,0
4275,200,620,40,20,6,2,Sweep Line,Local,14,0.16447384,3.28947683,100.00%,29.4908196000,0.1595417000,0.5527318999,9.7708405000,2.4436359999,16.9047746000,1.8821494999,0.0001270000,0.1935281000,29.5010570000,372,372,0
4275,200,640,40,20,6,2,Sweep Line,Local,14,0.15415725,3.08314491,100.00%,29.5470237000,0.1715608999,0.5892941999,10.2330756999,2.5662890000,16.5052700000,1.8208057000,0.0001381000,0.1984966000,29.5584132000,384,384,0
4275,200,660,40,20,6,2,Sweep Line,Local,14,0.15589692,3.11793842,100.00%,29.9422701000,0.1793564999,0.6162881001,10.3782440002,2.5820609999,16.6940929000,1.8438412001,0.0001559000,0.2014471000,29.9609144000,396,396,0
4275,200,680,40,20,6,2,Sweep Line,Local,14,0.16644466,3.32889323,100.00%,30.9918623000,0.1949124001,0.6799775000,10.8474556999,2.7269979001,17.0312828000,1.9984644000,0.0001427999,0.2092652001,31.0084613000,408,408,0
4275,200,700,40,20,6,2,Sweep Line,Local,14,0.14471688,2.89433765,100.00%,30.7582794000,0.1998508000,0.6898014997,10.8690670002,2.7528245000,16.8267452000,1.9234860000,0.0001588000,0.2166282000,30.7659352000,420,420,0
4275,200,720,40,20,6,2,Sweep Line,Local,14,0.15257981,3.05159624,100.00%,31.8822643000,0.2183499001,0.7355866998,11.2840907999,2.8913854002,17.3805571000,2.0068915000,0.0001512000,0.2236782999,31.8906792000,432,432,0
4275,200,740,40,20,6,2,Sweep Line,Local,14,0.15565599,3.11311970,100.00%,32.7319092000,0.2249117001,0.7882562000,11.6159694999,2.9809388998,17.6925871000,2.1413032000,0.0001554000,0.2322304999,32.7399188000,444,444,0
4275,200,760,40,20,6,2,Sweep Line,Local,14,0.14141227,2.82824542,100.00%,33.3910646000,0.2436835000,0.8212105000,11.9818986001,3.0402841001,18.0139304001,2.1281399000,0.0001671000,0.1652500999,33.3993019000,456,456,0
4275,200,780,40,20,6,2,Sweep Line,Local,14,0.14322086,2.86441716,100.00%,33.2612976000,0.2407547000,0.8429744999,12.0795502000,3.0872967999,17.7731620001,2.1200678000,0.0001590001,0.1679462000,33.2697534000,468,468,0
4275,200,800,40,20,6,2,Sweep Line,Local,14,0.14665914,2.93318276,100.00%,34.8779762000,0.2647372000,0.9139085999,12.6942505002,3.2375607998,18.5877337000,2.2023887001,0.0001705000,0.1771542000,34.8862772000,480,480,0
4275,200,820,40,20,6,2,Sweep Line,Local,14,0.13886914,2.77738285,100.00%,34.5814547000,0.2801530000,0.9494198999,12.8745217001,3.3225158000,18.0219980999,2.2370976999,0.0001686999,0.1798057001,34.5900192000,492,492,0
4275,200,840,40,20,6,2,Sweep Line,Local,14,0.14307905,2.86158099,100.00%,35.4048186000,0.2887098000,0.9941742000,13.3287739997,3.4095952002,18.3264138001,2.2405624000,0.0001709000,0.1857884998,35.4135102000,504,504,0
4275,200,860,40,20,6,2,Sweep Line,Local,14,0.13657714,2.73154283,100.00%,35.1021282000,0.3070559001,1.0441464999,13.5486117003,3.4758514998,17.7267509999,2.2485104000,0.0002015000,0.1854638001,35.1136203000,516,516,0
4275,200,880,40,20,6,2,Sweep Line,Local,14,0.12912986,2.58259729,100.00%,36.1074432000,0.3201216999,1.1026450001,13.8708283003,3.5604683998,18.3325371000,2.2427339000,0.0001830000,0.1938602000,36.1193370000,528,528,0
4275,200,900,40,20,6,2,Sweep Line,Local,14,0.13229053,2.64581066,100.00%,36.9894574000,0.3308903000,1.1289521997,14.2245536000,3.6921805998,18.7655615000,2.3070231000,0.0001856001,0.1907909999,37.0568036000,540,540,0
4275,200,920,40,20,6,2,Sweep Line,Local,14,0.13084287,2.61685741,100.00%,37.5026987000,0.3560047999,1.1872003000,14.6887574001,3.7887499000,18.6653241000,2.3650822000,0.0002166999,0.1941072002,37.5172886000,552,552,0
4275,200,940,40,20,6,2,Sweep Line,Local,14,0.13190476,2.63809522,100.00%,38.8670823000,0.3647780000,1.2826828001,15.1648273000,3.9308277005,19.3542904999,2.4556858999,0.0002138999,0.1942052000,38.8768201000,564,564,0
4275,200,960,40,20,6,2,Sweep Line,Local,14,0.12452993,2.49059865,100.00%,39.0621790000,0.3927437001,1.3386729998,15.5090446001,3.9937642003,19.1338553000,2.4402794000,0.0002102000,0.1963234000,39.0825709000,576,576,0
4275,200,980,40,20,6,2,Sweep Line,Local,14,0.12626045,2.52520909,100.00%,39.6188483000,0.4037550999,1.3829256000,15.8376206005,4.0933123000,19.2137439001,2.5304375000,0.0002110999,0.1988244000,39.6311603000,588,588,0
4275,200,1000,40,20,6,2,Sweep Line,Local,14,0.11821746,2.36434924,100.00%,39.5370505000,0.4237126000,1.4216053000,15.8701300999,4.1312813001,19.0826088000,2.4915681000,0.0002091000,0.1937131001,39.5537874000,600,600,0
4275,200,60,40,20,6,2,Sweep Line,Local,16,0.51141933,10.22838669,41.67%,3.6681835000,0.0017095000,0.0035511000,0.2919667000,0.0864691000,2.5753807000,0.7551612000,0.0000191000,0.0348749000,3.6691335000,36,15,21
4275,200,80,40,20,6,2,Sweep Line,Local,16,0.68084937,13.61698734,66.67%,6.0032568000,0.0034590000,0.0099500000,0.7561566000,0.2101068000,4.0431296000,1.1340927000,0.0000256000,0.0447653000,6.0051549000,48,32,16
4275,200,100,40,20,6,2,Sweep Line,Local,16,0.51868425,10.37368496,80.00%,8.0210376000,0.0049892000,0.0155569000,1.0338320999,0.2245190999,5.5686130000,1.3431415000,0.0000288000,0.0427030000,8.0226393000,60,48,12
4275,200,120,40,20,6,2,Sweep Line,Local,16,0.47368989,9.47379777,81.94%,8.8116807000,0.0064622000,0.0233628000,1.2022669000,0.2709801000,6.0058668000,1.5062143000,0.0000331000,0.0464345000,8.8134568000,72,59,13
4275,200,140,40,20,6,2,Sweep Line,Local,16,0.45623018,9.12460353,72.62%,8.6833414000,0.0091007000,0.0254069001,1.3815788000,0.3132537000,6.0019535000,1.1942179000,0.0000400000,0.0571459000,8.6857217000,84,61,23
4275,200,160,40,20,6,2,Sweep Line,Local,16,0.44914419,8.98288376,83.33%,12.5133792000,0.0117123000,0.0363167999,1.9405923000,0.4365811000,8.7839166000,1.6617829000,0.0000428000,0.0643492000,12.5157352000,96,80,16
4275,200,180,40,20,6,2,Sweep Line,Local,16,0.40868505,8.17370109,81.48%,11.1436223000,0.0160820000,0.0480217000,1.9901827001,0.4572751001,7.4983643000,1.4905904999,0.0000492999,0.0679784999,11.1460260000,108,88,20
4275,200,200,40,20,6,2,Sweep Line,Local,16,0.40059966,8.01199319,81.67%,12.8112901000,0.0186808001,0.0571164001,2.3785676000,0.5394768001,8.7014892000,1.5575970999,0.0000560000,0.0729085000,12.8155141000,120,98,22
4275,200,220,40,20,6,2,Sweep Line,Local,16,0.35955050,7.19101006,93.94%,15.5679391000,0.0231042000,0.0742239001,3.0443071001,0.6882027000,10.6527279000,1.6761376000,0.0000513000,0.0781447001,15.5747800000,132,124,8
4275,200,240,40,20,6,2,Sweep Line,Local,16,0.35356697,7.07133947,88.19%,15.3802149000,0.0255458000,0.0808625000,3.1623802001,0.7159232001,10.3892380000,1.6080745000,0.0000599000,0.0809705000,15.3847489000,144,127,17
4275,200,260,40,20,6,2,Sweep Line,Local,16,0.31758449,6.35168973,91.67%,17.2541311000,0.0299387000,0.0952005000,3.6668702999,0.8246094001,11.7854724000,1.5684796000,0.0000627000,0.0896141000,17.2584092000,156,143,13
4275,200,280,40,20,6,2,Sweep Line,Local,16,0.29598810,5.91976200,95.83%,19.1644497000,0.0328740000,0.1153474999,4.4414525999,0.9897737000,12.8505736000,1.6149016000,0.0000836000,0.0952457000,19.1718814000,168,161,7
4275,200,300,40,20,6,2,Sweep Line,Local,16,0.29808951,5.96179025,98.89%,19.8951584000,0.0405304000,0.1335962999,4.7664827999,1.0686943999,13.2377990000,1.5888498999,0.0000680999,0.1071478000,19.9002065000,180,178,2
4275,200,320,40,20,6,2,Sweep Line,Local,16,0.24610783,4.92215659,95.83%,19.5872825000,0.0452218000,0.1487564999,4.7967074999,1.0861869000,12.8679624000,1.5972809000,0.0000735000,0.1101600999,19.5937476000,192,184,8
4275,200,340,40,20,6,2,Sweep Line,Local,16,0.25447283,5.08945660,95.59%,20.2205772000,0.0504241000,0.1665885999,5.2890651000,1.2105090000,12.9620899000,1.6222830000,0.0000807000,0.1103546000,20.2270406000,204,195,9
4275,200,360,40,20,6,2,Sweep Line,Local,16,0.25006213,5.00124260,97.22%,21.9805246000,0.0567734000,0.1909975000,5.8209781999,1.3207134998,14.0532067000,1.7165029000,0.0000834001,0.1193827000,21.9876473000,216,210,6
4275,200,380,40,20,6,2,Sweep Line,Local,16,0.21916326,4.38326527,98.25%,22.0438196000,0.0634801000,0.2046791998,6.1480929999,1.4070599001,13.8800800001,1.6009336001,0.0000868000,0.1262996000,22.0514916000,228,224,4
4275,200,400,40,20,6,2,Sweep Line,Local,16,0.23738692,4.74773842,96.67%,22.9230646000,0.0686621000,0.2326264000,6.4996949000,1.4842846997,14.2855318001,1.6834642000,0.0000924000,0.1290756000,22.9296343000,240,232,8
4275,200,420,40,20,6,2,Sweep Line,Local,16,0.21008543,4.20170856,100.00%,23.8656600000,0.0781178000,0.2635955998,7.0724611999,1.6192823000,14.6102603999,1.6792294000,0.0000947001,0.1390715999,23.8761311000,252,252,0
4275,200,440,40,20,6,2,Sweep Line,Local,16,0.22337181,4.46743621,100.00%,25.1273048000,0.0830500000,0.2833107001,7.3084660000,1.6856794000,15.5079143999,1.7780758000,0.0000997999,0.1457942999,25.1399712000,264,264,0
4275,200,460,40,20,6,2,Sweep Line,Local,16,0.21323347,4.26466936,99.64%,25.6067232000,0.0923232000,0.3080664000,7.7956353999,1.7848803997,15.4742421000,1.7646503999,0.0000987000,0.1497501999,25.6138199000,276,275,1
4275,200,480,40,20,6,2,Sweep Line,Local,16,0.19554623,3.91092460,100.00%,26.1605770000,0.0963626999,0.3270430000,8.1238262000,1.8944594999,15.7080109000,1.7320148000,0.0001024999,0.1533210999,26.1680959000,288,288,0
4275,200,500,40,20,6,2,Sweep Line,Local,16,0.19774611,3.95492211,100.00%,26.5507210000,0.1066257001,0.3580931002,8.2640000001,1.9121300998,15.8110279000,1.8274483001,0.0001109000,0.1586354999,26.5606478000,300,300,0
4275,200,520,40,20,6,2,Sweep Line,Local,16,0.18980297,3.79605947,99.68%,27.3804610000,0.1167100000,0.3955010001,8.8753669001,2.0686683998,16.0314137000,1.7699075000,0.0001253001,0.1684912000,27.3924829000,312,311,1
4275,200,540,40,20,6,2,Sweep Line,Local,16,0.18603677,3.72073537,100.00%,27.2024675000,0.1246509001,0.4099549001,9.1787835001,2.1163005001,15.5803548999,1.7187901000,0.0001155001,0.1676689001,27.2128177000,324,324,0
4275,200,560,40,20,6,2,Sweep Line,Local,16,0.18466830,3.69336599,99.70%,28.6594252000,0.1329299000,0.4465114000,9.3849245998,2.1754063999,16.5700768999,1.9236105999,0.0001153999,0.1759444000,28.6762099000,336,335,1
4275,200,580,40,20,6,2,Sweep Line,Local,16,0.17394076,3.47881516,100.00%,28.8127292000,0.1463161999,0.4811773001,9.8592577999,2.2895986002,16.3177368000,1.7979968999,0.0001279999,0.1848631000,28.8265634000,348,348,0
4275,200,600,40,20,6,2,Sweep Line,Local,16,0.16698509,3.33970174,100.00%,29.3897237000,0.1578869000,0.5208242001,10.2765891999,2.3998993002,16.4604178000,1.7630640001,0.0001228000,0.1863484001,29.4022962000,360,360,0
4275,200,620,40,20,6,2,Sweep Line,Local,16,0.16419680,3.28393605,100.00%,29.6625078000,0.1618475001,0.5622260001,10.5520814999,2.4655302004,16.3223340000,1.8417661000,0.0001225000,0.1939372000,29.6751736000,372,372,0
4275,200,640,40,20,6,2,Sweep Line,Local,16,0.15379979,3.07599579,100.00%,29.8682913000,0.1722301999,0.5720310000,10.9121402000,2.5719906000,16.1602336000,1.8234005000,0.0001327001,0.2017865998,29.8785689000,384,384,0
4275,200,660,40,20,6,2,Sweep Line,Local,16,0.15432585,3.08651709,100.00%,31.2367695000,0.1807071000,0.6133506999,11.2852230000,2.6552842001,17.0426006000,1.8768078000,0.0001362001,0.2083584999,31.2782501000,396,396,0
4275,200,680,40,20,6,2,Sweep Line,Local,16,0.16574888,3.31497766,100.00%,31.8181809000,0.2015663000,0.6605834000,11.6593222002,2.7512908001,17.0622491000,1.9921605999,0.0001595000,0.2109581999,31.8416935000,408,408,0
4275,200,700,40,20,6,2,Sweep Line,Local,16,0.14455031,2.89100629,100.00%,32.1006096000,0.2084103000,0.7141264001,12.1058413998,2.8662910000,16.8803625999,1.9347292999,0.0001493998,0.2229250001,32.1146893000,420,420,0
4275,200,720,40,20,6,2,Sweep Line,Local,16,0.15249920,3.04998404,100.00%,33.0674213000,0.2209522999,0.7508518999,12.4690207999,2.9777100000,17.3428869999,2.0235836000,0.0001479999,0.2270640002,33.0760727000,432,432,0
4275,200,740,40,20,6,2,Sweep Line,Local,16,0.15498812,3.09976232,100.00%,33.8312444000,0.2356567001,0.7875072999,12.6190262001,3.0119670999,17.7615272001,2.1604444000,0.0001546000,0.2311125999,33.8453099000,444,444,0
4275,200,760,40,20,6,2,Sweep Line,Local,16,0.14071118,2.81422356,100.00%,33.7504459000,0.2430049000,0.8200148999,12.8324169001,3.0694661999,17.5875402999,2.0687728000,0.0001572000,0.1631362001,33.7586984000,456,456,0
4275,200,780,40,20,6,2,Sweep Line,Local,16,0.14195444,2.83908884,100.00%,34.4576062000,0.2617886000,0.8722512000,13.3679297999,3.1971837000,17.5640056000,2.1795125000,0.0001815000,0.1748450001,34.4723269000,468,468,0
4275,200,800,40,20,6,2,Sweep Line,Local,16,0.14624527,2.92490532,100.00%,35.0683031000,0.2669567001,0.8947746999,13.4825779999,3.2177017998,18.0246788000,2.1915863000,0.0001800001,0.1734214000,35.0769525000,480,480,0
4275,200,820,40,20,6,2,Sweep Line,Local,16,0.13870961,2.77419217,100.00%,35.5414094000,0.2829882999,0.9514527001,14.0129860004,3.3344923999,17.8531083000,2.2187009001,0.0001698000,0.1837810999,35.5547075000,492,492,0
4275,200,840,40,20,6,2,Sweep Line,Local,16,0.14288067,2.85761336,100.00%,36.6003004000,0.3028963999,0.9972731998,14.5086074000,3.4747188999,18.2575078998,2.3007621001,0.0001888000,0.1929106998,36.6112068000,504,504,0
4275,200,860,40,20,6,2,Sweep Line,Local,16,0.13616271,2.72325416,100.00%,35.7871666000,0.3121345000,1.0425644999,14.5635823000,3.4901654998,17.4411445000,2.2084544999,0.0001991999,0.1800856000,35.8024986000,516,516,0
4275,200,880,40,20,6,2,Sweep Line,Local,16,0.12869584,2.57391684,100.00%,37.1291576000,0.3269639000,1.1232462000,15.0929207000,3.6692161001,18.0714697000,2.2811460000,0.0002000000,0.1889938001,37.1427148000,528,528,0
4275,200,900,40,20,6,2,Sweep Line,Local,16,0.13204601,2.64092015,100.00%,37.7082252000,0.3381118000,1.1419980002,15.4261386000,3.7411740001,18.2909983001,2.2779540000,0.0002079001,0.1890701000,37.7221799000,540,540,0
4275,200,920,40,20,6,2,Sweep Line,Local,16,0.13081569,2.61631370,100.00%,38.6449631000,0.3567469000,1.2066844001,16.0162336999,3.8767136997,18.4489725999,2.3771845999,0.0002148000,0.1929144000,38.6559495000,552,552,0
4275,200,940,40,20,6,2,Sweep Line,Local,16,0.13161537,2.63230737,100.00%,39.2705411000,0.3771456999,1.2610608000,16.1682983002,3.9349695002,18.8112513000,2.4120442000,0.0002061000,0.1910249001,39.2817771000,564,564,0
4275,200,960,40,20,6,2,Sweep Line,Local,16,0.12429211,2.48584220,100.00%,39.7227245000,0.3776982001,1.3085603000,16.6785753000,4.0351664995,18.7183370001,2.3976707001,0.0002035001,0.1939037000,39.7424861000,576,576,0
4275,200,980,40,20,6,2,Sweep Line,Local,16,0.12591722,2.51834432,100.00%,40.1526569000,0.3980375000,1.3485368001,16.9601848001,4.0929437000,18.7281237000,2.4723916999,0.0002050999,0.1959742000,40.1636734000,588,588,0
4275,200,1000,40,20,6,2,Sweep Line,Local,16,0.11826443,2.36528862,100.00%,40.6376084000,0.4152912000,1.4107237001,17.2166973000,4.1783846000,18.8625764000,2.4843225000,0.0002325000,0.1974834000,40.6531545000,600,600,0
4275,200,60,40,20,6,2,Sweep Line,Local,16,0.51141933,10.22838669,41.67%,3.6082021000,0.0017472000,0.0035579000,0.2936612000,0.0827481000,2.5366290000,0.7133785000,0.0000185000,0.0540326000,3.6097525000,36,15,21
4275,200,80,40,20,6,2,Sweep Line,Local,16,0.68084937,13.61698734,66.67%,5.8132165000,0.0031381000,0.0087244000,0.6925080000,0.1895419000,3.9641925000,1.0876821000,0.0000244000,0.0411366000,5.8148341000,48,32,16
4275,200,100,40,20,6,2,Sweep Line,Local,16,0.51868425,10.37368496,80.00%,8.3002140000,0.0049154000,0.0161270000,1.0783782000,0.2417394001,5.8052940999,1.3391001000,0.0000265000,0.0436328000,8.3018086000,60,48,12
4275,200,120,40,20,6,2,Sweep Line,Local,16,0.47368989,9.47379777,81.94%,8.8059873000,0.0071741000,0.0231048000,1.2118077000,0.2743437001,6.0095606000,1.4906231000,0.0000310000,0.0472390000,8.8081475000,72,59,13
4275,200,140,40,20,6,2,Sweep Line,Local,16,0.45623018,9.12460353,72.62%,8.8015411000,0.0091219000,0.0252616000,1.3649359001,0.3166454000,6.0930466000,1.2334542000,0.0000462000,0.0539368001,8.8035890000,84,61,23
4275,200,160,40,20,6,2,Sweep Line,Local,16,0.44914419,8.98288376,83.33%,12.7656213000,0.0119531000,0.0377724000,1.9228658000,0.4267528000,8.9743231000,1.7434617000,0.0000413000,0.0595634000,12.7677300000,96,80,16
4275,200,180,40,20,6,2,Sweep Line,Local,16,0.40868505,8.17370109,81.48%,10.9003786000,0.0152999000,0.0449307000,1.9366418001,0.4346241000,7.3588517000,1.4574201000,0.0000491000,0.0661196000,10.9039848000,108,88,20
4275,200,200,40,20,6,2,Sweep Line,Local,16,0.40059966,8.01199319,81.67%,12.5460523000,0.0184838000,0.0534845999,2.3099755000,0.5235048000,8.5796538000,1.4907486000,0.0000545001,0.0728350000,12.5530737000,120,98,22
4275,200,220,40,20,6,2,Sweep Line,Local,16,0.35955050,7.19101006,93.94%,17.5381842000,0.0257313000,0.0840055000,3.4005239000,0.7762673000,12.0689530000,1.8411482000,0.0000613000,0.0871072000,17.5418975000,132,124,8
4275,200,240,40,20,6,2,Sweep Line,Local,16,0.35356697,7.07133947,88.19%,17.1223775000,0.0304532001,0.0920193999,3.5416557001,0.8141278000,11.5546232000,1.7935431000,0.0000686000,0.0886748000,17.1286536000,144,127,17
4275,200,260,40,20,6,2,Sweep Line,Local,16,0.31758449,6.35168973,91.67%,17.3889044000,0.0306545000,0.0971405000,3.7783130000,0.8588224000,11.7893870999,1.5860963000,0.0000638000,0.0898945999,17.3963729000,156,143,13
4275,200,280,40,20,6,2,Sweep Line,Local,16,0.29598810,5.91976200,95.83%,18.6841049000,0.0354612000,0.1108975999,4.2646093000,0.9724152001,12.5917378000,1.5730890000,0.0000669000,0.0931762000,18.6890912000,168,161,7
4275,200,300,40,20,6,2,Sweep Line,Local,16,0.29808951,5.96179025,98.89%,20.0067830000,0.0402292000,0.1358558999,4.7834340000,1.0767494001,13.2953477000,1.6289438000,0.0000661001,0.1059979000,20.0128849000,180,178,2
4275,200,320,40,20,6,2,Sweep Line,Local,16,0.24610783,4.92215659,95.83%,19.4675170000,0.0471495000,0.1476872002,4.8359536001,1.0974957001,12.7363232999,1.5715224001,0.0000770000,0.1031405000,19.4736400000,192,184,8
4275,200,340,40,20,6,2,Sweep Line,Local,16,0.25447283,5.08945660,95.59%,20.1526532000,0.0518774000,0.1630079999,5.1928585999,1.1853061000,12.9771149001,1.6255524999,0.0000785000,0.1170440000,20.1657709000,204,195,9
4275,200,360,40,20,6,2,Sweep Line,Local,16,0.25006213,5.00124260,97.22%,21.9214748000,0.0566232000,0.1895433001,5.8134820998,1.3334159999,14.0423408999,1.6798532000,0.0000920999,0.1195720000,21.9299771000,216,210,6
4275,200,380,40,20,6,2,Sweep Line,Local,16,0.21916326,4.38326527,98.25%,22.1922668000,0.0647541000,0.2084321000,6.1584127000,1.4232134000,14.0324562000,1.5822017000,0.0000857000,0.1277184000,22.2107348000,228,224,4
4275,200,400,40,20,6,2,Sweep Line,Local,16,0.23738692,4.74773842,96.67%,22.7924274000,0.0708806999,0.2352343000,6.4507153998,1.4732556003,14.1813872001,1.7029116000,0.0000903000,0.1306332000,22.8007346000,240,232,8
4275,200,420,40,20,6,2,Sweep Line,Local,16,0.21008543,4.20170856,100.00%,23.7111860000,0.0786693001,0.2619858999,6.9864682001,1.5966571998,14.5274405999,1.6972142001,0.0000950000,0.1356146000,23.7177018000,252,252,0
4275,200,440,40,20,6,2,Sweep Line,Local,16,0.22337181,4.46743621,100.00%,25.1319530000,0.0831181999,0.2825623000,7.4838960998,1.7096083000,15.3409648000,1.7811570000,0.0000929000,0.1401481000,25.1417053000,264,264,0
4275,200,460,40,20,6,2,Sweep Line,Local,16,0.21323347,4.26466936,99.64%,25.0272193000,0.0926867000,0.3056906999,7.5681074001,1.7563954999,15.1377249000,1.7438627000,0.0001029000,0.1470003000,25.0358419000,276,275,1
4275,200,480,40,20,6,2,Sweep Line,Local,16,0.19554623,3.91092460,100.00%,26.0203795000,0.0967208001,0.3315796000,8.1074329999,1.8721222001,15.6136569000,1.7041147000,0.0001011000,0.1480193000,26.0300500000,288,288,0
4275,200,500,40,20,6,2,Sweep Line,Local,16,0.19774611,3.95492211,100.00%,26.3628111000,0.1094499000,0.3598847000,8.3212549999,1.9395003000,15.5792314000,1.8099874000,0.0001123001,0.1561838000,26.3704262000,300,300,0
4275,200,520,40,20,6,2,Sweep Line,Local,16,0.18980297,3.79605947,99.68%,27.2247418000,0.1150989001,0.3851974999,8.7236447000,2.0192413001,16.0316327999,1.7818125000,0.0001291999,0.1644963000,27.2343457000,312,311,1
4275,200,540,40,20,6,2,Sweep Line,Local,16,0.18603677,3.72073537,100.00%,27.2235724000,0.1245437000,0.4181285002,9.1785673001,2.1232848001,15.5897568000,1.7182258000,0.0001149000,0.1707602000,27.2368046000,324,324,0
4275,200,560,40,20,6,2,Sweep Line,Local,16,0.18466830,3.69336599,99.70%,28.7920254000,0.1344081001,0.4543656998,9.4581953999,2.2040344001,16.6155709999,1.9237717998,0.0001171000,0.1791494001,28.8015600000,336,335,1
4275,200,580,40,20,6,2,Sweep Line,Local,16,0.17394076,3.47881516,100.00%,29.0203473000,0.1443234000,0.4817006999,9.9072295000,2.3181263996,16.4708723001,1.8078986000,0.0001189001,0.1833754000,29.0355103000,348,348,0
4275,200,600,40,20,6,2,Sweep Line,Local,16,0.16698509,3.33970174,100.00%,28.8837016000,0.1520343999,0.5024849999,10.0782680000,2.3778795999,16.1798674000,1.7573766000,0.0001261001,0.1880123000,28.8959264000,360,360,0
4275,200,620,40,20,6,2,Sweep Line,Local,16,0.16419680,3.28393605,100.00%,30.2843848000,0.1615045000,0.5409341000,10.6337277999,2.5201112000,16.8571300999,1.8703574000,0.0001342999,0.1928608000,30.2971119000,372,372,0
4275,200,640,40,20,6,2,Sweep Line,Local,16,0.15379979,3.07599579,100.00%,29.7808499000,0.1691064000,0.5747236998,10.8086714999,2.5637907002,16.1969690001,1.8022093000,0.0001327000,0.2006740001,29.7933183000,384,384,0
4275,200,660,40,20,6,2,Sweep Line,Local,16,0.15432585,3.08651709,100.00%,31.1182211000,0.1812684000,0.6196652000,11.3169607000,2.6840129001,16.9101863000,1.8606206001,0.0001374000,0.2000182001,31.1429534000,396,396,0
4275,200,680,40,20,6,2,Sweep Line,Local,16,0.16574888,3.31497766,100.00%,31.6055119000,0.1929956000,0.6522450998,11.6041256000,2.7464409997,16.9315790000,1.9815588000,0.0001442000,0.2115177000,31.6159856000,408,408,0
4275,200,700,40,20,6,2,Sweep Line,Local,16,0.14455031,2.89100629,100.00%,31.7323279000,0.2074685000,0.6964156001,11.9432271999,2.8131336001,16.7011293000,1.9321410000,0.0001493001,0.2189518000,31.7397616000,420,420,0
4275,200,720,40,20,6,2,Sweep Line,Local,16,0.15249920,3.04998404,100.00%,32.7031717000,0.2126258000,0.7326557999,12.3340727997,2.9374963000,17.1836419999,1.9815407999,0.0001552000,0.2245679000,32.7135318000,432,432,0
4275,200,740,40,20,6,2,Sweep Line,Local,16,0.15498812,3.09976232,100.00%,33.8450710000,0.2293850999,0.7783716001,12.7358377001,3.0520837999,17.6563926000,2.1761945001,0.0001530000,0.2313686000,33.8534243000,444,444,0
4275,200,760,40,20,6,2,Sweep Line,Local,16,0.14071118,2.81422356,100.00%,33.7986672000,0.2393690999,0.8254845003,12.9070292000,3.0911115002,17.5304944001,2.0969529000,0.0001573999,0.1628088003,33.8068169000,456,456,0
4275,200,780,40,20,6,2,Sweep Line,Local,16,0.14195444,2.83908884,100.00%,34.4762811000,0.2580758000,0.8691742001,13.3107468999,3.1895454998,17.6754308000,2.1519361999,0.0001709000,0.1737434999,34.4855451000,468,468,0
4275,200,800,40,20,6,2,Sweep Line,Local,16,0.14624527,2.92490532,100.00%,34.9424207000,0.2733724000,0.8897902998,13.5297760001,3.2420428999,17.8626603001,2.1758288000,0.0001881000,0.1739401000,34.9505549000,480,480,0
4275,200,820,40,20,6,2,Sweep Line,Local,16,0.13870961,2.77419217,100.00%,35.3418467000,0.2830363000,0.9481504001,13.9598836001,3.3651669998,17.7401865000,2.1913253000,0.0001732001,0.1823894000,35.3530921000,492,492,0
4275,200,840,40,20,6,2,Sweep Line,Local,16,0.14288067,2.85761336,100.00%,36.0135335000,0.2930903000,0.9899216000,14.3760956002,3.4479710001,17.9014399999,2.2285184999,0.0001787000,0.1836140999,36.0246494000,504,504,0
4275,200,860,40,20,6,2,Sweep Line,Local,16,0.13616271,2.72325416,100.00%,36.1007573000,0.3094109999,1.0342703001,14.6347052998,3.5153026000,17.6572082000,2.2337180000,0.0001793000,0.1912697000,36.1129035000,516,516,0
4275,200,880,40,20,6,2,Sweep Line,Local,16,0.12869584,2.57391684,100.00%,36.9967873000,0.3235365998,1.0923878000,15.0952556999,3.6372573997,18.0171636999,2.2360798001,0.0001906999,0.1889755000,37.0439338000,528,528,0
4275,200,900,40,20,6,2,Sweep Line,Local,16,0.13204601,2.64092015,100.00%,38.0167241000,0.3492815999,1.1508543998,15.4882555999,3.7293675001,18.4889019001,2.3072684002,0.0001885999,0.1882763001,38.0435679000,540,540,0
4275,200,920,40,20,6,2,Sweep Line,Local,16,0.13081569,2.61631370,100.00%,38.6185331000,0.3623077000,1.2105145002,15.8790103998,3.8627026997,18.5234199000,2.3971569000,0.0002152001,0.1982163002,38.6285922000,552,552,0
4275,200,940,40,20,6,2,Sweep Line,Local,16,0.13161537,2.63230737,100.00%,39.1462092000,0.3778694000,1.2436875001,16.1514623997,3.9115837998,18.7160614000,2.4164376001,0.0002066000,0.1918751001,39.1635129000,564,564,0
4275,200,960,40,20,6,2,Sweep Line,Local,16,0.12429211,2.48584220,100.00%,39.7366656000,0.3909821002,1.3087599000,16.7237370003,4.0947173997,18.6542582999,2.4150217000,0.0002084000,0.1957363001,39.7543907000,576,576,0
4275,200,980,40,20,6,2,Sweep Line,Local,16,0.12591722,2.51834432,100.00%,40.1436115000,0.4058606000,1.3605797002,16.9553690002,4.1214343999,18.6776870000,2.4965022000,0.0002079001,0.1950369999,40.1542092000,588,588,0
4275,200,1000,40,20,6,2,Sweep Line,Local,16,0.11826443,2.36528862,100.00%,40.8046646000,0.4187187999,1.4061842002,17.3114747999,4.2682899998,18.9267962001,2.4954316001,0.0002182001,0.1949189998,40.8205745000,600,600,0
4275,200,60,40,20,6,2,Sweep Line,Local,16,0.51141933,10.22838669,41.67%,3.4342551000,0.0016454000,0.0034498000,0.2684762000,0.0778852000,2.3912200000,0.7301756000,0.0000170000,0.0331854000,3.4352737000,36,15,21
4275,200,80,40,20,6,2,Sweep Line,Local,16,0.68084937,13.61698734,66.67%,5.8051911000,0.0033450000,0.0093291000,0.7270991001,0.1931523000,3.9357423000,1.0786064000,0.0000249000,0.0383569000,5.8064419000,48,32,16
4275,200,100,40,20,6,2,Sweep Line,Local,16,0.51868425,10.37368496,80.00%,8.2230504000,0.0050890000,0.0159083000,1.0601326000,0.2346303999,5.6938785000,1.3776088000,0.0000284000,0.0463702000,8.2248935000,60,48,12
4275,200,120,40,20,6,2,Sweep Line,Local,16,0.47368989,9.47379777,81.94%,8.9512787000,0.0071237000,0.0235413000,1.2212880000,0.2820358000,6.1044310000,1.5236956000,0.0000340000,0.0492166000,8.9529580000,72,59,13
4275,200,140,40,20,6,2,Sweep Line,Local,16,0.45623018,9.12460353,72.62%,8.9629365000,0.0089839000,0.0261995000,1.4285174001,0.3159100000,6.2245907000,1.2033031000,0.0000387000,0.0573360000,8.9651356000,84,61,23
4275,200,160,40,20,6,2,Sweep Line,Local,16,0.44914419,8.98288376,83.33%,12.7600139000,0.0125340000,0.0373818001,1.9462090000,0.4317786000,8.9818365000,1.7006699000,0.0000423000,0.0658222999,12.7622309000,96,80,16
4275,200,180,40,20,6,2,Sweep Line,Local,16,0.40868505,8.17370109,81.48%,10.9321071000,0.0160255999,0.0463859999,1.9789588000,0.4453736001,7.3182111999,1.4811470000,0.0000483000,0.0658392000,10.9344625000,108,88,20
4275,200,200,40,20,6,2,Sweep Line,Local,16,0.40059966,8.01199319,81.67%,12.5715159000,0.0180625000,0.0545940000,2.3498118000,0.5312670000,8.5131084000,1.5450630000,0.0000531000,0.0714970000,12.5753259000,120,98,22
4275,200,220,40,20,6,2,Sweep Line,Local,16,0.35955050,7.19101006,93.94%,15.6170614000,0.0223912000,0.0744229000,3.0798996999,0.6923943999,10.6516209000,1.6690596001,0.0000526000,0.0770253000,15.6214656000,132,124,8
4275,200,240,40,20,6,2,Sweep Line,Local,16,0.35356697,7.07133947,88.19%,15.6538496000,0.0260031000,0.0829198999,3.2044756000,0.7175481000,10.5615056000,1.6727114000,0.0000607000,0.0821179999,15.6571050000,144,127,17
4275,200,260,40,20,6,2,Sweep Line,Local,16,0.31758449,6.35168973,91.67%,17.3862435000,0.0308946000,0.0972312000,3.8291122000,0.8617878000,11.7211165000,1.6018974000,0.0000617000,0.0871938000,17.3907078000,156,143,13
4275,200,280,40,20,6,2,Sweep Line,Local,16,0.29598810,5.91976200,95.83%,18.8763694000,0.0355427000,0.1141497000,4.3337409999,0.9679231001,12.6941657000,1.5899437000,0.0000639001,0.0941477001,18.8822537000,168,161,7
4275,200,300,40,20,6,2,Sweep Line,Local,16,0.29808951,5.96179025,98.89%,19.7233634000,0.0415310000,0.1320306001,4.7061064000,1.0729620000,13.1197341000,1.6066078001,0.0000700000,0.0994620000,19.7289472000,180,178,2
4275,200,320,40,20,6,2,Sweep Line,Local,16,0.24610783,4.92215659,95.83%,19.8625741000,0.0480011999,0.1547007999,4.9518123001,1.1330783999,12.9625831000,1.6153404000,0.0000758000,0.1082487000,19.8697638000,192,184,8
4275,200,340,40,20,6,2,Sweep Line,Local,16,0.25447283,5.08945660,95.59%,20.2588303000,0.0507598000,0.1650951999,5.2027972001,1.1873561001,13.0947381001,1.6150901000,0.0000766999,0.1099009000,20.2649825000,204,195,9
4275,200,360,40,20,6,2,Sweep Line,Local,16,0.25006213,5.00124260,97.22%,21.7050968000,0.0580116001,0.1883321000,5.7685853000,1.3272404999,13.8618362999,1.6876305000,0.0000837000,0.1181444000,21.7111942000,216,210,6
4275,200,380,40,20,6,2,Sweep Line,Local,16,0.21916326,4.38326527,98.25%,22.6407852000,0.0653654000,0.2120567000,6.2573255000,1.4258411999,14.3353196001,1.6265204000,0.0000893999,0.1255767000,22.6471718000,228,224,4
4275,200,400,40,20,6,2,Sweep Line,Local,16,0.23738692,4.74773842,96.67%,22.7829405000,0.0699172000,0.2406382001,6.3631294999,1.4443553000,14.3014329000,1.6496701000,0.0001088999,0.1282561000,22.7912153000,240,232,8
4275,200,420,40,20,6,2,Sweep Line,Local,16,0.21008543,4.20170856,100.00%,23.5560138000,0.0777135000,0.2595085999,6.9589094001,1.6279754001,14.4264466000,1.6744055000,0.0000961999,0.1355853001,23.5632482000,252,252,0
4275,200,440,40,20,6,2,Sweep Line,Local,16,0.22337181,4.46743621,100.00%,25.3986865000,0.0846531000,0.2820744999,7.3718041000,1.6948784998,15.6712888000,1.8266365000,0.0000958000,0.1416259999,25.4069031000,264,264,0
4275,200,460,40,20,6,2,Sweep Line,Local,16,0.21323347,4.26466936,99.64%,25.3258152000,0.0911758000,0.3096553000,7.7191144000,1.7792846000,15.3257508000,1.7100902000,0.0000968999,0.1479951001,25.3348565000,276,275,1
4275,200,480,40,20,6,2,Sweep Line,Local,16,0.19554623,3.91092460,100.00%,26.5057163000,0.1002166000,0.3381509000,8.1652165000,1.8780714001,15.9899079000,1.7360085000,0.0001034000,0.1549448001,26.5159879000,288,288,0
4275,200,500,40,20,6,2,Sweep Line,Local,16,0.19774611,3.95492211,100.00%,26.3136931000,0.1061006000,0.3532740000,8.2128266998,1.9168732002,15.6464185000,1.8176748000,0.0001029000,0.1532808001,26.3256336000,300,300,0
4275,200,520,40,20,6,2,Sweep Line,Local,16,0.18980297,3.79605947,99.68%,26.8364597000,0.1176860000,0.3897575999,8.7176538998,2.0218130998,15.6740521000,1.7483720001,0.0001134000,0.1659016000,26.8450697000,312,311,1
4275,200,540,40,20,6,2,Sweep Line,Local,16,0.18603677,3.72073537,100.00%,27.4976069000,0.1264429000,0.4235325000,9.2692388002,2.1408867000,15.7602811000,1.7309043001,0.0001131000,0.1643464000,27.5106315000,324,324,0
4275,200,560,40,20,6,2,Sweep Line,Local,16,0.18466830,3.69336599,99.70%,28.5556717000,0.1375634999,0.4505508000,9.3870219998,2.1943317003,16.4472804000,1.9289353001,0.0001287000,0.1786527000,28.5686198000,336,335,1
4275,200,580,40,20,6,2,Sweep Line,Local,16,0.17394076,3.47881516,100.00%,29.1542336000,0.1454895000,0.4770894000,9.9720668999,2.3498241999,16.5421212000,1.8090412000,0.0001225000,0.1834955001,29.1673615000,348,348,0
4275,200,600,40,20,6,2,Sweep Line,Local,16,0.16698509,3.33970174,100.00%,29.2027627000,0.1608951999,0.5183698998,10.2846398002,2.4382907002,16.2466566001,1.7731344000,0.0001350000,0.1924683000,29.2124356000,360,360,0
4275,200,620,40,20,6,2,Sweep Line,Local,16,0.16419680,3.28393605,100.00%,30.0419508000,0.1668350001,0.5502755001,10.5563907001,2.4790989000,16.6791652001,1.8715717000,0.0001274000,0.1892401001,30.0554188000,372,372,0
4275,200,640,40,20,6,2,Sweep Line,Local,16,0.15379979,3.07599579,100.00%,29.8314352000,0.1729633000,0.5834938000,10.9122543000,2.5500342000,16.1302276000,1.8097145000,0.0001577000,0.1947092999,29.8783020000,384,384,0
4275,200,660,40,20,6,2,Sweep Line,Local,16,0.15432585,3.08651709,100.00%,31.3129994000,0.1875341999,0.6261142999,11.4288007999,2.6808619002,16.9583566001,1.8767668000,0.0001368001,0.2050237001,31.3263437000,396,396,0
4275,200,680,40,20,6,2,Sweep Line,Local,16,0.16574888,3.31497766,100.00%,31.6637766000,0.1943237000,0.6548112999,11.5963540997,2.7534573998,17.0015762000,1.9749196001,0.0001419000,0.2108031998,31.6816381000,408,408,0
4275,200,700,40,20,6,2,Sweep Line,Local,16,0.14455031,2.89100629,100.00%,32.0731649000,0.2150060000,0.7097573000,12.0426365999,2.8398832003,16.8652394000,1.9819216001,0.0001545000,0.2249289001,32.0813711000,420,420,0
4275,200,720,40,20,6,2,Sweep Line,Local,16,0.15249920,3.04998404,100.00%,32.8635712000,0.2233233999,0.7445044001,12.4374156000,2.9512682002,17.1912187000,2.0066290000,0.0001527000,0.2260975000,32.8758074000,432,432,0
4275,200,740,40,20,6,2,Sweep Line,Local,16,0.15498812,3.09976232,100.00%,33.7374150000,0.2338646001,0.7900359000,12.6898213998,3.0152890997,17.5697337000,2.1808594001,0.0001671000,0.2353945000,33.7521062000,444,444,0
4275,200,760,40,20,6,2,Sweep Line,Local,16,0.14071118,2.81422356,100.00%,33.9076493000,0.2465550000,0.8252383000,12.9665303997,3.0673109998,17.5670858000,2.0957076000,0.0001639001,0.1597108999,33.9193402000,456,456,0
4275,200,780,40,20,6,2,Sweep Line,Local,16,0.14195444,2.83908884,100.00%,34.3894222000,0.2565173000,0.8653936000,13.3783125999,3.1778420001,17.5364608999,2.1486810000,0.0001649999,0.1654960000,34.3985076000,468,468,0
4275,200,800,40,20,6,2,Sweep Line,Local,16,0.14624527,2.92490532,100.00%,35.3129524000,0.2749779999,0.9055108000,13.6696856997,3.2954232001,18.0821857999,2.1651215999,0.0001706000,0.1770608997,35.3292924000,480,480,0
4275,200,820,40,20,6,2,Sweep Line,Local,16,0.13870961,2.77419217,100.00%,35.5806524000,0.2833381001,0.9441943999,13.9665201999,3.3617338999,17.9640957000,2.1971047000,0.0001730000,0.1863498000,35.5912568000,492,492,0
4275,200,840,40,20,6,2,Sweep Line,Local,16,0.14288067,2.85761336,100.00%,36.1685957000,0.2946933000,0.9928659999,14.3352166001,3.4443197002,18.0826464999,2.2340817000,0.0001933000,0.1882080001,36.1876387000,504,504,0
4275,200,860,40,20,6,2,Sweep Line,Local,16,0.13616271,2.72325416,100.00%,36.5639262000,0.3158500001,1.0653847999,14.9460807000,3.5964858002,17.7337955001,2.2651387001,0.0001868000,0.1948456999,36.5768929000,516,516,0
4275,200,880,40,20,6,2,Sweep Line,Local,16,0.12869584,2.57391684,100.00%,37.1534547000,0.3278280001,1.0982797998,15.1656567999,3.6528635998,18.0935241999,2.2358891001,0.0001997998,0.1872108002,37.1693265000,528,528,0
4275,200,900,40,20,6,2,Sweep Line,Local,16,0.13204601,2.64092015,100.00%,38.4103558000,0.3436438000,1.1652825000,15.6076445002,3.7668851000,18.7180086999,2.3372510000,0.0001936000,0.1939026998,38.4275306000,540,540,0
4275,200,920,40,20,6,2,Sweep Line,Local,16,0.13081569,2.61631370,100.00%,38.1655254000,0.3495169000,1.1933824000,15.8187913000,3.8482539000,18.2074668999,2.3580685000,0.0001977001,0.1922002001,38.1797929000,552,552,0
4275,200,940,40,20,6,2,Sweep Line,Local,16,0.13161537,2.63230737,100.00%,39.2503166000,0.3715872000,1.2639440998,16.2223982004,3.9333537997,18.7494174999,2.3970884000,0.0002158999,0.1959660000,39.2618126000,564,564,0
4275,200,960,40,20,6,2,Sweep Line,Local,16,0.12429211,2.48584220,100.00%,40.0498463000,0.3963791000,1.3223000001,16.7630864997,4.0783749000,18.8922779000,2.4233239001,0.0002179000,0.2006360001,40.0609130000,576,576,0
4275,200,980,40,20,6,2,Sweep Line,Local,16,0.12591722,2.51834432,100.00%,40.3039812000,0.4041201002,1.3525781999,16.9390607999,4.1431002999,18.8771787999,2.4857157001,0.0002125999,0.1943443000,40.3296457000,588,588,0
4275,200,1000,40,20,6,2,Sweep Line,Local,16,0.11826443,2.36528862,100.00%,40.7628050000,0.4228827001,1.4212538003,17.2824264002,4.2562413997,18.8861909999,2.5027142999,0.0002135000,0.1936574999,40.7744265000,600,600,0
4275,200,60,40,20,6,2,Sweep Line,Local,18,0.51141933,10.22838669,41.67%,3.3420289000,0.0019992000,0.0035891000,0.2692333000,0.0768568000,2.3341702000,0.6907522000,0.0000205000,0.0360969000,3.3442114000,36,15,21
4275,200,80,40,20,6,2,Sweep Line,Local,18,0.68084937,13.61698734,66.67%,5.9328732000,0.0038104000,0.0107559000,0.7437428999,0.2044645000,3.9698307000,1.1513580000,0.0000284000,0.0392231000,5.9342124000,48,32,16
4275,200,100,40,20,6,2,Sweep Line,Local,18,0.51868425,10.37368496,80.00%,8.1976340000,0.0046144999,0.0156138001,1.1801180000,0.2442403000,5.6067654000,1.3371801000,0.0000258000,0.0417084000,8.1991153000,60,48,12
4275,200,120,40,20,6,2,Sweep Line,Local,18,0.47368989,9.47379777,81.94%,8.8522696000,0.0068614000,0.0231884000,1.2823060000,0.2738251000,5.9684526000,1.4974069000,0.0000324000,0.0494635000,8.8539383000,72,59,13
4275,200,140,40,20,6,2,Sweep Line,Local,18,0.45623018,9.12460353,72.62%,8.8952934000,0.0095653000,0.0251929000,1.4850701000,0.3171879999,6.0851746000,1.2186916000,0.0000411000,0.0527003000,8.8980604000,84,61,23
4275,200,160,40,20,6,2,Sweep Line,Local,18,0.44914419,8.98288376,83.33%,13.1537148000,0.0119511000,0.0387100000,2.1800465000,0.4508592000,9.1083761000,1.7390074000,0.0000429000,0.0582976000,13.1569351000,96,80,16
4275,200,180,40,20,6,2,Sweep Line,Local,18,0.40868505,8.17370109,81.48%,11.1434677000,0.0153081000,0.0446933000,2.0767522001,0.4486007000,7.4814564999,1.4382483000,0.0000479000,0.0633528000,11.1484284000,108,88,20
4275,200,200,40,20,6,2,Sweep Line,Local,18,0.40059966,8.01199319,81.67%,12.7792659000,0.0182845000,0.0567960000,2.5497938000,0.5493148000,8.5396057000,1.5213834000,0.0000524000,0.0711114000,12.7836179000,120,98,22
4275,200,220,40,20,6,2,Sweep Line,Local,18,0.35955050,7.19101006,93.94%,15.6945500000,0.0222698000,0.0734813000,3.2884384000,0.6946348000,10.5477328000,1.6623114999,0.0000532999,0.0799313000,15.7012804000,132,124,8
4275,200,240,40,20,6,2,Sweep Line,Local,18,0.35356697,7.07133947,88.19%,15.5287481000,0.0264305000,0.0789973001,3.4052246001,0.7155272001,10.3006967000,1.6147656000,0.0000810001,0.0829985000,15.5350562000,144,127,17
4275,200,260,40,20,6,2,Sweep Line,Local,18,0.31758449,6.35168973,91.67%,17.8674482000,0.0333814001,0.1009531000,4.0768833001,0.8592251001,11.8982417000,1.6272502000,0.0000658000,0.0977197000,17.8733031000,156,143,13
4275,200,280,40,20,6,2,Sweep Line,Local,18,0.29598810,5.91976200,95.83%,18.9879433000,0.0357246000,0.1137955001,4.6765196000,1.0028871999,12.4648042999,1.5923502000,0.0000635999,0.0895459000,18.9957953000,168,161,7
4275,200,300,40,20,6,2,Sweep Line,Local,18,0.29808951,5.96179025,98.89%,20.2698658000,0.0422023000,0.1362336001,5.2079276001,1.1046944000,13.1589054001,1.6077747000,0.0000697000,0.1001757000,20.2751548000,180,178,2
4275,200,320,40,20,6,2,Sweep Line,Local,18,0.24610783,4.92215659,95.83%,20.2957370000,0.0474608000,0.1500217002,5.2667077999,1.1193596999,13.0819318000,1.6161548000,0.0000800000,0.1073616001,20.3016457000,192,184,8
4275,200,340,40,20,6,2,Sweep Line,Local,18,0.25447283,5.08945660,95.59%,20.8339615000,0.0532879999,0.1657608000,5.7223876001,1.2333299000,13.0987719000,1.6593578000,0.0001015000,0.1149173000,20.8417792000,204,195,9
4275,200,360,40,20,6,2,Sweep Line,Local,18,0.24980445,4.99608897,97.22%,21.8906735000,0.0594533000,0.1876866001,6.1391707000,1.3137162000,13.6862208000,1.6791802000,0.0000844000,0.1199836001,21.8991997000,216,210,6
4275,200,380,40,20,6,2,Sweep Line,Local,18,0.21867351,4.37347014,98.25%,22.7759959000,0.0649658000,0.2127915001,6.7013876001,1.4484493999,14.0590196000,1.5929637000,0.0000863999,0.1257873000,22.7861080000,228,224,4
4275,200,400,40,20,6,2,Sweep Line,Local,18,0.23740720,4.74814395,96.67%,23.2576481000,0.0717840000,0.2280150000,6.8946608000,1.4764533999,14.2407898001,1.6706865000,0.0000871000,0.1312220001,23.2649534000,240,232,8
4275,200,420,40,20,6,2,Sweep Line,Local,18,0.21008543,4.20170856,100.00%,23.9562571000,0.0782139000,0.2611686002,7.4019866998,1.5854973999,14.3886629000,1.6669427999,0.0000947001,0.1342907999,23.9655114000,252,252,0
4275,200,440,40,20,6,2,Sweep Line,Local,18,0.22302034,4.46040686,100.00%,26.0460702000,0.0861984001,0.2853089000,8.0653193999,1.7333942000,15.6224324999,1.8247765999,0.0000955000,0.1414703999,26.0523558000,264,264,0
4275,200,460,40,20,6,2,Sweep Line,Local,18,0.21297354,4.25947070,99.64%,25.4538177000,0.0954506000,0.2993853000,8.1817459000,1.7750425002,14.9724355001,1.7342893000,0.0001033000,0.1486475000,25.4641192000,276,275,1
4275,200,480,40,20,6,2,Sweep Line,Local,18,0.19549621,3.90992415,100.00%,26.6871872000,0.1035446000,0.3323525000,8.7792846999,1.9073476998,15.5584386000,1.7371864999,0.0001042000,0.1561052000,26.6955479000,288,288,0
4275,200,500,40,20,6,2,Sweep Line,Local,18,0.19736158,3.94723154,100.00%,28.6620559000,0.1157318000,0.3878050000,9.5918904998,2.0914693001,16.4389326000,1.9342721000,0.0001179001,0.1631088000,28.6739677000,300,300,0
4275,200,520,40,20,6,2,Sweep Line,Local,18,0.18972959,3.79459181,99.68%,28.6744554000,0.1226859000,0.4050601999,9.8115676000,2.1388285002,16.3185567000,1.8276975999,0.0001166000,0.1648270001,28.6956338000,312,311,1
4275,200,540,40,20,6,2,Sweep Line,Local,18,0.18571902,3.71438037,100.00%,28.1467165000,0.1295902001,0.4167944001,9.9978573998,2.1850387000,15.6716068001,1.7385466000,0.0001141000,0.1691006001,28.1630026000,324,324,0
4275,200,560,40,20,6,2,Sweep Line,Local,18,0.18485552,3.69711036,99.70%,29.2679004000,0.1376386999,0.4513978999,10.3467085998,2.3164035001,16.2078048000,1.9194782000,0.0001212000,0.1790895000,29.2800513000,336,335,1
4275,200,580,40,20,6,2,Sweep Line,Local,18,0.17369689,3.47393775,100.00%,29.8363597000,0.1411757001,0.4755533999,10.6940089999,2.3358747000,16.5089303000,1.8100556000,0.0001487000,0.1813920001,29.8476225000,348,348,0
4275,200,600,40,20,6,2,Sweep Line,Local,18,0.16664731,3.33294611,100.00%,29.7978630000,0.1522878000,0.5120134001,11.1158146998,2.4584266999,16.0707731000,1.7329137000,0.0001216000,0.1892286000,29.8187503000,360,360,0
4275,200,620,40,20,6,2,Sweep Line,Local,18,0.16362397,3.27247938,100.00%,30.9491179000,0.1620862000,0.5524564000,11.5431688000,2.5448749999,16.6287237000,1.8372359999,0.0001300999,0.1972598001,30.9594881000,372,372,0
4275,200,640,40,20,6,2,Sweep Line,Local,18,0.15343834,3.06876680,100.00%,30.7780001000,0.1775678000,0.5726985999,11.8618582000,2.6499493998,16.1149942999,1.8189794000,0.0001455000,0.2025050000,30.7890128000,384,384,0
4275,200,660,40,20,6,2,Sweep Line,Local,18,0.15437955,3.08759092,100.00%,31.7357750000,0.1926310999,0.6280802002,12.1520835001,2.6802197999,16.6138617000,1.9017599999,0.0001399000,0.2176253001,31.7467389000,396,396,0
4275,200,680,40,20,6,2,Sweep Line,Local,18,0.16551933,3.31038659,100.00%,32.3172469000,0.1996295000,0.6587139999,12.4605196999,2.7899038001,16.7692058999,1.9847411999,0.0001526001,0.2137388000,32.3402166000,408,408,0
4275,200,700,40,20,6,2,Sweep Line,Local,18,0.14451572,2.89031432,100.00%,32.8264243000,0.2126963001,0.6999787000,12.8303534001,2.8837020001,16.8703951999,1.9551526000,0.0001506000,0.2247313000,32.8336606000,420,420,0
4275,200,720,40,20,6,2,Sweep Line,Local,18,0.15259870,3.05197395,100.00%,33.3444927000,0.2190667999,0.7341286998,13.2815388000,2.9805257001,16.8827120001,1.9703140999,0.0001517000,0.2230933001,33.3521472000,432,432,0
4275,200,740,40,20,6,2,Sweep Line,Local,18,0.15480165,3.09603301,100.00%,34.4924782000,0.2292864999,0.7743563002,13.5644995998,3.0468406002,17.5204454000,2.1350733001,0.0001610000,0.2313653001,34.5012763000,444,444,0
4275,200,760,40,20,6,2,Sweep Line,Local,18,0.14053721,2.81074426,100.00%,34.4038012000,0.2474644999,0.8228462999,13.7577807003,3.0866104999,17.3226288999,2.0491719000,0.0001692000,0.1666177999,34.4121781000,456,456,0
4275,200,780,40,20,6,2,Sweep Line,Local,18,0.14201130,2.84022596,100.00%,35.2778774000,0.2567181999,0.8597825997,14.4460324003,3.2362628001,17.3588650001,2.1458636999,0.0001642999,0.1712914000,35.2860024000,468,468,0
4275,200,800,40,20,6,2,Sweep Line,Local,18,0.14576441,2.91528816,100.00%,35.8793438000,0.2701784000,0.9054431000,14.6702164003,3.3189568999,17.6606231000,2.1574086000,0.0001672000,0.1786663002,35.8892731000,480,480,0
4275,200,820,40,20,6,2,Sweep Line,Local,18,0.13830273,2.76605456,100.00%,36.5707222000,0.2813457001,0.9489848000,15.1670058999,3.4054709000,17.7421925000,2.2114857000,0.0001726000,0.1809778000,36.5820572000,492,492,0
4275,200,840,40,20,6,2,Sweep Line,Local,18,0.14255717,2.85114333,100.00%,37.4400005000,0.3022951000,0.9991279001,15.6119267999,3.5440349997,18.0259607000,2.2716130000,0.0001968001,0.1876393000,37.4510440000,504,504,0
4275,200,860,40,20,6,2,Sweep Line,Local,18,0.13615387,2.72307736,100.00%,37.1882159000,0.3111089000,1.0407049999,15.8855680000,3.6156210999,17.4864148000,2.2338663000,0.0002037000,0.1895669001,37.2389979000,516,516,0
4275,200,880,40,20,6,2,Sweep Line,Local,18,0.12850980,2.57019595,100.00%,38.0986089000,0.3294921000,1.0988697000,16.2680264001,3.6996489001,17.9076066999,2.2604997000,0.0001843000,0.1895100000,38.1177349000,528,528,0
4275,200,900,40,20,6,2,Sweep Line,Local,18,0.13212875,2.64257491,100.00%,39.2231191000,0.3547203001,1.1508513001,16.7074668003,3.8344913000,18.4230415000,2.3479711001,0.0001914001,0.1939761001,39.2329426000,540,540,0
4275,200,920,40,20,6,2,Sweep Line,Local,18,0.13046198,2.60923954,100.00%,39.2018005000,0.3701507001,1.1885447002,16.9508884002,3.9058142004,18.0774013000,2.3687500999,0.0002165001,0.1979307001,39.2149742000,552,552,0
4275,200,940,40,20,6,2,Sweep Line,Local,18,0.13143417,2.62868341,100.00%,40.3657835000,0.3735189999,1.2644155999,17.3850649002,3.9957720000,18.6780873001,2.4198419001,0.0002010000,0.1942444000,40.3768615000,564,564,0
4275,200,960,40,20,6,2,Sweep Line,Local,18,0.12411761,2.48235211,100.00%,40.8686078000,0.3994817000,1.3147011998,17.9945985998,4.1498718999,18.4906947000,2.4235363999,0.0002102000,0.1957955000,40.8800115000,576,576,0
4275,200,980,40,20,6,2,Sweep Line,Local,18,0.12557475,2.51149495,100.00%,45.4417778000,0.4464587001,1.5060801999,20.0514648998,4.6955417001,20.4828557001,2.6819690000,0.0002417000,0.2149590999,45.4636450000,588,588,0
4275,200,1000,40,20,6,2,Sweep Line,Local,18,0.11806517,2.36130346,100.00%,42.1544898000,0.4251755000,1.4221652999,18.6862496999,4.3519906999,18.8882603000,2.4783523001,0.0002163999,0.2023782001,42.1662409000,600,600,0
4275,200,60,40,20,6,2,Sweep Line,Local,18,0.51141933,10.22838669,41.67%,3.3695806000,0.0017902000,0.0036827000,0.2725738000,0.0794192000,2.3592708000,0.6904744000,0.0000191000,0.0347810000,3.3717253000,36,15,21
4275,200,80,40,20,6,2,Sweep Line,Local,18,0.68084937,13.61698734,66.67%,5.8947863000,0.0035219000,0.0103206000,0.7205348000,0.1942212999,4.0177191000,1.0837776000,0.0000303000,0.0389105000,5.8960867000,48,32,16
4275,200,100,40,20,6,2,Sweep Line,Local,18,0.51868425,10.37368496,80.00%,8.2835611000,0.0051723000,0.0163306000,1.1573130000,0.2441398001,5.6838749000,1.3536786000,0.0000296000,0.0439556000,8.2852197000,60,48,12
4275,200,120,40,20,6,2,Sweep Line,Local,18,0.47368989,9.47379777,81.94%,8.9927985000,0.0065335000,0.0231006000,1.3046376000,0.2741854001,6.1427095000,1.4501425000,0.0000298000,0.0489001000,8.9948219000,72,59,13
4275,200,140,40,20,6,2,Sweep Line,Local,18,0.45623018,9.12460353,72.62%,8.7983310000,0.0096431000,0.0276190000,1.4984884001,0.3170974001,5.9888510000,1.1907365000,0.0000399000,0.0588957001,8.8008126000,84,61,23
4275,200,160,40,20,6,2,Sweep Line,Local,18,0.44914419,8.98288376,83.33%,12.7897813000,0.0123264999,0.0367692999,2.0562699001,0.4325541999,8.9011977999,1.7070962000,0.0000440000,0.0612209000,12.7920378000,96,80,16
4275,200,180,40,20,6,2,Sweep Line,Local,18,0.40868505,8.17370109,81.48%,11.0950197000,0.0160476000,0.0461322000,2.1252444000,0.4609494000,7.3563380000,1.4516087000,0.0000499000,0.0681428000,11.0984356000,108,88,20
4275,200,200,40,20,6,2,Sweep Line,Local,18,0.40059966,8.01199319,81.67%,12.7065108000,0.0192051000,0.0545514000,2.4936114002,0.5376368000,8.5121394000,1.5352547000,0.0000539000,0.0712808000,12.7155193000,120,98,22
4275,200,220,40,20,6,2,Sweep Line,Local,18,0.35955050,7.19101006,93.94%,15.9700552000,0.0220450000,0.0732993000,3.3207514001,0.7089543000,10.7659873001,1.6726790001,0.0000600000,0.0813395000,15.9736283000,132,124,8
4275,200,240,40,20,6,2,Sweep Line,Local,18,0.35356697,7.07133947,88.19%,15.7521564000,0.0283275000,0.0820401000,3.4159111000,0.7401735001,10.4748261000,1.6406846000,0.0000670000,0.0859708999,15.7564478000,144,127,17
4275,200,260,40,20,6,2,Sweep Line,Local,18,0.31758449,6.35168973,91.67%,17.6258923000,0.0312658000,0.0975403000,4.1188405000,0.8817871000,11.7156315999,1.5496340000,0.0000660000,0.0914323999,17.6301729000,156,143,13
4275,200,280,40,20,6,2,Sweep Line,Local,18,0.29598810,5.91976200,95.83%,18.9311635000,0.0351024000,0.1161255001,4.6263154002,0.9953017000,12.4718983001,1.5698154000,0.0000644001,0.0972302000,18.9360530000,168,161,7
4275,200,300,40,20,6,2,Sweep Line,Local,18,0.29808951,5.96179025,98.89%,20.5318921000,0.0411619000,0.1349415000,5.1955048001,1.1082879000,13.3940114999,1.6461800000,0.0000682001,0.1032120999,20.5375481000,180,178,2
4275,200,320,40,20,6,2,Sweep Line,Local,18,0.24610783,4.92215659,95.83%,19.6095853000,0.0465911000,0.1462512000,5.1931133000,1.1319583000,12.5461213000,1.5539826000,0.0000716000,0.1030447000,19.6153258000,192,184,8
4275,200,340,40,20,6,2,Sweep Line,Local,18,0.25447283,5.08945660,95.59%,20.6010491000,0.0535831000,0.1675942998,5.6454239000,1.2156707000,12.9697860000,1.6294910001,0.0000852000,0.1152017000,20.6079113000,204,195,9
4275,200,360,40,20,6,2,Sweep Line,Local,18,0.24980445,4.99608897,97.22%,22.3742986000,0.0582984999,0.1914342000,6.2573347999,1.3518140000,14.0188416000,1.7093841000,0.0000862000,0.1190863000,22.3820610000,216,210,6
4275,200,380,40,20,6,2,Sweep Line,Local,18,0.21867351,4.37347014,98.25%,22.3882500000,0.0650523000,0.2088811000,6.5772677000,1.4254382001,13.8131108000,1.5794232999,0.0000871000,0.1252965000,22.3956265000,228,224,4
4275,200,400,40,20,6,2,Sweep Line,Local,18,0.23740720,4.74814395,96.67%,23.1311355000,0.0698106000,0.2237393002,6.8018959000,1.4624020999,14.2072562000,1.6812976000,0.0000937000,0.1271000001,23.1388167000,240,232,8
4275,200,420,40,20,6,2,Sweep Line,Local,18,0.21008543,4.20170856,100.00%,24.2598584000,0.0821938000,0.2658231000,7.5342602999,1.6325342002,14.5425325000,1.6705165000,0.0001016001,0.1402012000,24.2678669000,252,252,0
4275,200,440,40,20,6,2,Sweep Line,Local,18,0.22302034,4.46040686,100.00%,25.5970385000,0.0846886000,0.2816855999,7.9121236999,1.7275167001,15.3713612999,1.7886871000,0.0000959999,0.1380152999,25.6057911000,264,264,0
4275,200,460,40,20,6,2,Sweep Line,Local,18,0.21297354,4.25947070,99.64%,25.7458247000,0.0942548001,0.2993096000,8.2374945999,1.7901689001,15.2302273001,1.7184509999,0.0001003000,0.1430060000,25.7582076000,276,275,1
4275,200,480,40,20,6,2,Sweep Line,Local,18,0.19549621,3.90992415,100.00%,26.7633138000,0.1019694001,0.3345193000,8.7710683000,1.9085709001,15.6363323001,1.7448391001,0.0000997000,0.1538530001,26.7737715000,288,288,0
4275,200,500,40,20,6,2,Sweep Line,Local,18,0.19736158,3.94723154,100.00%,27.0075358000,0.1055078999,0.3613825000,8.9645771999,1.9602844000,15.5832867000,1.8079338998,0.0001080000,0.1598822001,27.0160182000,300,300,0
4275,200,520,40,20,6,2,Sweep Line,Local,18,0.18972959,3.79459181,99.68%,28.0731529000,0.1212558000,0.3951669998,9.5548842002,2.1108614002,16.0181348000,1.7925306000,0.0001111000,0.1671970000,28.0851486000,312,311,1
4275,200,540,40,20,6,2,Sweep Line,Local,18,0.18571902,3.71438037,100.00%,27.8370809000,0.1274297999,0.4118148002,9.8577923000,2.1694410001,15.5357696000,1.7121580000,0.0001197000,0.1688378000,27.8515837000,324,324,0
4275,200,560,40,20,6,2,Sweep Line,Local,18,0.18485552,3.69711036,99.70%,29.2446377000,0.1373198000,0.4516947001,10.2330933001,2.2395160000,16.3339866001,1.8876871999,0.0001192999,0.1741291000,29.2551011000,336,335,1
4275,200,580,40,20,6,2,Sweep Line,Local,18,0.17369689,3.47393775,100.00%,29.6618988000,0.1438505000,0.4756460998,10.6616637002,2.3497329999,16.3895113000,1.7840116000,0.0001255999,0.1819661999,29.6714702000,348,348,0
4275,200,600,40,20,6,2,Sweep Line,Local,18,0.16664731,3.33294611,100.00%,29.7516405000,0.1561412000,0.5112673999,10.9515060001,2.4144855999,16.1389559999,1.7779190000,0.0001465000,0.1902826999,29.8047894000,360,360,0
4275,200,620,40,20,6,2,Sweep Line,Local,18,0.16362397,3.27247938,100.00%,30.9677463000,0.1737140000,0.5508462001,11.4758317998,2.5086966999,16.6644234000,1.8787262000,0.0001312001,0.1961511001,30.9829039000,372,372,0
4275,200,640,40,20,6,2,Sweep Line,Local,18,0.15343834,3.06876680,100.00%,30.4250128000,0.1834910000,0.5701237999,11.7846331999,2.6137476000,15.8697034999,1.7804827000,0.0001354000,0.2077349999,30.4386009000,384,384,0
4275,200,660,40,20,6,2,Sweep Line,Local,18,0.15437955,3.08759092,100.00%,31.8233727000,0.1905327000,0.6166653000,12.1453175001,2.6992716999,16.7585604000,1.8700852000,0.0001395001,0.2110673000,31.8340540000,396,396,0
4275,200,680,40,20,6,2,Sweep Line,Local,18,0.16551933,3.31038659,100.00%,32.3791787000,0.2016188999,0.6541084001,12.5079197999,2.7984459998,16.7913033000,1.9728559000,0.0001461000,0.2197404999,32.3923565000,408,408,0
4275,200,700,40,20,6,2,Sweep Line,Local,18,0.14451572,2.89031432,100.00%,32.6568809000,0.2149285000,0.6977912002,12.8188026000,2.8437018002,16.7268552000,1.9459793000,0.0001457000,0.2177925000,32.6652745000,420,420,0
4275,200,720,40,20,6,2,Sweep Line,Local,18,0.15259870,3.05197395,100.00%,33.2955068000,0.2251202000,0.7349015999,13.1961016002,2.9452568001,16.8960496999,1.9788737001,0.0001501999,0.2284462002,33.3030916000,432,432,0
4275,200,740,40,20,6,2,Sweep Line,Local,18,0.15480165,3.09603301,100.00%,34.7904433000,0.2380179999,0.7891972999,13.7563279001,3.0957726002,17.5880637999,2.1473170000,0.0001700001,0.2327378001,34.8117862000,444,444,0
4275,200,760,40,20,6,2,Sweep Line,Local,18,0.14053721,2.81074426,100.00%,34.4228995000,0.2543491999,0.8102266999,13.7159946000,3.0783994999,17.3526232001,2.0844205001,0.0001630002,0.1690365000,34.4333134000,456,456,0
4275,200,780,40,20,6,2,Sweep Line,Local,18,0.14201130,2.84022596,100.00%,35.4084960000,0.2622039001,0.8657688000,14.5142450002,3.2411506003,17.4135572000,2.1375253000,0.0001691000,0.1774413000,35.4450773000,468,468,0
4275,200,800,40,20,6,2,Sweep Line,Local,18,0.14576441,2.91528816,100.00%,35.9684338000,0.2803984000,0.9114383000,14.6845145999,3.3259411001,17.6652554000,2.2046839001,0.0001732000,0.1826972000,35.9768162000,480,480,0
4275,200,820,40,20,6,2,Sweep Line,Local,18,0.13830273,2.76605456,100.00%,36.4222424000,0.2844485999,0.9417975000,15.2119397000,3.4327070000,17.5640344000,2.1982167000,0.0001733000,0.1816493999,36.4353279000,492,492,0
4275,200,840,40,20,6,2,Sweep Line,Local,18,0.14255717,2.85114333,100.00%,37.6594573000,0.3064441000,1.0091641001,15.7173545999,3.5409970998,18.1277692000,2.2611313000,0.0001818999,0.1951845000,37.6684171000,504,504,0
4275,200,860,40,20,6,2,Sweep Line,Local,18,0.13615387,2.72307736,100.00%,36.8175093000,0.3148741000,1.0267885001,15.6982087996,3.5994070998,17.3419099999,2.2011295000,0.0001876000,0.1920840999,36.8311028000,516,516,0
4275,200,880,40,20,6,2,Sweep Line,Local,18,0.12850980,2.57019595,100.00%,38.2718214000,0.3270960001,1.0903640000,16.2984809003,3.7066461997,18.0710495000,2.2503365000,0.0002057999,0.1893996999,38.2814217000,528,528,0
4275,200,900,40,20,6,2,Sweep Line,Local,18,0.13212875,2.64257491,100.00%,38.7791201000,0.3367061000,1.1330927999,16.5420156998,3.7810121002,18.2475056999,2.2859840000,0.0002133001,0.1899757000,38.7945977000,540,540,0
4275,200,920,40,20,6,2,Sweep Line,Local,18,0.13046198,2.60923954,100.00%,39.5191546000,0.3552065000,1.1971808001,17.1220264000,3.9265925999,18.2465931999,2.3569071000,0.0002181999,0.1931837001,39.5284859000,552,552,0
4275,200,940,40,20,6,2,Sweep Line,Local,18,0.13143417,2.62868341,100.00%,40.1010653000,0.3681255000,1.2313004998,17.3267002999,3.9558690999,18.5391011000,2.3959074001,0.0002001000,0.1907986002,40.1120824000,564,564,0
4275,200,960,40,20,6,2,Sweep Line,Local,18,0.12411761,2.48235211,100.00%,40.3142784000,0.3854447000,1.2942247999,17.7486268003,4.1111085999,18.2819648000,2.3540189999,0.0002003001,0.1991418999,40.3359313000,576,576,0
4275,200,980,40,20,6,2,Sweep Line,Local,18,0.12557475,2.51149495,100.00%,41.2857679000,0.3969213001,1.3555002999,18.1486886000,4.1733256000,18.6775087000,2.4587103999,0.0002119999,0.1962965003,41.2965115000,588,588,0
4275,200,1000,40,20,6,2,Sweep Line,Local,18,0.11806517,2.36130346,100.00%,41.6166441000,0.4185320000,1.3930476001,18.4737068997,4.2492187998,18.6368608001,2.4519670000,0.0002110999,0.1920489999,41.6338853000,600,600,0
4275,200,60,40,20,6,2,Sweep Line,Local,18,0.51141933,10.22838669,41.67%,3.5038088000,0.0017468000,0.0037979000,0.2802100000,0.0835990000,2.4672428000,0.7099552000,0.0000189000,0.0347563000,3.5051325000,36,15,21
4275,200,80,40,20,6,2,Sweep Line,Local,18,0.68084937,13.61698734,66.67%,6.2096626000,0.0033883000,0.0089415000,0.7119021000,0.1890494000,4.2546094000,1.1825834000,0.0000276001,0.0392324000,6.2112221000,48,32,16
4275,200,100,40,20,6,2,Sweep Line,Local,18,0.51868425,10.37368496,80.00%,8.1981292000,0.0050041001,0.0161716000,1.1276308001,0.2367812000,5.6506218000,1.3443869000,0.0000305000,0.0424070000,8.1998059000,60,48,12
4275,200,120,40,20,6,2,Sweep Line,Local,18,0.47368989,9.47379777,81.94%,8.8018611000,0.0064978000,0.0224131000,1.2785565000,0.2684630000,5.9690598000,1.4585557000,0.0000297000,0.0487519000,8.8041345000,72,59,13
4275,200,140,40,20,6,2,Sweep Line,Local,18,0.45623018,9.12460353,72.62%,8.8933149000,0.0095368000,0.0270749000,1.5257727000,0.3242399000,6.0712215000,1.1890329000,0.0000414000,0.0550312000,8.8955792000,84,61,23
4275,200,160,40,20,6,2,Sweep Line,Local,18,0.44914419,8.98288376,83.33%,12.7000818000,0.0120018000,0.0379814000,2.0977072001,0.4450283000,8.7957829000,1.6786914999,0.0000419000,0.0623232000,12.7043892000,96,80,16
4275,200,180,40,20,6,2,Sweep Line,Local,18,0.40868505,8.17370109,81.48%,11.2735269000,0.0153964000,0.0465231000,2.1319412001,0.4658428000,7.5273036000,1.4593416000,0.0000577000,0.0697443000,11.2773724000,108,88,20
4275,200,200,40,20,6,2,Sweep Line,Local,18,0.40059966,8.01199319,81.67%,12.7420545000,0.0188763000,0.0560305000,2.5781402999,0.5546764000,8.4917108000,1.4972139000,0.0000519000,0.0790218000,12.7495221000,120,98,22
4275,200,220,40,20,6,2,Sweep Line,Local,18,0.35955050,7.19101006,93.94%,15.8562029000,0.0225096000,0.0737090999,3.2707448000,0.6909774999,10.7621826000,1.6289623000,0.0000516001,0.0783976000,15.8606482000,132,124,8
4275,200,240,40,20,6,2,Sweep Line,Local,18,0.35356697,7.07133947,88.19%,15.5971610000,0.0277179000,0.0832144000,3.4344661000,0.7369800000,10.3180967000,1.6233798000,0.0000630001,0.0853984000,15.6017665000,144,127,17
4275,200,260,40,20,6,2,Sweep Line,Local,18,0.31758449,6.35168973,91.67%,17.4501280000,0.0305253000,0.0971371999,4.0105360999,0.8448118001,11.6310254000,1.5744005000,0.0000635000,0.0897950000,17.4548000000,156,143,13
4275,200,280,40,20,6,2,Sweep Line,Local,18,0.29598810,5.91976200,95.83%,19.2829388000,0.0366305000,0.1141633998,4.7153954999,0.9970411000,12.6898534000,1.6129095000,0.0000663000,0.0994601001,19.2877901000,168,161,7
4275,200,300,40,20,6,2,Sweep Line,Local,18,0.29808951,5.96179025,98.89%,20.2806957000,0.0395214000,0.1317715000,5.1199566000,1.0920828001,13.2780140000,1.5829389000,0.0000659000,0.1109859000,20.2861356000,180,178,2
4275,200,320,40,20,6,2,Sweep Line,Local,18,0.24610783,4.92215659,95.83%,19.6741233000,0.0454738000,0.1471664001,5.2421745999,1.1369828999,12.5088727000,1.5968492000,0.0000744999,0.1054789999,19.6804960000,192,184,8
4275,200,340,40,20,6,2,Sweep Line,Local,18,0.25447283,5.08945660,95.59%,20.6306290000,0.0523040000,0.1634382000,5.6576270000,1.2240362000,12.9789145999,1.6396657000,0.0000785001,0.1159056001,20.6360870000,204,195,9
4275,200,360,40,20,6,2,Sweep Line,Local,18,0.24980445,4.99608897,97.22%,22.0038315000,0.0562430000,0.1909586000,6.2453226000,1.3285570002,13.6800420001,1.6960645000,0.0000861000,0.1153136000,22.0113853000,216,210,6
4275,200,380,40,20,6,2,Sweep Line,Local,18,0.21867351,4.37347014,98.25%,22.5484009000,0.0638103001,0.2027104999,6.5720130999,1.4205675001,13.9753232001,1.5916502000,0.0000863000,0.1223900000,22.5552228000,228,224,4
4275,200,400,40,20,6,2,Sweep Line,Local,18,0.23740720,4.74814395,96.67%,23.1731844000,0.0702272999,0.2269772999,6.8626673000,1.4773473999,14.1731283000,1.6940146000,0.0000938000,0.1255723000,23.1816011000,240,232,8
4275,200,420,40,20,6,2,Sweep Line,Local,18,0.21008543,4.20170856,100.00%,24.1758923000,0.0785591000,0.2680280000,7.4705035999,1.5964002999,14.5058853000,1.6822410000,0.0000941999,0.1368073001,24.1837488000,252,252,0
4275,200,440,40,20,6,2,Sweep Line,Local,18,0.22302034,4.46040686,100.00%,25.7176757000,0.0853384000,0.2802480001,7.9043520999,1.7320115000,15.4596892999,1.8242165999,0.0001033000,0.1432739000,25.7237167000,264,264,0
4275,200,460,40,20,6,2,Sweep Line,Local,18,0.21297354,4.25947070,99.64%,25.8069424000,0.0926975000,0.3037171000,8.2562847000,1.7899902001,15.2441786000,1.7409964001,0.0001112001,0.1471070000,25.8163833000,276,275,1
4275,200,480,40,20,6,2,Sweep Line,Local,18,0.19549621,3.90992415,100.00%,26.5061480000,0.0998541000,0.3292457000,8.7431108000,1.8986206000,15.4570422999,1.6994489000,0.0001036999,0.1571908000,26.5146642000,288,288,0
4275,200,500,40,20,6,2,Sweep Line,Local,18,0.19736158,3.94723154,100.00%,26.9055916000,0.1086634000,0.3507427001,8.8473698002,1.9486058000,15.5952499999,1.8184607999,0.0001128000,0.1606214000,26.9191734000,300,300,0
4275,200,520,40,20,6,2,Sweep Line,Local,18,0.18972959,3.79459181,99.68%,27.9381787000,0.1203549000,0.3916844001,9.4309221003,2.0618383998,16.0088985999,1.7888358000,0.0001211000,0.1713585000,27.9471339000,312,311,1
4275,200,540,40,20,6,2,Sweep Line,Local,18,0.18571902,3.71438037,100.00%,28.1503851000,0.1270005000,0.4174360999,9.9609471999,2.1897809001,15.7255743000,1.7237297000,0.0001157000,0.1727563000,28.1730986000,324,324,0
4275,200,560,40,20,6,2,Sweep Line,Local,18,0.18485552,3.69711036,99.70%,29.3523594000,0.1352205000,0.4480478999,10.2837770999,2.2787210999,16.4061866999,1.8734662999,0.0001190000,0.1793315999,29.3607978000,336,335,1
4275,200,580,40,20,6,2,Sweep Line,Local,18,0.17369689,3.47393775,100.00%,29.7314954000,0.1456253000,0.4807425998,10.6818912000,2.3732151001,16.4266256000,1.7929156001,0.0001424001,0.1777933999,29.7413311000,348,348,0
4275,200,600,40,20,6,2,Sweep Line,Local,18,0.16664731,3.33294611,100.00%,30.0549855000,0.1565113001,0.5117284002,11.0955797000,2.4522401002,16.3251982999,1.7536116001,0.0001226001,0.1860057999,30.0666047000,360,360,0
4275,200,620,40,20,6,2,Sweep Line,Local,18,0.16362397,3.27247938,100.00%,30.3944611000,0.1697015000,0.5391049000,11.3038002999,2.5266335999,16.3198005000,1.8404181000,0.0001608999,0.1932676000,30.4063368000,372,372,0
4275,200,640,40,20,6,2,Sweep Line,Local,18,0.15343834,3.06876680,100.00%,30.8808194000,0.1773739000,0.5796208000,11.7811882000,2.6186712001,16.2878826000,1.8199544000,0.0001378000,0.2053390000,30.8951977000,384,384,0
4275,200,660,40,20,6,2,Sweep Line,Local,18,0.15437955,3.08759092,100.00%,31.8499441000,0.1857339000,0.6151068000,12.1901264000,2.7081465001,16.7213524000,1.8985386000,0.0001383001,0.2082150000,31.8707225000,396,396,0
4275,200,680,40,20,6,2,Sweep Line,Local,18,0.16551933,3.31038659,100.00%,32.5911700000,0.1996109999,0.6605655999,12.5804895999,2.8427755997,16.8843741999,2.0187577000,0.0001552999,0.2152974000,32.6110791000,408,408,0
4275,200,700,40,20,6,2,Sweep Line,Local,18,0.14451572,2.89031432,100.00%,32.6619597000,0.2121074000,0.6905039001,12.9561791000,2.8873276999,16.6102110999,1.9372231000,0.0001452000,0.2212577999,32.6770417000,420,420,0
4275,200,720,40,20,6,2,Sweep Line,Local,18,0.15259870,3.05197395,100.00%,33.7685364000,0.2203275000,0.7354092000,13.3774055000,2.9994447999,17.1863922999,1.9886589000,0.0001692001,0.2249632999,33.7798932000,432,432,0
4275,200,740,40,20,6,2,Sweep Line,Local,18,0.15480165,3.09603301,100.00%,34.4475764000,0.2376589000,0.7836205001,13.6313517003,3.0695121000,17.3782237000,2.1396391000,0.0001554000,0.2379980999,34.4551075000,444,444,0
4275,200,760,40,20,6,2,Sweep Line,Local,18,0.14053721,2.81074426,100.00%,35.1330920000,0.2481859999,0.8168380000,13.9051729002,3.1162072003,17.8264660000,2.1285922999,0.0001625999,0.1708740002,35.1453952000,456,456,0
4275,200,780,40,20,6,2,Sweep Line,Local,18,0.14201130,2.84022596,100.00%,35.6018020000,0.2684799001,0.8844213000,14.6145435998,3.3141612999,17.4537090000,2.1702744000,0.0001735999,0.1703284000,35.6119939000,468,468,0
4275,200,800,40,20,6,2,Sweep Line,Local,18,0.14576441,2.91528816,100.00%,36.4788380000,0.2730976999,0.9073327999,14.7906621997,3.3141036999,18.1088954000,2.1811898001,0.0001684000,0.1784041001,36.4924559000,480,480,0
4275,200,820,40,20,6,2,Sweep Line,Local,18,0.13830273,2.76605456,100.00%,36.1099540000,0.2889482000,0.9499347999,15.0859178001,3.4326237999,17.3908709000,2.1733090000,0.0001799998,0.1796014999,36.1188969000,492,492,0
4275,200,840,40,20,6,2,Sweep Line,Local,18,0.14255717,2.85114333,100.00%,37.5117252000,0.3048435999,1.0233549999,15.6482114001,3.5454650000,18.0502656000,2.2492277000,0.0002057999,0.1923714999,37.5753177000,504,504,0
4275,200,860,40,20,6,2,Sweep Line,Local,18,0.13615387,2.72307736,100.00%,37.1889283000,0.3247747000,1.0538446001,15.9237285000,3.6263004002,17.3952490000,2.2585126001,0.0001833001,0.1880670000,37.2038124000,516,516,0
4275,200,880,40,20,6,2,Sweep Line,Local,18,0.12850980,2.57019595,100.00%,38.3256723000,0.3317422000,1.0983473001,16.4689795000,3.7329281997,17.9173972000,2.2665404000,0.0002111000,0.1950948999,38.3358363000,528,528,0
4275,200,900,40,20,6,2,Sweep Line,Local,18,0.13212875,2.64257491,100.00%,39.1217098000,0.3522777000,1.1459676001,16.6968842998,3.8332791002,18.3771292000,2.3176965001,0.0001931000,0.1866692000,39.1389861000,540,540,0
4275,200,920,40,20,6,2,Sweep Line,Local,18,0.13046198,2.60923954,100.00%,39.0424037000,0.3526042999,1.1830483999,16.8538942000,3.8609422998,18.0738551999,2.3424971001,0.0001972000,0.1915176000,39.0532429000,552,552,0
4275,200,940,40,20,6,2,Sweep Line,Local,18,0.13143417,2.62868341,100.00%,40.5776704000,0.3950375000,1.2555722001,17.6289823002,4.0390294002,18.6180133001,2.4329117001,0.0002089000,0.1967692998,40.5882367000,564,564,0
4275,200,960,40,20,6,2,Sweep Line,Local,18,0.12411761,2.48235211,100.00%,40.2046296000,0.3946646000,1.2884851999,17.7641588002,4.0839911001,18.1445549000,2.3664701999,0.0002074000,0.1976112000,40.2288852000,576,576,0
4275,200,980,40,20,6,2,Sweep Line,Local,18,0.12557475,2.51149495,100.00%,41.5825303000,0.4195065001,1.3699552001,18.2310183999,4.1838209998,18.8034756000,2.5080098001,0.0002122000,0.1979771999,41.5925616000,588,588,0
4275,200,1000,40,20,6,2,Sweep Line,Local,18,0.11806517,2.36130346,100.00%,42.1044525000,0.4286461999,1.4188657999,18.6780917000,4.3002564000,18.8033414001,2.5210745001,0.0002290000,0.1984604999,42.1222328000,600,600,0
4275,200,60,40,20,6,2,Sweep Line,Local,20,0.51141933,10.22838669,41.67%,3.2792051000,0.0017975000,0.0034340000,0.2569345000,0.0780185000,2.2773626000,0.6961232000,0.0000166000,0.0375273000,3.2803645000,36,15,21
4275,200,80,40,20,6,2,Sweep Line,Local,20,0.68084937,13.61698734,66.67%,5.9785188000,0.0030818000,0.0091261000,0.7080795000,0.1924704000,4.1204365000,1.0856498000,0.0000231000,0.0382382999,5.9809833000,48,32,16
4275,200,100,40,20,6,2,Sweep Line,Local,20,0.51868425,10.37368496,80.00%,8.4003411000,0.0050716000,0.0161487000,1.3228179000,0.3070616000,5.6509408000,1.3475788000,0.0000280000,0.0448684000,8.4017296000,60,48,12
4275,200,120,40,20,6,2,Sweep Line,Local,20,0.47368989,9.47379777,81.94%,9.0419166000,0.0067233000,0.0231464000,1.4235856000,0.2822633001,6.0593979000,1.4570447000,0.0000338000,0.0508230000,9.0452675000,72,59,13
4275,200,140,40,20,6,2,Sweep Line,Local,20,0.45623018,9.12460353,72.62%,8.9691954000,0.0096547000,0.0259104001,1.6101764000,0.3303421999,6.0733004000,1.1772765000,0.0000447000,0.0532289000,8.9712247000,84,61,23
4275,200,160,40,20,6,2,Sweep Line,Local,20,0.44914419,8.98288376,83.33%,12.8891828000,0.0124697000,0.0364392000,2.2282569001,0.4462869000,8.8104593000,1.7284735000,0.0000432000,0.0574813000,12.8916723000,96,80,16
4275,200,180,40,20,6,2,Sweep Line,Local,20,0.40868505,8.17370109,81.48%,11.6094653000,0.0162961000,0.0485874000,2.3317017000,0.4718894000,7.5788719000,1.5314090000,0.0000469000,0.0690140000,11.6124347000,108,88,20
4275,200,200,40,20,6,2,Sweep Line,Local,20,0.40059966,8.01199319,81.67%,12.8101030000,0.0187411000,0.0543588000,2.6308423999,0.5325943000,8.4745490000,1.5317531000,0.0000504000,0.0718616000,12.8143196000,120,98,22
4275,200,220,40,20,6,2,Sweep Line,Local,20,0.35955050,7.19101006,93.94%,15.7971812000,0.0229418000,0.0751753000,3.4327222001,0.7011988001,10.5051955000,1.6589701000,0.0000555000,0.0783899000,15.8014724000,132,124,8
4275,200,240,40,20,6,2,Sweep Line,Local,20,0.35356697,7.07133947,88.19%,15.3446474000,0.0257536000,0.0787629000,3.5423140000,0.7164946000,10.0222303000,1.5735485000,0.0000585000,0.0817087000,15.3479605000,144,127,17
4275,200,260,40,20,6,2,Sweep Line,Local,20,0.31758449,6.35168973,91.67%,18.1552879000,0.0311761000,0.0990770000,4.4144142000,0.8726462999,11.9162991000,1.5875652000,0.0000655999,0.0866668000,18.1612471000,156,143,13
4275,200,280,40,20,6,2,Sweep Line,Local,20,0.29598810,5.91976200,95.83%,19.3067561000,0.0359698999,0.1112497000,4.9628175001,0.9990434999,12.5223707000,1.5631902000,0.0000683000,0.0959186000,19.3124375000,168,161,7
4275,200,300,40,20,6,2,Sweep Line,Local,20,0.29808951,5.96179025,98.89%,20.6023621000,0.0413304999,0.1361496000,5.5402255001,1.1164256000,13.1797514000,1.5872189000,0.0000703999,0.1013227000,20.6081387000,180,178,2
4275,200,320,40,20,6,2,Sweep Line,Local,20,0.24610783,4.92215659,95.83%,20.1469698000,0.0475459000,0.1493384000,5.5996483001,1.1285824000,12.6596680000,1.5621593000,0.0000766000,0.1068782000,20.1537579000,192,184,8
4275,200,340,40,20,6,2,Sweep Line,Local,20,0.25442767,5.08855342,95.59%,21.1390062000,0.0509294001,0.1610801000,6.0916766000,1.2450512000,13.0931102000,1.6098287000,0.0000777000,0.1135950000,21.1514203000,204,195,9
4275,200,360,40,20,6,2,Sweep Line,Local,20,0.24967477,4.99349543,97.22%,22.0899494000,0.0567779000,0.1825964001,6.5603078001,1.3246934000,13.5301232000,1.6213647000,0.0000804000,0.1195638000,22.1049031000,216,210,6
4275,200,380,40,20,6,2,Sweep Line,Local,20,0.21880662,4.37613234,98.25%,23.0250251000,0.0628209000,0.2027980999,7.0419250001,1.4387419001,13.9767418000,1.5971230000,0.0000838000,0.1248656000,23.0352703000,228,224,4
4275,200,400,40,20,6,2,Sweep Line,Local,20,0.23740720,4.74814395,96.67%,23.9756370000,0.0713020000,0.2272894001,7.4725247999,1.5253598999,14.3548682000,1.7017814000,0.0000908001,0.1270652000,23.9847743000,240,232,8
4275,200,420,40,20,6,2,Sweep Line,Local,20,0.21008543,4.20170856,100.00%,24.0923560000,0.0791974000,0.2572474000,7.7885721000,1.5884394001,14.1573108000,1.6510947001,0.0001061001,0.1357208000,24.1009417000,252,252,0
4275,200,440,40,20,6,2,Sweep Line,Local,20,0.22302034,4.46040686,100.00%,26.5926406000,0.0881522000,0.2841812999,8.5780391001,1.7435228001,15.6586117000,1.8210873000,0.0001058001,0.1417129999,26.5983976000,264,264,0
4275,200,460,40,20,6,2,Sweep Line,Local,20,0.21297354,4.25947070,99.64%,26.0274619000,0.0976467000,0.3044480002,8.7761405001,1.7820974999,14.9688395000,1.7096767001,0.0001007000,0.1478328001,26.0371738000,276,275,1
4275,200,480,40,20,6,2,Sweep Line,Local,20,0.19535936,3.90718729,100.00%,26.9808042000,0.1037824001,0.3291197002,9.3236623998,1.9091845999,15.3548786000,1.6936236000,0.0001226001,0.1548429000,26.9955898000,288,288,0
4275,200,500,40,20,6,2,Sweep Line,Local,20,0.19736158,3.94723154,100.00%,28.0186999000,0.1134215999,0.3644173000,9.6771765998,1.9797802000,15.8424548000,1.8321403000,0.0001164000,0.1632328000,28.0354289000,300,300,0
4275,200,520,40,20,6,2,Sweep Line,Local,20,0.18949507,3.78990146,99.68%,27.9283789000,0.1200184001,0.3803372000,9.9876596002,2.0642218998,15.5052522000,1.7472802000,0.0001119999,0.1644044001,27.9406137000,312,311,1
4275,200,540,40,20,6,2,Sweep Line,Local,20,0.18559255,3.71185093,100.00%,28.6070834000,0.1314175000,0.4245496000,10.5734584002,2.1822637002,15.5467470000,1.7332733999,0.0001220000,0.1737787001,28.6175700000,324,324,0
4275,200,560,40,20,6,2,Sweep Line,Local,20,0.18487908,3.69758168,99.70%,29.5623008000,0.1363196000,0.4296169000,10.7599282000,2.2314634999,16.1863676001,1.8513829000,0.0001431001,0.1724416998,29.6056488000,336,335,1
4275,200,580,40,20,6,2,Sweep Line,Local,20,0.17369689,3.47393775,100.00%,30.5065114000,0.1521860999,0.4795034000,11.5401154001,2.3962443998,16.3193516000,1.8038616000,0.0001457000,0.1849146000,30.5190570000,348,348,0
4275,200,600,40,20,6,2,Sweep Line,Local,20,0.16664026,3.33280517,100.00%,30.3098637000,0.1628045001,0.5017652998,11.6611641000,2.4256859002,16.0343840000,1.7303874000,0.0001250000,0.1935667000,30.3249602000,360,360,0
4275,200,620,40,20,6,2,Sweep Line,Local,20,0.16353285,3.27065708,100.00%,31.2891534000,0.1695901000,0.5487894001,12.1702347002,2.5568515001,16.3002414001,1.8676921000,0.0001353000,0.2036106000,31.3024370000,372,372,0
4275,200,640,40,20,6,2,Sweep Line,Local,20,0.15316710,3.06334202,100.00%,31.5574464000,0.1783387999,0.5762823999,12.7096723998,2.6718669999,16.0786649999,1.7835079000,0.0001312999,0.2009695000,31.5691511000,384,384,0
4275,200,660,40,20,6,2,Sweep Line,Local,20,0.15431642,3.08632835,100.00%,32.4564571000,0.1923259999,0.6196947000,13.0361808001,2.7404731000,16.4822523999,1.8864145999,0.0001380999,0.2086498000,32.4733221000,396,396,0
4275,200,680,40,20,6,2,Sweep Line,Local,20,0.16552860,3.31057205,100.00%,33.3775578000,0.2028058000,0.6548164999,13.4688833999,2.8584599000,16.7857285000,2.0196163000,0.0001514000,0.2149092000,33.3939548000,408,408,0
4275,200,700,40,20,6,2,Sweep Line,Local,20,0.14446132,2.88922638,100.00%,33.1052973000,0.2117276000,0.6867416000,13.5518825002,2.8897468997,16.4966853000,1.8993895001,0.0001466000,0.2252206000,33.1142788000,420,420,0
4275,200,720,40,20,6,2,Sweep Line,Local,20,0.15265335,3.05306705,100.00%,34.6198142000,0.2238278000,0.7325446002,14.2882831999,3.0271257001,17.1481544000,1.9666638999,0.0001510000,0.2246806001,34.6299166000,432,432,0
4275,200,740,40,20,6,2,Sweep Line,Local,20,0.15493187,3.09863746,100.00%,35.4229757000,0.2374612000,0.7878752000,14.5967307002,3.0923240001,17.4045114000,2.1264759999,0.0001535000,0.2309076000,35.4318121000,444,444,0
4275,200,760,40,20,6,2,Sweep Line,Local,20,0.14052317,2.81046331,100.00%,35.1395774000,0.2507915999,0.8017845001,14.6593406999,3.1196499000,17.1733599001,2.0527156000,0.0001540000,0.1648880001,35.1475477000,456,456,0
4275,200,780,40,20,6,2,Sweep Line,Local,20,0.14190472,2.83809431,100.00%,35.8410691000,0.2645774000,0.8714795000,15.2020985000,3.2534679997,17.1430355999,2.1483083000,0.0001658999,0.1732595999,35.8494859000,468,468,0
4275,200,800,40,20,6,2,Sweep Line,Local,20,0.14573912,2.91478231,100.00%,36.7560581000,0.2759628000,0.8967488999,15.6436153999,3.3500870001,17.5771278999,2.1463017001,0.0001661001,0.1787769001,36.7651465000,480,480,0
4275,200,820,40,20,6,2,Sweep Line,Local,20,0.13813371,2.76267428,100.00%,37.2196425000,0.2887093000,0.9471688999,16.0744258001,3.4417180000,17.4783741000,2.2062651001,0.0001772001,0.1858833999,37.2280106000,492,492,0
4275,200,840,40,20,6,2,Sweep Line,Local,20,0.14207128,2.84142564,100.00%,37.9787323000,0.3057705000,0.9957516998,16.4855385001,3.5656411000,17.7239723000,2.2372507001,0.0001753999,0.1882077001,37.9954708000,504,504,0
4275,200,860,40,20,6,2,Sweep Line,Local,20,0.13615387,2.72307736,100.00%,42.0885061000,0.3634424999,1.1622820000,18.6978233999,4.0663154999,19.1478795000,2.4619831000,0.0002321000,0.2060278999,42.0993347000,516,516,0
4275,200,880,40,20,6,2,Sweep Line,Local,20,0.12850980,2.57019595,100.00%,39.2105804000,0.3327860000,1.0913555000,17.3621435001,3.7416930999,17.9334998000,2.2550438001,0.0001903001,0.1901205001,39.2189763000,528,528,0
4275,200,900,40,20,6,2,Sweep Line,Local,20,0.13208219,2.64164381,100.00%,40.5969701000,0.3497949000,1.1499284000,17.9640948002,3.8942002999,18.5622788999,2.3333760000,0.0001961000,0.1938923999,40.6135717000,540,540,0
4275,200,920,40,20,6,2,Sweep Line,Local,20,0.13046326,2.60926523,100.00%,40.4640274000,0.3617545999,1.1938840000,18.1432308999,3.9674629996,18.1636910000,2.3650786000,0.0001924000,0.1892269000,40.4738510000,552,552,0
4275,200,940,40,20,6,2,Sweep Line,Local,20,0.13135951,2.62719023,100.00%,41.2832080000,0.3770795000,1.2363022001,18.4270057999,3.9976349000,18.5891030999,2.4058321000,0.0002057999,0.1967478000,41.3014133000,564,564,0
4275,200,960,40,20,6,2,Sweep Line,Local,20,0.12416150,2.48323005,100.00%,41.8332725000,0.4013232000,1.2957137002,19.1728426001,4.2136010998,18.3296124999,2.3822312001,0.0002052001,0.2016813999,41.8428654000,576,576,0
4275,200,980,40,20,6,2,Sweep Line,Local,20,0.12545931,2.50918620,100.00%,42.6077384000,0.4013500000,1.3376851001,19.4441526001,4.2559857003,18.7066924999,2.4673217999,0.0002102000,0.1983841000,42.6248185000,588,588,0
4275,200,1000,40,20,6,2,Sweep Line,Local,20,0.11781136,2.35622729,100.00%,43.0862613000,0.4234002000,1.3905989998,19.7938204999,4.3758946997,18.7646198999,2.4597146000,0.0002186000,0.2002196999,43.1007271000,600,600,0
4275,200,60,40,20,6,2,Sweep Line,Local,20,0.51141933,10.22838669,41.67%,3.5504161000,0.0017462000,0.0039876000,0.2881872000,0.0851143000,2.4652910000,0.7464259000,0.0000183000,0.0379155000,3.5515161000,36,15,21
4275,200,80,40,20,6,2,Sweep Line,Local,20,0.68084937,13.61698734,66.67%,5.9775379000,0.0034322000,0.0092214000,0.7299425000,0.2044368001,4.0516923000,1.1281057000,0.0000242000,0.0395514000,5.9788729000,48,32,16
4275,200,100,40,20,6,2,Sweep Line,Local,20,0.51868425,10.37368496,80.00%,8.5638646000,0.0050536000,0.0166420000,1.3599232000,0.3146282000,5.7581663000,1.3651369000,0.0000284000,0.0468296000,8.5656548000,60,48,12
4275,200,120,40,20,6,2,Sweep Line,Local,20,0.47368989,9.47379777,81.94%,9.0048661000,0.0067970000,0.0240367000,1.4198921000,0.2865763000,6.0049875000,1.4841054000,0.0000289001,0.0464840999,9.0067159000,72,59,13
4275,200,140,40,20,6,2,Sweep Line,Local,20,0.45623018,9.12460353,72.62%,8.9426879000,0.0093749000,0.0261767000,1.6119178000,0.3291460999,6.0464799000,1.1786763000,0.0000419000,0.0557700000,8.9449666000,84,61,23
4275,200,160,40,20,6,2,Sweep Line,Local,20,0.44914419,8.98288376,83.33%,12.8289162000,0.0125584000,0.0372554000,2.2711065000,0.4499781001,8.7549327000,1.6789647000,0.0000456000,0.0583724000,12.8311574000,96,80,16
4275,200,180,40,20,6,2,Sweep Line,Local,20,0.40868505,8.17370109,81.48%,11.3180872000,0.0154533000,0.0466696999,2.2781760999,0.4594962000,7.4094072000,1.4729293000,0.0000734000,0.0679258999,11.3224289000,108,88,20
4275,200,200,40,20,6,2,Sweep Line,Local,20,0.40059966,8.01199319,81.67%,12.9111089000,0.0192446000,0.0533650000,2.6486014999,0.5343559001,8.5508439000,1.5467384000,0.0000542000,0.0672339000,12.9145337000,120,98,22
4275,200,220,40,20,6,2,Sweep Line,Local,20,0.35955050,7.19101006,93.94%,16.3008776000,0.0237807000,0.0763787999,3.6055320999,0.7228737000,10.8298156000,1.6587297000,0.0000568000,0.0780455999,16.3050190000,132,124,8
4275,200,240,40,20,6,2,Sweep Line,Local,20,0.35356697,7.07133947,88.19%,15.7906749000,0.0264380000,0.0785685000,3.5997864000,0.7339172000,10.3774730000,1.5997655000,0.0000586000,0.0802896000,15.7961713000,144,127,17
4275,200,260,40,20,6,2,Sweep Line,Local,20,0.31758449,6.35168973,91.67%,17.9370005000,0.0318073000,0.0978325999,4.3695718000,0.8816410000,11.7524247000,1.5769545000,0.0000637000,0.0911392999,17.9419064000,156,143,13
4275,200,280,40,20,6,2,Sweep Line,Local,20,0.29598810,5.91976200,95.83%,19.3170006000,0.0358072000,0.1162871000,4.9963431001,1.0071653999,12.4957090000,1.5630343000,0.0000687000,0.0942633999,19.3220480000,168,161,7
4275,200,300,40,20,6,2,Sweep Line,Local,20,0.29808951,5.96179025,98.89%,20.4123700000,0.0403759000,0.1324076001,5.5202518001,1.1145791000,12.9932645000,1.6088821000,0.0000711000,0.1005566000,20.4185334000,180,178,2
4275,200,320,40,20,6,2,Sweep Line,Local,20,0.24610783,4.92215659,95.83%,20.2206553000,0.0479308000,0.1457298000,5.5707860000,1.1278772001,12.7046196000,1.6216812999,0.0000907000,0.1063176001,20.2293727000,192,184,8
4275,200,340,40,20,6,2,Sweep Line,Local,20,0.25442767,5.08855342,95.59%,20.8812400000,0.0514095000,0.1634162000,6.0355441001,1.2282393000,12.9146050000,1.5853828000,0.0000745000,0.1117217000,20.8887668000,204,195,9
4275,200,360,40,20,6,2,Sweep Line,Local,20,0.24967477,4.99349543,97.22%,22.4879147000,0.0594811000,0.1891398999,6.7157621999,1.3773533999,13.6917455001,1.6860093000,0.0000828000,0.1201402000,22.4968540000,216,210,6
4275,200,380,40,20,6,2,Sweep Line,Local,20,0.21880662,4.37613234,98.25%,22.9938728000,0.0639672999,0.2047724001,7.0085679999,1.4157659999,13.9781546000,1.5896906999,0.0000845000,0.1295638000,23.0032802000,228,224,4
4275,200,400,40,20,6,2,Sweep Line,Local,20,0.23740720,4.74814395,96.67%,23.7030333000,0.0704437000,0.2304776000,7.4111957000,1.5139378998,14.1889675000,1.6503680999,0.0000907000,0.1304100000,23.7103288000,240,232,8
4275,200,420,40,20,6,2,Sweep Line,Local,20,0.21008543,4.20170856,100.00%,24.3659341000,0.0794643000,0.2587853000,7.8961704001,1.6142237998,14.3050326001,1.6595114000,0.0000923999,0.1366516000,24.3748483000,252,252,0
4275,200,440,40,20,6,2,Sweep Line,Local,20,0.22302034,4.46040686,100.00%,26.1010371000,0.0876665000,0.2805245999,8.5029590001,1.7544196002,15.2684235999,1.7985853999,0.0001034999,0.1412917000,26.1073357000,264,264,0
4275,200,460,40,20,6,2,Sweep Line,Local,20,0.21297354,4.25947070,99.64%,26.6355752000,0.0937275999,0.3038634000,8.8248241999,1.8178830003,15.4843519000,1.7557825001,0.0001065999,0.1499728001,26.6442182000,276,275,1
4275,200,480,40,20,6,2,Sweep Line,Local,20,0.19535936,3.90718729,100.00%,26.9816485000,0.1027587000,0.3304060000,9.3488722999,1.9538815997,15.3230892001,1.7011019000,0.0001287000,0.1550409001,26.9923268000,288,288,0
4275,200,500,40,20,6,2,Sweep Line,Local,20,0.19736158,3.94723154,100.00%,27.4943166000,0.1050068001,0.3564824001,9.5108695000,1.9867239997,15.5222734000,1.8160890000,0.0001083000,0.1585464000,27.5038519000,300,300,0
4275,200,520,40,20,6,2,Sweep Line,Local,20,0.18949507,3.78990146,99.68%,28.5678296000,0.1185551999,0.3835866001,10.1892330002,2.1288112000,15.9199160999,1.7704301001,0.0001188000,0.1630045000,28.5839253000,312,311,1
4275,200,540,40,20,6,2,Sweep Line,Local,20,0.18559255,3.71185093,100.00%,28.4407542000,0.1292592000,0.4178392999,10.6102511999,2.2081161000,15.3861406000,1.7030077999,0.0001354000,0.1702590000,28.4560010000,324,324,0
4275,200,560,40,20,6,2,Sweep Line,Local,20,0.18487908,3.69758168,99.70%,29.8633170000,0.1424335999,0.4448904999,10.8893343000,2.2701624001,16.2531237001,1.9293905000,0.0001266000,0.1769252000,29.8733644000,336,335,1
4275,200,580,40,20,6,2,Sweep Line,Local,20,0.17369689,3.47393775,100.00%,30.1997441000,0.1538821000,0.4824223000,11.4134392003,2.3904272001,16.1324954000,1.8013121001,0.0001231000,0.1891136000,30.2141392000,348,348,0
4275,200,600,40,20,6,2,Sweep Line,Local,20,0.16664026,3.33280517,100.00%,30.9549407000,0.1595473999,0.5203575999,11.8902760999,2.5067487001,16.4108198999,1.7595895999,0.0001247001,0.1870767001,30.9689471000,360,360,0
4275,200,620,40,20,6,2,Sweep Line,Local,20,0.16353285,3.27065708,100.00%,31.4285346000,0.1701442001,0.5401837000,12.2155390000,2.5832667999,16.4116970000,1.8564547000,0.0001299999,0.2046844001,31.4470472000,372,372,0
4275,200,640,40,20,6,2,Sweep Line,Local,20,0.15316710,3.06334202,100.00%,31.9157701000,0.1785584001,0.5834934000,12.7541559999,2.7006239999,16.3445358000,1.8221053001,0.0001440000,0.2019326001,31.9328570000,384,384,0
4275,200,660,40,20,6,2,Sweep Line,Local,20,0.15431642,3.08632835,100.00%,32.4555751000,0.1884758001,0.6208645998,13.0381188002,2.7520558000,16.5036799000,1.8624356000,0.0001509999,0.2107010001,32.4718383000,396,396,0
4275,200,680,40,20,6,2,Sweep Line,Local,20,0.16552860,3.31057205,100.00%,33.3480325000,0.2008236999,0.6620022001,13.3637083000,2.8275454000,16.8798394000,1.9951019001,0.0001464999,0.2141050000,33.3650834000,408,408,0
4275,200,700,40,20,6,2,Sweep Line,Local,20,0.14446132,2.88922638,100.00%,33.3820731000,0.2059087999,0.6799172001,13.7212120001,2.9071617999,16.6113824000,1.9093554999,0.0001510000,0.2198832000,33.3905066000,420,420,0
4275,200,720,40,20,6,2,Sweep Line,Local,20,0.15265335,3.05306705,100.00%,34.6265746000,0.2248364001,0.7325656000,14.3104198997,3.0477979001,17.0978780001,2.0049816001,0.0001576000,0.2206780001,34.6447401000,432,432,0
4275,200,740,40,20,6,2,Sweep Line,Local,20,0.15493187,3.09863746,100.00%,35.2468364000,0.2323434999,0.7704015001,14.4976489998,3.1116774000,17.3468203001,2.1290315001,0.0001526000,0.2320774999,35.2579633000,444,444,0
4275,200,760,40,20,6,2,Sweep Line,Local,20,0.14052317,2.81046331,100.00%,35.9279447000,0.2509759000,0.8337320000,15.0296680000,3.2121657000,17.4999779999,2.1089760001,0.0001934000,0.1666322999,35.9494688000,456,456,0
4275,200,780,40,20,6,2,Sweep Line,Local,20,0.14190472,2.83809431,100.00%,35.8444188000,0.2631907000,0.8561193000,15.3230786999,3.2500995002,17.0513015000,2.1368195000,0.0001748000,0.1747053998,35.8533944000,468,468,0
4275,200,800,40,20,6,2,Sweep Line,Local,20,0.14573912,2.91478231,100.00%,37.2727579000,0.2779143000,0.9037694999,15.8258847000,3.3878529000,17.8642897000,2.1801897000,0.0001667001,0.1810100001,37.3398955000,480,480,0
4275,200,820,40,20,6,2,Sweep Line,Local,20,0.13813371,2.76267428,100.00%,36.9491855000,0.2896735000,0.9335894998,16.0521309001,3.4179053001,17.2707262000,2.1871803000,0.0001761000,0.1755726001,36.9597159000,492,492,0
4275,200,840,40,20,6,2,Sweep Line,Local,20,0.14207128,2.84142564,100.00%,38.3530790000,0.3221917000,1.0043061000,16.7120314000,3.5964499998,17.8160654999,2.2592722000,0.0001912000,0.1949018000,38.3710620000,504,504,0
4275,200,860,40,20,6,2,Sweep Line,Local,20,0.13615387,2.72307736,100.00%,38.4312615000,0.3201551001,1.0348054998,16.9974040002,3.6433925999,17.6448520999,2.2027055999,0.0001821000,0.1881049000,38.4417732000,516,516,0
4275,200,880,40,20,6,2,Sweep Line,Local,20,0.12850980,2.57019595,100.00%,38.9058347000,0.3343851000,1.0828611001,17.3196635001,3.7348720999,17.7052803000,2.2281361000,0.0001906000,0.1894397000,38.9164801000,528,528,0
4275,200,900,40,20,6,2,Sweep Line,Local,20,0.13208219,2.64164381,100.00%,40.4787847000,0.3536179001,1.1584731000,17.9596198000,3.9042446995,18.4336122000,2.3319537999,0.0001969001,0.1947757001,40.4882367000,540,540,0
4275,200,920,40,20,6,2,Sweep Line,Local,20,0.13046326,2.60926523,100.00%,40.5936391000,0.3720547998,1.1952965001,18.1918672001,3.9491154001,18.2146175000,2.3603987999,0.0001941999,0.2102774000,40.6108089000,552,552,0
4275,200,940,40,20,6,2,Sweep Line,Local,20,0.13135951,2.62719023,100.00%,41.8490333000,0.3803306000,1.2758234001,18.8290177003,4.0943429001,18.6438119999,2.4681271000,0.0002037000,0.2008115999,41.8841391000,564,564,0
4275,200,960,40,20,6,2,Sweep Line,Local,20,0.12416150,2.48323005,100.00%,42.0566180000,0.3999931000,1.3102179000,19.2162874001,4.1983399000,18.4764360000,2.4012756000,0.0002079000,0.2004761001,42.0679684000,576,576,0
4275,200,980,40,20,6,2,Sweep Line,Local,20,0.12545931,2.50918620,100.00%,42.4949314000,0.4087301999,1.3455634000,19.3685577001,4.2443711997,18.6362797000,2.4898028000,0.0002370000,0.1942583001,42.5107679000,588,588,0
4275,200,1000,40,20,6,2,Sweep Line,Local,20,0.11781136,2.35622729,100.00%,43.5350670000,0.4389028000,1.4339826002,20.1255804999,4.4058259000,18.7603703001,2.5179146000,0.0002319000,0.2030742000,43.5470880000,600,600,0
4275,200,60,40,20,6,2,Sweep Line,Local,20,0.51141933,10.22838669,41.67%,3.3595003000,0.0019905000,0.0039934000,0.2946744000,0.0860968000,2.3309996000,0.6832244000,0.0000212000,0.0381011000,3.3607956000,36,15,21
4275,200,80,40,20,6,2,Sweep Line,Local,20,0.68084937,13.61698734,66.67%,5.9403452000,0.0032781000,0.0090986000,0.7032133000,0.1867759000,4.0918397000,1.0809502000,0.0000236000,0.0374846000,5.9420158000,48,32,16
4275,200,100,40,20,6,2,Sweep Line,Local,20,0.51868425,10.37368496,80.00%,8.4723485000,0.0053064000,0.0159477000,1.3866554000,0.3324517001,5.6527702000,1.3462500000,0.0000282000,0.0485013000,8.4740411000,60,48,12
4275,200,120,40,20,6,2,Sweep Line,Local,20,0.47368989,9.47379777,81.94%,8.9226189000,0.0071445000,0.0234649000,1.3963750000,0.2852980000,5.9371091000,1.4871576000,0.0000361000,0.0520840000,8.9243412000,72,59,13
4275,200,140,40,20,6,2,Sweep Line,Local,20,0.45623018,9.12460353,72.62%,9.2332529000,0.0106817000,0.0277799999,1.6709259000,0.3418757000,6.1995863000,1.2395036000,0.0000428000,0.0580245000,9.2352588000,84,61,23
4275,200,160,40,20,6,2,Sweep Line,Local,20,0.44914419,8.98288376,83.33%,12.7803153000,0.0112983001,0.0367471000,2.2065846001,0.4507622000,8.7762194000,1.6735797000,0.0000412000,0.0605373000,12.7826430000,96,80,16
4275,200,180,40,20,6,2,Sweep Line,Local,20,0.40868505,8.17370109,81.48%,11.2163860000,0.0151219000,0.0460143000,2.2889646000,0.4645712000,7.3316833000,1.4430659000,0.0000477000,0.0676143000,11.2186418000,108,88,20
4275,200,200,40,20,6,2,Sweep Line,Local,20,0.40059966,8.01199319,81.67%,12.9111040000,0.0186196000,0.0538025999,2.6919883000,0.5403482000,8.5511842000,1.5020478000,0.0000525000,0.0731576000,12.9169371000,120,98,22
4275,200,220,40,20,6,2,Sweep Line,Local,20,0.35955050,7.19101006,93.94%,15.8997158000,0.0236091000,0.0746480000,3.5094530998,0.7103813000,10.5477661000,1.6388171000,0.0000556000,0.0790334999,15.9032346000,132,124,8
4275,200,240,40,20,6,2,Sweep Line,Local,20,0.35356697,7.07133947,88.19%,15.9660594000,0.0274037000,0.0816323001,3.6792598000,0.7470673000,10.4512149000,1.6147970000,0.0000595000,0.0900855000,15.9715041000,144,127,17
4275,200,260,40,20,6,2,Sweep Line,Local,20,0.31758449,6.35168973,91.67%,17.7247614000,0.0320015999,0.0940886999,4.3398125000,0.8714127999,11.6219349000,1.5311157000,0.0000842000,0.0890035999,17.7295346000,156,143,13
4275,200,280,40,20,6,2,Sweep Line,Local,20,0.29598810,5.91976200,95.83%,19.3397764000,0.0357708000,0.1150547000,4.9878784001,1.0018140999,12.4875129999,1.6030285001,0.0000649000,0.0954528000,19.3453630000,168,161,7
4275,200,300,40,20,6,2,Sweep Line,Local,20,0.29808951,5.96179025,98.89%,20.4642355000,0.0423149000,0.1331106999,5.4969626999,1.1049863002,13.0678060000,1.5992724001,0.0000735001,0.1079919000,20.4713830000,180,178,2
4275,200,320,40,20,6,2,Sweep Line,Local,20,0.24610783,4.92215659,95.83%,20.4803783000,0.0465328000,0.1505085000,5.7121905001,1.1530786999,12.8587959001,1.5849005000,0.0000727000,0.1058507999,20.4865435000,192,184,8
4275,200,340,40,20,6,2,Sweep Line,Local,20,0.25442767,5.08855342,95.59%,21.1687463000,0.0560319001,0.1680742000,6.1263754000,1.2404159001,13.0600557000,1.6238395001,0.0000845999,0.1142322000,21.1774596000,204,195,9
4275,200,360,40,20,6,2,Sweep Line,Local,20,0.24967477,4.99349543,97.22%,22.6425570000,0.0584340001,0.1873035999,6.6086553001,1.3517321999,13.9876278000,1.6582445000,0.0000845000,0.1220817999,22.6503056000,216,210,6
4275,200,380,40,20,6,2,Sweep Line,Local,20,0.21880662,4.37613234,98.25%,23.3282712000,0.0651472001,0.2069890000,7.1142314999,1.4419019999,14.1858870000,1.6074305000,0.0000889000,0.1273908000,23.3348501000,228,224,4
4275,200,400,40,20,6,2,Sweep Line,Local,20,0.23740720,4.74814395,96.67%,23.8149237000,0.0741822000,0.2272880000,7.4293731001,1.5344045002,14.2556974001,1.6728907000,0.0000963000,0.1336705999,23.8235466000,240,232,8
4275,200,420,40,20,6,2,Sweep Line,Local,20,0.21008543,4.20170856,100.00%,24.5678038000,0.0821793000,0.2636147001,7.9609894999,1.6237689000,14.4088546000,1.6782802001,0.0001023001,0.1452470001,24.5780916000,252,252,0
4275,200,440,40,20,6,2,Sweep Line,Local,20,0.22302034,4.46040686,100.00%,25.9954616000,0.0869669001,0.2722400999,8.3772834000,1.7336385002,15.3099170000,1.7904442999,0.0000962000,0.1391718000,26.0082328000,264,264,0
4275,200,460,40,20,6,2,Sweep Line,Local,20,0.21297354,4.25947070,99.64%,26.1930832000,0.0963357999,0.3041121000,8.7447306000,1.8064825001,15.1433618000,1.7315379999,0.0001072000,0.1495832000,26.2012003000,276,275,1
4275,200,480,40,20,6,2,Sweep Line,Local,20,0.19535936,3.90718729,100.00%,27.0306956000,0.1030734000,0.3287369999,9.3381531999,1.9366141001,15.3830855000,1.6986994999,0.0001034001,0.1581658997,27.0411975000,288,288,0
4275,200,500,40,20,6,2,Sweep Line,Local,20,0.19736158,3.94723154,100.00%,27.7287979000,0.1130492001,0.3709758003,9.6659028001,2.0045937001,15.5491150999,1.8327827001,0.0001101000,0.1655259002,27.7377471000,300,300,0
4275,200,520,40,20,6,2,Sweep Line,Local,20,0.18949507,3.78990146,99.68%,28.4456103000,0.1232676000,0.3861502998,10.1129089006,2.1011476002,15.8420900002,1.7905348002,0.0001162000,0.1671168001,28.4977864000,312,311,1
4275,200,540,40,20,6,2,Sweep Line,Local,20,0.18559255,3.71185093,100.00%,28.5590871000,0.1347436000,0.4190139001,10.6425916001,2.2198846001,15.4434753000,1.7230421000,0.0001353000,0.1725388999,28.5773600000,324,324,0
4275,200,560,40,20,6,2,Sweep Line,Local,20,0.18487908,3.69758168,99.70%,30.4071429000,0.1445287998,0.4741412999,11.1337842995,2.3058879001,16.5302430001,1.9094855999,0.0001227001,0.1869389998,30.4162877000,336,335,1
4275,200,580,40,20,6,2,Sweep Line,Local,20,0.17369689,3.47393775,100.00%,30.6034350000,0.1550250999,0.4869371997,11.5659611999,2.4136812995,16.3602923998,1.8218673999,0.0001282000,0.1868834002,30.6133945000,348,348,0
4275,200,600,40,20,6,2,Sweep Line,Local,20,0.16664026,3.33280517,100.00%,30.8247584000,0.1651614000,0.5105979997,11.8238321999,2.5062202997,16.3118592000,1.7808878000,0.0001309001,0.2049761997,30.8341284000,360,360,0
4275,200,620,40,20,6,2,Sweep Line,Local,20,0.16353285,3.27065708,100.00%,32.0006748000,0.1729866001,0.5555827000,12.3498107997,2.5915000002,16.7986902000,1.8941610000,0.0001457002,0.1998194998,32.0168482000,372,372,0
4275,200,640,40,20,6,2,Sweep Line,Local,20,0.15316710,3.06334202,100.00%,31.3952587000,0.1831524999,0.5781537999,12.5011675999,2.6334827001,16.1013481999,1.7988210001,0.0001546000,0.2027121999,31.4070942000,384,384,0
4275,200,660,40,20,6,2,Sweep Line,Local,20,0.15431642,3.08632835,100.00%,33.1073386000,0.1932951998,0.6277410001,13.1685044998,2.7663323995,16.9655400000,1.9067255999,0.0001410000,0.2135865999,33.1197943000,396,396,0
4275,200,680,40,20,6,2,Sweep Line,Local,20,0.16552860,3.31057205,100.00%,33.4357075000,0.2076987999,0.6505886998,13.4273606004,2.8458048998,16.9036388001,2.0006779998,0.0001455001,0.2135045005,33.4553124000,408,408,0
4275,200,700,40,20,6,2,Sweep Line,Local,20,0.14446132,2.88922638,100.00%,33.8686959000,0.2152991001,0.7062048000,13.9575188997,2.9610237997,16.7721915000,1.9603573999,0.0001466001,0.2224365000,33.8780943000,420,420,0
4275,200,720,40,20,6,2,Sweep Line,Local,20,0.15265335,3.05306705,100.00%,34.7064964000,0.2315264000,0.7444933998,14.2975095000,3.0530138001,17.1811234998,1.9873071998,0.0001482002,0.2285722001,34.7152104000,432,432,0
4275,200,740,40,20,6,2,Sweep Line,Local,20,0.15493187,3.09863746,100.00%,35.7333692000,0.2390498002,0.7910650001,14.6263484998,3.1356290001,17.6307001002,2.1670997999,0.0001550999,0.2405979997,35.7413216000,444,444,0
4275,200,760,40,20,6,2,Sweep Line,Local,20,0.14052317,2.81046331,100.00%,35.9590975000,0.2565637001,0.8420797999,14.9898402006,3.2084720999,17.5880911999,2.0739774000,0.0001584001,0.1703782000,35.9681739000,456,456,0
4275,200,780,40,20,6,2,Sweep Line,Local,20,0.14190472,2.83809431,100.00%,35.9422570000,0.2657585999,0.8644556999,15.2361077997,3.2448799004,17.2563072000,2.1126543001,0.0001693998,0.1675694001,35.9508779000,468,468,0
4275,200,800,40,20,6,2,Sweep Line,Local,20,0.14573912,2.91478231,100.00%,37.2382415000,0.2893345002,0.9177753001,15.8394079004,3.3964764993,17.7864410000,2.1865512000,0.0001906001,0.1791845997,37.2463763000,480,480,0
4275,200,820,40,20,6,2,Sweep Line,Local,20,0.13813371,2.76267428,100.00%,37.1780751000,0.2954606000,0.9549399996,16.1390183999,3.4764889995,17.3810724000,2.1767436002,0.0001721000,0.1908681001,37.1879271000,492,492,0
4275,200,840,40,20,6,2,Sweep Line,Local,20,0.14207128,2.84142564,100.00%,38.6865288000,0.3116529000,1.0179580998,16.8284300999,3.5959053001,18.0081042001,2.2843006001,0.0002137001,0.1922359999,38.6952379000,504,504,0
4275,200,860,40,20,6,2,Sweep Line,Local,20,0.13615387,2.72307736,100.00%,38.6323195000,0.3192014001,1.0451165005,17.2077013006,3.7002221991,17.6187798000,2.2080913998,0.0001833000,0.1906890000,38.6438481000,516,516,0
4275,200,880,40,20,6,2,Sweep Line,Local,20,0.12850980,2.57019595,100.00%,39.7721361000,0.3465510999,1.1109597001,17.6425392003,3.8196675000,18.1404698998,2.2916442001,0.0001933000,0.1935875000,39.7840433000,528,528,0
4275,200,900,40,20,6,2,Sweep Line,Local,20,0.13208219,2.64164381,100.00%,40.5749263000,0.3536561000,1.1655443999,18.0929739001,3.9242068001,18.3911458000,2.3316736001,0.0002118000,0.1949190000,40.5850010000,540,540,0
4275,200,920,40,20,6,2,Sweep Line,Local,20,0.13046326,2.60926523,100.00%,41.0292611000,0.3729904000,1.2031288001,18.4147206000,4.0043862000,18.3743219999,2.4150306001,0.0002088998,0.1998316001,41.0621775000,552,552,0
4275,200,940,40,20,6,2,Sweep Line,Local,20,0.13135951,2.62719023,100.00%,41.8465274000,0.3787423002,1.2589126003,18.8187855000,4.0854508002,18.7052673000,2.4402592999,0.0002062002,0.1927717996,41.8569971000,564,564,0
4275,200,960,40,20,6,2,Sweep Line,Local,20,0.12416150,2.48323005,100.00%,44.4200073000,0.4151548999,1.3843386000,20.2953281999,4.4527391002,19.5486985998,2.5171236000,0.0002117000,0.2041347000,44.4574822000,576,576,0
4275,200,980,40,20,6,2,Sweep Line,Local,20,0.12545931,2.50918620,100.00%,42.3976500000,0.4115881001,1.3483829999,19.4449229000,4.2648291000,18.4536414000,2.4898818003,0.0002116999,0.1950915998,42.4100218000,588,588,0
4275,200,1000,40,20,6,2,Sweep Line,Local,20,0.11781136,2.35622729,100.00%,43.6256743000,0.4309865001,1.4178936000,20.0267112996,4.4160705999,19.0193048000,2.4738904999,0.0002195999,0.2024788997,43.6765688000,600,600,0
