Algorithm,VoronoiMode,Space,k,NumberOfNodes,n_runs,AverageEstimationError_mean,AverageEstimationError_sd,AverageEstimationError_ci95,Pe_pct_mean,Pe_pct_sd,Pe_pct_ci95,VoronoiProc_mean,VoronoiProc_sd,VoronoiProc_ci95,IntersectionCalc_mean,IntersectionCalc_sd,IntersectionCalc_ci95,TotalTime_mean,TotalTime_sd,TotalTime_ci95
Grid Scanning,Global,200,,60,3,0.51141933,0.0,0.0,41.67,0.0,0.0,0.2929471666666667,0.07371452524335576,0.18311703206079172,3.419453433333333,1.1315404544610694,2.810902315297849,4.717329066666667,1.5103758477953901,3.751981602425405
Grid Scanning,Global,200,,80,3,0.6808493700000001,1.3597399555105182e-16,3.3777813016573946e-16,66.67,0.0,0.0,0.7636997666666666,0.21268124872198615,0.5283295105324375,5.811801766666666,1.8957022695252708,4.709185497978414,8.0317565,2.5584160083467875,6.355457688680002
Grid Scanning,Global,200,,100,3,0.51868425,0.0,0.0,80.0,0.0,0.0,1.4965038666333335,0.3426395372883108,0.8511637961145763,8.6113342,2.3107254749521067,5.740160293830721,12.413230433333332,2.3913473819833557,5.940436213480275
Grid Scanning,Global,200,,120,3,0.47368989,0.0,0.0,81.94,0.0,0.0,1.7923052000000002,0.45599257147154276,1.132748343070467,8.794987866666666,2.926373182753161,7.269513981931968,12.618858099999999,4.020478486250825,9.987422226976557
Grid Scanning,Global,200,,140,3,0.45623018,0.0,0.0,72.62,0.0,0.0,2.3183979333666667,0.6045098578539565,1.5016857350198447,8.847305033333333,2.877472239660099,7.148037305054336,12.7413069,3.9615707039136296,9.84108718335715
Grid Scanning,Global,200,,160,3,0.44914419,0.0,0.0,83.33,0.0,0.0,3.488617666666667,0.9509460515650526,2.3622809485328213,12.910149133333334,4.206473140106311,10.449458560802919,18.647379,5.853009815449377,14.539682409802637
Grid Scanning,Global,200,,180,3,0.40868505000000005,6.798699777552591e-17,1.6888906508286973e-16,81.48,0.0,0.0,3.9200631334,1.0782256446186635,2.6784609855735315,10.943957166666666,3.5835328069866925,8.90198898713016,16.811586333333334,5.244043803644017,13.026926974702745
Grid Scanning,Global,200,,200,3,0.40059965999999997,6.798699777552591e-17,1.6888906508286973e-16,81.67,0.0,0.0,5.0268519667,1.4407726480742093,3.5790776691395303,12.865549966666668,4.35407468032886,10.816121113182184,20.000109466666665,6.479910915411468,16.096991073756232
Grid Scanning,Global,200,,220,3,0.35955049999999994,6.798699777552591e-17,1.6888906508286973e-16,93.94,0.0,0.0,7.192133899966666,2.022896702841262,5.02515398650338,15.9176821,5.259841453382482,13.066170512175091,25.449414766666667,8.031465631390319,19.95126665556337
Grid Scanning,Global,200,,240,3,0.35356697,0.0,0.0,88.19,0.0,0.0,8.123369166666667,2.2352680387758097,5.552713630993188,15.605067,4.6736651823877775,11.610027931663964,26.0012588,7.5325032332413295,18.71177534557608
Grid Scanning,Global,200,,260,3,0.31758449,0.0,0.0,91.67,0.0,0.0,10.408841533333332,2.5487956053995546,6.331559282916547,17.5797761,4.823521995380674,11.982292892182334,30.2304809,7.923943552119016,19.684167003599715
Grid Scanning,Global,200,,280,3,0.2959881,0.0,0.0,95.83,0.0,0.0,12.768794,3.0188011812429063,7.499117858601947,18.851192666633334,5.1114009934136355,12.697423967616912,33.959678366666665,8.723163055704443,21.669538312422652
Grid Scanning,Global,200,,300,3,0.29808951,0.0,0.0,98.89,0.0,0.0,14.243824600033333,3.591595845819689,8.922018685966513,18.631559233333334,5.381904037389594,13.369390780300849,35.269352,9.627939055619718,23.9171264944988
Grid Scanning,Global,200,,320,3,0.24610783,0.0,0.0,95.83,0.0,0.0,15.1583670332,3.681490719841445,9.145329932617003,18.2149749,5.180481914520107,12.869030488899947,35.718129833333336,9.492289400564982,23.58015407079141
Grid Scanning,Global,200,,340,3,0.25442767,0.0,0.0,95.58999999999999,1.7404671430534633e-14,4.323560066121465e-14,17.3692836001,4.05000197443829,10.060762637365453,18.447956933300002,4.913440249568186,12.205662218384285,38.258718699999996,9.562913851881913,23.755594933679472
Grid Scanning,Global,200,,360,3,0.24967477000000002,3.3993498887762956e-17,8.444453254143486e-17,97.21999999999998,1.7404671430534633e-14,4.323560066121465e-14,20.002467900033334,5.0325218391998705,12.501477285963528,19.479120833333337,5.611712457159833,13.940266542329852,41.99182116666667,11.32876781032951,28.142219345302745
Grid Scanning,Global,200,,380,3,0.21857972,0.0,0.0,98.25,0.0,0.0,22.9179678334,5.621366461331796,13.964248418162818,19.9371186,5.5848088555361475,13.873434290954545,45.36062063333333,11.867540638900593,29.480605246822567
Grid Scanning,Global,200,,400,3,0.2374072,0.0,0.0,96.67,0.0,0.0,25.055181766700002,6.797276718719404,16.88537143417341,20.723964866666666,6.388555698880323,15.870052135206096,48.46098653333333,13.951000758013771,34.656207099639445
Grid Scanning,Global,200,,420,3,0.21004294,0.0,0.0,100.0,0.0,0.0,27.081756133333332,6.655696214358391,16.53366596404159,19.5367983,5.466783586213086,13.580243268489639,49.2464085,12.780902731148268,31.749522464658206
Grid Scanning,Global,200,,440,3,0.22302034,0.0,0.0,100.0,0.0,0.0,32.0747996,8.698740213516356,21.608868609115095,22.847500733266667,7.050836729865075,17.515249420052207,58.14959006666667,16.250940664269674,40.369574555529255
Grid Scanning,Global,200,,460,3,0.21297354,0.0,0.0,99.64,0.0,0.0,33.5047126332,6.526485065332716,16.212687675968315,21.7656312333,5.0062162373233035,12.43613054831166,58.20425476666666,12.134118936062995,30.142822447937878
Grid Scanning,Global,200,,480,3,0.19534915,0.0,0.0,100.0,0.0,0.0,38.5319912667,4.5766833651943495,11.369111742219692,22.33884369993333,3.383364564560659,8.404743507424866,63.933873533333326,8.366808989245396,20.78430573719615
Grid Scanning,Global,200,,500,3,0.19736158,0.0,0.0,100.0,0.0,0.0,39.76123056676667,8.307285509339414,20.636441216027087,22.12677376666667,5.52217740562597,13.717849144291073,65.03709383333333,14.574229382212154,36.20439282805293
Grid Scanning,Global,200,,520,3,0.18949507,0.0,0.0,99.68,0.0,0.0,41.560221166666665,10.129577506255808,25.163265487387918,21.702421266733335,6.1268909179184305,15.220040784981771,66.35470493333334,17.08479947668878,42.440994677734906
Grid Scanning,Global,200,,540,3,0.18559255,0.0,0.0,100.0,0.0,0.0,45.21790129993334,10.892025937897754,27.05729238969457,20.8880894667,5.7706583498661805,14.335110028529508,69.16137463333332,17.456367483921532,43.3640207769817
Grid Scanning,Global,200,,560,3,0.18487908,0.0,0.0,99.7,0.0,0.0,47.165350200000006,11.542886671988924,28.674120084347948,21.718785400033337,6.2048683945555645,15.413747575363203,72.14730086666667,18.57473085858331,46.142189411419395
Grid Scanning,Global,200,,580,3,0.17364318,0.0,0.0,100.0,0.0,0.0,52.56574866653333,13.3574329870387,33.181703015280696,21.81586713333333,6.28860888898037,15.621770495564483,77.69657490000002,20.54337576106283,51.03257445471381
Grid Scanning,Global,200,,600,3,0.16664026,0.0,0.0,100.0,0.0,0.0,54.72621843343334,13.464670076842523,33.448094714160725,21.235110233300002,5.930457038440735,14.732071977105806,79.1786982,20.214816227055945,50.21638732573219
Grid Scanning,Global,200,,620,3,0.16352811,0.0,0.0,100.0,0.0,0.0,59.864295166633326,15.349585410802923,38.13048397870823,21.711067100033333,6.319698793142614,15.699002098948615,85.0396098,22.587017683178725,56.10926242275584
Grid Scanning,Global,200,,640,3,0.15319987,0.0,0.0,100.0,0.0,0.0,62.564260966766675,15.002117294261746,37.267325326777424,20.5624642667,5.535556430543437,13.751084484635,86.52206453333334,21.396234996839702,53.15119424512171
Grid Scanning,Global,200,,660,3,0.15431642,0.0,0.0,100.0,0.0,0.0,68.94409139996667,15.832529983041706,39.330184803291715,22.508236466633335,6.090916620704823,15.130675676619731,95.11952096666666,22.813932082516317,56.67294903948953
Grid Scanning,Global,200,,680,3,0.16547761,0.0,0.0,100.0,0.0,0.0,70.70806720006665,17.23763680059902,42.82066363782333,21.686880399999996,6.0483037847471515,15.024819523812651,96.13597566666665,24.204034587248046,60.1261550946922
Grid Scanning,Global,200,,700,3,0.14450458,0.0,0.0,100.0,0.0,0.0,76.2289269335,19.383502400134265,48.15128929797656,21.664795499933334,6.261755770859803,15.555063652163096,101.75165893333333,26.67052204798319,66.25324961146369
Grid Scanning,Global,200,,720,3,0.15265335,0.0,0.0,100.0,0.0,0.0,79.49840206660001,19.637547460389822,48.78237221264128,21.9185004,6.183224200290874,15.359980416149837,105.38240983333333,26.85091610012632,66.70137327936789
Grid Scanning,Global,200,,740,3,0.15471257,0.0,0.0,100.0,0.0,0.0,85.29448119993333,22.652751365798373,56.27255394268354,22.587095399966667,6.64838399891026,16.51550141389044,112.1825983,30.481752788516623,75.72087162220492
Grid Scanning,Global,200,,760,3,0.14043907,0.0,0.0,100.0,0.0,0.0,90.62508753326667,23.04101147208169,57.23704551467011,22.769267066633333,6.48890191261652,16.119325948979544,117.60044003333333,30.628688187822917,76.08587938881277
Grid Scanning,Global,200,,780,3,0.14174597,0.0,0.0,100.0,0.0,0.0,93.8670969999,23.664143367016756,58.78499095427276,21.7367993,6.126626757079027,15.219384573078639,119.9201589,30.902429593032515,76.76589073676148
Grid Scanning,Global,200,,800,3,0.1456199,0.0,0.0,100.0,0.0,0.0,99.25289613343334,25.4966153401137,63.337103688368416,22.747710466633333,6.476099297041809,16.08752248882136,126.5384744,33.20927368425573,82.49640913889748
Grid Scanning,Global,200,,820,3,0.1382,0.0,0.0,100.0,0.0,0.0,104.56960866656665,27.250674284864786,67.69442766165757,22.651321200033333,6.723051563819149,16.700985927725178,131.87764316666667,35.26249569998774,87.59689537877338
Grid Scanning,Global,200,,840,3,0.14196363,0.0,0.0,100.0,0.0,0.0,108.99406879996667,28.325693571335474,70.36492361203834,22.598971433299997,6.591982507385027,16.375392341793646,136.34044283333333,36.1942738880929,89.91156071483182
Grid Scanning,Global,200,,860,3,0.13615387,0.0,0.0,100.0,0.0,0.0,114.79081796663333,29.89424855971933,74.26143021163678,21.93268139996667,6.411189777744552,15.926278304083459,142.26330956666666,36.30739651095632,90.19257288833896
Grid Scanning,Global,200,,880,3,0.1285098,0.0,0.0,100.0,0.0,0.0,119.5121227,30.501429864083086,75.76975218767654,22.437939566733334,6.471586203055646,16.07631134185366,147.0434943,37.990468118273434,94.37355453965164
Grid Scanning,Global,200,,900,3,0.13220765,0.0,0.0,100.0,0.0,0.0,123.68303556656667,31.098271319659226,77.25238855540918,22.728996633366666,6.322776663583868,15.706647952983616,152.1015669,37.60252811800871,93.40985815509762
Grid Scanning,Global,200,,920,3,0.13030381,0.0,0.0,100.0,0.0,0.0,132.77911693343333,29.39141863208894,73.01233142581343,23.05464063336667,6.004861492343387,14.916902886967573,161.16017026666668,36.64625883778615,91.0343535735084
Grid Scanning,Global,200,,940,3,0.13133488,0.0,0.0,100.0,0.0,0.0,139.3918794,30.788285392320358,76.4823408231948,23.431341066633333,6.075789633119728,15.093098156294419,168.83947776666665,37.323475803121525,92.71665377613513
Grid Scanning,Global,200,,960,3,0.12419905000000002,1.6996749443881478e-17,4.222226627071743e-17,100.0,0.0,0.0,141.95793996663335,33.791566338266065,83.94290427999975,22.80594693333333,6.1514549917588255,15.281061327162913,170.30497603333333,41.33069664182905,102.67114218088027
Grid Scanning,Global,200,,980,3,0.12548109,0.0,0.0,100.0,0.0,0.0,151.41031083336665,37.231542501391424,92.48827879434165,23.326479133366664,6.614093146448216,16.430318214121414,180.60309199999998,45.39319892017643,112.76295729459463
Grid Scanning,Global,200,,1000,3,0.11771449,0.0,0.0,100.0,0.0,0.0,155.6516486669333,27.726697644304075,68.8769352405148,22.399589333233337,4.947746046452345,12.29088254215587,183.86750843333334,33.76369599023282,83.87367049741076
Grid Scanning,Global,400,,60,3,0.60799571,0.0,0.0,16.67,0.0,0.0,0.0798431,0.01854572140387103,0.046070125930971303,1.0492327666666668,0.358035896331029,0.8894104722362407,1.8269258333333334,0.578589196743608,1.4372952432421278
Grid Scanning,Global,400,,80,3,0.6401748,0.0,0.0,25.0,0.0,0.0,0.22727033333333335,0.06572890810688502,0.16327965938048505,2.9805135333333332,1.0944545991203123,2.718775943473357,4.2740906999999995,1.5133322522793502,3.7593257182951985
Grid Scanning,Global,400,,100,3,0.59815891,0.0,0.0,35.0,0.0,0.0,0.5341995333333333,0.14577298748678827,0.36212017557043974,5.4408430333333335,1.90682642493977,4.736819431954943,8.147788700000001,2.681633337922998,6.6615465038214365
Grid Scanning,Global,400,,120,3,0.45120458,0.0,0.0,36.11,0.0,0.0,0.7007467000000002,0.18720723053218327,0.4650485412773343,6.214400433333334,1.8745669907869398,4.656682555016171,10.058961733333334,2.022070647085945,5.023101950249589
Grid Scanning,Global,400,,140,3,0.58686634,0.0,0.0,25.0,0.0,0.0,0.7728919666666667,0.14833118405151138,0.36847508813093854,5.441695633333333,1.3985329932784578,3.4741485497300877,7.841193399999999,1.9480786943688209,4.839295750138933
Grid Scanning,Global,400,,160,3,0.45830376,0.0,0.0,36.46,0.0,0.0,1.1499404333666667,0.30110885215031297,0.7479958549684469,7.566541999999999,2.4694393660252376,6.134427456024119,11.848719299999999,3.770923478282098,9.367493220525288
Grid Scanning,Global,400,,180,3,0.58314991,0.0,0.0,35.19,0.0,0.0,1.3930995333333334,0.3749894689700543,0.9315254813777422,7.820361599999999,2.5297751433178384,6.284309835764438,12.0940905,3.772681810927876,9.371861160960465
Grid Scanning,Global,400,,200,3,0.6089359,0.0,0.0,36.67,0.0,0.0,1.6065565,0.40889842001185334,1.0157599854265706,8.333422733333334,2.681034515439936,6.6600589463086175,13.3616227,4.203841039092032,10.442920059412211
Grid Scanning,Global,400,,220,3,0.51502205,0.0,0.0,42.42,0.0,0.0,2.392601699966667,0.6557820795777676,1.6290529945691885,11.989991166666664,3.852596087602795,9.570379229355883,18.2405521,5.686621228208426,14.126350245432532
Grid Scanning,Global,400,,240,3,0.51727974,0.0,0.0,45.830000000000005,8.702335715267317e-15,2.1617800330607325e-14,3.2672090999666668,0.9196078025630199,2.2844324223666495,14.58750563333333,4.893255993531134,12.15552174677902,22.28294633333333,7.2222925861211875,17.941169378478463
Grid Scanning,Global,400,,260,3,0.59323987,0.0,0.0,51.919999999999995,8.702335715267317e-15,2.1617800330607325e-14,4.447370800000001,1.231027954137196,3.0580429650910643,17.963304933333333,5.755472225802359,14.297385605047252,27.595037266666665,8.553475759784186,21.248011701422204
Grid Scanning,Global,400,,280,3,0.55500454,0.0,0.0,56.54999999999999,8.702335715267317e-15,2.1617800330607325e-14,5.873881599933333,1.5289700284428327,3.7981721077908155,22.336543000000002,6.574543104498149,16.33207046341194,34.0078423,9.740598486924235,24.196988036386696
Grid Scanning,Global,400,,300,3,0.5517513,0.0,0.0,60.56,0.0,0.0,6.561742799966666,1.5107325907840785,3.7528678011370085,22.458583566666665,6.0817126510276305,15.10781174844681,35.520507466666665,9.254010343851926,22.98823608009021
Grid Scanning,Global,400,,320,3,0.53410246,0.0,0.0,59.38,0.0,0.0,7.343162333333335,1.8598825784659756,4.6202044525947725,23.191193733333336,6.554232929823732,16.281617192570987,36.70766953333333,10.025532741998513,24.904803964786197
Grid Scanning,Global,400,,340,3,0.519929,0.0,0.0,63.24,0.0,0.0,8.540812499933333,2.070621436154292,5.143708796309505,24.467615,7.00226211287156,17.394583382144788,39.7683494,10.88625808770424,27.042964255513137
Grid Scanning,Global,400,,360,3,0.53149684,0.0,0.0,63.43,0.0,0.0,9.962550866633334,2.279259739430825,5.661995073594343,25.817726566666664,6.804631682407577,16.90364217683976,42.7276804,10.867000647250256,26.99512612144961
Grid Scanning,Global,400,,380,3,0.48334239,0.0,0.0,68.42,0.0,0.0,11.992078666666666,2.9418152679172453,7.30787424803613,29.70288893333333,8.556358900369963,21.255173819679612,49.39717903333334,13.614303622768524,33.819805048538434
Grid Scanning,Global,400,,400,3,0.47700428,0.0,0.0,71.67,0.0,0.0,14.4913941333,3.6774264807093004,9.13523380291927,33.998582500033336,9.891944645949613,24.5729527375502,56.90683056666666,15.816593011417122,39.29059517106799
Grid Scanning,Global,400,,420,3,0.51059124,0.0,0.0,70.24,0.0,0.0,15.579085766733334,4.031275612928945,10.014243776536219,32.72560383326667,9.799363828819317,24.34296923833217,56.350602466666665,16.030259299532165,39.821371655104286
Grid Scanning,Global,400,,440,3,0.47064606,0.0,0.0,72.73,0.0,0.0,18.6754972,5.091380402280572,12.647690062171737,38.1017119,11.685666790986511,29.028805562438055,65.727644,19.39005806522305,48.16757447284922
Grid Scanning,Global,400,,460,3,0.48921018999999993,6.798699777552591e-17,1.6888906508286973e-16,75.0,0.0,0.0,18.849634733366667,4.434487230709991,11.015876962081975,37.165658433333334,10.148561454249396,25.210424228516697,65.62262473333334,16.58253249146429,41.1932943183716
Grid Scanning,Global,400,,480,3,0.45745408,0.0,0.0,76.39,0.0,0.0,22.580169866666665,2.4802202489810576,6.161208653940639,41.49585076666667,5.841375464902005,14.510781080856187,74.45676876666667,9.58981588647911,23.822423292345178
Grid Scanning,Global,400,,500,3,0.47677859000000006,6.798699777552591e-17,1.6888906508286973e-16,77.0,0.0,0.0,24.1306902667,4.8140970424349385,11.95888001113836,40.001581833366664,9.532967631492141,23.681204398284855,74.41982320000001,16.647681871389157,41.35513434994011
Grid Scanning,Global,400,,520,3,0.45131116,0.0,0.0,80.45,0.0,0.0,27.90081870003333,6.681619810404238,16.59806374660326,45.095264066666665,12.470399711826673,30.978190204749087,83.04684886666666,21.75356424069548,54.03884929529507
Grid Scanning,Global,400,,540,3,0.43372031,0.0,0.0,82.72,0.0,0.0,30.525149566600003,7.336466936218371,18.22479418726946,44.44518099996666,11.942473172365176,29.666747979038934,85.47926746666667,21.95838168914353,54.54764404300935
Grid Scanning,Global,400,,560,3,0.43200586,0.0,0.0,79.46,0.0,0.0,31.4231804667,7.919490421040074,19.67310481275115,43.94149589996667,12.568652212050083,31.222262945827815,85.88130093333332,23.230890775332846,57.708731852557186
Grid Scanning,Global,400,,580,3,0.4202937199999999,6.798699777552591e-17,1.6888906508286973e-16,81.32,0.0,0.0,34.8209148667,8.565644735464906,21.278241112824052,46.106895666666674,13.137545015000391,32.63547101158003,91.59512453333333,24.51330942836525,60.89443639080705
Grid Scanning,Global,400,,600,3,0.40442135,0.0,0.0,86.11,0.0,0.0,38.8132992666,9.89691089227467,24.585289577332116,48.182302566666664,14.059450217087685,34.925610490743885,98.3481496,27.055940023473536,67.21068093916573
Grid Scanning,Global,400,,620,3,0.39321730000000005,6.798699777552591e-17,1.6888906508286973e-16,81.99,0.0,0.0,41.3979807,9.69724636303495,24.089295390548852,48.175922299966665,13.135176223680016,32.62958660772981,99.97072593333333,25.48222068038707,63.30134537129367
Grid Scanning,Global,400,,640,3,0.40014474,0.0,0.0,87.5,0.0,0.0,48.571797333266666,11.485451318104978,28.531442755777114,53.21431990006667,14.454648984505644,35.90733865252408,113.77344613333332,28.99376212128905,72.02449789101237
Grid Scanning,Global,400,,660,3,0.41325837000000004,6.798699777552591e-17,1.6888906508286973e-16,85.86,0.0,0.0,48.0154654334,11.577463153618371,28.7600128263033,51.17664299996667,14.119784982204251,35.07549035609954,111.06362226666666,28.818849455814203,71.58999074244355
Grid Scanning,Global,400,,680,3,0.39790883,0.0,0.0,85.54,0.0,0.0,52.98121316673333,13.272876250392121,32.97165243699438,54.9856062334,15.617753474259786,38.79665037822847,119.91656923333335,32.09266090843546,79.72258923306015
Grid Scanning,Global,400,,700,3,0.38432736000000006,6.798699777552591e-17,1.6888906508286973e-16,88.57,0.0,0.0,59.627483600000005,15.184447186634138,37.72025788839907,56.99745113336667,16.5274029112615,41.056344849156886,129.19764253333332,35.1237756411484,87.25229564923436
Grid Scanning,Global,400,,720,3,0.37956048000000003,6.798699777552591e-17,1.6888906508286973e-16,92.58999999999999,1.7404671430534633e-14,4.323560066121465e-14,65.23005816676665,16.86595724336394,41.897360433009,59.34036316666667,17.415773677882935,43.263180172537744,137.91101096666668,37.912336186194814,94.17946406068323
Grid Scanning,Global,400,,740,3,0.36529687000000005,6.798699777552591e-17,1.6888906508286973e-16,89.86,0.0,0.0,65.92039463326667,16.53712138288033,41.080486871005796,57.64859836663334,16.130639566421706,40.07073006160015,137.0733727,36.18279889062458,89.88305524087853
Grid Scanning,Global,400,,760,3,0.36710638,0.0,0.0,91.45,0.0,0.0,70.97823293346666,18.058264410124877,44.859215629950036,59.36376203336667,16.957035936237236,42.123612448712485,143.92515263333334,38.547518282799686,95.75734386068802
Grid Scanning,Global,400,,780,3,0.33648156999999995,6.798699777552591e-17,1.6888906508286973e-16,86.11,0.0,0.0,73.8646639667,19.48640616572557,48.40691642276303,56.4583342,16.663667364234975,41.39484451555933,142.6871549,39.532400152268735,98.20392605425526
Grid Scanning,Global,400,,800,3,0.36461232,0.0,0.0,91.25,0.0,0.0,79.55647960006667,20.085295082501652,49.89463896607581,61.55601906666667,17.619794644325008,43.76999634926425,155.11718326666667,41.51610447991486,103.13172078352333
Grid Scanning,Global,400,,820,3,0.33548127,0.0,0.0,91.06,0.0,0.0,85.43758130006667,22.09858874854652,54.89593768672594,63.053938466700004,18.216737988540814,45.25288582240909,163.21830893333333,42.56048203167067,105.72609844514541
Grid Scanning,Global,400,,840,3,0.34419102,0.0,0.0,91.27,0.0,0.0,88.67414203336666,22.714786561089806,56.42665791076278,62.76981090003333,18.285810609418192,45.42447172478002,165.67704916666665,44.67443202123622,110.97744133497942
Grid Scanning,Global,400,,860,3,0.31569105,0.0,0.0,94.96,0.0,0.0,98.33312739996666,24.73703927457001,61.45021213900839,65.4801677,18.58658835448047,46.17164506414444,178.56246436666666,46.24412544632139,114.87677596812003
Grid Scanning,Global,400,,880,3,0.30996392,0.0,0.0,91.29,0.0,0.0,102.9641304,20.460217708786914,50.825998401019504,65.52268006663333,15.944145473287588,39.607453051827015,182.87088103333335,39.55253781107467,98.25395077192144
Grid Scanning,Global,400,,900,3,0.32782923,0.0,0.0,93.52,0.0,0.0,103.05883536666666,24.43617567559976,60.70282552671347,65.8169508333,17.916563641515907,44.507211406864485,184.67801926666667,45.58367110199427,113.2361164244877
Grid Scanning,Global,400,,920,3,0.31464695,0.0,0.0,91.49,0.0,0.0,111.63712856656666,27.87246050136222,69.23903025070541,67.21230713336666,19.118160594545078,47.49214371220854,194.2025592,51.03451963037479,126.77677481487652
Grid Scanning,Global,400,,940,3,0.32982952,0.0,0.0,94.15000000000002,1.7404671430534633e-14,4.323560066121465e-14,112.10269363333333,20.999455179558595,52.165538537752305,63.159352266666666,13.83390285836825,34.36531979116326,190.11853700000003,37.74251591264132,93.75760711492924
Grid Scanning,Global,400,,960,3,0.32359955,0.0,0.0,95.66000000000001,1.7404671430534633e-14,4.323560066121465e-14,111.09039723346666,22.48190425784904,55.848146198883114,59.7003415333,14.534661640715914,36.10610110923333,184.96978886666668,40.0147763060594,99.40221484913573
Grid Scanning,Global,400,,980,3,0.31336831,0.0,0.0,95.07,0.0,0.0,111.77180176663335,21.95010887527168,54.527093234088,57.738240500100005,12.873591318709773,31.97977368046861,182.9320468666667,37.500868680298396,93.15732211212608
Grid Scanning,Global,400,,1000,3,0.2998442,0.0,0.0,95.0,0.0,0.0,106.15326076653332,17.981960075822606,44.66966515553976,50.80237340003333,8.89349397311681,22.092663767843742,169.31413946666666,28.819453939737272,71.59149236375298
Grid Scanning,Local,200,6,60,3,0.51141933,0.0,0.0,41.67,0.0,0.0,0.1963535,0.040541322039987795,0.1007102269637485,3.0682631333333332,0.8118295075650818,2.0166962952541194,4.132771766666667,1.0644380664257098,2.6442107426307087
Grid Scanning,Local,200,6,80,3,0.6857388700000001,1.3597399555105182e-16,3.3777813016573946e-16,66.67,0.0,0.0,0.4249575666666667,0.06678430754640895,0.1659014169291666,5.4250449,1.4744025238785265,3.6626189118665144,7.462649666666667,1.6000347042314806,3.9747065488907065
Grid Scanning,Local,200,6,100,3,0.5229433,0.0,0.0,80.0,0.0,0.0,0.6881976999999999,0.1254779689827262,0.31170455474382835,7.714605200000001,1.948844997748554,4.84119935326317,10.075355366666665,2.481478936827153,6.164335407886445
Grid Scanning,Local,200,6,120,3,0.48180862,0.0,0.0,81.94,0.0,0.0,0.7737122666333334,0.11874316372649743,0.29497437102553614,8.472145833333334,2.177176908076375,5.408407262504506,11.477731933333333,2.427623766075975,6.0305517472506915
Grid Scanning,Local,200,6,140,3,0.45588599,0.0,0.0,72.62,0.0,0.0,0.9362458666999999,0.1063762391321457,0.2642532272623343,9.399759933333334,2.0510466559589573,5.095082346627051,12.307092566666666,2.2428164626758837,5.57146495546764
Grid Scanning,Local,200,6,160,3,0.46350131,0.0,0.0,83.33,0.0,0.0,1.2466488333333332,0.2036151674803803,0.5058081162223722,14.147148566666667,3.336277167908831,8.287771929653916,17.638339633333334,3.949405609748344,9.810867414174169
Grid Scanning,Local,200,6,180,3,0.43251775,0.0,0.0,81.48,0.0,0.0,1.2740844667,0.18216707802935872,0.452528108372095,12.197273533366667,2.992125326480136,7.432851361792574,15.550351633333335,3.5631867422955437,8.851446560545165
Grid Scanning,Local,200,6,200,3,0.41823624,0.0,0.0,81.67,0.0,0.0,1.4443699332666666,0.19593388792156574,0.48672675999582393,14.069007200033335,3.050103707263572,7.576877643962928,17.544634300000002,3.5948785567482013,8.930173391980807
Grid Scanning,Local,200,6,220,3,0.37680196000000005,6.798699777552591e-17,1.6888906508286973e-16,93.94,0.0,0.0,1.8758075000666665,0.2634644037811868,0.6544818611366623,17.242554399966668,3.674748524711264,9.12858139143414,21.3133617,4.28315733179509,10.639952653272104
Grid Scanning,Local,200,6,240,3,0.36538031,0.0,0.0,88.19,0.0,0.0,2.0699683999666667,0.33843466677170075,0.8407183186912381,18.8729576667,4.56950270213608,11.351273986321273,23.157606166666667,5.3566013647139314,13.30653545689916
Grid Scanning,Local,200,6,260,3,0.34586296,0.0,0.0,91.67,0.0,0.0,2.447316599966667,0.36971065911209655,0.9184121907364299,21.735872566666668,5.230957444226012,12.994418655762958,26.495424099999997,6.090023711069388,15.128457566121162
Grid Scanning,Local,200,6,280,3,0.30921318,0.0,0.0,95.83,0.0,0.0,2.831668433266666,0.39023624492983233,0.9694005725220349,23.499373933333334,4.8812975930351845,12.125815433134818,28.578650766666666,5.7103635187402215,14.185329364705897
Grid Scanning,Local,200,6,300,3,0.31454009,0.0,0.0,98.89,0.0,0.0,3.0022604000333337,0.4983216743145482,1.237899663747335,23.6515216,5.307247816989378,13.183934447787928,28.897829133333335,6.263182936173844,15.558608927340607
Grid Scanning,Local,200,6,320,3,0.26342228,0.0,0.0,95.83,0.0,0.0,2.9715655332999997,0.4053937798029543,1.0070539765175281,22.805393533300002,4.796756713341148,11.915804245702313,27.969684533333332,5.6061662518722635,13.92648900461789
Grid Scanning,Local,200,6,340,3,0.27123716,0.0,0.0,95.58999999999999,1.7404671430534633e-14,4.323560066121465e-14,3.2488499001,0.4728275798766289,1.1745688223271753,23.985592300000004,5.227632477231707,12.986158979862083,29.557633133333336,6.192191705163279,15.382256933183683
Grid Scanning,Local,200,6,360,3,0.26946293,0.0,0.0,97.21999999999998,1.7404671430534633e-14,4.323560066121465e-14,3.5650244334,0.741604921490085,1.8422487526931628,27.01497673333333,7.857634614653228,19.519446471414856,33.0520699,9.269163875650662,23.02587953989766
Grid Scanning,Local,200,6,380,3,0.24412603,0.0,0.0,98.25,0.0,0.0,3.7948579001,0.714471708545721,1.774846115177116,27.4497183,7.940846082503307,19.72615521675134,33.710148366666665,9.276961579660044,23.04525011049243
Grid Scanning,Local,200,6,400,3,0.2658679,0.0,0.0,96.67,0.0,0.0,3.9389825666666667,0.5950399840678466,1.4781612644222533,29.6793156,7.108889810637181,17.659461267281483,36.237182133333334,8.217526142511986,20.413466587908243
Grid Scanning,Local,200,6,420,3,0.22918193,0.0,0.0,100.0,0.0,0.0,4.228364466666667,0.5826035217064752,1.4472673792696071,28.953179133333332,6.519285801418264,16.19480371298158,35.6748318,7.558266457342659,18.775774742142467
Grid Scanning,Local,200,6,440,3,0.24422263999999996,3.3993498887762956e-17,8.444453254143486e-17,100.0,0.0,0.0,5.08462,0.6854266328689994,1.7026941473479296,37.652229966633335,7.415034109967691,18.419965866485786,45.8045472,8.608538610762242,21.38479540605328
Grid Scanning,Local,200,6,460,3,0.2408709,0.0,0.0,99.64,0.0,0.0,5.3382508001,0.9176766650795652,2.279635210917425,38.8309672333,9.467614869685764,23.518859138114593,47.41515966666666,11.112658901962044,27.60537505618193
Grid Scanning,Local,200,6,480,3,0.22377978,0.0,0.0,100.0,0.0,0.0,5.444654000033334,1.1006026218951304,2.734048478700983,38.91000716666667,10.835968184095625,26.918037209438687,47.57434866666667,12.744058955274523,31.657997451566956
Grid Scanning,Local,200,6,500,3,0.23333463,0.0,0.0,100.0,0.0,0.0,5.574470133166667,0.9910823096129897,2.4619849407582444,40.7584235333,10.304661314878578,25.59819777910462,49.7903498,12.050659446600198,29.935497582759915
Grid Scanning,Local,200,6,520,3,0.22060181,0.0,0.0,99.68,0.0,0.0,6.117698133433334,1.15084176696056,2.858849433564112,41.30911103333333,10.636141117168197,26.421639256655805,50.919709866666665,12.592419135447365,31.281303256531285
Grid Scanning,Local,200,6,540,3,0.213479,0.0,0.0,100.0,0.0,0.0,6.279534133333333,1.2020002137299577,2.9859340604585447,39.068024466766666,10.162147899339269,25.244174829133076,48.638596799999995,12.150268558937055,30.18294033514988
Grid Scanning,Local,200,6,560,3,0.22118821,0.0,0.0,99.7,0.0,0.0,6.1547101,1.1515927124925343,2.86071488567956,40.47376203333334,10.276510348124246,25.528266900967953,50.26374846666666,12.246356505154237,30.421636025992616
Grid Scanning,Local,200,6,580,3,0.19685836,0.0,0.0,100.0,0.0,0.0,6.820722866666667,1.4557541551005184,3.616293795722437,42.09193486663333,11.815406683181136,29.351097321357145,52.48708883333333,14.176277930996081,35.21582662064131
Grid Scanning,Local,200,6,600,3,0.19300061,0.0,0.0,100.0,0.0,0.0,7.098103266833334,1.3238612326088648,3.288653613047957,42.743126599966665,10.939650212889402,27.175597647196092,53.42881676666667,13.063533686606071,32.45161667961896
Grid Scanning,Local,200,6,620,3,0.19257844,0.0,0.0,100.0,0.0,0.0,7.073807766733334,1.2003318328611405,2.9817895726247534,43.439682499966665,10.022047879954217,24.89614708756171,54.17755723333334,11.994321847167843,29.79554722742052
Grid Scanning,Local,200,6,640,3,0.17396939,0.0,0.0,100.0,0.0,0.0,7.555716000099999,1.6886332663269095,4.1947975781988145,40.85364176666667,11.757363296986956,29.206909556794493,52.07971250000001,14.442043987036207,35.87602610295374
Grid Scanning,Local,200,6,660,3,0.17570457000000003,3.3993498887762956e-17,8.444453254143486e-17,100.0,0.0,0.0,8.0008030001,1.8234564773365882,4.52971700108723,44.59102016666666,13.323960279302717,33.09855219967935,56.58085883333333,16.232831452041502,40.32458877850316
Grid Scanning,Local,200,6,680,3,0.18481413,0.0,0.0,100.0,0.0,0.0,7.839474300033333,1.239513596862141,3.07912247019254,42.72730290003333,9.744332238803654,24.206263190236683,54.60646163333333,11.823455330890221,29.37109127065988
Grid Scanning,Local,200,6,700,3,0.1657751,0.0,0.0,100.0,0.0,0.0,8.289757766633334,1.515705259979922,3.7652205962144625,42.908941266666666,10.492880530169764,26.06576022988551,55.309047166666666,12.935151605557332,32.1326979105728
Grid Scanning,Local,200,6,720,3,0.17491141,0.0,0.0,100.0,0.0,0.0,8.617977000033333,1.725230486940324,4.285710114069844,46.67511906666667,12.50429857943548,31.062399660161756,59.6091576,15.290126199425202,37.98277910941389
Grid Scanning,Local,200,6,740,3,0.17837194999999997,3.3993498887762956e-17,8.444453254143486e-17,100.0,0.0,0.0,8.344216733333333,1.5754923758959762,3.9137400255383215,43.28553469996666,11.002081178975322,27.33068476443113,55.98480733333333,13.562223891908483,33.690431825091196
Grid Scanning,Local,200,6,760,3,0.17275752,0.0,0.0,100.0,0.0,0.0,8.912981500033334,1.826305723464454,4.53679492084352,48.762067599933324,12.852256296126265,31.926774546287877,62.180232133333334,15.767630854756108,39.16896643125774
Grid Scanning,Local,200,6,780,3,0.16516815,0.0,0.0,100.0,0.0,0.0,9.2502942998,1.7056945199347073,4.237180081695682,50.025794666633324,12.299031901776747,30.552488965224,63.97731943333334,15.057186255405172,37.40412420990073
Grid Scanning,Local,200,6,800,3,0.17763183000000002,3.3993498887762956e-17,8.444453254143486e-17,100.0,0.0,0.0,9.343930733333332,1.6384491755703083,4.070133385820441,49.324171166700005,11.272899574664379,28.00343495419804,63.39967433333333,13.925549950238926,34.59298378825145
Grid Scanning,Local,200,6,820,3,0.16090227,0.0,0.0,100.0,0.0,0.0,9.734063699933332,2.080958041392569,5.1693863471933845,50.30489449996667,13.87765544514854,34.4740072419708,64.88461336666667,17.19784205984895,42.72180802159675
Grid Scanning,Local,200,6,840,3,0.16519355,0.0,0.0,100.0,0.0,0.0,9.560625833333333,1.8107860458807286,4.4982419044835815,47.28705886663334,12.300820515948228,30.556932129139145,61.633705,15.202518992952937,37.765150743995044
Grid Scanning,Local,200,6,860,3,0.15339803,0.0,0.0,100.0,0.0,0.0,10.3694980668,2.0064160942500022,4.984213885189235,49.939747866733335,12.731628940929259,31.627119584174288,65.33347260000001,15.91545327370197,39.53617767680331
Grid Scanning,Local,200,6,880,3,0.16513723,0.0,0.0,100.0,0.0,0.0,10.416540633366667,1.8922447311999837,4.700596496634747,52.027770999999994,12.780287379358015,31.74799384607004,67.62307406666666,15.813631840699761,39.28323921521807
Grid Scanning,Local,200,6,900,3,0.15919531,0.0,0.0,100.0,0.0,0.0,10.507318500066667,2.15889737834624,5.362998393348816,55.46991563333333,15.144842181941515,37.621873602668074,71.22428753333334,18.59513892706271,46.19288586395305
Grid Scanning,Local,200,6,920,3,0.15525522,0.0,0.0,100.0,0.0,0.0,11.053809033466669,2.1304529884459793,5.292338611709847,55.427680066666674,13.799367966435934,34.279530363742964,72.06763723333334,17.237957961824947,42.82146144653621
Grid Scanning,Local,200,6,940,3,0.148941,0.0,0.0,100.0,0.0,0.0,10.918371700066666,1.739624976943142,4.3214680095272575,53.09564363333334,11.458981112185423,28.46568711901455,69.3287005,14.268678508996542,35.44536238103978
Grid Scanning,Local,200,6,960,3,0.14835532,0.0,0.0,100.0,0.0,0.0,10.997405033166666,2.162351986321631,5.371580115299798,51.394610433366665,13.338040006994488,33.133528182209645,67.69537363333335,16.750041200435017,41.6094090193724
Grid Scanning,Local,200,6,980,3,0.15824297,0.0,0.0,100.0,0.0,0.0,10.583520499933334,2.0853637216186773,5.180330663588974,49.17317370003334,13.208383487569405,32.8114435327315,64.9703425,16.590894885676704,41.21406765719519
Grid Scanning,Local,200,6,1000,3,0.14277219,0.0,0.0,100.0,0.0,0.0,10.940829333400002,1.8011855991436776,4.474393072694423,49.22859963326667,11.959949105027585,29.71016060241363,65.5529654,14.945268677297518,37.12610553351574
Grid Scanning,Local,200,8,60,3,0.51141933,0.0,0.0,41.67,0.0,0.0,0.1857666,0.008354550121341066,0.020753853021131637,2.3863387666666664,0.08833564876448986,0.21943791638780072,3.2474195333333333,0.09968066415611072,0.24762049696251406
Grid Scanning,Local,200,8,80,3,0.68090516,0.0,0.0,66.67,0.0,0.0,0.40225913333333335,0.013853911700430795,0.03441502451029928,4.06232,0.0791541963780192,0.19662992426592887,5.469379866666666,0.10379366942474554,0.25783776845895756
Grid Scanning,Local,200,8,100,3,0.5224988,0.0,0.0,80.0,0.0,0.0,0.6421788333666667,0.006168276137792497,0.015322847370380019,5.700936966666667,0.056533455343923,0.14043688839539234,7.623724333333333,0.08067264489257375,0.20040195948428513
Grid Scanning,Local,200,8,120,3,0.47597785,0.0,0.0,81.94,0.0,0.0,0.7420102000333334,0.023727688870472212,0.058942846735818615,6.353043466666667,0.11567231755499387,0.28734596624392,8.5252404,0.18900454616468876,0.4695133208199596
Grid Scanning,Local,200,8,140,3,0.45530832000000004,6.798699777552591e-17,1.6888906508286973e-16,72.62,0.0,0.0,0.8464287666666667,0.025774512491477594,0.06402743848205945,6.575311966666667,0.24253039804355087,0.6024789080258032,8.594648066666666,0.3318506424215617,0.8243626955079753
Grid Scanning,Local,200,8,160,3,0.45236130999999996,6.798699777552591e-17,1.6888906508286973e-16,83.33,0.0,0.0,1.1572258666333333,0.045325021806460704,0.11259359595533511,9.801923600033334,0.4626038149781414,1.1491715823867732,12.606663566666667,0.5515745929107179,1.3701872470928504
Grid Scanning,Local,200,8,180,3,0.40972791,0.0,0.0,81.48,0.0,0.0,1.1885878667333334,0.05214430650466514,0.1295336382413067,8.261075066666667,0.29606888010228855,0.735475870337782,10.930035566666666,0.4020765110133311,0.9988134240172127
Grid Scanning,Local,200,8,200,3,0.40328728,0.0,0.0,81.67,0.0,0.0,1.4242516333333333,0.05536510283935671,0.1375345398781813,9.944755766666667,0.37988705026908065,0.9436917477790167,12.9437462,0.4875203664222041,1.2110677274757364
Grid Scanning,Local,200,8,220,3,0.36347865,0.0,0.0,93.94,0.0,0.0,1.9202989333666667,0.017270164269214048,0.042901466349277696,12.4708836,0.05965527891419173,0.14819192805572795,16.153450366666664,0.052092521792031665,0.12940499788376175
Grid Scanning,Local,200,8,240,3,0.36056172999999997,6.798699777552591e-17,1.6888906508286973e-16,88.19,0.0,0.0,1.9856340000333332,0.06706414895913053,0.1665965815358178,13.124087666666666,0.20567805636354036,0.5109326162921806,16.8516978,0.2825740401193471,0.7019528294221209
Grid Scanning,Local,200,8,260,3,0.32433488,0.0,0.0,91.67,0.0,0.0,2.3120093333333336,0.008074448675256479,0.020058042455797113,14.452712266666666,0.14927795559805154,0.37082699903411115,18.4698076,0.16230626791374972,0.40319112097799825
Grid Scanning,Local,200,8,280,3,0.29922564,0.0,0.0,95.83,0.0,0.0,2.6871093666666663,0.07119023648307053,0.17684635115601968,15.092449999966666,0.25934577212800275,0.6442506129261792,19.488608099999997,0.3536833593793032,0.8785981710526718
Grid Scanning,Local,200,8,300,3,0.30305559,0.0,0.0,98.89,0.0,0.0,2.895051666666667,0.09461691443966716,0.23504144532903157,15.699378366666666,0.7002533640032029,1.7395257893003875,20.356655566666664,0.86729147904617,2.1544714701783123
Grid Scanning,Local,200,8,320,3,0.24801325,0.0,0.0,95.83,0.0,0.0,2.9118825666000006,0.05743066462112616,0.14266567979622496,14.8256493,0.5845656521622525,1.4521415815301775,19.457726366666666,0.7048319851544925,1.7508997147701237
Grid Scanning,Local,200,8,340,3,0.26351278,0.0,0.0,95.58999999999999,1.7404671430534633e-14,4.323560066121465e-14,3.1696828333666667,0.07574679175218917,0.18816546193571196,15.574337766666666,0.5633354026835542,1.399402718170275,20.542302066666664,0.6620523317309167,1.6446291644050097
Grid Scanning,Local,200,8,360,3,0.25781155,0.0,0.0,97.21999999999998,1.7404671430534633e-14,4.323560066121465e-14,3.4562596667,0.09661638451268473,0.24000840434093065,17.417978100000003,0.6434337186095946,1.5983779654098442,22.771759433333333,0.7880468714723402,1.9576169520513056
Grid Scanning,Local,200,8,380,3,0.22800203,0.0,0.0,98.25,0.0,0.0,3.7961531667666666,0.14025350374220602,0.34840901785113,18.046376699933333,0.5395028970321396,1.3401994921160931,23.753989033333337,0.7187040406067182,1.7853598108584894
Grid Scanning,Local,200,8,400,3,0.24316474,0.0,0.0,96.67,0.0,0.0,4.002448533266667,0.07742073341938263,0.19232376355845748,19.555011766666667,0.27703720165751833,0.6881985601952223,25.60232636666667,0.3854470811336014,0.9575036301280684
Grid Scanning,Local,200,8,420,3,0.21703021,0.0,0.0,100.0,0.0,0.0,4.263557166566667,0.13943905886057825,0.34638582460653644,18.743872766699997,0.45672441394021834,1.1345663405459645,25.049164633333334,0.6790008435439692,1.6867316017578595
Grid Scanning,Local,200,8,440,3,0.2305494,0.0,0.0,100.0,0.0,0.0,4.453731566733333,0.15802804194671144,0.39256341851388893,20.418772866666668,0.6932300653806739,1.722078948331279,27.0086866,0.9064366292545604,2.2517134140431057
Grid Scanning,Local,200,8,460,3,0.22162040000000002,3.3993498887762956e-17,8.444453254143486e-17,99.64,0.0,0.0,4.581040799866667,0.15524032737604454,0.3856383516192994,20.130001166666663,0.8304511574405838,2.062955037964865,26.8055366,1.0520273107616507,2.6133807164543
Grid Scanning,Local,200,8,480,3,0.20353344000000004,3.3993498887762956e-17,8.444453254143486e-17,100.0,0.0,0.0,4.8204556999333334,0.08117314241480475,0.20164526425389676,20.28306700003333,0.5157372511017336,1.281162354816266,27.234061566666668,0.628967420087435,1.5624416877015093
Grid Scanning,Local,200,8,500,3,0.20641591,0.0,0.0,100.0,0.0,0.0,5.162631899933333,0.04067121481094926,0.10103289849457764,22.4414721667,0.4275091714597479,1.0619916549422979,29.971418433333337,0.47685820145029967,1.1845814413801252
Grid Scanning,Local,200,8,520,3,0.197273,0.0,0.0,99.68,0.0,0.0,5.494494599866666,0.00759506283622278,0.01886718201457443,22.43948739993333,0.09540679217990065,0.2370036104112177,30.301919433333335,0.10668629753915662,0.2650234550440354
Grid Scanning,Local,200,8,540,3,0.19307740000000004,3.3993498887762956e-17,8.444453254143486e-17,100.0,0.0,0.0,5.734613500033333,0.04753754058561448,0.1180897972925868,20.962631433333332,0.09523017630795007,0.23656487226321157,29.046834900000004,0.1319620135664816,0.32781181441900564
Grid Scanning,Local,200,8,560,3,0.19835881,0.0,0.0,99.7,0.0,0.0,5.713004566733333,0.010965364961254035,0.027239476623356844,22.5021516,0.19889133973574644,0.49407347757811465,30.772916366666664,0.2497352728494195,0.6203768092395012
Grid Scanning,Local,200,8,580,3,0.18147605,0.0,0.0,100.0,0.0,0.0,5.794600100033333,0.028202569438645388,0.07005906631079635,20.850842566766666,0.12961882378305803,0.321991008312215,29.019086266666665,0.1468917541009813,0.3648993459074038
Grid Scanning,Local,200,8,600,3,0.17450488,0.0,0.0,100.0,0.0,0.0,6.2316636000333325,0.05695459185963552,0.14148304949586896,21.546332366599998,0.322450338360138,0.8010110456870728,30.213080599999998,0.4123532947833568,1.0243423701358374
Grid Scanning,Local,200,8,620,3,0.1741852,0.0,0.0,100.0,0.0,0.0,6.903429600033333,0.41271211308517153,1.0252337242110414,24.979888,1.4509071862698208,3.6042532576624224,34.65549756666667,2.0325740904651712,5.0491939500511585
Grid Scanning,Local,200,8,640,3,0.16471435,0.0,0.0,100.0,0.0,0.0,6.8368808331999995,0.15740903883325214,0.3910257295360538,21.765314633299997,0.37114798949000605,0.9219827173324392,31.235395666666665,0.5716373088438541,1.4200257963424885
Grid Scanning,Local,200,8,660,3,0.16187839,0.0,0.0,100.0,0.0,0.0,6.976497000066666,0.05321947976791711,0.1322045166912166,22.744201766666666,0.24040479809763077,0.5971986250400486,32.4707373,0.30780822369376326,0.7646380164645588
Grid Scanning,Local,200,8,680,3,0.17121632,0.0,0.0,100.0,0.0,0.0,6.990979966699999,0.0543249050899893,0.1349505454212999,21.5942211333,0.23731231225143257,0.5895164643264535,31.4054541,0.31600758261169987,0.7850063531647815
Grid Scanning,Local,200,8,700,3,0.15236959,0.0,0.0,100.0,0.0,0.0,7.253403866633334,0.19525439087874397,0.48503879576672754,21.529100966633333,0.6782407446163821,1.6848434113471795,31.6142936,0.9409246338751218,2.337386366924062
Grid Scanning,Local,200,8,720,3,0.16076331,0.0,0.0,100.0,0.0,0.0,7.735926499966666,0.20367563419305046,0.5059583238636216,23.855307666633333,0.6043960677846537,1.501403064817467,34.61071846666667,0.8781258670426589,2.1813855819841255
Grid Scanning,Local,200,8,740,3,0.16233458,0.0,0.0,100.0,0.0,0.0,8.0128391001,0.10855943273237378,0.2696765808167129,23.6303665667,0.24092813494842089,0.598498665847045,34.89134883333333,0.36670584079840174,0.9109478082464225
Grid Scanning,Local,200,8,760,3,0.15356587,0.0,0.0,100.0,0.0,0.0,7.898342233466667,0.23499155138493752,0.5837513747380387,24.090205400000002,0.8295729646714085,2.0607734861887703,35.08458173333334,1.1381200390762136,2.8272469095679815
Grid Scanning,Local,200,8,780,3,0.14928649,0.0,0.0,100.0,0.0,0.0,7.9614197666,0.19212094723867407,0.4772548902527857,23.974852166633337,0.6912553567501076,1.7171735001523705,35.132330833333334,0.9632505133079976,2.39284692597126
Grid Scanning,Local,200,8,800,3,0.15348918,0.0,0.0,100.0,0.0,0.0,8.417674733266667,0.2820228105726014,0.7005834993172189,25.49536790003333,0.820210280727708,2.0375152899210245,37.24505523333334,1.2056789108283115,2.995072450650672
Grid Scanning,Local,200,8,820,3,0.14563284,0.0,0.0,100.0,0.0,0.0,8.759881299966667,0.2996899813753573,0.7444711845682791,24.58608870013333,0.6262754823113791,1.5557545435543236,36.77861596666667,1.0596211527774693,2.6322448657828694
Grid Scanning,Local,200,8,840,3,0.15076026,0.0,0.0,100.0,0.0,0.0,9.042966766733334,0.04147338642188882,0.10302560324460812,24.635044633299998,0.35019425574357044,0.8699307571309429,37.25752673333333,0.4041461960432928,1.0039548066515858
Grid Scanning,Local,200,8,860,3,0.14528515,0.0,0.0,100.0,0.0,0.0,8.9800012001,0.2149773097049053,0.5340332422085855,23.5273529001,0.737427478079295,1.8318714079777165,35.99272316666667,1.0121576516829773,2.514338992782339
Grid Scanning,Local,200,8,880,3,0.13659603,0.0,0.0,100.0,0.0,0.0,9.189649233366666,0.3530340317034456,0.8769851516857908,24.855215666600003,0.9038420985197938,2.245268242400577,37.61412046666667,1.3574075747588186,3.371987346673937
Grid Scanning,Local,200,8,900,3,0.14149717,0.0,0.0,100.0,0.0,0.0,9.5235105334,0.390996829393655,0.9712899690715883,27.6115953334,1.2036873341021106,2.990125099799272,40.88580163333333,1.7455198009711161,4.33611156419928
Grid Scanning,Local,200,8,920,3,0.14097016,0.0,0.0,100.0,0.0,0.0,9.780907466533334,0.28917895356890505,0.7183603440050147,26.011618800066667,0.8627502546706087,2.1431904434494604,39.636338699999996,1.2652618841824508,3.1430847617379043
Grid Scanning,Local,200,8,940,3,0.13831232,0.0,0.0,100.0,0.0,0.0,9.984794033433333,0.3236951456027717,0.8041033183023591,26.89542403333333,1.223688382334125,3.039810457986956,40.82567293333333,1.7005658501889436,4.224439759769117
Grid Scanning,Local,200,8,960,3,0.13271404,0.0,0.0,100.0,0.0,0.0,10.325680199966667,0.2560860373121306,0.6361529827397657,26.394423600033335,0.6632440233179632,1.6475894904171677,40.73465026666666,1.0314668981805697,2.562305820192491
Grid Scanning,Local,200,8,980,3,0.1332879,0.0,0.0,100.0,0.0,0.0,10.627655466566665,0.15816652992374586,0.39290744172026415,27.4804689999,0.3832588549367154,0.952067774910544,42.33038986666667,0.5837364912712363,1.4500818316916955
Grid Scanning,Local,200,8,1000,3,0.12611722,0.0,0.0,100.0,0.0,0.0,10.488344033333334,0.26570305882341966,0.660042988550673,25.91187976666667,0.8124480378630471,2.0182328096931554,40.57934423333334,1.166897707562638,2.8987346011113577
Grid Scanning,Local,200,10,60,3,0.51141933,0.0,0.0,41.67,0.0,0.0,0.2782409666666667,0.06917435607610188,0.17183862661469027,3.5168574666666665,1.033200135097636,2.5666114193815734,4.766761666666667,1.3729359737167075,3.410562028128333
Grid Scanning,Local,200,10,80,3,0.6808493700000001,1.3597399555105182e-16,3.3777813016573946e-16,66.67,0.0,0.0,0.6394299,0.18294963009689308,0.4544720754744653,6.1202321,1.9251272527977235,4.782281208593136,8.322310700000001,2.603685594954508,6.4679135759675885
Grid Scanning,Local,200,10,100,3,0.52053527,0.0,0.0,80.0,0.0,0.0,0.9672755332666666,0.22697591518496368,0.5638394305700126,8.583995666666667,2.6616218618408634,6.6118352414180155,11.420991266666666,3.4401994660202107,8.545929229484154
Grid Scanning,Local,200,10,120,3,0.47368989,0.0,0.0,81.94,0.0,0.0,1.0736598666666666,0.22177467029019188,0.5509188219788612,8.9832053,2.6208172642198333,6.510471001654817,12.078236166666668,3.398439459142365,8.442191621555944
Grid Scanning,Local,200,10,140,3,0.456917,0.0,0.0,72.62,0.0,0.0,1.2517599,0.2876477489943038,0.7145566209768431,9.4325049,2.746474242241086,6.822620239501993,12.358245233333335,3.500394385140975,8.695461698127806
Grid Scanning,Local,200,10,160,3,0.44918046,0.0,0.0,83.33,0.0,0.0,1.6696638999999998,0.33038021582106614,0.8207099533373234,13.6897067,3.694909644202483,9.178664388673383,17.6126043,4.551103613205039,11.305568115645825
Grid Scanning,Local,200,10,180,3,0.40809807000000003,6.798699777552591e-17,1.6888906508286973e-16,81.48,0.0,0.0,1.7222777,0.30030018889716004,0.7459870240851829,11.371921733333332,2.5380735966389403,6.304924336608587,15.092144566666667,3.267281091271735,8.11637617371689
Grid Scanning,Local,200,10,200,3,0.40069326999999993,6.798699777552591e-17,1.6888906508286973e-16,81.67,0.0,0.0,2.0203361333,0.30736679517675686,0.7635414472384211,13.129248266666666,3.087484065181293,7.6697356007450646,17.273736933333335,3.8632202499930157,9.59677111180519
Grid Scanning,Local,200,10,220,3,0.35930436000000004,6.798699777552591e-17,1.6888906508286973e-16,93.94,0.0,0.0,2.696523433333333,0.47485491641874317,1.179605005485851,16.97525,4.2738097305152705,10.616731924418499,22.0477865,5.318249157813173,13.211263293408136
Grid Scanning,Local,200,10,240,3,0.35475184,0.0,0.0,88.19,0.0,0.0,2.8685367332999996,0.5918137201647745,1.4701467805925732,16.9620721,4.38888872618429,10.902603997390264,22.127474966666668,5.4847745173298685,13.62493521894634
Grid Scanning,Local,200,10,260,3,0.31827973,0.0,0.0,91.67,0.0,0.0,3.417342166633333,0.6584530069547281,1.6356879459916425,19.3411030667,4.769395087734868,11.847834199678958,25.0935815,5.963846387842294,14.815015719125025
Grid Scanning,Local,200,10,280,3,0.29905579,0.0,0.0,95.83,0.0,0.0,3.8245562,0.6968865199344222,1.7311620849795464,19.5912182,4.470989056715423,11.106552524609818,25.727270966666666,5.674158312455039,14.095390646411174
Grid Scanning,Local,200,10,300,3,0.29873224,0.0,0.0,98.89,0.0,0.0,4.216735,0.7284855599805325,1.809658452013198,20.40269760003333,4.994244329562404,12.406390680761211,27.0055038,6.226839735792663,15.468327412708016
Grid Scanning,Local,200,10,320,3,0.24724327,0.0,0.0,95.83,0.0,0.0,4.308009166633333,0.7831105476880103,1.9453544439812416,19.615729833333333,4.9535000546261125,12.305176290854046,26.350880533333335,6.296148938854417,15.64050101780508
Grid Scanning,Local,200,10,340,3,0.25640093,0.0,0.0,95.58999999999999,1.7404671430534633e-14,4.323560066121465e-14,4.737324800066666,0.9957404703327125,2.473556453469502,20.835114433333334,5.709465119014072,14.183097616065943,28.10713373333333,7.321784797018837,18.18832173159473
Grid Scanning,Local,200,10,360,3,0.25449544,0.0,0.0,97.21999999999998,1.7404671430534633e-14,4.323560066121465e-14,5.356957899866667,1.4128645863924334,3.509750200653976,23.842291400033332,7.651780477031515,19.00807644502892,32.01691363333333,9.959279192429472,24.740221023764423
Grid Scanning,Local,200,10,380,3,0.22486355,0.0,0.0,98.25,0.0,0.0,5.485257666733333,1.1959657640996535,2.9709436565622482,22.8795733333,6.3896319870463225,15.872725783227965,30.8919607,8.248348248506923,20.49003294376583
Grid Scanning,Local,200,10,400,3,0.23806118,0.0,0.0,96.67,0.0,0.0,5.639155166733333,0.9906042933442305,2.4607974825181897,23.60259996666667,5.412233376296892,13.444733034852925,31.93678006666667,7.001103760085939,17.391705874306517
Grid Scanning,Local,200,10,420,3,0.21491558,0.0,0.0,100.0,0.0,0.0,6.3563641,0.8933368987485931,2.2191718794794664,23.941214799999997,4.921981609653401,12.226880133081606,33.3346931,5.936676627662946,14.747522293244298
Grid Scanning,Local,200,10,440,3,0.22684059999999998,3.3993498887762956e-17,8.444453254143486e-17,100.0,0.0,0.0,6.761017333333332,0.8159536719674431,2.0269412875754833,26.2089904333,5.515042660824676,13.700125455666463,35.97999243333333,6.881035532197125,17.09343986142488
Grid Scanning,Local,200,10,460,3,0.21459032,0.0,0.0,99.64,0.0,0.0,7.016910800000001,1.242671103549368,3.0869661516293845,25.5838882,6.278021003055188,15.595468728850026,35.58405526666667,8.180384571307513,20.32120181020555
Grid Scanning,Local,200,10,480,3,0.19878782000000003,3.3993498887762956e-17,8.444453254143486e-17,100.0,0.0,0.0,7.2896936333,1.6232278584964737,4.032321538054819,25.697377200000002,7.3380874630209,18.228819799012523,35.96565983333333,9.75227732228623,24.225999871738747
Grid Scanning,Local,200,10,500,3,0.20221448,0.0,0.0,100.0,0.0,0.0,7.4093215,1.5971862390472045,3.9676305691058382,26.170448933333333,7.17384798983563,17.820826329914986,36.7140801,9.547541418843949,23.717407693048507
Grid Scanning,Local,200,10,520,3,0.19104151,0.0,0.0,99.68,0.0,0.0,7.950226966633333,1.5479302690353365,3.845271956470514,26.349033366666664,6.763882095997784,16.80241459250096,37.416684833333335,9.018635402991631,22.403532313098147
Grid Scanning,Local,200,10,540,3,0.18886534,0.0,0.0,100.0,0.0,0.0,8.471601833333333,1.6510533287477058,4.1014438380530915,25.40538303336667,6.385344180509329,15.86207428130873,37.0965543,8.770970714728488,21.788299121114783
Grid Scanning,Local,200,10,560,3,0.18779199,0.0,0.0,99.7,0.0,0.0,8.538242966566665,1.653312583778555,4.107056138675685,27.492435566633333,6.974508955765827,17.325640717958304,39.484276566666665,9.438743141841956,23.447137790174395
Grid Scanning,Local,200,10,580,3,0.1774028,0.0,0.0,100.0,0.0,0.0,8.763920099966667,1.6102096289219803,3.999982463028596,25.330784866666665,6.339255271461731,15.747583084250163,37.39863896666666,8.685166649467863,21.57515000677938
Grid Scanning,Local,200,10,600,3,0.16998093,0.0,0.0,100.0,0.0,0.0,9.018720866733334,1.872529921419075,4.651622194178006,25.505206466766666,6.786214745279258,16.857891968784365,37.80904806666667,9.47097659107818,23.527210117001893
Grid Scanning,Local,200,10,620,3,0.1673585,0.0,0.0,100.0,0.0,0.0,9.440368033233334,2.12787364723549,5.285931172937399,26.8739467666,7.552155928005007,18.76059534577605,39.833061433333334,10.596359642795068,26.322816595936484
Grid Scanning,Local,200,10,640,3,0.15780756,0.0,0.0,100.0,0.0,0.0,10.1061123666,2.0126642181204897,4.9997350853236,25.8363391,6.528733626315477,16.218273411102764,39.54187723333334,9.377828416219325,23.295817223054296
Grid Scanning,Local,200,10,660,3,0.15740669,0.0,0.0,100.0,0.0,0.0,10.270133266633332,2.002405726051009,4.974251578308112,27.2754515667,6.758535176836126,16.789132108969806,41.255485666666665,9.593741057004955,23.832173956473483
Grid Scanning,Local,200,10,680,3,0.16827026999999997,3.3993498887762956e-17,8.444453254143486e-17,100.0,0.0,0.0,10.400237333333335,1.8104557714498273,4.497421457314553,25.987408966700002,5.991147920884533,14.88283648694385,40.283766299999996,8.620639805011262,21.414856439044485
Grid Scanning,Local,200,10,700,3,0.14655851,0.0,0.0,100.0,0.0,0.0,10.9719399332,2.3494236435480818,5.8362918738156555,26.489937666666666,7.033042016343168,17.471044901122642,41.393588099999995,10.342052085709982,25.69108160299832
Grid Scanning,Local,200,10,720,3,0.15551132,0.0,0.0,100.0,0.0,0.0,10.9731236,2.3978682164020833,5.9566348641719165,26.956654733333334,7.424209130429846,18.442757880821905,41.92545066666667,10.86123275297009,26.980797877750856
Grid Scanning,Local,200,10,740,3,0.15942011,0.0,0.0,100.0,0.0,0.0,11.536240266733332,2.2654335294923134,5.62764886407551,27.313930366699996,6.958874572031688,17.286802755724356,43.17255706666666,10.20430518202855,25.34889932488644
Grid Scanning,Local,200,10,760,3,0.14666087,0.0,0.0,100.0,0.0,0.0,11.889400299899998,2.202177567270239,5.4705123428266,28.81106466663333,7.009340928968225,17.412168136165057,45.0429819,10.174877871884418,25.275797834002027
Grid Scanning,Local,200,10,780,3,0.14612758,0.0,0.0,100.0,0.0,0.0,12.0967641667,1.8258496324199351,4.535661927879839,28.22253996666667,5.9242277551748534,14.716597579627853,44.74857863333333,8.61307224781523,21.396057584828
Grid Scanning,Local,200,10,800,3,0.15076875,0.0,0.0,100.0,0.0,0.0,12.292681933233334,2.4714288617516464,6.139369637385458,29.379118999966664,7.500381445401845,18.631980401035175,46.16220413333334,11.01936515781597,27.37362054807828
Grid Scanning,Local,200,10,820,3,0.14128624,0.0,0.0,100.0,0.0,0.0,12.697247066700001,2.8628496774330725,7.111712846783763,27.8450964333,7.614182972226059,18.91467906547397,45.183991,11.684517823250948,29.02595136835656
Grid Scanning,Local,200,10,840,3,0.1442909,0.0,0.0,100.0,0.0,0.0,13.1986563667,2.6664415835700495,6.623808093925629,28.021262266733334,7.328092903138168,18.20399193589548,46.08350446666666,11.130142707852222,27.64880723773864
Grid Scanning,Local,200,10,860,3,0.14049103,0.0,0.0,100.0,0.0,0.0,13.3064751001,2.3270713300079016,5.780765648805626,26.7284427333,6.086953235086211,15.12083008093833,44.829602666666666,9.42653537052094,23.416812005059437
Grid Scanning,Local,200,10,880,3,0.130802,0.0,0.0,100.0,0.0,0.0,13.816993766766666,2.8313210581083212,7.033391414519728,28.688568899999996,7.688412774780762,19.099076117335887,47.46736583333333,11.682306224357887,29.02045745214304
Grid Scanning,Local,200,10,900,3,0.13653664,0.0,0.0,100.0,0.0,0.0,13.824826300033331,2.968197737975251,7.373411936836346,30.07911980003333,7.882691734613177,19.581691808055215,48.91469866666667,12.073620913110542,29.99253702763535
Grid Scanning,Local,200,10,920,3,0.13498456,0.0,0.0,100.0,0.0,0.0,14.337406999999999,2.7754434338971725,6.894583700973801,29.390817966666663,7.02885223281177,17.46063690184823,48.9840217,10.997616559483298,27.31959403478238
Grid Scanning,Local,200,10,940,3,0.13448282,0.0,0.0,100.0,0.0,0.0,15.339048500166667,1.934467267404615,4.805483091106415,31.30356329993333,5.585725365728281,13.875711028486027,52.245710499999994,8.428084554939941,20.936522680746805
Grid Scanning,Local,200,10,960,3,0.12616337,0.0,0.0,100.0,0.0,0.0,16.784846933366666,0.530627952134963,1.318152906807311,33.4551876667,0.6366871755895462,1.5816186234697962,56.46276483333333,1.316918620377827,3.271407208186776
Grid Scanning,Local,200,10,980,3,0.12894219,0.0,0.0,100.0,0.0,0.0,16.790348999866666,0.700077768374527,1.7390895855771749,32.8664755667,1.4476363893100428,3.5961281475871596,56.0166835,2.4201167423895247,6.011903266608177
Grid Scanning,Local,200,10,1000,3,0.12101937,0.0,0.0,100.0,0.0,0.0,17.544668400066666,0.42035041273368023,1.044208312421551,34.13371753336667,1.048321559105666,2.604175119015288,58.243438633333334,1.5915417656707995,3.95360891992854
Grid Scanning,Local,200,12,60,3,0.51141933,0.0,0.0,41.67,0.0,0.0,0.3181869,0.036546547842853765,0.09078665773072071,3.0723576,0.6359414232662628,1.5797660719999023,4.234069366666667,0.7538145320197823,1.872579106655768
Grid Scanning,Local,200,12,80,3,0.6808493700000001,1.3597399555105182e-16,3.3777813016573946e-16,66.67,0.0,0.0,0.6133829333333334,0.07899095959040715,0.19622442160587683,5.4463736,1.3411557556420766,3.331615589921493,7.4002852,1.7405972708281947,4.323883321434021
Grid Scanning,Local,200,12,100,3,0.51868425,0.0,0.0,80.0,0.0,0.0,1.0118228667,0.174236120660578,0.43282651808202266,7.579403233333334,2.053778751871814,5.101869249116297,10.218177200000001,2.55683440622203,6.351528771196907
Grid Scanning,Local,200,12,120,3,0.47368989,0.0,0.0,81.94,0.0,0.0,1.1350256667,0.22203881153702335,0.551574985211344,8.0525505,1.9671593452037004,4.886694714442598,11.078060900000002,2.663021852196547,6.615313010256657
Grid Scanning,Local,200,12,140,3,0.45623018,0.0,0.0,72.62,0.0,0.0,1.3460343333666664,0.2437911519217541,0.6056107942798834,8.319976566666666,1.9835679655037144,4.927455986927654,11.184039066666665,2.607957529657748,6.478525650066042
Grid Scanning,Local,200,12,160,3,0.44934976,0.0,0.0,83.33,0.0,0.0,1.8184045000333333,0.37066317864277054,0.9207783804237558,12.359357766666667,3.2696768487403305,8.122327565192835,16.312036866666666,4.1586370482122295,10.330627120946076
Grid Scanning,Local,200,12,180,3,0.40868505000000005,6.798699777552591e-17,1.6888906508286973e-16,81.48,0.0,0.0,1.8545855666666666,0.40431765572798484,1.004380736120374,10.216150100033333,2.614422116504301,6.49458457404245,13.955231933333332,3.5259817297192764,8.759024185738314
Grid Scanning,Local,200,12,200,3,0.40096262,0.0,0.0,81.67,0.0,0.0,2.1792284333666667,0.40184811934904274,0.9982460676709046,11.976052533333332,3.160049079013819,7.8499970881601255,16.12118823333333,4.051705744834893,10.064995037659818
Grid Scanning,Local,200,12,220,3,0.35955049999999994,6.798699777552591e-17,1.6888906508286973e-16,93.94,0.0,0.0,2.8903818000333334,0.5366264971922557,1.333054118799765,14.573598199966666,3.9904755320020375,9.912890756863222,19.593361966666667,5.037087645022826,12.51281937639286
Grid Scanning,Local,200,12,240,3,0.35523741,0.0,0.0,88.19,0.0,0.0,2.9818011666333333,0.5760054163062877,1.4308767768188977,14.780873599966666,3.9857691466608123,9.901199447551056,19.8783851,5.057124051582459,12.562592569535608
Grid Scanning,Local,200,12,260,3,0.31680176,0.0,0.0,91.67,0.0,0.0,3.747972366666667,0.9973274144282827,2.477498641143747,17.553376566666667,5.96739133956479,14.823821867385213,23.56336896666667,7.732692553269894,19.209073184948693
Grid Scanning,Local,200,12,280,3,0.2969233,0.0,0.0,95.83,0.0,0.0,4.1390460666,0.7901455945313475,1.9628304691487057,17.8422221,4.919695438152409,12.221200968240463,24.2052494,6.2512254419374145,15.528904864969855
Grid Scanning,Local,200,12,300,3,0.29775567,0.0,0.0,98.89,0.0,0.0,4.5611441333,0.8375355942750452,2.0805537546718638,18.006416,4.483248624558092,11.137006979417553,24.822611166666665,5.844417140928204,14.518337022979795
Grid Scanning,Local,200,12,320,3,0.24619355,0.0,0.0,95.83,0.0,0.0,4.6265239999666665,0.8924149211339958,2.2168815601176552,17.585631433299998,4.700136244234112,11.675785694666516,24.455339433333332,6.140161009398378,15.253005519665484
Grid Scanning,Local,200,12,340,3,0.25579016,0.0,0.0,95.58999999999999,1.7404671430534633e-14,4.323560066121465e-14,4.9956925667,0.8791810991753244,2.1840069239195303,17.6930504333,4.312803009723401,10.713596599804227,24.994185833333333,5.6771880463981415,14.102916922755806
Grid Scanning,Local,200,12,360,3,0.25242856,0.0,0.0,97.21999999999998,1.7404671430534633e-14,4.323560066121465e-14,5.5014612333,0.9398113090213622,2.334620714669409,19.533407966699997,4.4877167276858865,11.148106362897298,27.419087366666663,5.890175819819362,14.632007882853195
Grid Scanning,Local,200,12,380,3,0.22117875,0.0,0.0,98.25,0.0,0.0,5.754505066833333,0.8000300543892837,1.9873848286420872,19.128212133399998,3.540238048498717,8.794438844849058,27.137346400000002,4.690587232023024,11.65206463332299
Grid Scanning,Local,200,12,400,3,0.23753024,0.0,0.0,96.67,0.0,0.0,6.056495199933333,0.9528357610358952,2.3669752470935927,19.836186133366667,4.432242809193133,11.010301509950887,28.357383400000003,5.86085718333548,14.559176352306485
Grid Scanning,Local,200,12,420,3,0.21234993,0.0,0.0,100.0,0.0,0.0,6.1196926334,0.5810994948711785,1.443531169488562,17.722128333300002,2.230154437686114,5.540010741683428,26.1619958,3.052808430853042,7.583596549831391
Grid Scanning,Local,200,12,440,3,0.22420615,0.0,0.0,100.0,0.0,0.0,6.5185379334,0.6439436885295013,1.5996448009197426,19.544865733366667,2.5365174030238107,6.301058537362459,28.592741933333333,3.4586187320309927,8.591685222804298
Grid Scanning,Local,200,12,460,3,0.21314886,0.0,0.0,99.64,0.0,0.0,7.0300243667333335,1.1864673464100624,2.9473482789775782,19.5253510333,3.886630476680576,9.65492533876038,29.11268576666667,5.5503209386357515,13.787761555982561
Grid Scanning,Local,200,12,480,3,0.19616111,0.0,0.0,100.0,0.0,0.0,7.611239099866666,1.6005164151526052,3.9759031851560342,20.121253633333335,4.243304743305931,10.540953335295317,30.31714736666667,6.3191521369022325,15.69764412956652
Grid Scanning,Local,200,12,500,3,0.19903276,0.0,0.0,100.0,0.0,0.0,8.001132433233332,1.2971548827758896,3.222311362284666,21.200249533333334,3.8110775820370604,9.467241543944523,32.011392533333336,5.543742515654552,13.771419847371117
Grid Scanning,Local,200,12,520,3,0.18989602000000003,3.3993498887762956e-17,8.444453254143486e-17,99.68,0.0,0.0,8.128720033433334,0.9720810194858059,2.414783119381398,20.918982066633333,3.2741518699356575,8.133444134105028,31.793525366666668,4.616116260113847,11.467068483572703
Grid Scanning,Local,200,12,540,3,0.18665785,0.0,0.0,100.0,0.0,0.0,9.2252935333,2.03926772583868,5.065821862111198,21.496696099999998,6.021158596125765,14.957387137065687,33.724989666666666,8.774385810965516,21.79678269046644
Grid Scanning,Local,200,12,560,3,0.18575595,0.0,0.0,99.7,0.0,0.0,8.813936666633333,1.159525505258619,2.8804210353492916,21.709486699966664,3.724174503327345,9.251362328854512,33.57243736666667,5.328158125637256,13.235878534064462
Grid Scanning,Local,200,12,580,3,0.1758833,0.0,0.0,100.0,0.0,0.0,9.334524466566666,1.3372778322849093,3.321982294266676,21.0501486333,3.9306132324066634,9.764184560926257,33.398594800000005,5.750551069575983,14.285160775279895
Grid Scanning,Local,200,12,600,3,0.16984272999999997,3.3993498887762956e-17,8.444453254143486e-17,100.0,0.0,0.0,9.647992666599999,1.259914583448433,3.1298013303284606,20.784497000033333,3.6438653867081072,9.05186342366331,33.440630266666666,5.366414075232285,13.330911581152293
Grid Scanning,Local,200,12,620,3,0.16531054,0.0,0.0,100.0,0.0,0.0,9.806408066733333,1.1699936495218566,2.906425347285642,21.137366266633332,3.306648360456485,8.214169891707353,34.081534366666666,4.911759758448298,12.20148764701911
Grid Scanning,Local,200,12,640,3,0.15499814,0.0,0.0,100.0,0.0,0.0,10.0207908,0.9107786378207946,2.2624995612672314,19.4962846333,2.172389464007239,5.396514592149469,32.6057106,3.4045393094115557,8.45734448964567
Grid Scanning,Local,200,12,660,3,0.1567254,0.0,0.0,100.0,0.0,0.0,10.380340833366665,1.1374768960581618,2.8256492537427897,20.6118048334,2.55824273233337,6.355027247200529,34.2211064,4.057890213690492,10.080358109971158
Grid Scanning,Local,200,12,680,3,0.16692525,0.0,0.0,100.0,0.0,0.0,10.339278699866666,0.8225409127304129,2.043304900771156,19.39846,1.574137783227287,3.91037503080597,32.997884199999994,2.6408250882666264,6.560173191899521
Grid Scanning,Local,200,12,700,3,0.14535568,0.0,0.0,100.0,0.0,0.0,10.622330533300001,0.8146075956203557,2.0235974485587884,19.2984629,1.440236732093572,3.5777463800416993,33.184827399999996,2.515577029605044,6.249039766054766
Grid Scanning,Local,200,12,720,3,0.15301077,0.0,0.0,100.0,0.0,0.0,10.945142299933332,0.8834800074708739,2.1946860041358613,19.869594566633335,1.4588378697123416,3.6239541674819424,34.226458466666664,2.6119035559032477,6.4883281226740435
Grid Scanning,Local,200,12,740,3,0.1567553,0.0,0.0,100.0,0.0,0.0,11.157911800033332,0.9224517842318094,2.2914972644816163,20.114210033333332,1.3910194195004404,3.4554837977580966,34.901470466666666,2.5887434673155862,6.430795273205956
Grid Scanning,Local,200,12,760,3,0.1426887,0.0,0.0,100.0,0.0,0.0,11.411490733566666,0.8972312181657113,2.228845905205131,20.614452500033334,1.642297054930601,4.079692048049609,35.565523166666665,2.8285969181951485,7.026624275829332
Grid Scanning,Local,200,12,780,3,0.14397214,0.0,0.0,100.0,0.0,0.0,11.6416638667,0.9051323851988856,2.248473492199078,20.477695999966667,1.4252563049000555,3.5405329359121542,35.7616327,2.588599068027822,6.4304365654896705
Grid Scanning,Local,200,12,800,3,0.14786363,0.0,0.0,100.0,0.0,0.0,11.801318233466668,1.1520633978534145,2.861884132934891,20.635300299999997,1.8225741471443377,4.527525171382444,36.112562733333334,3.3243596322952707,8.258167130005141
Grid Scanning,Local,200,12,820,3,0.13981459,0.0,0.0,100.0,0.0,0.0,11.9861712333,1.0809285812183322,2.6851754523132385,19.63840930003333,1.3842317600045253,3.4386223168297736,35.3458656,2.746782974463629,6.823387172858845
Grid Scanning,Local,200,12,840,3,0.14366374,0.0,0.0,100.0,0.0,0.0,12.2930242,1.3009287522198465,3.2316861736896216,19.59195443333333,1.6766220415575666,4.16496004178498,35.720459733333335,3.3317842937673254,8.276611011564853
Grid Scanning,Local,200,12,860,3,0.13659294,0.0,0.0,100.0,0.0,0.0,13.316414199833334,2.316211760719474,5.7537889832028775,19.795278900066666,3.0737346776705317,7.635580228716113,37.231640866666666,6.074825908019461,15.090704130429085
Grid Scanning,Local,200,12,880,3,0.12971064,0.0,0.0,100.0,0.0,0.0,12.891637566633333,1.1669715462399783,2.8989180265543246,19.62240033333333,1.5027499147909515,3.733037734661798,36.491603000000005,3.0547471565105413,7.5884126113499235
Grid Scanning,Local,200,12,900,3,0.13409807,0.0,0.0,100.0,0.0,0.0,13.245763566733332,1.1902762393946273,2.9568100936805575,20.962542666633336,1.9309171673982048,4.796664153800005,38.332541,3.4725572345218745,8.626310382487222
Grid Scanning,Local,200,12,920,3,0.13224951,0.0,0.0,100.0,0.0,0.0,13.536586866666667,1.3217407518085815,3.2833860467249307,20.155194066666667,1.685441108609897,4.186867818832129,37.9238039,3.3693211353355377,8.369857695284447
Grid Scanning,Local,200,12,940,3,0.13304932,0.0,0.0,100.0,0.0,0.0,14.135702900066667,1.136095274129489,2.8222171146063926,21.00400183333333,1.4225718111294632,3.5338642836996677,39.57438106666667,2.882921891711923,7.161574991232189
Grid Scanning,Local,200,12,960,3,0.12544474,0.0,0.0,100.0,0.0,0.0,14.733953866599999,1.1597276786344686,2.880923261856551,20.469340700066667,1.3735024555616795,3.41196924704245,39.76977283333333,2.8587354974354215,7.101492657098669
Grid Scanning,Local,200,12,980,3,0.1272665,0.0,0.0,100.0,0.0,0.0,15.105839266766665,1.138797270481932,2.8289292456425086,20.7162604334,1.2345669173573268,3.066834237086689,40.53399413333333,2.645777841030921,6.572476511818282
Grid Scanning,Local,200,12,1000,3,0.11937584,0.0,0.0,100.0,0.0,0.0,15.400133233433332,1.1629578928578215,2.8889475588258144,21.253630933366665,1.3675904466112192,3.397283002656406,41.46831103333333,2.8610355448608376,7.10720629164696
Grid Scanning,Local,200,14,60,3,0.51141933,0.0,0.0,41.67,0.0,0.0,0.28498646666666666,0.03319397363292521,0.08245840170439561,2.8207540333333334,0.17458806200947222,0.43370078885913504,3.9277731333333334,0.3181737794149974,0.790387484334926
Grid Scanning,Local,200,14,80,3,0.6808493700000001,1.3597399555105182e-16,3.3777813016573946e-16,66.67,0.0,0.0,0.6440055666666668,0.041679735348288026,0.10353820239445556,4.896964566666667,0.07579193814663494,0.1882776117967043,6.8083431999999995,0.140675527568124,0.34945738315235003
Grid Scanning,Local,200,14,100,3,0.51868425,0.0,0.0,80.0,0.0,0.0,1.0264262333333334,0.07780367948370655,0.19327505431841088,6.6733021,0.3058866960593254,0.7598646772036813,9.196437566666667,0.5141949385517258,1.2773310380474856
Grid Scanning,Local,200,14,120,3,0.47368989,0.0,0.0,81.94,0.0,0.0,1.1684920667333334,0.08254719040517515,0.2050585886845306,7.359503666666668,0.4647769590777101,1.1545699715975797,10.227348999999998,0.658221654397764,1.6351132343801782
Grid Scanning,Local,200,14,140,3,0.45623018,0.0,0.0,72.62,0.0,0.0,1.3751496000333334,0.07964015750741033,0.19783711863389417,7.397908566666666,0.19883949363057452,0.4939446847130497,10.161771566666667,0.3174654328291876,0.7886278538681262
Grid Scanning,Local,200,14,160,3,0.44914419,0.0,0.0,83.33,0.0,0.0,1.8762277332666664,0.07795647214750648,0.19365461233663508,11.029139899999999,0.48323901523941526,1.2004322615453238,14.8305832,0.6270721423409199,1.55773355677715
Grid Scanning,Local,200,14,180,3,0.40868505000000005,6.798699777552591e-17,1.6888906508286973e-16,81.48,0.0,0.0,1.8909592667000001,0.08493616665422353,0.21099313467726755,9.170133833366666,0.3479544694128017,0.8643668194404175,12.745585433333332,0.48754788368616997,1.2111360841488783
Grid Scanning,Local,200,14,200,3,0.4006118699999999,6.798699777552591e-17,1.6888906508286973e-16,81.67,0.0,0.0,2.2777109666666666,0.08468882493814252,0.21037870379266166,10.754355466666667,0.34999387612360167,0.8694329865603123,14.847598833333334,0.5051606592519776,1.2548886441404958
Grid Scanning,Local,200,14,220,3,0.35955049999999994,6.798699777552591e-17,1.6888906508286973e-16,93.94,0.0,0.0,2.9710798667333336,0.15705392444624655,0.3901435764953082,13.167462233333334,0.6969545540484133,1.7313310910877973,18.132285166666666,0.9594994928805354,2.3835288746698553
Grid Scanning,Local,200,14,240,3,0.35356697,0.0,0.0,88.19,0.0,0.0,3.0574342999333335,0.13127458243981754,0.3261041408330284,12.963364399933333,0.5577647964516892,1.3855645651523878,17.9440264,0.7421761392794367,1.843667736345314
Grid Scanning,Local,200,14,260,3,0.3172518,0.0,0.0,91.67,0.0,0.0,3.639482966633333,0.1959559794855083,0.4867816384829252,14.457839133299998,0.4129841690926237,1.0259095487988616,20.0290019,0.6356305886889874,1.5789939161043764
Grid Scanning,Local,200,14,280,3,0.2959881,0.0,0.0,95.83,0.0,0.0,4.2578091333,0.22583534888658788,0.5610061068154658,15.338609866666665,0.658986236528355,1.6370125616845097,21.569968766666666,1.0068004203763348,2.5010308924629383
Grid Scanning,Local,200,14,300,3,0.2979101,0.0,0.0,98.89,0.0,0.0,4.5755740999666665,0.19198771527733147,0.4769239237132041,15.568280566666667,0.6443620247590968,1.6006840057238723,22.124869466666667,0.8896993426852541,2.21013568928392
Grid Scanning,Local,200,14,320,3,0.24610783,0.0,0.0,95.83,0.0,0.0,4.728364366666667,0.26328229631353167,0.654029481108669,15.523863766699998,0.5257627645956107,1.3060671109660678,22.2658144,0.8624435087063455,2.1424284442317068
Grid Scanning,Local,200,14,340,3,0.25499472,0.0,0.0,95.58999999999999,1.7404671430534633e-14,4.323560066121465e-14,5.137496666633333,0.3513228923217109,0.8727344458175624,15.570023766700002,0.6162869097849392,1.530941553854841,22.832834966666667,1.104026840944196,2.7425547103740606
Grid Scanning,Local,200,14,360,3,0.25178071,0.0,0.0,97.21999999999998,1.7404671430534633e-14,4.323560066121465e-14,5.5185619666333325,0.2863724177162543,0.7113885224540657,16.4247304,0.5977876090059074,1.4849867431486359,24.062958466666668,0.9832936746106435,2.4426368988258575
Grid Scanning,Local,200,14,380,3,0.21945804,0.0,0.0,98.25,0.0,0.0,5.967257833266667,0.2835692532338191,0.7044250758510092,16.825610800000003,0.6717428496813569,1.6687017454920918,24.942761466666667,1.07375125689749,2.667345990298372
Grid Scanning,Local,200,14,400,3,0.23787249,0.0,0.0,96.67,0.0,0.0,6.219810999966666,0.38542553384125394,0.957450103686562,17.495156366600003,0.6937590644296252,1.723393054818259,25.9798689,1.1875201126858057,2.9499634953848113
Grid Scanning,Local,200,14,420,3,0.21127408,0.0,0.0,100.0,0.0,0.0,6.671310833300001,0.33126872238436167,0.8229171259983434,16.939720499933333,0.7187224709158728,1.7854055942844995,25.882849366666665,1.1304016147191687,2.808073280547354
Grid Scanning,Local,200,14,440,3,0.22359723,0.0,0.0,100.0,0.0,0.0,7.126522733400001,0.43058397136667825,1.0696298813471898,18.452631066699997,0.8421329176108512,2.091974138943449,28.032056300000004,1.407854471209564,3.497304384587997
Grid Scanning,Local,200,14,460,3,0.21315162,0.0,0.0,99.64,0.0,0.0,7.4067108,0.4023801039107111,0.9995675905826139,18.00790030003333,0.6493703472237954,1.6131253684310365,27.844896766666665,1.164224402346285,2.892093742808396
Grid Scanning,Local,200,14,480,3,0.19596233,0.0,0.0,100.0,0.0,0.0,7.8960693667,0.4367151159599116,1.084860488847435,18.325180266666667,0.7295646398019335,1.812339034891529,28.670273466666668,1.2267501622174637,3.0474163408602366
Grid Scanning,Local,200,14,500,3,0.19757654,0.0,0.0,100.0,0.0,0.0,8.047211033266665,0.47813987180385614,1.1877652870394275,18.67010580006667,0.6737962176489347,1.673802594296452,29.322691300000002,1.279942067657081,3.1795523591226473
Grid Scanning,Local,200,14,520,3,0.18960966,0.0,0.0,99.68,0.0,0.0,8.590708099933332,0.4660229574932897,1.1576652032505022,18.614774033366665,0.798451394877588,1.9834632210150707,29.804374500000005,1.3655768246120705,3.392280888311111
Grid Scanning,Local,200,14,540,3,0.18626953,0.0,0.0,100.0,0.0,0.0,9.047529066700001,0.36367546253875954,0.903419931330777,17.905963099999997,0.5415314985123707,1.3452388175552479,29.606312533333334,0.9767939594538101,2.4264907112891323
Grid Scanning,Local,200,14,560,3,0.18437762,0.0,0.0,99.7,0.0,0.0,9.1986557666,0.5739858421068667,1.425859876388438,19.075143433366666,0.6733283436520304,1.6726403308563949,31.07306336666667,1.3389870733311908,3.3262282844082156
Grid Scanning,Local,200,14,580,3,0.17469693,0.0,0.0,100.0,0.0,0.0,9.5754872666,0.5005998313584891,1.2435589195734782,18.303025,0.5781839474169636,1.436288548107149,30.65864523333333,1.1827712689453653,2.9381667135619742
Grid Scanning,Local,200,14,600,3,0.1678592,0.0,0.0,100.0,0.0,0.0,9.9573250002,0.5917955424940569,1.4701016247552317,18.3479117333,0.7927070642389615,1.9691935126468958,31.096550633333333,1.4807546987844495,3.6783985891019517
Grid Scanning,Local,200,14,620,3,0.16447384,0.0,0.0,100.0,0.0,0.0,10.643155666633334,0.6166313728923488,1.5317972476502637,19.179682233333335,0.9453586528860186,2.3484010807636486,32.9057757,1.7392667673677353,4.32057816761228
Grid Scanning,Local,200,14,640,3,0.15415725,0.0,0.0,100.0,0.0,0.0,10.731409033399999,0.5764306604550385,1.431933141845511,18.3253249,0.7492669407345559,1.86128226364651,32.033769299999996,1.450056701112053,3.602140535408728
Grid Scanning,Local,200,14,660,3,0.15589692,0.0,0.0,100.0,0.0,0.0,10.977926166666668,0.5893766995867273,1.4640928858703346,19.05778329996667,0.6003236005321535,1.491286495335663,33.134731433333336,1.274677817359764,3.166475236434989
Grid Scanning,Local,200,14,680,3,0.16644466,0.0,0.0,100.0,0.0,0.0,11.286565000033333,0.6434084488879914,1.5983151919414442,18.871936066633335,1.0539528691764264,2.618164068728623,33.44858236666666,1.8660181553283977,4.6354460704620575
Grid Scanning,Local,200,14,700,3,0.14471688,0.0,0.0,100.0,0.0,0.0,11.658501800000002,0.652694484939423,1.6213829842894785,18.58875456666667,0.7131629272687002,1.7715949222504361,33.55530506666667,1.4942613315419175,3.7119509248935403
Grid Scanning,Local,200,14,720,3,0.15257981,0.0,0.0,100.0,0.0,0.0,11.989955799899997,0.6399759695226922,1.5897884405052995,18.9314264333,1.0115378446668326,2.5127993067995265,34.31859673333333,1.853518390700175,4.604394933761087
Grid Scanning,Local,200,14,740,3,0.15565599,0.0,0.0,100.0,0.0,0.0,12.331014366699998,0.6005033009331585,1.4917328958786162,19.198594,0.7031413696483235,1.7466999930351794,35.18387476666667,1.4743513682894318,3.662491834338477
Grid Scanning,Local,200,14,760,3,0.14141227,0.0,0.0,100.0,0.0,0.0,12.5856217666,0.6290046240674169,1.5625341075112096,19.499162599966667,0.8708975975304741,2.163429565098212,35.6289732,1.620415785766258,4.025335962137505
Grid Scanning,Local,200,14,780,3,0.14322086,0.0,0.0,100.0,0.0,0.0,12.970361999866668,0.8265013458202537,2.0531431619644933,19.378577166666663,0.7672645325669226,1.9059907602379818,36.05601933333333,1.8131582887841373,4.504134882541371
Grid Scanning,Local,200,14,800,3,0.14665914,0.0,0.0,100.0,0.0,0.0,13.0743508001,0.22378750115844265,0.555918971046058,19.6694520667,0.29907999195240986,0.7429558868389665,36.450078633333334,0.589774242785019,1.4650804379212607
Grid Scanning,Local,200,14,820,3,0.13886914,0.0,0.0,100.0,0.0,0.0,13.271402700166668,0.09024470161362753,0.22418026656406803,18.865438533300004,0.15148715397371557,0.3763149520318357,35.91388176666666,0.22951064392941137,0.5701360458331528
Grid Scanning,Local,200,14,840,3,0.14307905,0.0,0.0,100.0,0.0,0.0,13.605102466766667,0.0360826352096464,0.0896342348636129,19.082882033333334,0.1793257495488399,0.4454698571421679,36.58124373333333,0.2006261502146798,0.4983829857115727
Grid Scanning,Local,200,14,860,3,0.13657714,0.0,0.0,100.0,0.0,0.0,13.962260233433334,0.21592777339675723,0.5363943249091643,18.169377400033333,0.10433345681174909,0.25917867466334027,36.0503439,0.32749670542634307,0.8135469164235678
Grid Scanning,Local,200,14,880,3,0.12912986,0.0,0.0,100.0,0.0,0.0,14.185070933433332,0.05687398478937498,0.14128281043280105,18.650301333300003,0.28017748446115226,0.6959994551332904,36.84335946666667,0.3301239114954629,0.8200732580964077
Grid Scanning,Local,200,14,900,3,0.13229053,0.0,0.0,100.0,0.0,0.0,14.590498199899999,0.11181787057066944,0.27777098913221737,19.616390133366668,0.18107147072185847,0.4498064689422644,38.36730913333333,0.13951679087380048,0.34657892163199205
Grid Scanning,Local,200,14,920,3,0.13084287,0.0,0.0,100.0,0.0,0.0,14.882761200066668,0.07706975107570742,0.19145187508237538,19.400520933333336,0.09535033002146899,0.23686335063417077,38.54661696666667,0.20303388458413316,0.5043641294586092
Grid Scanning,Local,200,14,940,3,0.13190476,0.0,0.0,100.0,0.0,0.0,15.325174233266667,0.09927607123216202,0.24661543242222575,19.919459433266667,0.12009745651522048,0.2983386208147546,39.63092086666666,0.04615100924577154,0.11464546250275925
Grid Scanning,Local,200,14,960,3,0.12452993,0.0,0.0,100.0,0.0,0.0,15.544051399933332,0.08027001253085446,0.19940176525056713,18.974922566666667,0.01124588077700956,0.02793631654001755,38.958293733333335,0.10719867529635567,0.2662962719533556
Grid Scanning,Local,200,14,980,3,0.12626045,0.0,0.0,100.0,0.0,0.0,15.9906968334,0.05814501079051521,0.14444021405484872,19.2198688334,0.06327374002855919,0.1571806837684303,39.81867406666667,0.1329588035210294,0.33028797793579173
Grid Scanning,Local,200,14,1000,3,0.11821746,0.0,0.0,100.0,0.0,0.0,16.405440833300002,0.16551662140076656,0.411166081143146,19.515842599933332,0.1111269081540797,0.2760545433357646,40.642414333333335,0.30828524306118626,0.7658229982644096
Grid Scanning,Local,200,16,60,3,0.51141933,0.0,0.0,41.67,0.0,0.0,0.28754526666666663,0.010493098193733513,0.02606630093615269,2.8337729,0.04796834750322352,0.11915998100310234,3.9059695,0.03249166584018107,0.08071377243118377
Grid Scanning,Local,200,16,80,3,0.6808493700000001,1.3597399555105182e-16,3.3777813016573946e-16,66.67,0.0,0.0,0.7168935,0.016988987307370595,0.042202984054687,4.7638139,0.0570750995453359,0.14178240718247304,6.652335166666667,0.045586477516291066,0.11324308794407717
Grid Scanning,Local,200,16,100,3,0.51868425,0.0,0.0,80.0,0.0,0.0,1.0649791333333332,0.03362254221342189,0.08352302507727873,6.5309071,0.1247515680021298,0.30990007467407643,9.058418433333335,0.10004312993306161,0.24852091186825662
Grid Scanning,Local,200,16,120,3,0.47368989,0.0,0.0,81.94,0.0,0.0,1.2354978333,0.0012165066201902293,0.003021969971808484,7.1454373667,0.1845470790278736,0.4584403586065092,10.012811000000001,0.18134683222794434,0.45049050484389663
Grid Scanning,Local,200,16,140,3,0.45623018,0.0,0.0,72.62,0.0,0.0,1.4425694333333334,0.03891426365246211,0.09666838986407628,7.355825066666667,0.14720055353769368,0.36566644623350836,10.2047444,0.1967881826599102,0.4888489457722953
Grid Scanning,Local,200,16,160,3,0.44914419,0.0,0.0,83.33,0.0,0.0,1.9533099333333332,0.04087505044967331,0.10153925429173075,10.702083766666666,0.10887798096816138,0.2704678985022444,14.5338805,0.17447595691123183,0.43342230435691664
Grid Scanning,Local,200,16,180,3,0.40868505000000005,6.798699777552591e-17,1.6888906508286973e-16,81.48,0.0,0.0,2.0116711665666664,0.05331438572705623,0.1324402761633839,8.9281342,0.11198547160105182,0.2781873331723185,12.603666033333333,0.16222097498487414,0.4029792415968328
Grid Scanning,Local,200,16,200,3,0.40059965999999997,6.798699777552591e-17,1.6888906508286973e-16,81.67,0.0,0.0,2.3354469333333334,0.04743514819213419,0.11783544048654603,10.329178633333333,0.11414391832109727,0.2835492120683871,14.404958266666668,0.14098797015051856,0.350233533554033
Grid Scanning,Local,200,16,220,3,0.35955049999999994,6.798699777552591e-17,1.6888906508286973e-16,93.94,0.0,0.0,3.1045441333000006,0.08642520181540707,0.21469210307528577,12.641378900000001,0.2641829970660306,0.6562669458149535,17.6327028,0.3346115245473614,0.8312211069143718
Grid Scanning,Local,200,16,240,3,0.35356697,0.0,0.0,88.19,0.0,0.0,3.2500701667333334,0.035302591286239686,0.0876964983366566,12.9365875,0.17792385332346544,0.44198735386075483,18.0784299,0.19471657730617173,0.4837027927892097
Grid Scanning,Local,200,16,260,3,0.31758449,0.0,0.0,91.67,0.0,0.0,3.817536133366667,0.0514848920758186,0.1278955619909367,13.944356499966666,0.21414517272487887,0.5319660993551598,19.639000433333337,0.27364330527780684,0.6797676542086081
Grid Scanning,Local,200,16,280,3,0.2959881,0.0,0.0,95.83,0.0,0.0,4.444419700133333,0.0431599436766133,0.10721524372409529,14.9020218333,0.2716359968025811,0.6747812235261837,21.2406465,0.3149362505432325,0.7823450167716942
Grid Scanning,Local,200,16,300,3,0.29808951,0.0,0.0,98.89,0.0,0.0,4.995400066633334,0.07640236902775166,0.18979400616890332,15.297360866633333,0.06444720048979609,0.16009572115343682,22.305177033333337,0.163773923471392,0.40683697949659736
Grid Scanning,Local,200,16,320,3,0.24610783,0.0,0.0,95.83,0.0,0.0,5.0135653,0.07862815651828692,0.19532316881248407,14.831060166633334,0.05237411618428252,0.1301045171329695,21.854097366666664,0.08310590402193675,0.20644651024999652
Grid Scanning,Local,200,16,340,3,0.25447283,0.0,0.0,95.58999999999999,1.7404671430534633e-14,4.323560066121465e-14,5.3757244000333335,0.0316342394909716,0.07858380730206412,14.8592913,0.13822831315052633,0.3433781655288566,22.27188753333333,0.1807738399644786,0.4490671131536802
Grid Scanning,Local,200,16,360,3,0.25006213,0.0,0.0,97.21999999999998,1.7404671430534633e-14,4.323560066121465e-14,5.803830433366667,0.042257960227726175,0.10497459262334016,16.018785099966667,0.07735224508276228,0.19215362909864384,23.937221866666665,0.11008848492087368,0.2734749570213999
Grid Scanning,Local,200,16,380,3,0.21916326,0.0,0.0,98.25,0.0,0.0,6.3246571333,0.09663444033905311,0.24005325750012918,16.256361133333332,0.30038811742601135,0.7462054506596413,24.635478199999998,0.40465696597829665,1.005223629509157
Grid Scanning,Local,200,16,400,3,0.23738691999999997,3.3993498887762956e-17,8.444453254143486e-17,96.67,0.0,0.0,6.872450266666667,0.5878564424045994,1.4603163576726514,17.56219676666667,1.5212807597028033,3.779070905337926,26.780385,2.3567551701200085,5.854504395457678
Grid Scanning,Local,200,16,420,3,0.21008543,0.0,0.0,100.0,0.0,0.0,7.1237238666,0.05893439891160319,0.14640116285565108,16.582290533366667,0.23903601477978018,0.5937983787809612,25.927501333333336,0.32464199582322045,0.8064554246423551
Grid Scanning,Local,200,16,440,3,0.22337181000000003,3.3993498887762956e-17,8.444453254143486e-17,100.0,0.0,0.0,7.5396796666000006,0.08744597127307575,0.2172278349800835,17.722321533333332,0.2364079110719935,0.5872698072500574,27.6576637,0.3262713069855826,0.8105028579449547
Grid Scanning,Local,200,16,460,3,0.21323347,0.0,0.0,99.64,0.0,0.0,7.794908166666667,0.0649290189134604,0.1612926244698774,17.44751773333333,0.15330237196815813,0.3808242035068783,27.623393333333336,0.0779885034256554,0.19373418244264037
Grid Scanning,Local,200,16,480,3,0.19554623000000002,3.3993498887762956e-17,8.444453254143486e-17,100.0,0.0,0.0,8.235296766633335,0.040154674319045215,0.09974974077899273,17.377712799966666,0.19355834621465323,0.48082558725584684,28.005621066666667,0.2402975151925693,0.5969321195297593
Grid Scanning,Local,200,16,500,3,0.19774611,0.0,0.0,100.0,0.0,0.0,8.570667666666667,0.07381786619196458,0.18337374520839894,17.813481700033336,0.09006900403185734,0.22374380957532936,28.951089266666667,0.1204038388734075,0.29909971678494196
Grid Scanning,Local,200,16,520,3,0.18980297,0.0,0.0,99.68,0.0,0.0,8.912097266666667,0.07041181702956172,0.17491265003599837,17.612084733299998,0.14750365339927274,0.36641938803008317,29.042801100000002,0.1186462163443905,0.29473354037758887
Grid Scanning,Local,200,16,540,3,0.18603677,0.0,0.0,100.0,0.0,0.0,9.319385499833333,0.07682038585848668,0.1908324175422785,17.2030268334,0.18758063413792875,0.4659761272560701,29.050244966666668,0.2628426250172217,0.6529372770607312
Grid Scanning,Local,200,16,560,3,0.1846683,0.0,0.0,99.7,0.0,0.0,9.603683866666668,0.05529064412906657,0.13734957418798124,18.045516433366668,0.15769685084130156,0.3917406941991439,30.410212033333334,0.23822654741569785,0.5917875503754131
Grid Scanning,Local,200,16,580,3,0.17394076,0.0,0.0,100.0,0.0,0.0,10.094388,0.1470644409111579,0.36532832372488544,17.63546693336667,0.07634719569026542,0.18965694800057062,30.452901866666668,0.2471787349467252,0.6140260170238993
Grid Scanning,Local,200,16,600,3,0.16698508999999997,3.3993498887762956e-17,8.444453254143486e-17,100.0,0.0,0.0,10.492312633333334,0.05856440511303164,0.14548204730750575,17.6950639667,0.06913659376238993,0.17174481982711545,30.8896481,0.011945741890731937,0.029674867925602897
Grid Scanning,Local,200,16,620,3,0.1641968,0.0,0.0,100.0,0.0,0.0,10.778170266766665,0.02415315969290022,0.05999977485106146,17.836028100066667,0.10278174276564495,0.2553240032835603,31.460694200000002,0.10340742271379778,0.2568782784382527
Grid Scanning,Local,200,16,640,3,0.15379979,0.0,0.0,100.0,0.0,0.0,11.285281200033333,0.01364111773708566,0.03388641500112081,17.2316218,0.17369092616210757,0.43147217986813347,31.408132266666666,0.21462331593203768,0.5331538729276802
Grid Scanning,Local,200,16,660,3,0.15432585,0.0,0.0,100.0,0.0,0.0,11.540388399933335,0.03458299996832525,0.08590893440677723,18.144718366666666,0.21134898930506665,0.5250199946730333,32.725887699999994,0.26711592936455475,0.6635527535437278
Grid Scanning,Local,200,16,680,3,0.16574888,0.0,0.0,100.0,0.0,0.0,12.068978399899999,0.06468274635444214,0.16068084951865091,18.109861133333336,0.09162622874421229,0.22761217020895985,33.381878699999994,0.02547354008397728,0.06327978157439162
Grid Scanning,Local,200,16,700,3,0.14455031,0.0,0.0,100.0,0.0,0.0,12.143625333366666,0.06569901740222242,0.16320540675380193,17.633094466633334,0.2319014994606951,0.5760752602217616,32.94958196666667,0.27624753972843524,0.6862369312176535
Grid Scanning,Local,200,16,720,3,0.1524992,0.0,0.0,100.0,0.0,0.0,12.771649566699999,0.1131477903476094,0.2810746930037165,18.272332666633336,0.15079542886344552,0.37459661159924923,34.418411533333334,0.11853831256409614,0.2944654925277192
Grid Scanning,Local,200,16,740,3,0.15498812,0.0,0.0,100.0,0.0,0.0,13.246752033333332,0.5299278784655008,1.3164138274039963,18.684489833399997,0.7442893152052684,1.8489171563542355,35.53301126666667,1.3850362954358486,3.440620893635163
Grid Scanning,Local,200,16,760,3,0.14071118,0.0,0.0,100.0,0.0,0.0,13.288563299966668,0.05227557910084312,0.1298597374479918,18.505244866633333,0.059303328682663976,0.1473176352129306,35.2608716,0.12717798510634767,0.3159276289071001
Grid Scanning,Local,200,16,780,3,0.14195444,0.0,0.0,100.0,0.0,0.0,13.741271533433334,0.15212709239360753,0.3779046471938872,18.184421100033333,0.20906817641288444,0.5193541413541171,35.54131446666667,0.33566286831404696,0.8338327896132091
Grid Scanning,Local,200,16,800,3,0.14624527,0.0,0.0,100.0,0.0,0.0,13.9916846334,0.10319249430376078,0.25634436666955324,18.8323053,0.08735839602596915,0.21701028600613015,36.516162900000005,0.05649753162891307,0.14034764894019003
Grid Scanning,Local,200,16,820,3,0.13870961,0.0,0.0,100.0,0.0,0.0,14.2795148333,0.09041219392100346,0.22459634052124863,18.2951903334,0.32256714396389485,0.8013012068923091,36.3197686,0.3279808365130961,0.8147495647136016
Grid Scanning,Local,200,16,840,3,0.14288067,0.0,0.0,100.0,0.0,0.0,14.810931166766666,0.029773223336212486,0.07396078688985042,18.5788177,0.16321224697439096,0.4054416977285933,37.2792167,0.18398957029763957,0.45705543014510486
Grid Scanning,Local,200,16,860,3,0.13616271,0.0,0.0,100.0,0.0,0.0,15.051248300166668,0.09116576750773507,0.2264683210866276,17.801555933333333,0.150819033545715,0.3746552488806487,36.747203866666666,0.20802992113040564,0.5167749722524875
Grid Scanning,Local,200,16,880,3,0.12869584,0.0,0.0,100.0,0.0,0.0,15.488151266633333,0.07661243422722942,0.19031583705285238,18.262492700033334,0.1643485249704798,0.40826436874970967,37.7796122,0.2505742273624132,0.622460887783672
Grid Scanning,Local,200,16,900,3,0.13204601,0.0,0.0,100.0,0.0,0.0,15.903432066633334,0.06339406833834597,0.15747959586056282,19.0191083667,0.08617415973650838,0.21406847997985737,39.0874701,0.10872460514584643,0.27008689183796114
Grid Scanning,Local,200,16,920,3,0.13081569,0.0,0.0,100.0,0.0,0.0,16.10706690003333,0.014881643233008168,0.03696805116792969,18.472525200033335,0.029854284813314584,0.07416215476208991,38.78344033333334,0.0484356428389591,0.12032080696912811
Grid Scanning,Local,200,16,940,3,0.13161537,0.0,0.0,100.0,0.0,0.0,16.774414599966665,0.09361922525803058,0.23256304800832278,19.218397533366666,0.057298935608544745,0.14233844678833985,40.4348431,0.17158707540001353,0.4262459248501209
Grid Scanning,Local,200,16,960,3,0.12429211,0.0,0.0,100.0,0.0,0.0,16.974500566566665,0.06441548094023465,0.1600169254241715,18.617676200000002,0.05965121771741617,0.14818183948366295,40.02878686666667,0.1273312635528795,0.31630839367652824
Grid Scanning,Local,200,16,980,3,0.12591722,0.0,0.0,100.0,0.0,0.0,17.1891656,0.12330294417761119,0.30630149360144976,18.547338633333332,0.08786272220726492,0.21826310169211,40.3085311,0.23195612186819053,0.5762109498041276
Grid Scanning,Local,200,16,1000,3,0.11826443000000002,1.6996749443881478e-17,4.222226627071743e-17,100.0,0.0,0.0,17.671837799800002,0.07745160489810766,0.19240045256297583,18.8351633666,0.18716864598812094,0.46495269195633837,41.184582766666665,0.24584304271128793,0.6107079735705575
Grid Scanning,Local,200,18,60,3,0.51141933,0.0,0.0,41.67,0.0,0.0,0.2986320333666666,0.022788623185069797,0.056610078252899806,2.8095700333333333,0.05240784958165459,0.13018831553752694,3.893166366666667,0.055232794013188535,0.1372058665334995
Grid Scanning,Local,200,18,80,3,0.6808493700000001,1.3597399555105182e-16,3.3777813016573946e-16,66.67,0.0,0.0,0.7176708333333334,0.03838234332115915,0.09534702650943984,4.7103839,0.09688622248095945,0.240678719013984,6.619800533333333,0.14093739522700635,0.3501078984792675
Grid Scanning,Local,200,18,100,3,0.51868425,0.0,0.0,80.0,0.0,0.0,1.2009451000333333,0.02741491364384066,0.06810242084704324,6.596649933333334,0.059009994359035,0.14658895235745312,9.2550436,0.055899394402443896,0.1388617936991162
Grid Scanning,Local,200,18,120,3,0.47368989,0.0,0.0,81.94,0.0,0.0,1.3250977334,0.025762080137772893,0.06399655480337578,7.110675733333333,0.0791043692993841,0.19650614694082505,10.068328966666668,0.06920875377467385,0.17192407523491032
Grid Scanning,Local,200,18,140,3,0.45623018,0.0,0.0,72.62,0.0,0.0,1.5380821999999998,0.011498085336698535,0.02856282739781632,7.3208955,0.10649781447001626,0.2645552371439574,10.191962766666666,0.12025667258765027,0.2987341354645942
Grid Scanning,Local,200,18,160,3,0.44914419,0.0,0.0,83.33,0.0,0.0,2.1491276,0.04012033378923949,0.09966443417386084,10.715740166666668,0.22145577369538852,0.5501266389215613,14.723840166666667,0.1737004764892235,0.4314959041958817
Grid Scanning,Local,200,18,180,3,0.40868505000000005,6.798699777552591e-17,1.6888906508286973e-16,81.48,0.0,0.0,2.1878656666666667,0.035299041577687866,0.0876876803717773,8.9038872,0.14698982075882022,0.36514295699040683,12.745356733333333,0.1173752121669787,0.291576190968688
Grid Scanning,Local,200,18,200,3,0.40059965999999997,6.798699777552591e-17,1.6888906508286973e-16,81.67,0.0,0.0,2.5671287000333334,0.09497450481616998,0.2359297490686612,10.359393266700001,0.22683705218278388,0.5634944757495309,14.686791066666666,0.39073664253407747,0.9706436290816098
Grid Scanning,Local,200,18,220,3,0.35955049999999994,6.798699777552591e-17,1.6888906508286973e-16,93.94,0.0,0.0,3.3498542999666667,0.049112175627356716,0.12200140758202224,12.605659100000002,0.3017563199898054,0.7496042542456756,17.853885566666666,0.3729927581357613,0.9265653766948144
Grid Scanning,Local,200,18,240,3,0.35356697,0.0,0.0,88.19,0.0,0.0,3.4772573667666666,0.03750585878309571,0.09316971821467039,12.611038500033333,0.28367793860894625,0.7046950652900783,17.982851266666668,0.2716621479015131,0.6748461864572445
Grid Scanning,Local,200,18,260,3,0.31758449,0.0,0.0,91.67,0.0,0.0,4.0907488334333335,0.06007823322277142,0.14924260480401805,13.6932829,0.10711724540180265,0.2660939888814326,19.6070722,0.16217896690693293,0.4028748877462209
Grid Scanning,Local,200,18,280,3,0.2959881,0.0,0.0,95.83,0.0,0.0,4.7749728333000006,0.04171010530389052,0.1036136455464719,14.702409300033333,0.2628294644627335,0.6529045844310194,21.392138866666667,0.1855349323678516,0.46089432234202715
Grid Scanning,Local,200,18,300,3,0.29808951,0.0,0.0,98.89,0.0,0.0,5.322791866733334,0.117664286797215,0.2922942921591682,15.004830133366667,0.2751690197275303,0.6835577390105284,22.316325966666668,0.3696430986964635,0.9182443613601343
Grid Scanning,Local,200,18,320,3,0.24610783,0.0,0.0,95.83,0.0,0.0,5.2883675,0.09319813263572566,0.2315169959451153,14.743584899966665,0.29230964028777723,0.726137400947041,21.9784788,0.322215365871353,0.8004273416664582
Grid Scanning,Local,200,18,340,3,0.25447283,0.0,0.0,95.58999999999999,1.7404671430534633e-14,4.323560066121465e-14,5.759286666566666,0.13314271579124012,0.33074484134187576,14.858466266666667,0.11909994549462763,0.2958606660706133,22.654403566666662,0.3130287634172673,0.7776065560674059
Grid Scanning,Local,200,18,360,3,0.24980444999999998,3.3993498887762956e-17,8.444453254143486e-17,97.21999999999998,1.7404671430534633e-14,4.323560066121465e-14,6.220394233366666,0.0759289096884689,0.1886178679692106,15.7278214333,0.19824208435259053,0.49246063779626015,24.094058166666667,0.26385968813853256,0.6554638019156099
Grid Scanning,Local,200,18,380,3,0.21867351,0.0,0.0,98.25,0.0,0.0,6.749665199933333,0.09032461665142001,0.22437878652318427,16.041346766666667,0.33347401077496747,0.8283953660547326,24.86296013333333,0.4129117618466727,1.0257296792285908
Grid Scanning,Local,200,18,400,3,0.2374072,0.0,0.0,96.67,0.0,0.0,7.043867466566667,0.10078309466699947,0.25035908616919694,16.517928099933332,0.1333112544766691,0.3311635146462388,25.74652066666667,0.29316183026294984,0.7282543582019428
Grid Scanning,Local,200,18,420,3,0.21008543,0.0,0.0,100.0,0.0,0.0,7.524132200033333,0.09681065997361586,0.24049101133989736,15.999444433366667,0.2775650600665172,0.689509833175481,25.745999033333334,0.4417698215208269,1.0974170735530986
Grid Scanning,Local,200,18,440,3,0.22302034,0.0,0.0,100.0,0.0,0.0,8.064823933333333,0.053545195887986036,0.13301364038840482,17.406260933400002,0.16426913407250637,0.40806715082608414,27.84514993333333,0.20998673889339628,0.5216359770525555
Grid Scanning,Local,200,18,460,3,0.21297354,0.0,0.0,99.64,0.0,0.0,8.368875700000002,0.06213765500605599,0.15435849212027536,17.286237266633332,0.2163793279936957,0.5375160487123334,28.034090699999997,0.29121860977595526,0.7234271309079539
Grid Scanning,Local,200,18,480,3,0.19549621000000003,3.3993498887762956e-17,8.444453254143486e-17,100.0,0.0,0.0,8.918771733333333,0.1037206807838393,0.25765645462355297,17.2867672,0.016586350391813293,0.04120277850860827,28.5994828,0.1078927232918428,0.2680203827527099
Grid Scanning,Local,200,18,500,3,0.19736158,0.0,0.0,100.0,0.0,0.0,9.150351299866669,0.08659432249250684,0.2151122221271061,17.473016233299997,0.10860345031548437,0.269785926554898,29.14466846666667,0.14340929898640917,0.3562484478278174
Grid Scanning,Local,200,18,520,3,0.18972959,0.0,0.0,99.68,0.0,0.0,9.580679633399999,0.10062015083021868,0.2499543112393525,17.462896900033332,0.281330386573187,0.6988634227477525,29.577501533333333,0.44224149620808406,1.0985887784313921
Grid Scanning,Local,200,18,540,3,0.18571901999999998,3.3993498887762956e-17,8.444453254143486e-17,100.0,0.0,0.0,10.087207066633333,0.08930972936161229,0.2218576667333968,16.948027599933333,0.257210023472719,0.6389451191487688,29.586672266666667,0.38444491194529246,0.955014103853836
Grid Scanning,Local,200,18,560,3,0.18485552000000002,3.3993498887762956e-17,8.444453254143486e-17,99.7,0.0,0.0,10.447466200100001,0.07235957126817802,0.17975113979336665,17.666184599966666,0.2269724067481646,0.5638307151298508,30.892098466666667,0.32573281331154424,0.809165165501737
Grid Scanning,Local,200,18,580,3,0.17369689,0.0,0.0,100.0,0.0,0.0,10.910214133366665,0.08129433063493911,0.2019463124817524,17.6363389333,0.17428866165049003,0.4329570371364758,31.26252753333333,0.2741383195708762,0.6809973378818771
Grid Scanning,Local,200,18,600,3,0.16664731,0.0,0.0,100.0,0.0,0.0,11.190256666733333,0.11832000874692196,0.29392319578285775,17.187353666733333,0.14000752258061053,0.3477979667712305,31.103533466666665,0.19733379344036084,0.4902043180879503
Grid Scanning,Local,200,18,620,3,0.16362397,0.0,0.0,100.0,0.0,0.0,11.722026933333334,0.06634390664640982,0.16480740044519002,17.696560600033333,0.05223816881696754,0.1297668051510092,32.295956100000005,0.08841665471770692,0.2196391463310635
Grid Scanning,Local,200,18,640,3,0.15343834,0.0,0.0,100.0,0.0,0.0,11.987338433266666,0.1269358486861284,0.31532612869424514,17.071608999966667,0.16947633752826038,0.42100256130327934,31.940100666666666,0.2277602068898178,0.5657877191710537
Grid Scanning,Local,200,18,660,3,0.15437955,0.0,0.0,100.0,0.0,0.0,12.4016998999,0.00954192442587624,0.023703454308990787,17.8248054,0.18174371519521726,0.4514764167900507,33.2133285,0.22759047106812094,0.5653660720153416
Grid Scanning,Local,200,18,680,3,0.16551933,0.0,0.0,100.0,0.0,0.0,12.806275866666667,0.08539659918815978,0.21213691249853533,17.592444433300003,0.28099390137047725,0.6980275471662553,33.5821601,0.4140356481372229,1.0285215675466657
Grid Scanning,Local,200,18,700,3,0.14451572,0.0,0.0,100.0,0.0,0.0,13.278790399933333,0.08757645189540493,0.21755196681466404,17.4341072667,0.2184153462885201,0.5425737985403203,33.91727133333333,0.30086466534602024,0.7473892613191916
Grid Scanning,Local,200,18,720,3,0.1525987,0.0,0.0,100.0,0.0,0.0,13.5700397333,0.13657412139476924,0.33926892540591386,17.794513466633333,0.12454065726397345,0.3093761433556091,34.66437403333334,0.2632746823202426,0.6540105669008025
Grid Scanning,Local,200,18,740,3,0.15480165,0.0,0.0,100.0,0.0,0.0,13.960016933299999,0.08682293501915342,0.21568012712592735,18.221127,0.03749283606384119,0.0931373679866607,35.7209817,0.12561729577176314,0.3120506616747321
Grid Scanning,Local,200,18,760,3,0.14053721,0.0,0.0,100.0,0.0,0.0,14.185604900000001,0.14805076272367548,0.3677784829352823,18.113458266666665,0.21529913760092864,0.5348327070217903,35.74350233333333,0.30838387244212906,0.7660680072290961
Grid Scanning,Local,200,18,780,3,0.1420113,0.0,0.0,100.0,0.0,0.0,14.704405466666666,0.05664468631204484,0.1407132014380183,17.679359299966666,0.10745194372417961,0.26692542560610877,35.949594966666666,0.17533012036025908,0.43554416399264395
Grid Scanning,Local,200,18,800,3,0.14576441,0.0,0.0,100.0,0.0,0.0,15.056693633333333,0.12901775099920768,0.3204978607423456,18.3257159667,0.323664957558118,0.8040283270421911,37.04142253333333,0.4812284619417298,1.1954377702770596
Grid Scanning,Local,200,18,820,3,0.13830273,0.0,0.0,100.0,0.0,0.0,15.409582966733334,0.15977501463664168,0.39690313925434256,17.97698683333333,0.26300850952173355,0.6533493570141842,37.13913516666667,0.4516809036070073,1.1220375663276325
Grid Scanning,Local,200,18,840,3,0.14255717,0.0,0.0,100.0,0.0,0.0,16.019093466633333,0.1288361704924402,0.3200467897577658,18.203829533333334,0.038946147900059715,0.09674759472594427,38.10864266666667,0.16107225736759762,0.40012566884360423
Grid Scanning,Local,200,18,860,3,0.13615387,0.0,0.0,100.0,0.0,0.0,16.196581633366666,0.16800385544156912,0.4173447130218528,17.593831366633335,0.08352216960968074,0.2074805712946153,37.752146366666665,0.3163163112322431,0.7857732775737696
Grid Scanning,Local,200,18,880,3,0.1285098,0.0,0.0,100.0,0.0,0.0,16.560468366633334,0.16381660655177846,0.40694301014623907,18.015584466666667,0.07720006917680232,0.1917756031918289,38.54847913333333,0.2559939896386688,0.6359243236428405
Grid Scanning,Local,200,18,900,3,0.13212875,0.0,0.0,100.0,0.0,0.0,17.061613366633335,0.20234977191804376,0.5026646993856905,18.625253833299997,0.26295283114092033,0.6532110442486767,39.84676866666666,0.5299963134445013,1.3165838293161343
Grid Scanning,Local,200,18,920,3,0.13046198,0.0,0.0,100.0,0.0,0.0,17.4780469666,0.09620149587317894,0.23897776382535754,18.4510958,0.12380419934271532,0.30754668046029454,40.20838296666667,0.2449810274333954,0.6085666089106397
Grid Scanning,Local,200,18,940,3,0.13143417,0.0,0.0,100.0,0.0,0.0,17.8271891334,0.18558193791356054,0.46101109059078405,18.518630566633334,0.019871935782279124,0.04936462508224037,40.71653800000001,0.2186790892390949,0.5432289723500515
Grid Scanning,Local,200,18,960,3,0.12411761,0.0,0.0,100.0,0.0,0.0,18.8224964332,1.1805261679792676,2.9325895735854033,19.011942700066665,1.253895408761254,3.114848871494426,42.46069946666667,2.7333713173425767,6.790070769627374
Grid Scanning,Local,200,18,980,3,0.12557475,0.0,0.0,100.0,0.0,0.0,18.613704933366666,0.07345549383339679,0.1824735623667848,18.4393766,0.08684626546484259,0.2157380831658958,41.6354569,0.1762688672322193,0.437876140499068
Grid Scanning,Local,200,18,1000,3,0.11806517,0.0,0.0,100.0,0.0,0.0,19.130924100066665,0.11941333921649057,0.29663917923371885,18.4314795333,0.1545119829449801,0.38382904375094884,42.275769,0.07654439585541076,0.19014682036757152
Grid Scanning,Local,200,20,60,3,0.51141933,0.0,0.0,41.67,0.0,0.0,0.27965176666666663,0.01909922287066498,0.04744509979814327,2.7071395333333332,0.28013229819391305,0.6958872062227882,3.7246591,0.3278726395559868,0.8144807885721498
Grid Scanning,Local,200,20,80,3,0.6808493700000001,1.3597399555105182e-16,3.3777813016573946e-16,66.67,0.0,0.0,0.7151174333666667,0.07419299698176055,0.1843056217501698,4.537309900033334,0.35130504126969264,0.8726901013460495,6.410189966666667,0.5053433042817755,1.2553423595468807
Grid Scanning,Local,200,20,100,3,0.51868425,0.0,0.0,80.0,0.0,0.0,1.3008667000666667,0.07583146684782857,0.1883758065340359,6.395873566666666,0.5059487235415888,1.256846304361603,9.098490233333331,0.6706655906154004,1.6660256856210245
Grid Scanning,Local,200,20,120,3,0.47368989,0.0,0.0,81.94,0.0,0.0,1.4009421333333334,0.1162015792314233,0.28866072513372254,6.786479133333334,0.4678811579451811,1.1622812290690367,9.748216266666667,0.6533875445024516,1.6231046396864872
Grid Scanning,Local,200,20,140,3,0.45623018,0.0,0.0,72.62,0.0,0.0,1.5751994333333332,0.06199167632013597,0.1539958609614697,6.992998533333334,0.25240068714645664,0.6269980654122097,9.8804394,0.3420941680185883,0.8498090237448288
Grid Scanning,Local,200,20,160,3,0.44914419,0.0,0.0,83.33,0.0,0.0,2.1884002334333332,0.14095026707889496,0.35013987393196405,10.110339633366666,0.790414772002555,1.963499143056086,14.050985633333333,1.029592535313617,2.5576496447091897
Grid Scanning,Local,200,20,180,3,0.40868505000000005,6.798699777552591e-17,1.6888906508286973e-16,81.48,0.0,0.0,2.2754782666,0.14186337240758246,0.3524081533137568,8.5944096,0.6405388988897246,1.5911868345749967,12.4961792,0.9110572565591697,2.2631916885824293
Grid Scanning,Local,200,20,200,3,0.40059965999999997,6.798699777552591e-17,1.6888906508286973e-16,81.67,0.0,0.0,2.638034333333333,0.1809799552356071,0.44957913187165816,9.9414811667,0.8290137821831741,2.0593843998819965,14.2747283,1.1656478578434695,2.8956298022899505
Grid Scanning,Local,200,20,220,3,0.35955049999999994,6.798699777552591e-17,1.6888906508286973e-16,93.94,0.0,0.0,3.4180907666,0.1802590684919429,0.44778834992582106,12.0969381333,0.7004945161677915,1.7401248444867121,17.3374203,0.9686550578426557,2.406272558864638
Grid Scanning,Local,200,20,240,3,0.35356697,0.0,0.0,88.19,0.0,0.0,3.4827855666333334,0.16185130285309005,0.4020609251132848,11.739040133400001,0.7487803832547024,1.8600735878618717,16.958553033333335,1.0040989495723331,2.4943200669615258
Grid Scanning,Local,200,20,260,3,0.31758449,0.0,0.0,91.67,0.0,0.0,4.120189866766666,0.3381104304635467,0.8399128710506341,12.916339933333333,1.1017281601198656,2.7368444706510644,18.786866333333332,1.5542381082629186,3.860941497775409
Grid Scanning,Local,200,20,280,3,0.2959881,0.0,0.0,95.83,0.0,0.0,4.7870927999666675,0.21659416012631716,0.5380497213146741,13.7508344,0.9197844752767844,2.284871301717549,20.321177000000002,1.1964043008583165,2.972033042262432
Grid Scanning,Local,200,20,300,3,0.29808951,0.0,0.0,98.89,0.0,0.0,5.194685933333333,0.29647361078958173,0.7364812771011896,13.8651309667,0.9238964934099183,2.2950861210334685,20.9231748,1.328129877600821,3.2992575150505496
Grid Scanning,Local,200,20,320,3,0.24610783,0.0,0.0,95.83,0.0,0.0,5.364577199733334,0.3587785611870084,0.8912553540121708,13.631083366733334,0.824583097415302,2.048377968761248,20.846305066666666,1.2992589059556763,3.227538045611971
Grid Scanning,Local,200,20,340,3,0.25442767,0.0,0.0,95.58999999999999,1.7404671430534633e-14,4.323560066121465e-14,5.740975300233333,0.32145018004621434,0.7985265147017344,13.773346533400002,0.6931417166261674,1.721859477858423,21.389415966666665,1.0953336794652544,2.7209597001098866
Grid Scanning,Local,200,20,360,3,0.24967477000000002,3.3993498887762956e-17,8.444453254143486e-17,97.21999999999998,1.7404671430534633e-14,4.323560066121465e-14,6.2286654001,0.5220976865722601,1.2969625524317552,14.468251833366665,0.9468327676249951,2.3520629847781875,22.651019599999998,1.5729098280441232,3.9073246210271333
Grid Scanning,Local,200,20,380,3,0.21880661999999998,3.3993498887762956e-17,8.444453254143486e-17,98.25,0.0,0.0,6.811191766733334,0.401929389633985,0.9984479542505743,14.788582900033333,0.9944883253976818,2.470445953015815,23.549325299999996,1.520811862410314,3.7779060998907155
Grid Scanning,Local,200,20,400,3,0.2374072,0.0,0.0,96.67,0.0,0.0,7.0221834333,0.41595133478831203,1.0332803970005329,15.216337533433332,0.9383957108947867,2.3311041739784994,24.288438333333332,1.491289123697562,3.7045675513002165
Grid Scanning,Local,200,20,420,3,0.21008543,0.0,0.0,100.0,0.0,0.0,7.516228500066667,0.6198575313694001,1.53981146958719,14.848511800033334,1.1523696664465788,2.8626449462970953,24.432014666666664,1.902686042310618,4.726534151324791
Grid Scanning,Local,200,20,440,3,0.22302034,0.0,0.0,100.0,0.0,0.0,8.059927933233332,0.5479327479294719,1.3611404026345888,16.196101333266668,1.1404205626023964,2.832961726816141,26.530213433333333,1.845185289642104,4.583694363166906
Grid Scanning,Local,200,20,460,3,0.21297354,0.0,0.0,99.64,0.0,0.0,8.417232633466666,0.586666868151306,1.4573612914091179,15.872978700033334,0.878020201898509,2.181123095214725,26.512594033333333,1.6221380933222185,4.029614411288499
Grid Scanning,Local,200,20,480,3,0.19535936,0.0,0.0,100.0,0.0,0.0,8.938892466666667,0.6166599298838173,1.531868187149705,16.0009597334,1.21419632328131,3.016230876131697,27.1926256,1.9581805138793598,4.864390060942358
Grid Scanning,Local,200,20,500,3,0.19736158,0.0,0.0,100.0,0.0,0.0,9.089286933400002,0.556548245947376,1.3825424861663744,15.985457633266668,0.9828067524579458,2.4414273171436545,27.445050300000002,1.644903207013582,4.086166088721499
Grid Scanning,Local,200,20,520,3,0.18949507,0.0,0.0,99.68,0.0,0.0,9.519366800066667,0.6960427833786245,1.729066127182507,16.023107266599997,1.0644486833328712,2.6442371164901703,27.920656533333332,1.9146137224028772,4.756164151255666
Grid Scanning,Local,200,20,540,3,0.18559255,0.0,0.0,100.0,0.0,0.0,10.0451237333,0.6147178579149681,1.5270438129329535,15.412704266733334,0.9434450352719826,2.343647391082752,27.82671793333333,1.6711443426255985,4.151352683294464
Grid Scanning,Local,200,20,560,3,0.18487908,0.0,0.0,99.7,0.0,0.0,10.2812909668,0.6951532497703378,1.7268564032002927,16.397415966733334,1.157988206792188,2.876602174254614,29.270571166666667,2.0472128515195114,5.085558648439547
Grid Scanning,Local,200,20,580,3,0.17369689,0.0,0.0,100.0,0.0,0.0,10.836004600133334,0.6872661947722688,1.7072638724449405,16.147129033366664,1.240661569402087,3.081974192071074,29.509710766666668,2.0754175745614316,5.155623064597455
Grid Scanning,Local,200,20,600,3,0.16664026,0.0,0.0,100.0,0.0,0.0,11.2331898999,0.7417092750194302,1.8425079812307636,15.9433659333,1.1215762499195872,2.7861498590287592,29.761051300000002,2.047082909282403,5.085235854027998
Grid Scanning,Local,200,20,620,3,0.16353285,0.0,0.0,100.0,0.0,0.0,11.628032099766669,0.8424008856363492,2.092639808421132,16.078010566633335,1.1502358501677015,2.85734425280879,30.4121779,2.1322887066393434,5.296898788502129
Grid Scanning,Local,200,20,640,3,0.1531671,0.0,0.0,100.0,0.0,0.0,12.112224966633335,0.862468612813488,2.1424908062909793,15.720422666666666,1.3101977780840954,3.2547117103901915,30.512656866666664,2.3925421235721664,5.943404116116837
Grid Scanning,Local,200,20,660,3,0.15431642,0.0,0.0,100.0,0.0,0.0,12.363176599766668,0.8163936518049741,2.0280342580823043,16.375381700133335,1.086025525374756,2.697836963506896,31.568670166666667,2.0890516791769485,5.18949205803881
Grid Scanning,Local,200,20,680,3,0.1655286,0.0,0.0,100.0,0.0,0.0,12.830225166700002,0.8717357241934662,2.1655115871489743,16.59355053333333,1.4452967463393145,3.590316152251542,32.42047613333333,2.5144013070198366,6.246119109242296
Grid Scanning,Local,200,20,700,3,0.14446132,0.0,0.0,100.0,0.0,0.0,13.098020499999999,0.8631563276030607,2.1441991845346853,16.152105533266667,0.9667219043797582,2.401470339444854,32.2380878,2.0377022784558987,5.06193307523187
Grid Scanning,Local,200,20,720,3,0.15265335,0.0,0.0,100.0,0.0,0.0,13.428246033266667,0.9870591669975186,2.4519909004674028,16.606538966566667,1.1711708392195794,2.90934964860764,33.10316243333333,2.3404337633501404,5.813959773391831
Grid Scanning,Local,200,20,740,3,0.15493187,0.0,0.0,100.0,0.0,0.0,13.7383680333,0.9978054590678489,2.4786861698607936,16.621139366766666,1.1468566486429952,2.848949850865662,33.6361011,2.373245360671452,5.895468299680468
Grid Scanning,Local,200,20,760,3,0.14052317,0.0,0.0,100.0,0.0,0.0,14.636540032933333,0.8816935974335882,2.190248315593591,17.342661033333336,1.2127280174401227,3.012583402219221,35.33016653333333,2.292369353287002,5.694561159760958
Grid Scanning,Local,200,20,780,3,0.14190472,0.0,0.0,100.0,0.0,0.0,14.627405533166666,0.9719785696783262,2.414528619951076,16.432894633133333,1.1921950639630303,2.9615767181531605,34.40576053333333,2.390204000970507,5.937595897587359
Grid Scanning,Local,200,20,800,3,0.14573912,0.0,0.0,100.0,0.0,0.0,14.976650866633333,1.1529253099818435,2.8640252413573366,16.878590133266666,1.3718379327871815,3.407834343246252,35.30046086666667,2.7566118178234813,6.847803373311941
Grid Scanning,Local,200,20,820,3,0.13813371,0.0,0.0,100.0,0.0,0.0,15.298870566633333,1.0794933864013407,2.6816102307446417,16.6370047667,1.1832569452047677,2.9393732002736574,35.43407043333333,2.482845326780422,6.167729708698317
Grid Scanning,Local,200,20,840,3,0.14207128,0.0,0.0,100.0,0.0,0.0,15.751258166333335,1.100616201921349,2.7340822133562392,16.669444599866665,1.1695706740678073,2.9053746180090942,36.0392748,2.5046953696970338,6.222008224310837
Grid Scanning,Local,200,20,860,3,0.13615387,0.0,0.0,100.0,0.0,0.0,16.0726773335,1.0321168162561238,2.563920306193523,16.23083919993333,1.1439026082448542,2.8416116077106066,35.955966100000005,2.4008246491582397,5.963979050273738
Grid Scanning,Local,200,20,880,3,0.1285098,0.0,0.0,100.0,0.0,0.0,16.5798045003,1.064628163815053,2.644682970724481,16.723247733366666,0.9672973286614293,2.40289977260321,37.05032576666667,2.2590354480013755,5.611755148561019
Grid Scanning,Local,200,20,900,3,0.13208219,0.0,0.0,100.0,0.0,0.0,16.873098100000004,1.246591985863262,3.096706163248663,17.1206536,1.2169406592291039,3.0230481845533244,37.85796393333333,2.7310071254526114,6.784197791395696
Grid Scanning,Local,200,20,920,3,0.13046326,0.0,0.0,100.0,0.0,0.0,17.4266043666,1.2905233021335787,3.205837602722588,16.9872325668,1.3319906478380596,3.308848199993277,38.4342764,2.9416014060219933,7.307342985637028
Grid Scanning,Local,200,20,940,3,0.13135951,0.0,0.0,100.0,0.0,0.0,17.673495766633334,1.2668833917326578,3.1471128097932617,17.158685066766665,1.2615570842742225,3.1338815285713855,38.94398746666666,2.7713086235670708,6.88431226270186
Grid Scanning,Local,200,20,960,3,0.1241615,0.0,0.0,100.0,0.0,0.0,18.21611456656667,1.3401470821963217,3.3291099061760523,16.91046350006667,1.2969207463318448,3.2217297351143195,39.293216699999995,2.914564330905194,7.24017916772396
Grid Scanning,Local,200,20,980,3,0.12545931,0.0,0.0,100.0,0.0,0.0,18.4921269001,1.3878221245952442,3.4475412769085114,16.99131239993333,1.2990839096924942,3.2271033307951846,39.821588899999995,2.998829562068981,7.449505606247282
Grid Scanning,Local,200,20,1000,3,0.11781135999999999,1.6996749443881478e-17,4.222226627071743e-17,100.0,0.0,0.0,19.291964200033334,1.886173520222215,4.685514772488878,17.1740444334,1.8407868259983307,4.572767973755647,40.924113633333334,4.102996744727967,10.192408944767587
Grid Scanning,Local,400,6,60,3,0.60799571,0.0,0.0,16.67,0.0,0.0,0.05673,0.013476291907271823,0.03347696494140972,1.0127742333333334,0.25410524464100176,0.631232420966256,1.7223278333333332,0.41148050228886096,1.0221742333857275
Grid Scanning,Local,400,6,80,3,0.6401748,0.0,0.0,25.0,0.0,0.0,0.138685,0.016455776583619495,0.0408784151875072,2.5644167666666666,0.6705377706125757,1.6657081631316917,3.6425414000000003,0.9040300104715105,2.2457350415663253
Grid Scanning,Local,400,6,100,3,0.59815891,0.0,0.0,35.0,0.0,0.0,0.26117653333333335,0.04303094679522325,0.10689479770633609,4.6366371,1.3503979526079823,3.354574479943924,6.802951933333333,1.8239132111768703,4.530851590844107
Grid Scanning,Local,400,6,120,3,0.4508809200000001,6.798699777552591e-17,1.6888906508286973e-16,36.11,0.0,0.0,0.2876190333,0.04951255736342647,0.12299601095168919,5.018871666666667,1.3330181444291833,3.3114006430239824,7.5634329,1.957127251593181,4.861773612376897
Grid Scanning,Local,400,6,140,3,0.58686634,0.0,0.0,25.0,0.0,0.0,0.2865796333333333,0.05231212648825635,0.12995052619133096,4.6293628,1.3055346001092927,3.2431277341263804,7.361915266666666,2.1557798330214295,5.355253981439363
Grid Scanning,Local,400,6,160,3,0.45904053,0.0,0.0,36.46,0.0,0.0,0.3970405666666667,0.06867071936949061,0.17058752367877547,6.604967599999999,1.6931512334035939,4.206020830594452,10.146475633333333,2.3346242678642284,5.799528186569034
Grid Scanning,Local,400,6,180,3,0.58507835,0.0,0.0,35.19,0.0,0.0,0.43428599996666667,0.058562127236658254,0.14547638874890392,6.957300633333333,1.6399121171633935,4.073767534201911,9.984431366666668,2.19686318168779,5.457310677186457
Grid Scanning,Local,400,6,200,3,0.61169162,0.0,0.0,36.67,0.0,0.0,0.4975781666666667,0.056008350195871096,0.13913245489448237,7.656762533333333,1.6992927750702709,4.221277265856931,11.161601300000001,2.2787653062365876,5.660766833450597
Grid Scanning,Local,400,6,220,3,0.52924614,0.0,0.0,42.42,0.0,0.0,0.6594735333333334,0.10854945064966169,0.26965178394860595,10.8935758,2.5456840131501313,6.323829659266164,15.2392956,3.252412361048477,8.079440200243452
Grid Scanning,Local,400,6,240,3,0.52771685,0.0,0.0,45.830000000000005,8.702335715267317e-15,2.1617800330607325e-14,0.8508091667333333,0.138593986094707,0.34428654747966253,13.380042733333333,3.621102907133643,8.995318289739435,18.3205541,4.8094675624939685,11.947379745431205
Grid Scanning,Local,400,6,260,3,0.60302185,0.0,0.0,51.919999999999995,8.702335715267317e-15,2.1617800330607325e-14,1.1015626333333335,0.17895704069349824,0.4445539335699574,17.094644733333332,4.629972532029113,11.501489371181682,22.9606544,5.919409652671793,14.704628749500923
Grid Scanning,Local,400,6,280,3,0.56286652,0.0,0.0,56.54999999999999,8.702335715267317e-15,2.1617800330607325e-14,1.3458728333333332,0.23508611351154565,0.5839862800828495,21.364272966666665,5.514719921247142,13.699323726110835,28.030028266666665,6.952905227555071,17.271974081995562
Grid Scanning,Local,400,6,300,3,0.55564986,0.0,0.0,60.56,0.0,0.0,1.3668273999666667,0.20345479391018878,0.5054097261886913,20.5179404,5.126788548522774,12.73564877355516,27.663075633333335,6.6702032895343555,16.5697035365734
Grid Scanning,Local,400,6,320,3,0.54389893,0.0,0.0,59.38,0.0,0.0,1.4136229332666668,0.23088024378233496,0.573538320477808,20.283001600000002,5.083091795119476,12.62710002054497,26.979087500000002,6.608766679357664,16.417086536351373
Grid Scanning,Local,400,6,340,3,0.52558538,0.0,0.0,63.24,0.0,0.0,1.5858521665999998,0.2962615758167865,0.735954553029059,22.655788633333334,6.49999376554612,16.14687963913515,30.155010566666665,8.334921117008165,20.70509187122417
Grid Scanning,Local,400,6,360,3,0.53357534,0.0,0.0,63.43,0.0,0.0,1.8165836999666667,0.422246175841529,1.0489176490503034,25.098703699999998,7.4701717241643175,18.556935293247566,33.13859466666667,9.70596269433318,24.110947957834895
Grid Scanning,Local,400,6,380,3,0.49073854999999994,6.798699777552591e-17,1.6888906508286973e-16,68.42,0.0,0.0,2.0796061,0.3844636521905685,0.9550606572038537,28.282809166666667,8.059003365625367,20.019674179672805,37.276182666666664,10.3472394493658,25.703967728680304
Grid Scanning,Local,400,6,400,3,0.49818653000000007,6.798699777552591e-17,1.6888906508286973e-16,71.67,0.0,0.0,2.2840252334,0.38743855163628477,0.9624507171056226,30.59940799996667,7.890336225750119,19.600681776775637,40.30539076666667,10.12535322280965,25.152771785574195
Grid Scanning,Local,400,6,420,3,0.51946871,0.0,0.0,70.24,0.0,0.0,2.3825163000000003,0.4647736360044816,1.1545617166260538,30.225485333299996,8.45648406631251,21.007070977942686,39.639883133333335,10.76651513395547,26.74550626838944
Grid Scanning,Local,400,6,440,3,0.48897907,0.0,0.0,72.73,0.0,0.0,2.8552454667333333,0.62541599327892,1.553619454435956,38.09780516666667,10.845719610340801,26.94226109511768,49.15751906666667,13.837773692253574,34.37493547559371
Grid Scanning,Local,400,6,460,3,0.50069223,0.0,0.0,75.0,0.0,0.0,3.0779644665999997,0.515126759813505,1.279645810384482,42.77834946666667,10.723637449435753,26.638992195281475,55.744516,13.563294282803014,33.69309082347861
Grid Scanning,Local,400,6,480,3,0.47621819,0.0,0.0,76.39,0.0,0.0,3.3656813333,0.6341785567648521,1.5753868688429666,45.37683113333333,11.799450974945325,29.31146114481088,59.01994566666667,14.848658405269397,36.88611231342823
Grid Scanning,Local,400,6,500,3,0.51479878,0.0,0.0,77.0,0.0,0.0,3.4597966666999995,0.6559553248998173,1.6294833598070766,45.24632283329999,12.119810447740388,30.107278192497553,59.232010833333334,15.381280647856148,38.209219312355
Grid Scanning,Local,400,6,520,3,0.47360622999999996,6.798699777552591e-17,1.6888906508286973e-16,80.45,0.0,0.0,4.0502538665333345,0.8283890964475463,2.0578325944881315,52.271591466699995,14.159648673908576,35.174517255991844,66.71050696666667,17.611238458404017,43.74874160514916
Grid Scanning,Local,400,6,540,3,0.44806422,0.0,0.0,82.72,0.0,0.0,4.288117833333334,0.7651501688252093,1.900738389530834,53.2311697334,13.081011964745805,32.49503512948233,68.5536868,16.416227249212145,40.780169194431274
Grid Scanning,Local,400,6,560,3,0.46355042,0.0,0.0,79.46,0.0,0.0,4.285039133366666,0.8010120213114609,1.989824169705159,52.4247485333,13.327315457639385,33.106886924715106,67.70543693333333,16.756015072812424,41.624248941030295
Grid Scanning,Local,400,6,580,3,0.43731369000000003,6.798699777552591e-17,1.6888906508286973e-16,81.32,0.0,0.0,4.5413304333,0.9029591059169022,2.2430747671765374,53.602841866666665,14.636324431878437,36.35864548264195,69.07943966666667,18.300227990946194,45.46028648593842
Grid Scanning,Local,400,6,600,3,0.42540807,0.0,0.0,86.11,0.0,0.0,4.979876333366668,0.8650555522880068,2.1489171201976474,57.15268709993333,13.415171539671205,33.32513353129698,73.7018632,16.85655581878316,41.87400599966371
Grid Scanning,Local,400,6,620,3,0.41738326,0.0,0.0,81.99,0.0,0.0,5.154475866566666,0.9877523966180252,2.4537129783106058,57.60542333336667,14.128356995397146,35.09678441733764,73.61159623333334,17.803501080900414,44.226348436252486
Grid Scanning,Local,400,6,640,3,0.42168451,0.0,0.0,87.5,0.0,0.0,5.284554966633333,0.9898948173476972,2.4590350464396193,57.348179166666675,15.06159304411937,37.41507127993338,73.7487675,18.659994193088075,46.353995276092256
Grid Scanning,Local,400,6,660,3,0.43321280999999995,6.798699777552591e-17,1.6888906508286973e-16,85.86,0.0,0.0,5.208365966666666,0.9418784436131813,2.3397557616642106,57.06109346666667,15.393182172032805,38.23878433738955,73.2662028,19.095119308805984,47.43490598537684
Grid Scanning,Local,400,6,680,3,0.4237134,0.0,0.0,85.54,0.0,0.0,5.5787512667,0.8513895758564123,2.114968952776032,61.140079766633335,14.82781754223636,36.834340739622434,77.81241233333334,18.114780226824486,44.999608701523904
Grid Scanning,Local,400,6,700,3,0.40350888,0.0,0.0,88.57,0.0,0.0,5.816627900099999,1.1811813367138322,2.934217102946495,61.384774066700004,17.631489175722955,43.79904717573113,78.35748543333334,21.64040950187605,53.757757341330475
Grid Scanning,Local,400,6,720,3,0.39507226,0.0,0.0,92.58999999999999,1.7404671430534633e-14,4.323560066121465e-14,6.3972622333,1.1019398130857994,2.7373702457655438,66.26014783336667,17.020989434132186,42.282481744631674,84.77477423333333,20.960827384221705,52.069581774634166
Grid Scanning,Local,400,6,740,3,0.3913499999999999,6.798699777552591e-17,1.6888906508286973e-16,89.86,0.0,0.0,6.3521899667,1.066147517124247,2.6484572535773228,64.02741859996667,16.117973895921963,40.03926679186714,82.82852550000001,19.999196093158314,49.68075721970444
Grid Scanning,Local,400,6,760,3,0.39278001,0.0,0.0,91.45,0.0,0.0,6.511972633366667,1.3713355226188453,3.406586287200321,68.05706936666667,19.90378622664532,49.44374597222644,87.15764466666667,24.691647393543175,61.33745245554235
Grid Scanning,Local,400,6,780,3,0.35814143000000004,6.798699777552591e-17,1.6888906508286973e-16,86.11,0.0,0.0,6.637014133266667,0.984840903336146,2.446480428051582,64.76496546673333,13.991794700003089,34.75754486934607,82.85301953333334,17.450871511466566,43.35036802454358
Grid Scanning,Local,400,6,800,3,0.3988015999999999,6.798699777552591e-17,1.6888906508286973e-16,91.25,0.0,0.0,6.8143609999666666,1.5633252657473566,3.883515248375115,69.9393311999,23.21546127150566,57.67040284022648,89.40352556666666,28.563408444889298,70.95544009407736
Grid Scanning,Local,400,6,820,3,0.35563173,0.0,0.0,91.06,0.0,0.0,7.1401388667,1.326163849207361,3.2943736297759836,72.50944716666666,20.595895552708924,51.16304084975515,92.07090496666667,25.212557400760527,62.631464648899104
Grid Scanning,Local,400,6,840,3,0.36051633,0.0,0.0,91.27,0.0,0.0,7.301353766733334,1.4480860406768763,3.597245143504651,71.25699293336667,21.55889355908319,53.55526051372985,91.0072822,26.47016084979456,65.75552480307184
Grid Scanning,Local,400,6,860,3,0.34358216,0.0,0.0,94.96,0.0,0.0,7.966645533466667,1.7679521618392127,4.391836637795311,76.74594263333333,23.691610447173773,58.85322296392247,97.5273272,29.1029687865253,72.29578228650024
Grid Scanning,Local,400,6,880,3,0.33282843,0.0,0.0,91.29,0.0,0.0,7.778609933366667,1.633478845790484,4.057786402174544,74.18014210003334,22.078155580757617,54.84517888405101,94.52954256666668,27.13668352311997,67.41125891161613
Grid Scanning,Local,400,6,900,3,0.36958752,0.0,0.0,93.52,0.0,0.0,7.9459276332,1.6283352958298973,4.045009115745178,77.43026259999999,22.255017683630147,55.28452870357612,99.50501123333333,27.515951000503467,68.35341155502489
Grid Scanning,Local,400,6,920,3,0.33340457000000007,6.798699777552591e-17,1.6888906508286973e-16,91.49,0.0,0.0,8.283956933366666,1.789500894778268,4.445366657929655,78.6510954333,24.042376735163653,59.72457472792881,100.33480809999999,29.598507900681707,73.52676968762353
Grid Scanning,Local,400,6,940,3,0.35431200999999996,6.798699777552591e-17,1.6888906508286973e-16,94.15000000000002,1.7404671430534633e-14,4.323560066121465e-14,8.5061624333,1.892369723956546,4.700906995855018,80.46949490000002,24.146364175084003,59.98289384898332,103.12325153333335,30.000093861962906,74.52436451855166
Grid Scanning,Local,400,6,960,3,0.34901533,0.0,0.0,95.66000000000001,1.7404671430534633e-14,4.323560066121465e-14,9.013678200133333,1.7536058901404596,4.356198523245422,83.6994838,23.00329065948389,57.143341821578055,107.20098666666668,28.306045785825752,70.31611580710126
Grid Scanning,Local,400,6,980,3,0.33949457,0.0,0.0,95.07,0.0,0.0,9.224547233300001,2.125278934600124,5.279485549428731,84.8084216,25.666592862877646,63.759351262816224,108.49433800000001,31.913241026262828,79.27688553751729
Grid Scanning,Local,400,6,1000,3,0.32264406,0.0,0.0,95.0,0.0,0.0,9.667657166700002,1.9443207940147662,4.829960608152426,85.44642113343333,24.518764844076706,60.90798839470914,109.76924766666666,30.278037974748536,75.21481597088143
Grid Scanning,Local,400,8,60,3,0.60799571,0.0,0.0,16.67,0.0,0.0,0.0616657,0.007840066757368841,0.019475805494620062,0.9911989,0.25706778268987734,0.638591773455963,1.7392697333333331,0.47334414967058946,1.1758520528331038
Grid Scanning,Local,400,8,80,3,0.6401748,0.0,0.0,25.0,0.0,0.0,0.14249150000000002,0.022137095534645004,0.05499159384623149,2.479804833333333,0.6966693913199022,1.7306227075999172,3.5457865999999996,0.9375643725697399,2.329039015094027
Grid Scanning,Local,400,8,100,3,0.59815891,0.0,0.0,35.0,0.0,0.0,0.28550176666666666,0.04540713360754377,0.1127975729769853,4.526273033333333,1.2752863860302137,3.167987004819443,6.682320366666668,1.8072409090612198,4.489435296416925
Grid Scanning,Local,400,8,120,3,0.45128201000000007,6.798699777552591e-17,1.6888906508286973e-16,36.11,0.0,0.0,0.3150526333333333,0.04450094466439264,0.11054647484933239,5.126169333333333,1.4169443100545704,3.5198847960566106,7.730111433333334,1.9721494797272905,4.899090895799356
Grid Scanning,Local,400,8,140,3,0.58686634,0.0,0.0,25.0,0.0,0.0,0.32254193336666664,0.05936603229238872,0.14747339961451073,4.398409966666667,1.175412089078147,2.919885497326263,6.031920133333334,1.5253105264913938,3.789081400987022
Grid Scanning,Local,400,8,160,3,0.45830376,0.0,0.0,36.46,0.0,0.0,0.45256336666666663,0.0807003544804069,0.2004707939163985,6.468094399999999,1.6448442575112907,4.086019650039768,9.586775099999999,2.386442379975559,5.928251513016497
Grid Scanning,Local,400,8,180,3,0.58314991,0.0,0.0,35.19,0.0,0.0,0.4914300333333333,0.08508457882838304,0.21136181095598,6.876407866666668,1.9181395752977999,4.7649228553980265,9.915364066666667,2.683013480420071,6.664974967846005
Grid Scanning,Local,400,8,200,3,0.60922298,0.0,0.0,36.67,0.0,0.0,0.5510162333666667,0.10041153260123596,0.24943607482937796,7.541274966666666,2.2622892469894853,5.619838033333837,11.0287328,3.161081292428844,7.852561248430964
Grid Scanning,Local,400,8,220,3,0.51616908,0.0,0.0,42.42,0.0,0.0,0.7554829333333334,0.17092829373796875,0.42460942047962597,10.598534933333333,3.226603427409062,8.01532725488972,14.8480421,4.4768390314270095,11.121084667403656
Grid Scanning,Local,400,8,240,3,0.51894662,0.0,0.0,45.830000000000005,8.702335715267317e-15,2.1617800330607325e-14,0.9469867333333332,0.20920489039662374,0.5196937577168474,12.782773233366667,3.7967623662591703,9.431680576578824,17.61656843333333,5.116021515561869,12.708901980933316
Grid Scanning,Local,400,8,260,3,0.59458299,0.0,0.0,51.919999999999995,8.702335715267317e-15,2.1617800330607325e-14,1.2054718,0.25892455505776596,0.6432042517171711,16.001817066666664,4.483455401707645,11.137520642332685,21.822369966666667,6.0244750232079225,14.965625598648746
Grid Scanning,Local,400,8,280,3,0.55707816,0.0,0.0,56.54999999999999,8.702335715267317e-15,2.1617800330607325e-14,1.4595128332333334,0.32600786989436825,0.8098484439319953,19.6438062333,6.016093555007357,14.944804877411883,26.134241000000003,7.764273655456813,19.28752499186986
Grid Scanning,Local,400,8,300,3,0.55426269,0.0,0.0,60.56,0.0,0.0,1.511283233333333,0.3434627871506072,0.8532088621437001,18.816293266666666,5.798340765275629,14.403876960600458,25.830793400000005,7.7847328349204155,19.338348411126862
Grid Scanning,Local,400,8,320,3,0.53592678,0.0,0.0,59.38,0.0,0.0,1.6352857000333334,0.312713531159895,0.7768234757289071,19.835775600033333,5.368944921713621,13.33719855233923,26.73591516666667,7.049839997356287,17.5127733992386
Grid Scanning,Local,400,8,340,3,0.52075383,0.0,0.0,63.24,0.0,0.0,1.8855120000333334,0.2965156078122316,0.7365856034889353,21.736906299999998,5.464330189998052,13.57414869443001,29.78006423333333,7.213213532852375,17.918615759866412
Grid Scanning,Local,400,8,360,3,0.53336016,0.0,0.0,63.43,0.0,0.0,2.1074805333,0.47833059872534955,1.188239078977755,23.487575033333332,7.299124089507335,18.132029413490464,31.68917503333333,9.555076659427373,23.7361262683489
Grid Scanning,Local,400,8,380,3,0.48279124,0.0,0.0,68.42,0.0,0.0,2.5238310667,0.5877713114307191,1.4601048806099972,27.855425666666672,8.769363220191629,21.784305883314335,37.48287766666667,11.431517328338106,28.39746329785207
Grid Scanning,Local,400,8,400,3,0.48053213,0.0,0.0,71.67,0.0,0.0,2.6404199332333333,0.5390165950313328,1.3389914509765894,29.444686666666666,8.788410008392804,21.831620728172595,39.35940386666667,11.373881421376979,28.254287767818997
Grid Scanning,Local,400,8,420,3,0.5123236,0.0,0.0,70.24,0.0,0.0,2.804639433333333,0.5884719787279953,1.461845434666551,29.417390766666667,8.81883009897873,21.907188422391958,39.291181200000004,11.413553601060338,28.35283892547777
Grid Scanning,Local,400,8,440,3,0.47447687999999993,6.798699777552591e-17,1.6888906508286973e-16,72.73,0.0,0.0,3.1871479,0.67644509483488,1.680382770007854,34.346136899966666,10.6881754296833,26.550899654679572,45.45387176666667,13.89371954549017,34.51391267943479
Grid Scanning,Local,400,8,460,3,0.49619504,0.0,0.0,75.0,0.0,0.0,3.1157109333333337,0.6616944164866765,1.6437400536491824,33.7397967,10.00551002734499,24.855064784223767,45.02046026666667,12.956545078945917,32.18584224460271
Grid Scanning,Local,400,8,480,3,0.45838399999999996,6.798699777552591e-17,1.6888906508286973e-16,76.39,0.0,0.0,3.4489539333000003,0.81537508433746,2.0255039962242902,35.53388216663333,12.071466032050266,29.987184006329183,47.593814233333326,15.564388994593447,38.66408566182139
Grid Scanning,Local,400,8,500,3,0.48974350000000005,6.798699777552591e-17,1.6888906508286973e-16,77.0,0.0,0.0,3.659687033366667,0.9256888331148906,2.2995385396868575,36.28606516666667,11.795704649452226,29.302154756372982,48.890511733333334,15.352043128379291,38.13658928762451
Grid Scanning,Local,400,8,520,3,0.45732255,0.0,0.0,80.45,0.0,0.0,4.320769433333333,0.9311787856249301,2.313176337752765,42.487540233333334,12.488941294541416,31.02425004960632,55.914896166666665,16.026101056305684,39.81104200629075
Grid Scanning,Local,400,8,540,3,0.43775788,0.0,0.0,82.72,0.0,0.0,4.4720387,0.9973975187983747,2.4776727900532514,41.782448666666674,12.890416895825883,32.0215707311047,55.52930103333333,16.677246749003245,41.42857757736455
Grid Scanning,Local,400,8,560,3,0.43792057999999995,6.798699777552591e-17,1.6888906508286973e-16,79.46,0.0,0.0,4.519829333266667,1.0908358853674047,2.70978656017173,42.010262833366674,14.258856163066309,35.42096232109663,55.94170316666666,18.310640131996074,45.48615167818049
Grid Scanning,Local,400,8,580,3,0.42648656,0.0,0.0,81.32,0.0,0.0,4.865732333466666,1.078691251050094,2.6796176160686813,43.64438393333334,14.001304059820844,34.78116742868396,58.140493333333325,18.017482969887038,44.75790891631573
Grid Scanning,Local,400,8,600,3,0.41199258,0.0,0.0,86.11,0.0,0.0,5.206733533333333,1.0118385995596206,2.513546423370695,45.19645473326667,12.638624045549175,31.39608261618323,60.405949799999995,16.289072120490296,40.464298343930864
Grid Scanning,Local,400,8,620,3,0.40115886,0.0,0.0,81.99,0.0,0.0,5.4389523000999995,1.3375287066168298,3.32260550065551,47.3358478667,15.631552907404238,38.830930070503385,62.4124635,19.99832804769446,49.67860087523216
Grid Scanning,Local,400,8,640,3,0.40767494,0.0,0.0,87.5,0.0,0.0,5.941242866566667,1.3991518972357724,3.4756859923904044,50.42553950003333,16.590671237610678,41.213512084600204,66.85338863333334,21.142106170389408,52.519903243693676
Grid Scanning,Local,400,8,660,3,0.42001640999999995,6.798699777552591e-17,1.6888906508286973e-16,85.86,0.0,0.0,5.867408033299999,1.1740680315094303,2.9165466732330505,50.13258533333334,14.290973110720726,35.50074524195128,66.56526653333333,18.248882151945676,45.33273635093577
Grid Scanning,Local,400,8,680,3,0.40366054999999995,6.798699777552591e-17,1.6888906508286973e-16,85.54,0.0,0.0,6.2435197333,1.5853238791555115,3.938162833548529,52.59357836666667,17.456764535332507,43.36500710736521,69.30100576666666,22.31839316797193,55.441962134229996
Grid Scanning,Local,400,8,700,3,0.39085559,0.0,0.0,88.57,0.0,0.0,6.922952266700001,1.3356110382249093,3.317841748284509,55.5728724333,15.323011501573335,38.06447072864238,73.67651013333334,19.519910564338065,48.49014596286585
Grid Scanning,Local,400,8,720,3,0.38403576999999994,6.798699777552591e-17,1.6888906508286973e-16,92.58999999999999,1.7404671430534633e-14,4.323560066121465e-14,7.9550636668,1.4986791094868575,3.7229252936887045,65.4481206666,16.444255866919885,40.8497961406873,86.59179153333334,21.11952217008758,52.463801476861725
Grid Scanning,Local,400,8,740,3,0.37102547999999996,6.798699777552591e-17,1.6888906508286973e-16,89.86,0.0,0.0,8.076019333300001,1.6092559317322856,3.997613347874086,66.24011773333334,17.02354433134801,42.28882846115515,88.24519099999999,22.074538225482037,54.83619287539413
Grid Scanning,Local,400,8,760,3,0.37569947,0.0,0.0,91.45,0.0,0.0,8.2809929334,1.6353698117850146,4.062483822113194,67.62636063336667,17.37484295938266,43.16150263114218,89.90241166666668,22.521915565611028,55.94753979739112
Grid Scanning,Local,400,8,780,3,0.34134775999999994,6.798699777552591e-17,1.6888906508286973e-16,86.11,0.0,0.0,8.311583333233335,1.6833542357337858,4.1816837392209525,64.39225143336667,16.847497261798566,41.85150329664424,85.27031646666667,21.743543289582306,54.01395587272723
Grid Scanning,Local,400,8,800,3,0.37479932,0.0,0.0,91.25,0.0,0.0,9.0342236333,1.7320867699765632,4.3027420653226,74.1036998666,18.790436919740458,46.67803297259298,97.55181203333335,23.910624903854295,59.39728503518106
Grid Scanning,Local,400,8,820,3,0.34045765,0.0,0.0,91.06,0.0,0.0,9.1808614001,1.9104929247137836,4.745927522313694,72.91688639996667,19.66009726891126,48.83838904238213,95.86051166666668,25.056622139278407,62.24409998525972
Grid Scanning,Local,400,8,840,3,0.34976835,0.0,0.0,91.27,0.0,0.0,9.798857999933334,1.9324413512664664,4.800450436426796,74.23183339996666,19.218141168807477,47.74050922717622,98.56190046666666,24.635511721801947,61.198003716395526
Grid Scanning,Local,400,8,860,3,0.32293831,0.0,0.0,94.96,0.0,0.0,10.528541200000001,2.4270651046657514,6.029163955373455,78.0006877001,21.593302773059204,53.64073773979935,103.43680536666666,28.150569664429806,69.92989171066492
Grid Scanning,Local,400,8,880,3,0.31765251,0.0,0.0,91.29,0.0,0.0,10.404500666733334,2.135044298839044,5.303744059003611,76.6530798333,20.026135744553567,49.747679023676795,101.49148203333334,25.662141383146647,63.74829317414336
Grid Scanning,Local,400,8,900,3,0.34092077000000004,6.798699777552591e-17,1.6888906508286973e-16,93.52,0.0,0.0,10.1287129333,1.8447934980062102,4.582721098789034,74.7821868667,17.49694584379245,43.46482301101802,100.0363511,22.75687815507921,56.53121922673954
Grid Scanning,Local,400,8,920,3,0.31983192,0.0,0.0,91.49,0.0,0.0,10.605469633333334,1.9144198758768742,4.755682609790129,74.58792803333334,17.347452695881454,43.09346144464405,99.71233356666666,22.366981306314678,55.56266176103095
Grid Scanning,Local,400,8,940,3,0.33864974,0.0,0.0,94.15000000000002,1.7404671430534633e-14,4.323560066121465e-14,11.323273799866664,2.4380373934802724,6.0564206318018226,78.89711439996667,20.183911332096642,50.13961531068611,105.87303959999998,26.340906905143626,65.43444020477196
Grid Scanning,Local,400,8,960,3,0.32974838,0.0,0.0,95.66000000000001,1.7404671430534633e-14,4.323560066121465e-14,11.6056809666,2.195542627590134,5.454030238952063,80.91103829999999,19.551020696213556,48.567427814675284,108.5989028,25.452699519844753,63.228010743095865
Grid Scanning,Local,400,8,980,3,0.32262837,0.0,0.0,95.07,0.0,0.0,11.594891433399999,2.081668251229748,5.171150606233177,78.3938471,17.55223455495961,43.60216778346244,105.3143074,23.00417937518421,57.14554951376425
Grid Scanning,Local,400,8,1000,3,0.30955048,0.0,0.0,95.0,0.0,0.0,11.564286799866666,2.1498004929965817,5.34040047739226,74.29480956666667,18.27143252893288,45.38875459282387,100.82696053333332,23.967294021206378,59.53805892668698
Grid Scanning,Local,400,10,60,3,0.60799571,0.0,0.0,16.67,0.0,0.0,0.06936186666666666,0.0029482868353220585,0.007323950512680561,0.9907219333333334,0.08978201744872596,0.22303089538140633,1.6918244333333334,0.145037447078516,0.36029299190373437
Grid Scanning,Local,400,10,80,3,0.6401748,0.0,0.0,25.0,0.0,0.0,0.1678162,0.013582287918093915,0.033740273629187974,2.507544333333333,0.10832531782092006,0.2690950071362876,3.656890966666667,0.21219910266787967,0.52713179333686
Grid Scanning,Local,400,10,100,3,0.59815891,0.0,0.0,35.0,0.0,0.0,0.3482996,0.043890818619501726,0.1090308377322978,4.675280566666667,0.34074131096561133,0.8464483405209214,6.952056233333334,0.510793967386424,1.268882557319184
Grid Scanning,Local,400,10,120,3,0.45120458,0.0,0.0,36.11,0.0,0.0,0.3710217,0.014496708381215367,0.03601181998602417,4.975133233333334,0.1528826337232037,0.3797815159035231,7.653454166666667,0.23343517381494464,0.5798851185226972
Grid Scanning,Local,400,10,140,3,0.58686634,0.0,0.0,25.0,0.0,0.0,0.36788480000000007,0.010861556796334479,0.02698160284609258,4.525697833333333,0.165033323941086,0.40996550369756035,6.236624166666666,0.17857156991515585,0.4435963710726994
Grid Scanning,Local,400,10,160,3,0.45830376,0.0,0.0,36.46,0.0,0.0,0.5379105999999999,0.0308954328398228,0.07674850983825342,6.338760166666667,0.2740642375526825,0.6808133079467196,9.563977566666667,0.4160926833644196,1.033631526328944
Grid Scanning,Local,400,10,180,3,0.58314991,0.0,0.0,35.19,0.0,0.0,0.5671583666666667,0.026808580251354845,0.06659620520087572,6.811695366666666,0.24760474063705493,0.6150842738246676,9.9516921,0.3716591610323229,0.923252537837882
Grid Scanning,Local,400,10,200,3,0.60898284,0.0,0.0,36.67,0.0,0.0,0.64132,0.0320531371982525,0.07962440689408636,7.1200419,0.26457832439404444,0.6572489933389581,10.681788833333334,0.38165433128107373,0.9480819171881689
Grid Scanning,Local,400,10,220,3,0.51502205,0.0,0.0,42.42,0.0,0.0,0.8710623666666667,0.019165049459976182,0.047608622111087136,10.3101538,0.4029687465982068,1.001029860081368,14.539619466666666,0.48540153987117024,1.2058042705356553
Grid Scanning,Local,400,10,240,3,0.51746178,0.0,0.0,45.830000000000005,8.702335715267317e-15,2.1617800330607325e-14,1.0919560666666666,0.031996576549739454,0.07948390245411403,12.482122833333335,0.35888307744796677,0.8915149867975086,17.387527766666665,0.504043265565986,1.2521128843462523
Grid Scanning,Local,400,10,260,3,0.59328844,0.0,0.0,51.919999999999995,8.702335715267317e-15,2.1617800330607325e-14,1.3650469333333335,0.06438389280381654,0.15993845614325136,15.2007828,0.6432575782759269,1.5979404085644198,20.9817929,0.8371300865200152,2.0795464175651865
Grid Scanning,Local,400,10,280,3,0.55500454,0.0,0.0,56.54999999999999,8.702335715267317e-15,2.1617800330607325e-14,1.6112260333333335,0.11445895220564156,0.2843317996214628,18.2299163,1.070865178550704,2.6601765742380548,24.579552966666665,1.4406471020778346,3.5787657955953764
Grid Scanning,Local,400,10,300,3,0.55249848,0.0,0.0,60.56,0.0,0.0,1.7276370999666668,0.11987230217405773,0.2977793064249079,17.786026366666665,1.2927508079008523,3.2113710338022137,24.751958666666667,1.8290107517739649,4.543514583678528
Grid Scanning,Local,400,10,320,3,0.53524838,0.0,0.0,59.38,0.0,0.0,1.8825788000333332,0.16056197083882556,0.39885804683368337,18.842744333333332,1.4431570126334736,3.5850007590597595,25.856735833333335,1.9143646399723981,4.755545396196778
Grid Scanning,Local,400,10,340,3,0.52041093,0.0,0.0,63.24,0.0,0.0,2.1101900666666666,0.17248734650729403,0.4284823222585157,20.240384966700002,1.101577529844314,2.7364702843030355,28.02699473333333,1.6435939038462566,4.082913599347432
Grid Scanning,Local,400,10,360,3,0.53134227,0.0,0.0,63.43,0.0,0.0,2.3181179333333337,0.17678887736269872,0.4391679172746841,21.336613600000003,1.2873230309648038,3.197887688424407,29.400887466666664,1.8728128805239854,4.652325103561397
Grid Scanning,Local,400,10,380,3,0.4844434,0.0,0.0,68.42,0.0,0.0,2.6042414667,0.13381127595583914,0.3324056368593302,24.71949866663333,1.5543529397644096,3.8612267550387593,33.7224481,1.986911247685031,4.935761160275287
Grid Scanning,Local,400,10,400,3,0.47957053,0.0,0.0,71.67,0.0,0.0,2.921352199933333,0.1670885745884151,0.4150710293376899,27.489011233333333,1.6752676598098115,4.161595571009276,37.3215481,2.337195811289426,5.805916254568972
Grid Scanning,Local,400,10,420,3,0.51106076,0.0,0.0,70.24,0.0,0.0,3.097388233366667,0.2638545273316997,0.6554509817607335,26.77745836663333,1.9204181776459053,4.770583217421038,36.5304516,2.5387639146839227,6.30663918169723
Grid Scanning,Local,400,10,440,3,0.47128187000000005,6.798699777552591e-17,1.6888906508286973e-16,72.73,0.0,0.0,3.4325221333666662,0.27108386918202526,0.673409662482262,30.903904833366663,2.1265969913095737,5.282759783806901,41.562304866666665,2.8649250650228395,7.116868395362002
Grid Scanning,Local,400,10,460,3,0.49157554,0.0,0.0,75.0,0.0,0.0,3.482455566666667,0.21753389826307248,0.540384160259358,31.165471066666665,2.0870834040573767,5.184602591587181,42.42653606666667,2.721982026345515,6.761778202351474
Grid Scanning,Local,400,10,480,3,0.45791487999999997,6.798699777552591e-17,1.6888906508286973e-16,76.39,0.0,0.0,3.852128533333333,0.24857597836967835,0.6174969621033524,32.1987925,2.113225048659141,5.249542036789599,44.1633277,2.921085243148348,7.256378011742194
Grid Scanning,Local,400,10,500,3,0.47824644,0.0,0.0,77.0,0.0,0.0,4.0572457000333335,0.2900551725295121,0.7205369925688093,32.52078976666667,2.2561069827952944,5.604480437705044,45.0023113,3.129418117873395,7.77390556244404
Grid Scanning,Local,400,10,520,3,0.45380088,0.0,0.0,80.45,0.0,0.0,4.761075500066667,0.3059243279999582,0.7599581601265736,37.920628533333335,2.210735555131503,5.4917715632094675,51.07150366666667,3.0757942554304627,7.640696503499839
Grid Scanning,Local,400,10,540,3,0.43392177,0.0,0.0,82.72,0.0,0.0,5.0399945333,0.6662711804671952,1.6551093656509697,38.472847299966666,5.059272789240348,12.567930329784227,52.46024693333334,6.7517955673621435,16.772389990913016
Grid Scanning,Local,400,10,560,3,0.4332099200000001,6.798699777552591e-17,1.6888906508286973e-16,79.46,0.0,0.0,4.9447781,0.39462367864419323,0.9802995620696838,36.84794193336666,2.697641616789816,6.701313273054715,50.50380353333333,3.717566916233205,9.234948172570284
Grid Scanning,Local,400,10,580,3,0.42136817,0.0,0.0,81.32,0.0,0.0,5.320711666766666,0.448231612774113,1.113469052890845,38.63772756663333,2.372433454811933,5.893451413716446,52.767400900000005,3.3937839591318997,8.430626718412894
Grid Scanning,Local,400,10,600,3,0.40744878,0.0,0.0,86.11,0.0,0.0,5.7469213333,0.4379721635177362,1.0879831680912906,40.316759233333336,2.563153681912153,6.36722672224969,55.497639533333334,3.6385581523150545,9.038679522562429
Grid Scanning,Local,400,10,620,3,0.39363365,0.0,0.0,81.99,0.0,0.0,6.057173066766667,0.4756727821857431,1.181636696680805,41.8478804,2.733517556936641,6.790434048917939,56.80448843333334,3.63451269400592,9.028630047015394
Grid Scanning,Local,400,10,640,3,0.40310588,0.0,0.0,87.5,0.0,0.0,6.527244066666666,0.47117464902774986,1.1704627144705593,43.848206066699994,2.6701466008904546,6.633011867173936,60.10176056666666,3.7991741924372233,9.437671884941912
Grid Scanning,Local,400,10,660,3,0.41688525,0.0,0.0,85.86,0.0,0.0,6.471705099966667,0.60706316694103,1.508028506412799,43.9885614,3.7637461618220103,9.349663778037616,60.31248513333333,5.199979130525368,12.917464258452759
Grid Scanning,Local,400,10,680,3,0.39965264,0.0,0.0,85.54,0.0,0.0,6.935042300066666,0.44225127058621544,1.0986130593327172,46.881104133300006,3.0411456909222663,7.554624697747015,63.67337306666667,4.098670168585937,10.181661133810408
Grid Scanning,Local,400,10,700,3,0.38609944,0.0,0.0,88.57,0.0,0.0,7.452296700066667,0.5607900528048108,1.3930797185468895,48.41429133329999,3.0538372726530283,7.586152334546163,66.22961146666667,4.279557337939918,10.631009772774403
Grid Scanning,Local,400,10,720,3,0.38129382,0.0,0.0,92.58999999999999,1.7404671430534633e-14,4.323560066121465e-14,8.036826133266667,0.6265134704495295,1.5563457388632524,49.7455096,3.2384115574513457,8.044660276033008,68.70750729999999,4.506178855183678,11.193968830053704
Grid Scanning,Local,400,10,740,3,0.3678416500000001,6.798699777552591e-17,1.6888906508286973e-16,89.86,0.0,0.0,7.9635659332666675,0.6275032382851652,1.5588044584696323,48.966191899933335,3.186040851094066,7.914564229379888,68.00706276666666,4.675571609102042,11.614763758159556
Grid Scanning,Local,400,10,760,3,0.36983299,0.0,0.0,91.45,0.0,0.0,8.315862166666667,0.7026200321607875,1.7454049189218421,50.669407899966664,3.263666672870536,8.107397460660426,70.3671179,4.78347857316666,11.88281951695296
Grid Scanning,Local,400,10,780,3,0.33967301,0.0,0.0,86.11,0.0,0.0,8.357017633333333,0.7060659883607007,1.753965148671086,48.529636100000005,3.2890535972636274,8.17046207693066,67.07424243333334,4.7120360404856845,11.705346427297194
Grid Scanning,Local,400,10,800,3,0.36833455,0.0,0.0,91.25,0.0,0.0,8.814867466666668,0.6346350215977006,1.5765207903483331,53.6465122667,3.507382911362325,8.712822159663817,74.00680683333333,4.756201911402291,11.815060532813435
Grid Scanning,Local,400,10,820,3,0.33772315,0.0,0.0,91.06,0.0,0.0,9.205242133299999,0.750985755898206,1.8655520372140615,54.2414867667,3.705004858352896,9.203742290852619,74.8116729,5.189727091128477,12.891996780764591
Grid Scanning,Local,400,10,840,3,0.34760661,0.0,0.0,91.27,0.0,0.0,9.531095366566667,0.8404706250843282,2.087844775390353,53.93530633333334,4.159571386530439,10.332948145997873,75.14971419999999,5.820004360480535,14.45769231442106
Grid Scanning,Local,400,10,860,3,0.31818874,0.0,0.0,94.96,0.0,0.0,10.238274100066667,0.9506016296198359,2.3614253569899537,56.57803560003333,4.08881476434088,10.157178952460718,78.60805006666668,5.989370415600617,14.87842091903524
Grid Scanning,Local,400,10,880,3,0.31158436,0.0,0.0,91.29,0.0,0.0,10.3835032332,0.6042368552110092,1.5010075588590919,56.672897666666664,2.3852909585654998,5.925391223669652,78.84391286666667,3.7786696765994248,9.386735843888054
Grid Scanning,Local,400,10,900,3,0.33195154,0.0,0.0,93.52,0.0,0.0,10.517599033366666,0.35615587124706216,0.8847402310261221,58.642382500033335,1.9526412048782245,4.8506296545556005,81.93165653333334,2.5575164199472904,6.353222987211758
Grid Scanning,Local,400,10,920,3,0.3181577,0.0,0.0,91.49,0.0,0.0,10.704119933266668,0.42018149079941547,1.0437886870743023,58.275403366733336,1.8576140485496904,4.6145691118794945,81.48293746666667,2.65983790418951,6.607403644940123
Grid Scanning,Local,400,10,940,3,0.33179899,0.0,0.0,94.15000000000002,1.7404671430534633e-14,4.323560066121465e-14,11.0024280668,0.23467251970900105,0.5829588561206022,59.225595966700006,0.5950753674803926,1.4782491616917293,83.18537186666667,0.9950141976197742,2.4717522920342763
Grid Scanning,Local,400,10,960,3,0.32627876,0.0,0.0,95.66000000000001,1.7404671430534633e-14,4.323560066121465e-14,11.665889733433334,0.3352806132411632,0.8328832153711506,61.32845789996666,1.0617053605930125,2.637422325016585,86.40182263333334,1.7018417927627667,4.227609376834779
Grid Scanning,Local,400,10,980,3,0.31589101,0.0,0.0,95.07,0.0,0.0,12.154598533233333,0.4954190453211567,1.2306891336016315,62.48197436663333,1.6011253379153902,3.9774158331546117,87.99680259999998,2.3144768207008926,5.749479153275095
Grid Scanning,Local,400,10,1000,3,0.30226414,0.0,0.0,95.0,0.0,0.0,12.290899466733334,0.38845617622351897,0.9649786367191754,60.35353359996666,0.5613141262325321,1.394381589112418,85.97967066666666,1.0288626454978405,2.5558364978923964
Grid Scanning,Local,400,12,60,3,0.60799571,0.0,0.0,16.67,0.0,0.0,0.10123703333333334,0.012979413700677445,0.03224265105026175,0.9706718,0.05306637189435507,0.13182417564853524,1.7088018333333332,0.07645465910893419,0.1899239019315193
Grid Scanning,Local,400,12,80,3,0.6401748,0.0,0.0,25.0,0.0,0.0,0.17841269999999998,0.007753559420034141,0.019260909355603827,2.3873822,0.1343248958034586,0.33368153929230515,3.4327197999999997,0.13420481673442292,0.33338324634852173
Grid Scanning,Local,400,12,100,3,0.59815891,0.0,0.0,35.0,0.0,0.0,0.3604259333,0.03155399154216621,0.07838446034614603,4.230779833333333,0.1729970546512378,0.4297485074808727,6.376847833333334,0.20760752094195267,0.515725672014901
Grid Scanning,Local,400,12,120,3,0.45120458,0.0,0.0,36.11,0.0,0.0,0.39443876666666666,0.010007412183143726,0.02485979000117703,4.9078723,0.20708838375802266,0.5144360637587286,7.478370966666667,0.22484180770758208,0.5585380137045207
Grid Scanning,Local,400,12,140,3,0.58686634,0.0,0.0,25.0,0.0,0.0,0.4038869999666667,0.014353450338438838,0.035655947279451455,4.300437166666666,0.1685911051961024,0.418803522283305,6.021078633333333,0.20514662708205392,0.5096124727729117
Grid Scanning,Local,400,12,160,3,0.45830376,0.0,0.0,36.46,0.0,0.0,0.5375115333333333,0.004073444034638674,0.010118995943150348,6.080933699999999,0.08107084498566702,0.2013911433523606,9.164427666666667,0.11116868003036406,0.2761583104289332
Grid Scanning,Local,400,12,180,3,0.58314991,0.0,0.0,35.19,0.0,0.0,0.6077663666,0.020519180183077895,0.05097246930698384,6.4074018,0.1983940871249189,0.49283823361529167,9.464646,0.1878313560953282,0.46659895512561
Grid Scanning,Local,400,12,200,3,0.6089359,0.0,0.0,36.67,0.0,0.0,0.6751269666666667,0.038356003093692304,0.09528159375705338,6.884053599999999,0.018809331013090368,0.046724968502412825,10.335556333333333,0.05463288400591108,0.13571560746076514
Grid Scanning,Local,400,12,220,3,0.51502205,0.0,0.0,42.42,0.0,0.0,0.9309660333666666,0.006818281588141522,0.016937550422435287,9.8150031,0.04924013200743923,0.12231926885124426,13.948654766666666,0.06983949199703045,0.17349091583930873
Grid Scanning,Local,400,12,240,3,0.51727974,0.0,0.0,45.830000000000005,8.702335715267317e-15,2.1617800330607325e-14,1.1700990666666666,0.016938523158862843,0.04207762416028751,11.750329866666668,0.1864931264892176,0.46327460849408986,16.551333466666666,0.22373192057930238,0.5557809012333749
Grid Scanning,Local,400,12,260,3,0.59327167,0.0,0.0,51.919999999999995,8.702335715267317e-15,2.1617800330607325e-14,1.4437210333333335,0.012146097705161694,0.03017257935999631,14.571883299966666,0.2894834865839563,0.7191168459521765,20.1924411,0.3108893805591313,0.7722920344296379
Grid Scanning,Local,400,12,280,3,0.55500454,0.0,0.0,56.54999999999999,8.702335715267317e-15,2.1617800330607325e-14,1.7908168666666666,0.034205582643237274,0.08497137779645825,17.89017183333333,0.09465730078194329,0.23514177056491933,24.41786073333333,0.21645751548182077,0.537710277200172
Grid Scanning,Local,400,12,300,3,0.5517513,0.0,0.0,60.56,0.0,0.0,1.9064925999666666,0.0094670466751516,0.023517447664644666,17.67987990003333,0.24350045019194524,0.604888651149994,24.884831566666666,0.26044272526554296,0.6469755955831658
Grid Scanning,Local,400,12,320,3,0.53429793,0.0,0.0,59.38,0.0,0.0,2.0416210667,0.020772712371168164,0.051602278176561454,18.596625499966667,0.040114781364982977,0.0996506411873736,25.73179466666667,0.1237413249325518,0.3073904917669033
Grid Scanning,Local,400,12,340,3,0.519929,0.0,0.0,63.24,0.0,0.0,2.3837434666333333,0.12454790001423707,0.3093941353446758,20.309792766633333,1.0097012979554705,2.508237071854441,28.33238763333333,1.366671759610456,3.3950008576325152
Grid Scanning,Local,400,12,360,3,0.53171279,0.0,0.0,63.43,0.0,0.0,2.5945937000000003,0.013821587919284804,0.03433472778656816,21.33485566666667,0.3778914137313295,0.9387343117966421,29.608934166666668,0.5066357152709468,1.2585528864241613
Grid Scanning,Local,400,12,380,3,0.48366733,0.0,0.0,68.42,0.0,0.0,2.8886023334333335,0.02080352900435205,0.05167883093720273,24.148938633333334,0.07744315437953964,0.19237946031111716,33.323709799999996,0.07659206140691018,0.1902652281616026
Grid Scanning,Local,400,12,400,3,0.47748753000000005,6.798699777552591e-17,1.6888906508286973e-16,71.67,0.0,0.0,3.2791666999999998,0.0705868299838554,0.17534740631580417,27.024043933333335,0.527968589305854,1.311546683314294,37.175794200000006,0.6625136718359559,1.6457751967578806
Grid Scanning,Local,400,12,420,3,0.5106977,0.0,0.0,70.24,0.0,0.0,3.422143833433333,0.02771941229256739,0.06885883742352233,26.301236966666664,0.22966290515767615,0.5705142836923227,36.276883133333335,0.2063356966109446,0.5125662852315223
Grid Scanning,Local,400,12,440,3,0.47065785,0.0,0.0,72.73,0.0,0.0,3.8407641333333333,0.04290332476949098,0.10657776701936457,30.3299088,0.24910457596843832,0.6188100713327725,41.2537469,0.29746797877768444,0.7389514241197928
Grid Scanning,Local,400,12,460,3,0.48961906000000005,6.798699777552591e-17,1.6888906508286973e-16,75.0,0.0,0.0,3.8590084667,0.05839681515708287,0.14506573077782284,30.415234233299998,0.11137342733761334,0.27666693093625044,41.99602933333333,0.18080097544986654,0.44913452143625904
Grid Scanning,Local,400,12,480,3,0.45757763,0.0,0.0,76.39,0.0,0.0,4.186510666733334,0.01825727894636384,0.045353595144607746,31.612786699966666,0.05349880530770262,0.1328983997984528,43.810017200000004,0.0820267320950334,0.20376569856891366
Grid Scanning,Local,400,12,500,3,0.47776925,0.0,0.0,77.0,0.0,0.0,4.4360904667000005,0.04294492567381917,0.10668110939464916,31.685392533366667,0.25276209463399024,0.6278958513813009,44.489077099999996,0.3747804544148331,0.9310062604388123
Grid Scanning,Local,400,12,520,3,0.45231022,0.0,0.0,80.45,0.0,0.0,5.2260524333000005,0.039415444766936765,0.09791339277095981,37.11906510003334,0.39070752541388964,0.9705712981452937,50.68258993333333,0.4952836813292487,1.2303528708045197
Grid Scanning,Local,400,12,540,3,0.43371899,0.0,0.0,82.72,0.0,0.0,5.474864966599999,0.0949542732087411,0.2358794909696778,36.3031624,0.2709771720183626,0.6731446120342708,50.41744346666667,0.44690150130388107,1.1101648728268103
Grid Scanning,Local,400,12,560,3,0.43219403,0.0,0.0,79.46,0.0,0.0,5.451680766633333,0.015739840568454497,0.039099931533035565,36.1492994667,0.24285230205345212,0.6032785619163625,50.3142444,0.3345568912346736,0.8310853902420061
Grid Scanning,Local,400,12,580,3,0.42077876,0.0,0.0,81.32,0.0,0.0,5.8232099666,0.012681902799491449,0.0315035930009688,37.647180866633335,0.40436757280415386,1.0045047370117457,52.21355556666666,0.326907420342737,0.81208305112441
Grid Scanning,Local,400,12,600,3,0.40601285,0.0,0.0,86.11,0.0,0.0,6.344228466766666,0.13068344148773806,0.32463566530100774,39.1028246,0.5200863862833071,1.2919662055343126,54.85915503333333,0.7425293537623286,1.8445451697626025
Grid Scanning,Local,400,12,620,3,0.39360208,0.0,0.0,81.99,0.0,0.0,6.615181200033334,0.09072840659025358,0.22538185633786612,40.7632921333,0.22589361562321225,0.5611508494132551,56.249598399999996,0.10567427964083506,0.2625094632178485
Grid Scanning,Local,400,12,640,3,0.40109088,0.0,0.0,87.5,0.0,0.0,7.2590630001,0.06025113517875102,0.14967211707330236,43.01903323333334,0.3591801523453407,0.8922529617532895,59.94088943333333,0.433891539191333,1.0778463353145866
Grid Scanning,Local,400,12,660,3,0.4137834,0.0,0.0,85.86,0.0,0.0,7.1878132999,0.07079991555778477,0.17587674022583205,43.245932333333336,0.17339891592378906,0.4307467862229092,60.400965500000005,0.2132622790246113,0.5297728698188584
Grid Scanning,Local,400,12,680,3,0.39918896,0.0,0.0,85.54,0.0,0.0,7.830607966700001,0.27328881858687887,0.6788870604513604,47.1503161333,1.8029126262975794,4.478683245976646,65.02896123333333,2.3750042735518515,5.899837681498352
Grid Scanning,Local,400,12,700,3,0.38485822,0.0,0.0,88.57,0.0,0.0,8.198872433166668,0.050586135083557006,0.1256629258527604,46.63003316659999,0.1301279948205246,0.3232558592881168,65.19150653333334,0.22303779758776948,0.554056604133515
Grid Scanning,Local,400,12,720,3,0.37961171,0.0,0.0,92.58999999999999,1.7404671430534633e-14,4.323560066121465e-14,8.692549733266667,0.056381817776928675,0.14006019979670367,48.175147833333334,0.42486981650685895,1.0554351337691312,67.62176203333333,0.4533358503754188,1.126148682005983
Grid Scanning,Local,400,12,740,3,0.36664371,0.0,0.0,89.86,0.0,0.0,8.664741233366668,0.06775507246449694,0.16831293067143321,47.476622,0.16639141030116206,0.413339177240439,67.2004161,0.31339504800580564,0.7785164574270269
Grid Scanning,Local,400,12,760,3,0.36782228,0.0,0.0,91.45,0.0,0.0,9.082267066633333,0.0252639607964561,0.0627591577626585,48.668000400000004,0.5248966832631546,1.3039156456666707,68.9800364,0.48389068353699993,1.202051095338906
Grid Scanning,Local,400,12,780,3,0.33798248,0.0,0.0,86.11,0.0,0.0,9.0357107333,0.08436377024012588,0.20957122315893692,46.5252216333,0.19032459331120138,0.47279249971789994,65.6181851,0.25570146976762165,0.6351976639997359
Grid Scanning,Local,400,12,800,3,0.36577855,0.0,0.0,91.25,0.0,0.0,9.695719199866666,0.13598893605689505,0.3378152444397372,51.72905963333333,0.5432301962197096,1.3494586165909122,72.8996237,0.5304432668268001,1.317694123068497
Grid Scanning,Local,400,12,820,3,0.33620797,0.0,0.0,91.06,0.0,0.0,10.053579633266667,0.09887934016113578,0.24562989780726635,51.616753733366664,0.29916596677826,0.7431694601461221,72.92872633333333,0.5598005790698743,1.3906217295271475
Grid Scanning,Local,400,12,840,3,0.34553068,0.0,0.0,91.27,0.0,0.0,10.423037599933332,0.10181485969249365,0.2529221325786921,52.04546056663333,0.2896769239634356,0.7195973710414033,74.13193646666667,0.25647597230324404,0.6371216349563217
Grid Scanning,Local,400,12,860,3,0.31543846,0.0,0.0,94.96,0.0,0.0,11.1826112333,0.12133900735984413,0.3014228040889396,53.90583410003333,0.12303280079583451,0.30563042023919856,76.78502983333334,0.28155130082250407,0.6994122041655441
Grid Scanning,Local,400,12,880,3,0.31081615,0.0,0.0,91.29,0.0,0.0,11.054706600133335,0.10510668101113398,0.2610994700566702,53.04963170003333,0.3793553525463746,0.9423709374147907,75.67081983333333,0.7409689163258006,1.8406688282796961
Grid Scanning,Local,400,12,900,3,0.32904006,0.0,0.0,93.52,0.0,0.0,11.299096533233334,0.037650917643146244,0.09353006439934544,54.908101833366665,0.5932590013746349,1.4737370581500715,78.7056816,0.7380915221602478,1.833520984921476
Grid Scanning,Local,400,12,920,3,0.31572217,0.0,0.0,91.49,0.0,0.0,11.530798299933332,0.09452309073750259,0.2348083743322285,54.22490809999999,0.18479300778860552,0.45905127951544744,77.82603336666666,0.41592192487058993,1.03320733871482
Grid Scanning,Local,400,12,940,3,0.33053551,0.0,0.0,94.15000000000002,1.7404671430534633e-14,4.323560066121465e-14,12.115874066566667,0.11250559951907078,0.27947940254840353,55.98342973336667,0.4065733406953559,1.0099841682136488,80.996774,0.5999115943981504,1.4902630153607137
Grid Scanning,Local,400,12,960,3,0.32450519,0.0,0.0,95.66000000000001,1.7404671430534633e-14,4.323560066121465e-14,12.586355366666666,0.026238375748112955,0.06517973869096266,57.74084683323334,0.4305754716528395,1.0696087668875038,83.4622219,0.4673584323981601,1.1609827068247869
Grid Scanning,Local,400,12,980,3,0.31483133,0.0,0.0,95.07,0.0,0.0,13.0181161334,0.05081961958168891,0.12624293349967894,58.535126033299996,0.6964672249787,1.7301204985676901,84.75608536666668,0.8976216187819315,2.2298157140985744
Grid Scanning,Local,400,12,1000,3,0.30093951,0.0,0.0,95.0,0.0,0.0,13.421964233266666,0.10938763067944379,0.2717339385698237,57.388305433333336,0.2266042219615482,0.5629160934165243,84.01193440000002,0.40532369541848035,1.0068798772550516
Grid Scanning,Local,400,14,60,3,0.60799571,0.0,0.0,16.67,0.0,0.0,0.08028933333333334,0.005083827854415737,0.0126289284932009,0.9295830666666666,0.07537987228228328,0.18725398344334332,1.6464984333333332,0.16006878526837567,0.3976329059592377
Grid Scanning,Local,400,14,80,3,0.6401748,0.0,0.0,25.0,0.0,0.0,0.17964386663333332,0.015604052825863227,0.03876261608087115,2.2548543999999997,0.15194217920172806,0.37744529736053933,3.2576063333333334,0.2056860725992243,0.5109525297255493
Grid Scanning,Local,400,14,100,3,0.59815891,0.0,0.0,35.0,0.0,0.0,0.37735486663333334,0.020943386425787032,0.05202625603205752,4.127586633333333,0.28434525434858804,0.7063527694845672,6.262087333333334,0.37891130592988814,0.9412678644690016
Grid Scanning,Local,400,14,120,3,0.45120458,0.0,0.0,36.11,0.0,0.0,0.4232714333333334,0.058072568746038195,0.14426025804024706,4.601203099999999,0.33602453109246355,0.83473120976001,7.189533166666666,0.576176704619966,1.431302280578488
Grid Scanning,Local,400,14,140,3,0.58686634,0.0,0.0,25.0,0.0,0.0,0.43288793333333336,0.04083739188688882,0.10144570523574749,4.050703933333334,0.20117000466581333,0.49973399506333677,5.7624599,0.2819824746881091,0.7004832994254148
Grid Scanning,Local,400,14,160,3,0.45830376,0.0,0.0,36.46,0.0,0.0,0.5877288332999999,0.02643706707628224,0.06567331531226575,5.826568766633333,0.3717912749950588,0.9235807271149631,8.9163019,0.4836708320117315,1.201504953874001
Grid Scanning,Local,400,14,180,3,0.58314991,0.0,0.0,35.19,0.0,0.0,0.6607053666333332,0.05306706169473696,0.13182588920767746,6.447929599966667,0.34879923270791524,0.8664653277993115,9.513757133333334,0.5614901349545361,1.3948188190163455
Grid Scanning,Local,400,14,200,3,0.6089359,0.0,0.0,36.67,0.0,0.0,0.7318411333666667,0.04987060857265511,0.12388545946327185,6.655563200033332,0.4887121394158789,1.2140282557131696,10.080056133333335,0.7104026842481399,1.7647380984694665
Grid Scanning,Local,400,14,220,3,0.51502205,0.0,0.0,42.42,0.0,0.0,0.9682618666333332,0.052126996219614294,0.12949063710941075,9.581429266666667,0.7965924253282244,1.978845284652501,13.623397266666666,1.0055227767999704,2.497857049872716
Grid Scanning,Local,400,14,240,3,0.51727974,0.0,0.0,45.830000000000005,8.702335715267317e-15,2.1617800330607325e-14,1.2319778333666667,0.08629494076972817,0.21436851669934281,11.239789833366666,0.7698293996382679,1.9123622432555372,15.957022333333333,1.0700635691068292,2.65818526598843
Grid Scanning,Local,400,14,260,3,0.59323987,0.0,0.0,51.919999999999995,8.702335715267317e-15,2.1617800330607325e-14,1.5352941667333333,0.0817086413951063,0.20297551746546763,14.077299299966667,1.0185429332304807,2.5302009114746356,19.7053018,1.3033250970668324,3.237639024294378
Grid Scanning,Local,400,14,280,3,0.55500454,0.0,0.0,56.54999999999999,8.702335715267317e-15,2.1617800330607325e-14,1.8826187667,0.12190230842830821,0.3028221215161805,17.459368366666666,1.0893578584447647,2.706114937754218,24.006148666666665,1.4229176536075587,3.53472340404183
Grid Scanning,Local,400,14,300,3,0.5517513,0.0,0.0,60.56,0.0,0.0,1.9900419333,0.14327222446666335,0.3559079358439967,16.680248200033333,1.1874353126421417,2.949752840398388,23.721622866666667,1.6282581900125084,4.044817574276406
Grid Scanning,Local,400,14,320,3,0.53410246,0.0,0.0,59.38,0.0,0.0,2.2072515666666668,0.1947906261784775,0.48388674038541707,18.297440100033334,1.7040996892565312,4.233218302664168,25.517560266666663,2.3115418603192377,5.742188307508532
Grid Scanning,Local,400,14,340,3,0.519929,0.0,0.0,63.24,0.0,0.0,2.5469197667000003,0.2983724056850091,0.7411981451077997,19.920708466666667,2.136666947687606,5.307774942201252,28.11028643333333,2.9740270218018408,7.387892680622473
Grid Scanning,Local,400,14,360,3,0.53174938,0.0,0.0,63.43,0.0,0.0,2.6545654999333332,0.1754248496910041,0.4357794846955565,20.208022100000004,1.4340185999765938,3.562299683553267,28.323482333333335,1.8884500840450118,4.691170070534294
Grid Scanning,Local,400,14,380,3,0.48350833,0.0,0.0,68.42,0.0,0.0,3.0711913667000004,0.20366866687525262,0.5059410160867303,23.14505206663333,1.5696549945395204,3.899239166372881,32.4121066,2.2054989464844486,5.4787631061876425
Grid Scanning,Local,400,14,400,3,0.47718284,0.0,0.0,71.67,0.0,0.0,3.4981698334,0.2272759982352872,0.5645848781919784,25.926616766700004,1.7867464386774314,4.438524209654206,36.098464633333336,2.4264691095371167,6.027683421398394
Grid Scanning,Local,400,14,420,3,0.51059124,0.0,0.0,70.24,0.0,0.0,3.5455045669,0.2152356019927665,0.5346748758215157,25.3845893667,1.6856515882269394,4.187390679186379,35.27713776666667,2.227916631617647,5.534451723237164
Grid Scanning,Local,400,14,440,3,0.47064606,0.0,0.0,72.73,0.0,0.0,4.013726166700001,0.27350119521090893,0.6794146332322076,29.022435466700003,1.8470116824904164,4.58823137451787,40.00152383333333,2.6037419319726443,6.468053524878908
Grid Scanning,Local,400,14,460,3,0.48934711999999997,6.798699777552591e-17,1.6888906508286973e-16,75.0,0.0,0.0,4.051975600066666,0.2498430172986677,0.6206444612891105,28.866024966633333,1.7813685868423634,4.425164885102507,40.31049533333333,2.4878662301805856,6.180202324181719
Grid Scanning,Local,400,14,480,3,0.45747796,0.0,0.0,76.39,0.0,0.0,4.448064166499999,0.41209092724572366,1.0236906130412637,29.953716833333335,1.9783888424996787,4.914590332159536,42.187566866666664,2.933870209127306,7.288137627873968
Grid Scanning,Local,400,14,500,3,0.47684867000000003,6.798699777552591e-17,1.6888906508286973e-16,77.0,0.0,0.0,4.6685715001000005,0.30860683716205006,0.7666218822982418,30.506816133300003,2.200091265693883,5.4653296824026905,43.22391009999999,3.021102254804484,7.504834042213774
Grid Scanning,Local,400,14,520,3,0.45148423,0.0,0.0,80.45,0.0,0.0,5.4939395332666665,0.320175558031452,0.7953601780866361,35.479649233366665,2.331292303071328,5.791251127172766,48.94993996666667,3.1251684266860975,7.763348744302381
Grid Scanning,Local,400,14,540,3,0.43373759,0.0,0.0,82.72,0.0,0.0,5.718562133333333,0.41482981036930167,1.0304943758966203,35.0366802,2.4012079691988335,5.964931270042248,49.12795383333333,3.366274838324176,8.362290273997331
Grid Scanning,Local,400,14,560,3,0.4322559000000001,6.798699777552591e-17,1.6888906508286973e-16,79.46,0.0,0.0,5.779747166666667,0.3891758670391342,0.9667664478150456,34.44189026663333,2.102724962897144,5.223458377771609,48.692308966666666,2.985839092012146,7.417235489685735
Grid Scanning,Local,400,14,580,3,0.42039684,0.0,0.0,81.32,0.0,0.0,6.1735300998666665,0.3797470806778561,0.9433440440389576,35.96020540006666,2.513256468024904,6.243275171521102,50.68380836666666,3.377224280685708,8.38949019669025
Grid Scanning,Local,400,14,600,3,0.40524151999999997,6.798699777552591e-17,1.6888906508286973e-16,86.11,0.0,0.0,6.760071433533334,0.5975202496596365,1.4843225857139752,37.9334801666,3.149494695343385,7.82377854566012,53.86353483333334,4.400671961599122,10.93187517685068
Grid Scanning,Local,400,14,620,3,0.39333183999999993,6.798699777552591e-17,1.6888906508286973e-16,81.99,0.0,0.0,6.960438999766666,0.4528388985724284,1.124914185291252,38.4049723666,2.7377404530170666,6.800924304324128,53.98806616666667,3.7338901866117906,9.275497424096827
Grid Scanning,Local,400,14,640,3,0.40064604,0.0,0.0,87.5,0.0,0.0,7.507361133366667,0.45031541872226294,1.1186455138306142,40.2807952,2.684806748128431,6.669429691787605,57.203363033333325,3.597478032485755,8.936630847691243
Grid Scanning,Local,400,14,660,3,0.41330382000000004,6.798699777552591e-17,1.6888906508286973e-16,85.86,0.0,0.0,7.183971733500001,0.4302586531686138,1.0688217461430591,39.04545599996666,2.474239785695787,6.146352359559959,55.4896072,3.4603080079070194,8.595881616713486
Grid Scanning,Local,400,14,680,3,0.3980717,0.0,0.0,85.54,0.0,0.0,7.7159768332,0.5137896917689518,1.2763243492318315,41.80312669993333,2.870120304572953,7.129774085850016,58.778601099999996,3.9024493294383604,9.694221547452619
Grid Scanning,Local,400,14,700,3,0.38454847,0.0,0.0,88.57,0.0,0.0,8.326807100266668,0.4732866743780594,1.175709276291436,42.67168830003334,3.0379272793521523,7.546629720193761,60.558955966666666,4.063232585668408,10.093629297671697
Grid Scanning,Local,400,14,720,3,0.3795316100000001,6.798699777552591e-17,1.6888906508286973e-16,92.58999999999999,1.7404671430534633e-14,4.323560066121465e-14,8.7890567664,0.609645947261458,1.5144444884079407,44.096190200066665,3.2024738773621757,7.955386129650682,63.00936786666667,4.4947475596148205,11.16557191763694
Grid Scanning,Local,400,14,740,3,0.36554259,0.0,0.0,89.86,0.0,0.0,8.7328886998,0.6434450695331713,1.5984061626671642,42.995235399933335,2.8343298022462364,7.040865549297731,61.99172193333334,4.076402087567331,10.12634415398378
Grid Scanning,Local,400,14,760,3,0.36728856,0.0,0.0,91.45,0.0,0.0,9.132156999766666,0.6583113405594315,1.6353360271565984,44.37366233333333,2.884811200327269,7.166268294012705,63.923106999999995,4.167094147408624,10.351635719991851
Grid Scanning,Local,400,14,780,3,0.33660509,0.0,0.0,86.11,0.0,0.0,8.955688666533334,0.954934353062412,2.3721884386882417,40.890027900033324,3.986491897463889,9.902994860077177,59.004899200000004,5.78961630597653,14.382204202240935
Grid Scanning,Local,400,14,800,3,0.36454411999999997,6.798699777552591e-17,1.6888906508286973e-16,91.25,0.0,0.0,9.497204533166666,1.0947564972438664,2.7195258999871843,45.131939166666676,4.815014577388766,11.96115929431901,65.00987780000001,6.891703062790009,17.119939476461916
Grid Scanning,Local,400,14,820,3,0.3355748,0.0,0.0,91.06,0.0,0.0,9.871805266733332,1.142974503708416,2.8393060682311937,45.479604599999995,5.18066080037559,12.869474865999653,65.53137096666666,7.348075964212187,18.25363261150566
Grid Scanning,Local,400,14,840,3,0.34505973,0.0,0.0,91.27,0.0,0.0,10.209118566733332,1.0717325946199905,2.662331355207547,45.76428889986666,4.804830510590363,11.935860669926114,66.46216463333334,6.768188931723407,16.813113365545295
Grid Scanning,Local,400,14,860,3,0.31582524,0.0,0.0,94.96,0.0,0.0,11.078393633233333,1.1711650583847149,2.9093352882177475,48.167842466699994,5.610005577192617,13.936026417433858,69.92969880000001,7.861818316147848,19.529839362072348
Grid Scanning,Local,400,14,880,3,0.31031148,0.0,0.0,91.29,0.0,0.0,10.898590299933332,1.2251907381290073,3.04354251667349,46.695635533433325,5.17403113249795,12.853005858008427,68.03299623333332,7.517856129126378,18.675389921876196
Grid Scanning,Local,400,14,900,3,0.32787414,0.0,0.0,93.52,0.0,0.0,11.030079866833333,1.274127548660652,3.1651082932079295,47.825459733266676,5.436065694729112,13.503935795828843,70.14496796666667,7.936471215571961,19.715287444823293
Grid Scanning,Local,400,14,920,3,0.31567815,0.0,0.0,91.49,0.0,0.0,11.3277937668,1.1383755645049607,2.8278816699218434,48.0198755333,5.222629326346066,12.973730464069485,70.38216386666667,7.496419787252133,18.62213909662441
Grid Scanning,Local,400,14,940,3,0.33008897,0.0,0.0,94.15000000000002,1.7404671430534633e-14,4.323560066121465e-14,11.9885955332,1.317630604816925,3.2731758755821194,49.419639,5.656914612125612,14.052554920132724,73.10654953333334,8.073025670774989,20.054507516700653
Grid Scanning,Local,400,14,960,3,0.32393634,0.0,0.0,95.66000000000001,1.7404671430534633e-14,4.323560066121465e-14,12.3838201002,1.3244147254085996,3.29002856538496,50.6947230333,5.9618962306995344,14.81017126022286,75.10188673333333,8.573042838063529,21.29661901848469
Grid Scanning,Local,400,14,980,3,0.31351416,0.0,0.0,95.07,0.0,0.0,12.802334799933334,1.2786801084165755,3.176417478582616,50.95909253333334,5.386858797789175,13.381699087462136,75.61053223333333,7.810813746128117,19.403136986214726
Grid Scanning,Local,400,14,1000,3,0.30062666,0.0,0.0,95.0,0.0,0.0,13.203669166600001,1.4911126259889447,3.704129106686203,50.159398700066674,5.67565685468646,14.099113231680898,75.3398529,8.433895502796053,20.950957875457185
Grid Scanning,Local,400,16,60,3,0.60799571,0.0,0.0,16.67,0.0,0.0,0.0662244,0.001644273100795609,0.0040846008181030236,0.7945506999999999,0.05658605577808022,0.14056755511753674,1.3675009333333332,0.06272488217998774,0.1558172452884038
Grid Scanning,Local,400,16,80,3,0.6401748,0.0,0.0,25.0,0.0,0.0,0.1785528333666667,0.007842682398126292,0.01948230310646604,1.8738876667,0.031875428913590444,0.07918295504246688,2.7940458666666665,0.03778786762101464,0.09387026700399169
Grid Scanning,Local,400,16,100,3,0.59815891,0.0,0.0,35.0,0.0,0.0,0.35022440000000005,0.014006145340171234,0.03479319383577552,3.4179206333333334,0.010386213396774127,0.025800784381213103,5.2791885,0.0553353314029115,0.13746058353017476
Grid Scanning,Local,400,16,120,3,0.45120458,0.0,0.0,36.11,0.0,0.0,0.37631440003333333,0.011180686289446622,0.02777436445486422,3.8763465666666668,0.021298585525178236,0.05290861951003496,6.023639233333333,0.0214003923116685,0.05316152158766755
Grid Scanning,Local,400,16,140,3,0.58686634,0.0,0.0,25.0,0.0,0.0,0.38605110000000004,0.022214655268225983,0.055184262905333306,3.4031767,0.011749044085796795,0.029186243490545,4.848293433333333,0.030493533657864495,0.07575013692402917
Grid Scanning,Local,400,16,160,3,0.45830376,0.0,0.0,36.46,0.0,0.0,0.5357392333000001,0.018293262942533462,0.045442984346512186,4.838482633366667,0.1675407784186447,0.41619436592576114,7.4900136999999996,0.15973327026919,0.39679944049690263
Grid Scanning,Local,400,16,180,3,0.58314991,0.0,0.0,35.19,0.0,0.0,0.5992845999333333,0.02718728792367457,0.06753696721141432,5.161962799966667,0.053236208355764876,0.13224607280715356,7.8270053,0.14365308326510093,0.35685404154804745
Grid Scanning,Local,400,16,200,3,0.6089359,0.0,0.0,36.67,0.0,0.0,0.6509293999666667,0.015516347586851715,0.038544744189124576,5.491191699966667,0.027392030709398222,0.06804557648663927,8.476954866666667,0.043558254731604455,0.10820470323680588
Grid Scanning,Local,400,16,220,3,0.51502205,0.0,0.0,42.42,0.0,0.0,0.9129503,0.03381037667063171,0.08398963173599981,7.9283784666666675,0.07834867632840582,0.1946289015331133,11.490502833333332,0.09512317052171533,0.23629905515425037
Grid Scanning,Local,400,16,240,3,0.51727974,0.0,0.0,45.830000000000005,8.702335715267317e-15,2.1617800330607325e-14,1.1396749665666668,0.03494636717312749,0.08681158858343978,9.4180653,0.08137212522800359,0.20213956496415414,13.585014333333334,0.16916346414191583,0.4202253407252578
Grid Scanning,Local,400,16,260,3,0.59323987,0.0,0.0,51.919999999999995,8.702335715267317e-15,2.1617800330607325e-14,1.3863862331999999,0.02361992768400754,0.05867515310865877,11.542115433333334,0.15255677576893584,0.3789720398706525,16.406581433333333,0.2180656239725634,0.5417050401466116
Grid Scanning,Local,400,16,280,3,0.55500454,0.0,0.0,56.54999999999999,8.702335715267317e-15,2.1617800330607325e-14,1.7469402334000002,0.03849382955528993,0.09562397366798515,14.332544933366668,0.23745091164045556,0.589860764295551,19.984055866666665,0.3279880195880993,0.8147674084611034
Grid Scanning,Local,400,16,300,3,0.5517513,0.0,0.0,60.56,0.0,0.0,1.8103017000333335,0.0041783162811365425,0.01037951304559168,13.973141499999999,0.17688295182190397,0.4394016111865084,20.079912666666665,0.17042846694852284,0.4233677819026203
Grid Scanning,Local,400,16,320,3,0.53410246,0.0,0.0,59.38,0.0,0.0,1.9428420999666667,0.023319202178008973,0.057928109538322524,14.560991833300001,0.07489782111914227,0.18605650196999163,20.639610466666667,0.04637645152459757,0.11520549216941392
Grid Scanning,Local,400,16,340,3,0.519929,0.0,0.0,63.24,0.0,0.0,2.1904504,0.0538555088375095,0.13378450048876053,16.017427333333334,0.23722047578220018,0.5892883298899194,22.782865400000002,0.3651600915706563,0.9071079542968712
Grid Scanning,Local,400,16,360,3,0.53149684,0.0,0.0,63.43,0.0,0.0,2.410305899966667,0.022266577858868295,0.05531324577083965,16.91838576676667,0.2591174620127303,0.6436834591588569,23.962935733333335,0.308626011718672,0.7666695145374524
Grid Scanning,Local,400,16,380,3,0.48349304,0.0,0.0,68.42,0.0,0.0,2.7511687665999998,0.013821769775266194,0.03433517954186964,19.109249066733337,0.16682262232329495,0.4144103672863794,27.061924933333334,0.0782638875636994,0.19441827456517335
Grid Scanning,Local,400,16,400,3,0.47700428,0.0,0.0,71.67,0.0,0.0,3.1139540000666663,0.05575991087657238,0.13851529741233085,21.65181629996667,0.07772576360738231,0.1930815005516898,30.3899708,0.1951055101910762,0.48466895563594076
Grid Scanning,Local,400,16,420,3,0.51059124,0.0,0.0,70.24,0.0,0.0,3.2597564666999994,0.004592637753171588,0.011408744639061845,20.864016466633334,0.13332515757885205,0.3311980518666817,29.585446766666667,0.241156556323487,0.5990660959990166
Grid Scanning,Local,400,16,440,3,0.47064606,0.0,0.0,72.73,0.0,0.0,3.6649153332999997,0.03034267414546082,0.07537538112009096,24.129620633300004,0.3258227942066683,0.8093886904366518,33.69528623333334,0.3480725595860762,0.8646601716932357
Grid Scanning,Local,400,16,460,3,0.48921018999999993,6.798699777552591e-17,1.6888906508286973e-16,75.0,0.0,0.0,3.7289551,0.04567354270859573,0.11345936987166196,23.806437766733335,0.1851312260702763,0.45989146030374917,33.8564121,0.22695435224015711,0.5637858652456423
Grid Scanning,Local,400,16,480,3,0.45745408,0.0,0.0,76.39,0.0,0.0,4.0118554,0.013959992561196583,0.03467854397702251,25.0050463,0.29898115613026316,0.7427103650459002,35.6459122,0.3130896182569304,0.7777577278695554
Grid Scanning,Local,400,16,500,3,0.47677859000000006,6.798699777552591e-17,1.6888906508286973e-16,77.0,0.0,0.0,4.263159333133333,0.1346245053534175,0.33442581067415855,25.457003533366663,0.7983188857751077,1.9831340501564492,36.601902833333334,1.0726371438646416,2.6645783800983205
Grid Scanning,Local,400,16,520,3,0.45136417999999995,6.798699777552591e-17,1.6888906508286973e-16,80.45,0.0,0.0,5.001579366733334,0.07889385395967319,0.19598319784654727,29.25487530006667,0.07683294987509984,0.1908636282897583,41.007470966666666,0.1920373162074069,0.4770471392541424
Grid Scanning,Local,400,16,540,3,0.43372031,0.0,0.0,82.72,0.0,0.0,5.267607766533334,0.1460923575970849,0.3629135349054334,29.11676043333333,0.1364111392564678,0.33886405532981756,41.5299286,0.32510409944949886,0.8076033536871299
Grid Scanning,Local,400,16,560,3,0.43200586,0.0,0.0,79.46,0.0,0.0,5.2193885999,0.04224635305515705,0.10494575880823441,28.584957066666664,0.10393958405402606,0.2582002404922494,40.970309433333334,0.1724239078676255,0.42832473194133286
Grid Scanning,Local,400,16,580,3,0.4202937199999999,6.798699777552591e-17,1.6888906508286973e-16,81.32,0.0,0.0,5.559480066566667,0.033113227639430975,0.08225781753688385,29.924926766500004,0.43575948399283293,1.0824865674394606,42.7222175,0.551537593668312,1.370095335879484
Grid Scanning,Local,400,16,600,3,0.40447751,0.0,0.0,86.11,0.0,0.0,6.070580766533333,0.04772117908540907,0.1185459806152558,31.09517633333333,0.4151059106633555,1.0311802470493048,44.83236779999999,0.39713027532119505,0.9865262934031721
Grid Scanning,Local,400,16,620,3,0.39321730000000005,6.798699777552591e-17,1.6888906508286973e-16,81.99,0.0,0.0,6.323023266666667,0.09144922726663493,0.22717247416347439,31.87071093346667,0.032693757352804276,0.08121579557891574,45.502993333333336,0.1465034535166427,0.3639347537823537
Grid Scanning,Local,400,16,640,3,0.4004699,0.0,0.0,87.5,0.0,0.0,6.871983766533333,0.04242506393478356,0.10538970124381469,33.8591722333,0.33303603117713343,0.8273073644187757,48.7329608,0.4320586715230221,1.0732932396190875
Grid Scanning,Local,400,16,660,3,0.41325837000000004,6.798699777552591e-17,1.6888906508286973e-16,85.86,0.0,0.0,6.791112866833333,0.046582973814145785,0.11571852197719766,33.73365596666667,0.47253180013163476,1.1738340647082635,48.67901336666666,0.572643846226838,1.422526173813845
Grid Scanning,Local,400,16,680,3,0.39792944,0.0,0.0,85.54,0.0,0.0,7.264526433233333,0.03449170601283206,0.08568214764908173,36.04036073336667,0.3636481495314865,0.9033520820593888,51.40924446666667,0.47876487745880353,1.1893178871569394
Grid Scanning,Local,400,16,700,3,0.38436343,0.0,0.0,88.57,0.0,0.0,7.794870333233334,0.07590353764243846,0.18855484031284211,36.669507599966664,0.5165382604179988,1.2831521722662635,52.87791096666666,0.6821513597517951,1.6945579178812002
Grid Scanning,Local,400,16,720,3,0.37961465999999994,6.798699777552591e-17,1.6888906508286973e-16,92.58999999999999,1.7404671430534633e-14,4.323560066121465e-14,8.2998687667,0.04768388554226671,0.11845333831833109,38.24901046663334,0.09310432665117821,0.2312839689613131,55.38435593333333,0.1893079047880555,0.4702669054164496
Grid Scanning,Local,400,16,740,3,0.36531918,0.0,0.0,89.86,0.0,0.0,8.263594366766668,0.08398605917990079,0.20863293687008655,37.293440333266666,0.3773857137738761,0.9374780834615015,54.62635753333333,0.4918253094880583,1.221761798892563
Grid Scanning,Local,400,16,760,3,0.36723682,0.0,0.0,91.45,0.0,0.0,8.621121400066668,0.019611119354167646,0.04871672115732462,38.2389484333,0.2362297340438777,0.5868271909751474,56.08510636666667,0.3534661143810591,0.8780585045598447
Grid Scanning,Local,400,16,780,3,0.33653271999999995,6.798699777552591e-17,1.6888906508286973e-16,86.11,0.0,0.0,8.577421033566667,0.04340560899557746,0.10782551020740333,36.304805000133335,0.42110442621383104,1.046081385742762,53.11822543333333,0.5229514960966466,1.2990835328699353
Grid Scanning,Local,400,16,800,3,0.36472488,0.0,0.0,91.25,0.0,0.0,9.2581248663,0.026856846983527326,0.06671610641048834,40.137883299866665,0.2282539997357771,0.5670143686014938,58.819348999999995,0.25932352600038167,0.6441953504816152
Grid Scanning,Local,400,16,820,3,0.33548127,0.0,0.0,91.06,0.0,0.0,9.888688166666666,0.2599897114104588,0.6458502467818058,41.783475233333334,1.0170158773703786,2.5264074944246064,61.17117513333333,1.5240447917131699,3.7859371414913623
Grid Scanning,Local,400,16,840,3,0.34469778999999995,6.798699777552591e-17,1.6888906508286973e-16,91.27,0.0,0.0,9.9354700668,0.12847045002177898,0.3191382897446372,40.99893276660001,0.4177727395607276,1.0378050172840523,60.5118249,0.6414875318204404,1.5935433694127958
Grid Scanning,Local,400,16,860,3,0.31569105,0.0,0.0,94.96,0.0,0.0,10.636589532999999,0.11451869344137648,0.2844802050780985,42.30548519993334,0.2846859113121422,0.7071990082945023,62.496733000000006,0.5243374458161542,1.302526422834754
Grid Scanning,Local,400,16,880,3,0.31001298,0.0,0.0,91.29,0.0,0.0,10.5482585999,0.07137891274883637,0.17731504898312084,41.346463833466665,0.29117781089295497,0.7233257808640955,61.28788906666667,0.42526091192760196,1.0564066686526918
Grid Scanning,Local,400,16,900,3,0.32784366,0.0,0.0,93.52,0.0,0.0,10.722891900200002,0.019030197768887577,0.04727363193976062,42.641880900000004,0.30839895343035717,0.766105470480684,63.62692476666666,0.36706235273588717,0.9118334329950193
Grid Scanning,Local,400,16,920,3,0.31465879,0.0,0.0,91.49,0.0,0.0,11.1049750666,0.04070955731714089,0.10112814656017129,42.59148866666666,0.2155483075891702,0.5354516795862175,63.68137646666667,0.2363265222477221,0.5870676262023699
Grid Scanning,Local,400,16,940,3,0.33001588,0.0,0.0,94.15000000000002,1.7404671430534633e-14,4.323560066121465e-14,11.611671400166665,0.1284075673644105,0.3189820805640531,44.0645440332,0.6683929904163034,1.6603802337627163,66.29401676666667,0.979337662972061,2.432809621126332
Grid Scanning,Local,400,16,960,3,0.32388306,0.0,0.0,95.66000000000001,1.7404671430534633e-14,4.323560066121465e-14,12.1011883667,0.1428635089985378,0.3548926303362504,45.211025466600006,0.6386374903903231,1.5864634740161907,68.22503526666667,0.9175949919459226,2.2794323236061067
Grid Scanning,Local,400,16,980,3,0.31338809,0.0,0.0,95.07,0.0,0.0,12.502500533533334,0.04753842348053455,0.11809199052515328,45.50574346656666,0.30690113065425534,0.7623846724370509,68.82928193333333,0.3242412220717823,0.805459847452528
Grid Scanning,Local,400,16,1000,3,0.30008992,0.0,0.0,95.0,0.0,0.0,12.703709633299999,0.0562784857321715,0.1398035087674901,44.7073877,0.3470946920985673,0.8622310141904203,68.2434081,0.3693100911176232,0.9174171246752384
Grid Scanning,Local,400,18,60,3,0.60799571,0.0,0.0,16.67,0.0,0.0,0.06756380000000001,0.0034209925445694857,0.008498216591581781,0.749033,0.008966613978531709,0.022274303930778283,1.3639633666666668,0.02633757199901573,0.0654261558386945
Grid Scanning,Local,400,18,80,3,0.6401748,0.0,0.0,25.0,0.0,0.0,0.17947636666666666,0.010827893398225399,0.026897978329344145,1.8844903666666666,0.046150746323903945,0.1146448093686327,2.7957943333333333,0.06017035675765375,0.14947145235115902
Grid Scanning,Local,400,18,100,3,0.59815891,0.0,0.0,35.0,0.0,0.0,0.39325016669999996,0.006597596654275473,0.01638933865580351,3.4782857333333332,0.076643968372882,0.19039417221327576,5.3793404,0.07934428427864232,0.1971021287884142
Grid Scanning,Local,400,18,120,3,0.45120458,0.0,0.0,36.11,0.0,0.0,0.4068942333,0.003565103811725052,0.008856208825011052,3.9369534,0.0728516161110379,0.18097344694338716,6.1699771666666665,0.12430448839564597,0.3087894673634554
Grid Scanning,Local,400,18,140,3,0.58686634,0.0,0.0,25.0,0.0,0.0,0.4100049333333333,0.0008113090985150664,0.0020154035275074403,3.4348881666666666,0.11046117377460424,0.2744007674577009,4.9193432,0.12093835144374199,0.30042751961831443
Grid Scanning,Local,400,18,160,3,0.45830376,0.0,0.0,36.46,0.0,0.0,0.5639403000333333,0.019369062292172744,0.0481154180812276,4.904195933333333,0.05257194547069156,0.13059595232382684,7.554195033333333,0.11273035014637063,0.2800377140574186
Grid Scanning,Local,400,18,180,3,0.58314991,0.0,0.0,35.19,0.0,0.0,0.6393749001000001,0.03224610074835872,0.08010375492589844,5.254351866666667,0.12184606704565105,0.3026824101765609,7.9351038,0.1462416873951815,0.36328449068837326
Grid Scanning,Local,400,18,200,3,0.6089359,0.0,0.0,36.67,0.0,0.0,0.6864922666666665,0.010705293218652804,0.026593422599800503,5.4818989333333334,0.09539328197470906,0.23697004920100775,8.450535066666667,0.08717816084417826,0.2165625569940592
Grid Scanning,Local,400,18,220,3,0.51502205,0.0,0.0,42.42,0.0,0.0,0.9639691666666667,0.00872427121284832,0.021672291127374302,7.821991333333334,0.0444533160551982,0.11042815882507427,11.480010466666664,0.014308434961704666,0.03554412288449745
Grid Scanning,Local,400,18,240,3,0.51727974,0.0,0.0,45.830000000000005,8.702335715267317e-15,2.1617800330607325e-14,1.1887582334,0.01144234440600988,0.028424359249804573,9.495825800066667,0.03407268231455349,0.08464123507807085,13.713563399999998,0.11087217295701333,0.27542174602622194
Grid Scanning,Local,400,18,260,3,0.59323987,0.0,0.0,51.919999999999995,8.702335715267317e-15,2.1617800330607325e-14,1.5253746333333336,0.017083839435803536,0.04243860980396705,11.833735266699998,0.12508252365601252,0.3107222140948035,16.984654833333334,0.10913358710096194,0.2711028593360889
Grid Scanning,Local,400,18,280,3,0.55500454,0.0,0.0,56.54999999999999,8.702335715267317e-15,2.1617800330607325e-14,1.8430788667666667,0.04155118109888528,0.10321885593550845,14.500291533333334,0.05377482326366429,0.13358406641197743,20.204208133333335,0.10756579805711182,0.2672082554481919
Grid Scanning,Local,400,18,300,3,0.5517513,0.0,0.0,60.56,0.0,0.0,1.9428569998333334,0.0038041453420958908,0.009450020905279763,14.128405600033332,0.09269220139473426,0.2302601930698159,20.356265466666667,0.058090178134029634,0.14430400218503744
Grid Scanning,Local,400,18,320,3,0.53410246,0.0,0.0,59.38,0.0,0.0,2.1224207665666666,0.025665322816816258,0.06375619629349948,14.961709800033333,0.05812045160889278,0.1443792056656107,21.25537086666667,0.13569222928735983,0.3370781839642032
Grid Scanning,Local,400,18,340,3,0.519929,0.0,0.0,63.24,0.0,0.0,2.3587429000666664,0.04247454426089505,0.10551261718789795,16.068905900066667,0.07265225308937984,0.18047820174295787,22.9945388,0.08140644164051193,0.2022248116585981
Grid Scanning,Local,400,18,360,3,0.53149684,0.0,0.0,63.43,0.0,0.0,2.6390568332999997,0.029050319515348096,0.07216499424647278,16.984873266733334,0.07434549074405081,0.1846844372558817,24.284754866666663,0.14320248412867473,0.355734691240369
Grid Scanning,Local,400,18,380,3,0.48334239,0.0,0.0,68.42,0.0,0.0,2.9700507000000003,0.05588128663048712,0.1388168114999226,19.300817733299997,0.22100681905986833,0.5490113737806005,27.501648533333334,0.2974042273563097,0.7387930568097781
Grid Scanning,Local,400,18,400,3,0.47700428,0.0,0.0,71.67,0.0,0.0,3.3533226332333332,0.0209646553222368,0.052079090899815696,21.718053533299997,0.08952598809767687,0.2223948832151503,30.742985733333338,0.09553271658098773,0.2373164239647877
Grid Scanning,Local,400,18,420,3,0.51059124,0.0,0.0,70.24,0.0,0.0,3.526163433466667,0.03438022531218713,0.08540521423647732,21.1788616667,0.5974376992279721,1.4841175190735565,30.1707385,0.7787648103049275,1.9345590338625624
Grid Scanning,Local,400,18,440,3,0.47064606,0.0,0.0,72.73,0.0,0.0,3.9528428999333336,0.05097842325481544,0.12663742369285705,24.415419766599996,0.37959466578303014,0.9429654244508878,34.320057166666665,0.43095522092934657,1.070552116386285
Grid Scanning,Local,400,18,460,3,0.48921018999999993,6.798699777552591e-17,1.6888906508286973e-16,75.0,0.0,0.0,3.975748300033333,0.0430283481616241,0.10688834234261341,24.1725458666,0.05924953319564828,0.14718399981491295,34.54272256666667,0.15857632179919703,0.3939254211720413
Grid Scanning,Local,400,18,480,3,0.45745408,0.0,0.0,76.39,0.0,0.0,4.291160733166667,0.02833743118336244,0.07039408145672042,25.190505766733335,0.13453940790896066,0.3342144169032098,36.09130653333333,0.1404949000760297,0.3490086795874597
Grid Scanning,Local,400,18,500,3,0.47677859000000006,6.798699777552591e-17,1.6888906508286973e-16,77.0,0.0,0.0,4.5726768667,0.012781920398946513,0.03175205049161386,25.5538012,0.05285611863427094,0.13130187759614179,37.01160463333333,0.044302922219683724,0.11005455982665799
Grid Scanning,Local,400,18,520,3,0.45131116,0.0,0.0,80.45,0.0,0.0,5.384576333433333,0.03990313162863535,0.09912487409563044,29.4765315667,0.13512663084597992,0.33567315954626414,41.74740013333333,0.17517216407104613,0.4351517788178019
Grid Scanning,Local,400,18,540,3,0.43372031,0.0,0.0,82.72,0.0,0.0,5.650301066866667,0.07605288880563384,0.18892584916962954,29.242629866633333,0.24705392677228277,0.613715976331032,42.04864766666666,0.34297294451045746,0.8519920255684806
Grid Scanning,Local,400,18,560,3,0.43200586,0.0,0.0,79.46,0.0,0.0,5.5905117666666655,0.025866685304688414,0.06425640844335456,28.7016372667,0.1294041124654399,0.3214576358309802,41.5456116,0.10867878246286405,0.26997306198311105
Grid Scanning,Local,400,18,580,3,0.4202937199999999,6.798699777552591e-17,1.6888906508286973e-16,81.32,0.0,0.0,6.054424799966667,0.16965867186277112,0.42145550489978434,30.561793833366664,0.555005261978894,1.3787095015016422,43.9594847,0.8300975707515842,2.062076679936348
Grid Scanning,Local,400,18,600,3,0.40442135,0.0,0.0,86.11,0.0,0.0,6.692137833366666,0.26611060365139605,0.661055386027078,31.680869433366666,0.8817314340147969,2.190342306871855,46.20576796666666,1.3756861186025902,3.4173937667521312
Grid Scanning,Local,400,18,620,3,0.39321730000000005,6.798699777552591e-17,1.6888906508286973e-16,81.99,0.0,0.0,6.8361981333666675,0.06960613115385665,0.17291121536833481,32.25153909993333,0.2898097066425093,0.7199272215019575,46.4382937,0.39255631042019756,0.9751639347003819
Grid Scanning,Local,400,18,640,3,0.40038009,0.0,0.0,87.5,0.0,0.0,7.390384433066667,0.08115263081562181,0.20159431061683808,33.86210736653333,0.5050491362698425,1.2546116056948473,49.217498866666666,0.7456514814850284,1.8523009649794622
Grid Scanning,Local,400,18,660,3,0.41325837000000004,6.798699777552591e-17,1.6888906508286973e-16,85.86,0.0,0.0,7.362357266633334,0.033267193952699614,0.08264029106201363,33.65242073336666,0.6016018361467236,1.494461808630319,49.13925096666667,0.778529093145693,1.9339734799780013
Grid Scanning,Local,400,18,680,3,0.39790883,0.0,0.0,85.54,0.0,0.0,7.848555633166666,0.09519312285533306,0.2364728263842151,35.96693693333333,0.822768637601134,2.0438706007104175,51.914939733333334,1.1321261035610146,2.812357148312876
Grid Scanning,Local,400,18,700,3,0.38432736000000006,6.798699777552591e-17,1.6888906508286973e-16,88.57,0.0,0.0,8.413899433300001,0.15854283919046325,0.3938422457609979,36.687999033333334,0.6948506124122058,1.7261046103259723,53.50475563333333,1.020105310054235,2.5340820706624885
Grid Scanning,Local,400,18,720,3,0.37961801999999994,6.798699777552591e-17,1.6888906508286973e-16,92.58999999999999,1.7404671430534633e-14,4.323560066121465e-14,8.917384266633334,0.0848330317662253,0.21073693341259397,37.81690726673333,0.8629545062467927,2.1436978324925433,55.59637406666667,1.1443869486674692,2.8428147760197495
Grid Scanning,Local,400,18,740,3,0.36529687000000005,6.798699777552591e-17,1.6888906508286973e-16,89.86,0.0,0.0,8.8884983669,0.0982683263956396,0.24411205546999867,37.1925952332,0.5679965427288891,1.4109816319366413,55.150947333333335,0.9098084450885583,2.2600894689134168
Grid Scanning,Local,400,18,760,3,0.36717902,0.0,0.0,91.45,0.0,0.0,9.258848066833332,0.09136829039640662,0.2269714158318692,38.1290993667,0.6494851487429094,1.6134105512140338,56.463342133333335,0.8919118044153832,2.215631748903538
Grid Scanning,Local,400,18,780,3,0.33648156999999995,6.798699777552591e-17,1.6888906508286973e-16,86.11,0.0,0.0,9.248999066766666,0.14235030678221755,0.3536177653569354,36.13224446673333,0.6718197077014579,1.6688926713982755,53.50687823333334,1.014682620240366,2.5206113623967323
Grid Scanning,Local,400,18,800,3,0.36461232,0.0,0.0,91.25,0.0,0.0,10.127033466833334,0.40451549447149415,1.0048721948039707,40.752907300066674,1.7297737281412753,4.296996150870705,60.410009366666664,2.603709748528406,6.4679735767713815
Grid Scanning,Local,400,18,820,3,0.33548127,0.0,0.0,91.06,0.0,0.0,10.249957933300001,0.1546048560175205,0.38405975325285263,40.12543266676666,0.6937558295126707,1.7233850188390578,59.55877883333333,0.9783735722706017,2.430414687057289
Grid Scanning,Local,400,18,840,3,0.34419102,0.0,0.0,91.27,0.0,0.0,10.653713666700002,0.16840384520745896,0.41833834268361386,40.24201236653334,0.785367546528465,1.9509611399161917,60.4197823,1.1318638648641155,2.8117057112764283
Grid Scanning,Local,400,18,860,3,0.31569105,0.0,0.0,94.96,0.0,0.0,11.441750632966667,0.16161104145712307,0.40146408271888545,42.07363309993334,1.0552340917687286,2.621346802087307,63.008633366666665,1.4794756748459834,3.6752213175021766
Grid Scanning,Local,400,18,880,3,0.30999644,0.0,0.0,91.29,0.0,0.0,11.302035633233332,0.16619700640202867,0.4128562511832905,40.8495441334,0.9622964132949811,2.390476810148144,61.57422929999999,1.3115728738244394,3.2581276375760475
Grid Scanning,Local,400,18,900,3,0.32781984,0.0,0.0,93.52,0.0,0.0,11.450887500299999,0.17867058848816655,0.4438423468440789,42.1355483665,0.800681094683346,1.9890021023884366,63.769010200000004,1.2175320142502422,3.024517191862367
Grid Scanning,Local,400,18,920,3,0.31465879,0.0,0.0,91.49,0.0,0.0,11.860509000066665,0.22379309621061533,0.5559328699261594,42.219394566733335,0.7601388653993036,1.8882896217055183,64.07830523333332,1.2285822677624059,3.051967543336334
Grid Scanning,Local,400,18,940,3,0.32986246,0.0,0.0,94.15000000000002,1.7404671430534633e-14,4.323560066121465e-14,12.352815333100002,0.10559524506634727,0.2623131304508312,43.490279833399995,0.7237228711192554,1.7978272770035661,66.36618713333333,1.1113776482874742,2.7608151281073092
Grid Scanning,Local,400,18,960,3,0.32362855,0.0,0.0,95.66000000000001,1.7404671430534633e-14,4.323560066121465e-14,12.933066666899999,0.11991842743504251,0.2978938879251845,44.37323186673333,0.9621519474810196,2.3901179371716235,68.0719773,1.2980989372534304,3.224656523614272
Grid Scanning,Local,400,18,980,3,0.31338297,0.0,0.0,95.07,0.0,0.0,13.3142486666,0.1920235338423074,0.4770129019612415,44.85050806666666,0.9518643393094546,2.3645621017489282,68.8306711,1.3262319020188917,3.294542682331498
Grid Scanning,Local,400,18,1000,3,0.29997607,0.0,0.0,95.0,0.0,0.0,13.599362833233334,0.1313573597204831,0.3263097709976059,44.0592449,1.0198308166939793,2.5334001913546524,68.4394191,1.375943298464701,3.4180326369463043
Grid Scanning,Local,400,20,60,3,0.60799571,0.0,0.0,16.67,0.0,0.0,0.0669115,0.001088947110745059,0.0027050945839033644,0.7098417000000001,0.0519005944408154,0.12892822391268907,1.2727436333333333,0.09248451932968746,0.22974428221997897
Grid Scanning,Local,400,20,80,3,0.6401748,0.0,0.0,25.0,0.0,0.0,0.1862930333,0.022322862790730633,0.05545306529268218,1.7477405666666668,0.05004287138058054,0.12431338400077144,2.6280372666666665,0.12763329664528492,0.3170586854715692
Grid Scanning,Local,400,20,100,3,0.59815891,0.0,0.0,35.0,0.0,0.0,0.4037485999666666,0.008733501418068808,0.021695220228249712,3.1677095333333334,0.13002063536013558,0.32298916360385127,4.905024766666667,0.16607844224875568,0.41256172149888326
Grid Scanning,Local,400,20,120,3,0.45120458,0.0,0.0,36.11,0.0,0.0,0.4164322666333333,0.006282709368126925,0.015607115273331182,3.556302566633333,0.1925831495756821,0.4784030645086065,5.6462104,0.30614990307956963,0.7605185196886675
Grid Scanning,Local,400,20,140,3,0.58686634,0.0,0.0,25.0,0.0,0.0,0.4094228334,0.02159376732459593,0.053641891749790775,3.0956871999666666,0.11199170438153631,0.27820281625736903,4.483656266666666,0.1821083061286974,0.452382110877271
Grid Scanning,Local,400,20,160,3,0.45830376,0.0,0.0,36.46,0.0,0.0,0.5710413666333334,0.017930664290750038,0.044542239361387154,4.4889247333,0.14076437677531828,0.34967809681860046,6.991364366666667,0.21940432796828196,0.5450305652272469
Grid Scanning,Local,400,20,180,3,0.58314991,0.0,0.0,35.19,0.0,0.0,0.6399411333333335,0.03032826856800982,0.07533959568188538,4.829682666699999,0.3002761557917246,0.7459273225416404,7.314760566666666,0.40782505129068924,1.0130935897077138
Grid Scanning,Local,400,20,200,3,0.6089359,0.0,0.0,36.67,0.0,0.0,0.7003130666,0.0250672132385101,0.06227040973427006,5.111340400033334,0.2659954776609646,0.6607693972126446,7.8815292,0.34436798766353105,0.85545750487455
Grid Scanning,Local,400,20,220,3,0.51502205,0.0,0.0,42.42,0.0,0.0,0.9649554,0.03926872527075458,0.09754892133744465,7.280426966633333,0.3378371034290338,0.8392338890565595,10.701416100000001,0.49310025560120196,1.2249289406126727
Grid Scanning,Local,400,20,240,3,0.51727974,0.0,0.0,45.830000000000005,8.702335715267317e-15,2.1617800330607325e-14,1.1900268667333334,0.03361135266648909,0.08349522870176557,8.6706871333,0.2509412011108731,0.6233725011114437,12.621461133333334,0.4099469859838256,1.0183647677008052
Grid Scanning,Local,400,20,260,3,0.59323987,0.0,0.0,51.919999999999995,8.702335715267317e-15,2.1617800330607325e-14,1.4974171666666667,0.04637571063164415,0.11520365168928795,10.5446035334,0.15136194819150517,0.3760039236265177,15.166174,0.22139909935252686,0.54998585204917
Grid Scanning,Local,400,20,280,3,0.55500454,0.0,0.0,56.54999999999999,8.702335715267317e-15,2.1617800330607325e-14,1.8224606001666668,0.034784101392148825,0.08640849803758406,12.8663468,0.10444871142321493,0.2594649829901357,18.212401466666666,0.18510314119172358,0.4598216935978065
Grid Scanning,Local,400,20,300,3,0.5517513,0.0,0.0,60.56,0.0,0.0,1.9044713,0.0319338100512607,0.07932798182820844,12.5404570667,0.07734593986952491,0.19213796608066025,18.292028566666666,0.14264887932775128,0.35435946067698904
Grid Scanning,Local,400,20,320,3,0.53410246,0.0,0.0,59.38,0.0,0.0,2.1146708666999996,0.07818474788995743,0.19422168071713528,13.576693366733332,0.41119027867735236,1.0214532779675387,19.5036352,0.5830126954097308,1.4482838230965207
Grid Scanning,Local,400,20,340,3,0.519929,0.0,0.0,63.24,0.0,0.0,2.3236367668000004,0.041666862944457435,0.10350622557065911,14.353635833333334,0.1646543062751884,0.4090239716202845,20.774407366666665,0.20931516811414608,0.5199677027537105
Grid Scanning,Local,400,20,360,3,0.53149684,0.0,0.0,63.43,0.0,0.0,2.5526375333,0.029282022896219013,0.07274057735283426,15.089496200033333,0.07995778846383238,0.19862615767116149,21.827669299999997,0.12167096113177542,0.30224742297235196
Grid Scanning,Local,400,20,380,3,0.48334239,0.0,0.0,68.42,0.0,0.0,2.9241165000000002,0.040556409952592076,0.1007477074164404,17.3378808665,0.20207951573521815,0.5019933458100997,24.932567266666666,0.24863721809046016,0.6176490900032034
Grid Scanning,Local,400,20,400,3,0.47700428,0.0,0.0,71.67,0.0,0.0,3.3104605333,0.0429403578930029,0.10666976239806446,19.4162867667,0.16630500011676005,0.4131245224426867,27.836000733333332,0.2956542529599792,0.734445879417256
Grid Scanning,Local,400,20,420,3,0.51059124,0.0,0.0,70.24,0.0,0.0,3.410178766733333,0.01307441585909507,0.03247864949468465,18.8089283667,0.10791377599571762,0.26807268056833966,27.054058833333333,0.1492630190620677,0.3707898946217908
Grid Scanning,Local,400,20,440,3,0.47064606,0.0,0.0,72.73,0.0,0.0,3.8974855,0.04013419208349731,0.09969886008524721,21.683386933266664,0.08379422932605024,0.20815640509589683,30.875237333333335,0.07966163373634255,0.1978904685440909
Grid Scanning,Local,400,20,460,3,0.48921018999999993,6.798699777552591e-17,1.6888906508286973e-16,75.0,0.0,0.0,3.9056274331,0.010523064534011185,0.026140741452119597,21.51280749993333,0.09842359739826056,0.24449777002315076,31.10442086666667,0.11901564689083216,0.2956512567298771
Grid Scanning,Local,400,20,480,3,0.45745408,0.0,0.0,76.39,0.0,0.0,4.461394633233333,0.3422648166447331,0.8502329384324937,23.1173923667,1.1208549359706244,2.7843580158461294,33.6925888,1.8040638950018415,4.481543155981262
Grid Scanning,Local,400,20,500,3,0.47677859000000006,6.798699777552591e-17,1.6888906508286973e-16,77.0,0.0,0.0,4.651736433566667,0.38846673241346175,0.9650048597487046,23.11287373333333,1.0632782701706174,2.641329649015487,34.012521400000004,1.7090618133202826,4.245544902181316
Grid Scanning,Local,400,20,520,3,0.45131116,0.0,0.0,80.45,0.0,0.0,5.455680099966666,0.4079030578995188,1.0132873688664732,27.0139781001,1.188071322372772,2.9513327761552866,38.76376856666667,1.881231069683649,4.673237044717566
Grid Scanning,Local,400,20,540,3,0.43372031,0.0,0.0,82.72,0.0,0.0,5.484613499800001,0.06170944964671598,0.15329477103876527,26.23695166663333,0.12021908091261808,0.29864075256699885,38.321784799999996,0.5182715846931233,1.2874579884647925
Grid Scanning,Local,400,20,560,3,0.43200586,0.0,0.0,79.46,0.0,0.0,5.474179300033334,0.03295405130462744,0.08186240160078019,25.561788233433333,0.12078237507997328,0.3000400528509349,37.40608913333333,0.09728334042482778,0.24166521467436006
Grid Scanning,Local,400,20,580,3,0.4202937199999999,6.798699777552591e-17,1.6888906508286973e-16,81.32,0.0,0.0,5.8680014668,0.05473339371475006,0.13596528741888914,26.719259100066665,0.13022154062379943,0.3234882399458077,39.09074089999999,0.20466385986780727,0.5084132125300049
Grid Scanning,Local,400,20,600,3,0.40442135,0.0,0.0,86.11,0.0,0.0,6.337039433233333,0.03399074796322645,0.08443769886605156,27.811667833399998,0.06570878314652823,0.16322966620751528,41.01377196666667,0.06877452976715619,0.17084540300248832
Grid Scanning,Local,400,20,620,3,0.39321730000000005,6.798699777552591e-17,1.6888906508286973e-16,81.99,0.0,0.0,6.643703499933333,0.035832505992081765,0.08901287944144998,28.772017700099997,0.11927867443219377,0.29630465336460243,41.93942573333333,0.12457149962613134,0.30945276003056504
Grid Scanning,Local,400,20,640,3,0.40038009,0.0,0.0,87.5,0.0,0.0,7.212046233233333,0.05182534803947499,0.12874130148944588,30.4182129,0.1652256916500517,0.410443371577925,44.76478486666667,0.15002483903915134,0.37268236035642904
Grid Scanning,Local,400,20,660,3,0.41325837000000004,6.798699777552591e-17,1.6888906508286973e-16,85.86,0.0,0.0,7.146627833066667,0.027664681836040234,0.06872287943248191,30.2489916,0.06074965488568776,0.15091050867735464,44.67835693333333,0.035518588432584416,0.088233064993522
Grid Scanning,Local,400,20,680,3,0.39790883,0.0,0.0,85.54,0.0,0.0,7.636542266633334,0.05387862340366375,0.13384192025423505,32.169938399933336,0.1705203614903581,0.4235960605994973,47.12123486666667,0.1624562198974335,0.40356362235561893
Grid Scanning,Local,400,20,700,3,0.38432736000000006,6.798699777552591e-17,1.6888906508286973e-16,88.57,0.0,0.0,8.208498533066667,0.02304142970103697,0.05723808445299008,32.91062420006667,0.10699222801164852,0.26578342846792613,48.71625283333333,0.14088143650014065,0.3499688892955588
Grid Scanning,Local,400,20,720,3,0.37961801999999994,6.798699777552591e-17,1.6888906508286973e-16,92.58999999999999,1.7404671430534633e-14,4.323560066121465e-14,8.752802666766668,0.04792310497968476,0.11904759234420494,34.1197883334,0.15414439066354052,0.38291589390207653,50.80575993333334,0.1870013068445336,0.464536998479101
Grid Scanning,Local,400,20,740,3,0.36529687000000005,6.798699777552591e-17,1.6888906508286973e-16,89.86,0.0,0.0,8.671721066566667,0.04926563109705919,0.12238261210138453,33.220777266633334,0.10428860655564486,0.2590672604507701,50.01087176666667,0.023756565184036654,0.05901457947532037
Grid Scanning,Local,400,20,760,3,0.36717902,0.0,0.0,91.45,0.0,0.0,9.0027101669,0.045845983827435474,0.1138877373580282,34.38908413323333,0.08349732588162245,0.20741885605284524,51.6560727,0.07230838033845155,0.1796239744743336
Grid Scanning,Local,400,20,780,3,0.33648156999999995,6.798699777552591e-17,1.6888906508286973e-16,86.11,0.0,0.0,9.056102599966666,0.05427068830734663,0.13481586346692745,32.439507633400005,0.12038868442419437,0.2990620710461508,48.89109703333333,0.11467830850236348,0.2848767108704596
Grid Scanning,Local,400,20,800,3,0.36461232,0.0,0.0,91.25,0.0,0.0,10.0358048667,0.7372019777172517,1.8313112340243516,36.82505506663333,1.7928679430577785,4.453730869538071,55.555165233333334,2.9732016443134843,7.385842329277218
Grid Scanning,Local,400,20,820,3,0.33548127,0.0,0.0,91.06,0.0,0.0,10.084052699733332,0.09357011765160886,0.2324410579512768,36.086311033233336,0.24517147242422735,0.6090397004943793,54.480322433333335,0.3735895634949181,0.9280479233940706
Grid Scanning,Local,400,20,840,3,0.34419102,0.0,0.0,91.27,0.0,0.0,10.4859896333,0.24340948364921822,0.6046626777306984,36.48310969996667,0.23809487324803338,0.5914604536098546,55.56891486666667,0.5519079811945493,1.3710154295013721
Grid Scanning,Local,400,20,860,3,0.31569105,0.0,0.0,94.96,0.0,0.0,11.134999333333333,0.12267464836866271,0.3047407202883062,37.74333946666667,0.122201269399477,0.3035647817390024,57.463691833333336,0.13003621473610238,0.3230278649192159
Grid Scanning,Local,400,20,880,3,0.30996392,0.0,0.0,91.29,0.0,0.0,11.044930800033333,0.0770913303157268,0.19150548088629843,36.926532099999996,0.15870977794221153,0.3942569446097684,56.4391861,0.23664417737757903,0.5878567252897784
Grid Scanning,Local,400,20,900,3,0.32781984,0.0,0.0,93.52,0.0,0.0,11.134199300466667,0.061694024153479916,0.1532564519892952,37.874186099899994,0.08307807670031939,0.20637738335094982,58.174176233333334,0.0046686494346157925,0.011597568123470946
Grid Scanning,Local,400,20,920,3,0.31464695,0.0,0.0,91.49,0.0,0.0,11.468520166633333,0.06581658981227644,0.16349747281147847,38.026317799999994,0.04114242147325367,0.10220344073443602,58.4395155,0.11805450888750506,0.2932636575696158
Grid Scanning,Local,400,20,940,3,0.32986246,0.0,0.0,94.15000000000002,1.7404671430534633e-14,4.323560066121465e-14,12.173153667100001,0.22723538289133172,0.5644839840843829,39.16941853323333,0.4040277785459164,1.003660641280622,60.916235,0.6891167934302517,1.7118610143605504
Grid Scanning,Local,400,20,960,3,0.32359955,0.0,0.0,95.66000000000001,1.7404671430534633e-14,4.323560066121465e-14,12.5678519335,0.015917939535331417,0.0395423538930783,40.07837863336667,0.07557736293508593,0.18774457742168857,62.36390766666667,0.09753396758880288,0.24228780706397965
Grid Scanning,Local,400,20,980,3,0.31336831,0.0,0.0,95.07,0.0,0.0,13.001589366766666,0.03134010279936302,0.07785313125402978,40.53097026663333,0.1793839587289353,0.445614456761613,63.21945196666667,0.22649023895297135,0.5626329439264197
Grid Scanning,Local,400,20,1000,3,0.2998442,0.0,0.0,95.0,0.0,0.0,13.4115054002,0.1558904318566256,0.3872533006760887,39.95589329996667,0.5160952028793583,1.2820515563260515,63.210409633333335,0.8679212293691164,2.15603585670453
Sweep Line,Global,200,,60,3,0.51141933,0.0,0.0,41.67,0.0,0.0,0.29489743333333335,0.08602260200321384,0.21369198969907297,3.0462426333333332,1.0787868784719683,2.6798551677536366,4.3128833,1.4595104525859859,3.6256249559626395
Sweep Line,Global,200,,80,3,0.6808493700000001,1.3597399555105182e-16,3.3777813016573946e-16,66.67,0.0,0.0,0.7373787666666667,0.1976490471918934,0.49098745182090314,5.099814633333334,1.690576686542868,4.199625301647055,7.263558066666666,2.328808436573674,5.785080860734991
Sweep Line,Global,200,,100,3,0.51868425,0.0,0.0,80.0,0.0,0.0,1.4986439999999999,0.36393757561652484,0.9040710563119968,7.386723933333333,2.1538690975639914,5.350507451432362,11.256146133333333,2.1193788666077764,5.26482896802705
Sweep Line,Global,200,,120,3,0.47368989,0.0,0.0,81.94,0.0,0.0,1.8290285666666666,0.4030528055705893,1.0012386741446744,7.610025533333332,2.2269698853087356,5.532099875027738,11.447848933333333,3.199132197951747,7.947084937806657
Sweep Line,Global,200,,140,3,0.45623018,0.0,0.0,72.62,0.0,0.0,2.3128195,0.6227225076376557,1.5469284651784334,7.485400366666667,2.42221320187818,6.017111160685102,11.3912152,3.5351173365333,8.781718291144754
Sweep Line,Global,200,,160,3,0.44914419,0.0,0.0,83.33,0.0,0.0,3.4957341667333335,0.9559780045015739,2.3747810125861863,11.0883776,3.6151806387835492,8.980606559591862,16.7678446,5.2358956244805945,13.00668577556079
Sweep Line,Global,200,,180,3,0.40868505000000005,6.798699777552591e-17,1.6888906508286973e-16,81.48,0.0,0.0,3.9166613334,1.0948757786468544,2.719822211418658,9.043143333333333,2.8156532211033447,6.994470349754109,14.930375666666668,4.500556715859428,11.180002661737621
Sweep Line,Global,200,,200,3,0.40059965999999997,6.798699777552591e-17,1.6888906508286973e-16,81.67,0.0,0.0,5.024676933299999,1.4252911680049614,3.5406195406658,10.684047833333333,3.489219765807031,8.667702404825901,17.762573633333332,5.52895331974925,13.734681448096293
Sweep Line,Global,200,,220,3,0.35955049999999994,6.798699777552591e-17,1.6888906508286973e-16,93.94,0.0,0.0,7.248759833299999,2.10635833217578,5.232484167417383,13.2387565,4.265665147611073,10.596499658879704,22.764720366666666,7.080055820499187,17.587833664999454
Sweep Line,Global,200,,240,3,0.35356697,0.0,0.0,88.19,0.0,0.0,7.952366700033333,2.2142779521618814,5.500571365262623,13.035557133333333,4.068535547779146,10.106802585834965,23.273546566666667,6.9710412338820165,17.31702641925287
Sweep Line,Global,200,,260,3,0.31758449,0.0,0.0,91.67,0.0,0.0,10.1880995334,2.529142234150181,6.282737602232947,14.705114033366668,4.121302177013219,10.237882159437273,27.14388293333333,7.261900467273775,18.039560809732127
Sweep Line,Global,200,,280,3,0.2959881,0.0,0.0,95.83,0.0,0.0,12.919949333366667,2.9319314981158326,7.283321602738181,16.29357860003333,4.298153801355831,10.677205948851057,31.60328766666667,7.8628342298274685,19.532363031555775
Sweep Line,Global,200,,300,3,0.29808951,0.0,0.0,98.89,0.0,0.0,14.4660885333,3.4704465343842816,8.621067112677233,16.708551733333334,4.576816191510978,11.369441701081941,33.57421983333333,8.682987641902747,21.569737051912686
Sweep Line,Global,200,,320,3,0.24610783,0.0,0.0,95.83,0.0,0.0,15.422659800033335,3.902534750564828,9.694433745294257,15.9631918667,4.388317516334643,10.901185033461433,33.74646906666667,8.916038468256323,22.14866739841218
Sweep Line,Global,200,,340,3,0.25442767,0.0,0.0,95.58999999999999,1.7404671430534633e-14,4.323560066121465e-14,17.2037591,3.9525142123138863,9.818589611038075,16.009157600033333,4.181164110759799,10.386587446555453,35.65264133333333,8.75375951960168,21.745544142235985
Sweep Line,Global,200,,360,3,0.24967477000000002,3.3993498887762956e-17,8.444453254143486e-17,97.21999999999998,1.7404671430534633e-14,4.323560066121465e-14,19.873598699966667,4.6659736786756705,11.59092117723265,16.955885400033335,4.415643683776711,10.969066996521878,39.329543866666675,9.697103419228842,24.088940298449437
Sweep Line,Global,200,,380,3,0.21857972,0.0,0.0,98.25,0.0,0.0,22.863165000033334,5.592333424540737,13.892126356583512,17.785373266666667,4.918404085526728,12.217993070483839,43.15575483333333,11.153966749393026,27.707989437776458
Sweep Line,Global,200,,400,3,0.2374072,0.0,0.0,96.67,0.0,0.0,24.775246533366666,6.469397329957288,16.07087387964379,18.009697166666665,5.234740086200718,13.003815259342378,45.46907033333333,12.435871211702546,30.89241665546057
Sweep Line,Global,200,,420,3,0.21004294,0.0,0.0,100.0,0.0,0.0,27.839162799999997,7.349580659288758,18.25737048129006,17.994102333366666,5.0797268252922185,12.61874097209818,48.52242076666667,13.155259599393759,32.67947647871957
Sweep Line,Global,200,,440,3,0.22302034,0.0,0.0,100.0,0.0,0.0,30.8451411333,8.093918229857694,20.106407510612975,19.290694366633332,5.600763750187581,13.913068446445175,53.04229323333334,14.511852962708382,36.049441212039646
Sweep Line,Global,200,,460,3,0.21297354,0.0,0.0,99.64,0.0,0.0,33.94531523326666,8.808535758087354,21.88161586196608,19.668060800033334,5.704643952130939,14.171121173596912,56.86306103333334,14.988905065564106,37.234504331213344
Sweep Line,Global,200,,480,3,0.19534915,0.0,0.0,100.0,0.0,0.0,38.2991793333,5.155536757657382,12.807063284011726,20.616610566733335,3.24630322814756,8.064264272818189,61.92562986666667,8.835693453096965,21.949079316303667
Sweep Line,Global,200,,500,3,0.19736158,0.0,0.0,100.0,0.0,0.0,39.97921209996667,6.682638232423185,16.600593647147,19.983106933366667,3.7557578097910373,9.329819611502739,63.1380307,11.02967840204884,27.39924006700764
Sweep Line,Global,200,,520,3,0.18949507,0.0,0.0,99.68,0.0,0.0,42.566791799966666,9.680638830517898,24.04803999272412,20.124588799966666,4.929910543506179,12.246576696679266,65.85519623333333,15.400425700638012,38.25677825996389
Sweep Line,Global,200,,540,3,0.18559255,0.0,0.0,100.0,0.0,0.0,45.15723896673333,10.737567819422575,26.673597152704378,19.408938400033335,5.173903084599675,12.852687769395411,67.657998,16.72427103847134,41.54539238820051
Sweep Line,Global,200,,560,3,0.18487908,0.0,0.0,99.7,0.0,0.0,47.57446586663334,11.178708984703768,27.769452557584874,20.19171970003333,5.3536097104999385,13.299103775845666,71.05875580000001,17.364295221977756,43.13530059888101
Sweep Line,Global,200,,580,3,0.17364318,0.0,0.0,100.0,0.0,0.0,52.062005499966666,12.980645924594521,32.245712064163484,20.125045333333333,5.475984746274245,13.603100217189413,75.45615123333334,19.342715019829217,48.04996782839729
Sweep Line,Global,200,,600,3,0.16664026,0.0,0.0,100.0,0.0,0.0,55.84603233323333,14.253627781057697,35.40797430017761,20.37831353336667,5.784032838644375,14.368334100478805,79.53331716666666,20.924890700609335,51.980310103637436
Sweep Line,Global,200,,620,3,0.16352811,0.0,0.0,100.0,0.0,0.0,58.62698196673333,14.126972159987044,35.093344295470835,20.000824233299998,5.265435624450295,13.080067203490627,82.01740110000001,20.251219806137314,50.306818829370904
Sweep Line,Global,200,,640,3,0.15319987,0.0,0.0,100.0,0.0,0.0,65.04335590003333,16.97380370609761,42.16526589816459,20.397528966666666,5.752509664013061,14.290026193583065,88.98452163333333,23.689879847019508,58.8489239148153
Sweep Line,Global,200,,660,3,0.15431642,0.0,0.0,100.0,0.0,0.0,67.06530283326667,13.888584912782454,34.50115754468956,20.379032900000002,4.780134113134136,11.874511417660727,91.0365673,19.464935491157004,48.353580310370546
Sweep Line,Global,200,,680,3,0.16547761,0.0,0.0,100.0,0.0,0.0,72.7523127667,18.754382155232097,46.58846797238948,21.177720699933335,5.907561733118791,14.675196885733527,97.8277935,25.723272086635365,63.90015026002551
Sweep Line,Global,200,,700,3,0.14450458,0.0,0.0,100.0,0.0,0.0,74.7320862001,17.79699211517162,44.21017926902109,20.3924191,5.369001761526927,13.337339750262991,98.9027161,24.10375812910871,59.87705456342753
Sweep Line,Global,200,,720,3,0.15265335,0.0,0.0,100.0,0.0,0.0,80.93052460003334,20.502457073698487,50.930926800316726,21.332674966633334,5.87760518616958,14.600780697743174,106.27661426666667,27.451039029905523,68.19216128091851
Sweep Line,Global,200,,740,3,0.15471257,0.0,0.0,100.0,0.0,0.0,83.4024215999,20.52827909635969,50.995072260603095,21.633445766633333,5.8080475889458185,14.427990047340888,109.24328736666666,27.4062503428949,68.08090001445564
Sweep Line,Global,200,,760,3,0.14043907,0.0,0.0,100.0,0.0,0.0,90.1265696333,23.227885266828338,57.70126575553815,21.6821259,5.999038166643653,14.902436943989061,116.03800296666667,30.365751361989023,75.43270810395087
Sweep Line,Global,200,,780,3,0.14174597,0.0,0.0,100.0,0.0,0.0,94.97689566676667,23.649739372378463,58.74920944799192,21.630395900033335,5.854748566731699,14.544001707434406,121.02289473333333,30.673194836798086,76.19644003395564
Sweep Line,Global,200,,800,3,0.1456199,0.0,0.0,100.0,0.0,0.0,100.26666319993335,25.706059731947935,63.857392400638446,22.571112333299997,6.3145645620184165,15.686247961792153,127.41394080000002,33.27573313922767,82.66150357729565
Sweep Line,Global,200,,820,3,0.1382,0.0,0.0,100.0,0.0,0.0,104.58693040006666,26.994883531490245,67.05900820488284,21.96294519996667,6.109580342232155,15.177038931107385,131.13288406666666,34.30010580973973,85.20618635900107
Sweep Line,Global,200,,840,3,0.14196363,0.0,0.0,100.0,0.0,0.0,109.36268330013333,28.506041879469887,70.8129336455254,22.448741666633335,6.360870519638573,15.801278337395098,136.61953056666667,36.19096626653458,89.9033441273826
Sweep Line,Global,200,,860,3,0.13615387,0.0,0.0,100.0,0.0,0.0,113.51626013346667,28.417049914146244,70.59186534842216,21.760422133366664,5.984367264636086,14.86599240304667,140.07827216666666,35.68003203719932,88.63411314006679
Sweep Line,Global,200,,880,3,0.1285098,0.0,0.0,100.0,0.0,0.0,120.7347508333,30.850223057451885,76.6362025129258,22.5619919666,6.328811498898433,15.72163931497273,149.25800086666666,36.789395438940275,91.38992460236713
Sweep Line,Global,200,,900,3,0.13220765,0.0,0.0,100.0,0.0,0.0,125.28225950003332,32.11507256130988,79.77826286514815,22.761773899999998,6.137168451271257,15.245571593167298,153.8061759,38.5368936209514,95.73095073751612
Sweep Line,Global,200,,920,3,0.13030381,0.0,0.0,100.0,0.0,0.0,133.95757669993336,29.825369124256703,74.09032420844,23.049837866666667,5.732055672992522,14.239215663133143,162.36375180000002,36.850420261354614,91.54151866507945
Sweep Line,Global,200,,940,3,0.13133488,0.0,0.0,100.0,0.0,0.0,139.3228870001333,30.961551217544933,76.91275699379271,23.4771819333,5.663609925385314,14.069187000293132,168.82617566666667,37.04131552423628,92.01572878659829
Sweep Line,Global,200,,960,3,0.12419905000000002,1.6996749443881478e-17,4.222226627071743e-17,100.0,0.0,0.0,141.63859783313333,33.37946261839967,82.91918188832705,23.043510533366668,5.964520633950373,14.816690639309108,170.1379941,40.66422168824579,101.01552661474705
Sweep Line,Global,200,,980,3,0.12548109,0.0,0.0,100.0,0.0,0.0,149.5416418666,34.54701760776923,85.81954926796222,23.35440559993333,5.9149830801958805,14.693632533879713,178.6280407,41.860886260479454,103.98820620694825
Sweep Line,Global,200,,1000,3,0.11771449,0.0,0.0,100.0,0.0,0.0,158.37367466686666,35.070974754113735,87.12113097453769,23.822554666666665,5.754471816766933,14.294900451235174,188.14222069999997,42.22689190939973,104.89741464214478
Sweep Line,Global,400,,60,3,0.60799571,0.0,0.0,16.67,0.0,0.0,0.07877536666666667,0.015936740019318052,0.03958905688434866,1.057299,0.2540337018838052,0.6310546989051014,1.8230540333333334,0.40912122224905834,1.016313456866274
Sweep Line,Global,400,,80,3,0.6401748,0.0,0.0,25.0,0.0,0.0,0.2384879,0.047227133324710714,0.11731870290977463,2.6246980333333334,0.6638784964404582,1.6491656090278495,4.518643466666666,0.15598446572788352,0.38748689376186235
Sweep Line,Global,400,,100,3,0.59815891,0.0,0.0,35.0,0.0,0.0,0.5679466999999999,0.10989774224723636,0.2730011259525773,5.4418736999999995,1.4820112599219044,3.6815200600106235,8.231289366666667,2.1384953489937395,5.312316942838031
Sweep Line,Global,400,,120,3,0.45120458,0.0,0.0,36.11,0.0,0.0,0.6863716333333333,0.180800458114639,0.44913323630431073,5.760169266666666,1.8939374758489844,4.704801507453692,9.0977276,2.8803647314512566,7.155222652993678
Sweep Line,Global,400,,140,3,0.58686634,0.0,0.0,25.0,0.0,0.0,0.7228560332999999,0.19715822438858163,0.4897681803854093,4.637513599999999,1.5042717208056395,3.7368181103728526,6.870221933333333,2.1394296550206486,5.3146378876737925
Sweep Line,Global,400,,160,3,0.45830376,0.0,0.0,36.46,0.0,0.0,1.1272463666666666,0.27963741748918963,0.6946578544013673,6.544917099999999,1.9581195702401912,4.8642386685500085,10.567793833333333,3.0280350242007383,7.522055996117877
Sweep Line,Global,400,,180,3,0.58314991,0.0,0.0,35.19,0.0,0.0,1.3394447333,0.35866780138278703,0.8909802114055584,6.6102848666666665,1.931547218359614,4.798229287153567,10.740977366666668,3.064488088273448,7.612610427289747
Sweep Line,Global,400,,200,3,0.6089359,0.0,0.0,36.67,0.0,0.0,1.5673849666333333,0.3832377537830887,0.9520153567390585,6.931611066666666,1.9514658368268205,4.847709878453921,11.5765053,3.1249937460665116,7.762914813587756
Sweep Line,Global,400,,220,3,0.51502205,0.0,0.0,42.42,0.0,0.0,2.3392123333333337,0.6157735920811263,1.52966640198869,9.651959733333333,2.7238564853964613,6.766434616769062,15.533673366666667,4.2518576408280415,10.562199910574728
Sweep Line,Global,400,,240,3,0.51727974,0.0,0.0,45.830000000000005,8.702335715267317e-15,2.1617800330607325e-14,3.2025710666666662,0.8627712737860849,2.1432426578268826,11.792485933333333,3.550808743761598,8.820697907591,19.066389233333336,5.521593606812158,13.716398907641606
Sweep Line,Global,400,,260,3,0.59323987,0.0,0.0,51.919999999999995,8.702335715267317e-15,2.1617800330607325e-14,4.3955261666666665,1.1217085650706309,2.786478548085303,14.907538066666667,4.6918764295448065,11.655267177504745,24.24116856666667,7.23382916228039,17.969827822380015
Sweep Line,Global,400,,280,3,0.55500454,0.0,0.0,56.54999999999999,8.702335715267317e-15,2.1617800330607325e-14,5.630025500066666,1.3002800748848093,3.230074769858898,17.8555368,5.051624906131929,12.548931934939546,28.979557233333328,7.770065450540448,19.301912608455847
Sweep Line,Global,400,,300,3,0.5517513,0.0,0.0,60.56,0.0,0.0,6.267742733266666,1.2758114476242748,3.169291330126242,17.63882673333333,4.34290147054075,10.788365321386243,29.9939368,6.986327079392003,17.354998564540217
Sweep Line,Global,400,,320,3,0.53410246,0.0,0.0,59.38,0.0,0.0,7.1328908666999995,1.5905518415222741,3.9511498120194157,18.598513233333335,4.972470174298345,12.352300680528257,31.633016966666663,7.971916789631111,19.803339132058266
Sweep Line,Global,400,,340,3,0.519929,0.0,0.0,63.24,0.0,0.0,8.407753500033332,1.90833570494412,4.740568691331339,19.67949366666667,5.12288576288669,12.725953716575686,34.53608043333333,8.576587586696677,21.30542466224297
Sweep Line,Global,400,,360,3,0.53149684,0.0,0.0,63.43,0.0,0.0,9.847839433333334,2.2892870196240924,5.686904218468726,21.042702833333333,5.442149502783744,13.519048812848405,37.52839663333333,9.390463752732876,23.327205138988262
Sweep Line,Global,400,,380,3,0.48334239,0.0,0.0,68.42,0.0,0.0,11.2248991667,2.29812590760365,5.708861233428682,22.656272966666666,5.626703671057774,13.97750678211864,40.9731301,9.563681411593501,23.75750165770505
Sweep Line,Global,400,,400,3,0.47700428,0.0,0.0,71.67,0.0,0.0,13.806614766766666,3.130221669335275,7.775901694933828,25.89375556666667,6.598694680804838,16.392066304913605,47.4897643,11.515595972820043,28.606326229362494
Sweep Line,Global,400,,420,3,0.51059124,0.0,0.0,70.24,0.0,0.0,15.441196399966666,4.076565321168461,10.12674964872817,26.393154199999998,7.733957425081993,19.212215300717656,49.741607466666665,14.000248772565685,34.77854594981669
Sweep Line,Global,400,,440,3,0.47064606,0.0,0.0,72.73,0.0,0.0,17.401993799966665,4.090444054315622,10.161226333130353,28.84517393333333,7.530396689400249,18.706542400579,54.5232024,13.796540050047588,34.272505429997
Sweep Line,Global,400,,460,3,0.48921018999999993,6.798699777552591e-17,1.6888906508286973e-16,75.0,0.0,0.0,17.896668033233336,4.0383668867130815,10.031859477167739,28.132846966666666,7.045947351801332,17.503103531617057,55.011271900000004,12.725305270798996,31.611410716727033
Sweep Line,Global,400,,480,3,0.45745408,0.0,0.0,76.39,0.0,0.0,22.028098700100003,4.563740505126244,11.336959895426604,31.785090866666664,7.405560053917944,18.396431006569372,63.6880242,14.103039232231355,35.03389160708033
Sweep Line,Global,400,,500,3,0.47677859000000006,6.798699777552591e-17,1.6888906508286973e-16,77.0,0.0,0.0,23.79096723336667,2.9309592358097727,7.280906369277985,32.1726492,4.880882307455794,12.124783806565906,65.94334943333332,9.266237236269143,23.018609364641332
Sweep Line,Global,400,,520,3,0.45131116,0.0,0.0,80.45,0.0,0.0,27.223104333333335,5.337561434312184,13.259237647759079,34.9542574333,8.100688377500017,20.12322548968539,71.75542626666667,15.578699686162958,38.69963539043044
Sweep Line,Global,400,,540,3,0.43372031,0.0,0.0,82.72,0.0,0.0,30.01614676666667,7.272591254929762,18.06611819851668,35.3298302667,9.157266779119993,22.747911742570455,75.48313133333333,18.998472430862105,47.19482183115352
Sweep Line,Global,400,,560,3,0.43200586,0.0,0.0,79.46,0.0,0.0,29.78860450006667,6.679736506251907,16.59338535973576,33.502648933366665,8.093459603222344,20.105268218892487,73.09866283333334,17.043883103258537,42.33935277146878
Sweep Line,Global,400,,580,3,0.4202937199999999,6.798699777552591e-17,1.6888906508286973e-16,81.32,0.0,0.0,34.238573333333335,8.320422337469395,20.669074906197554,36.345840133366664,9.602400158438922,23.853684356895467,80.82176633333334,20.555039698064455,51.061549280487036
Sweep Line,Global,400,,600,3,0.40442135,0.0,0.0,86.11,0.0,0.0,36.7074213333,8.336179057104326,20.708216767656165,36.94651863333333,9.615805223592984,23.886984384773147,84.25523223333333,20.523919655483137,50.9842428091195
Sweep Line,Global,400,,620,3,0.39321730000000005,6.798699777552591e-17,1.6888906508286973e-16,81.99,0.0,0.0,40.90690523333333,9.706672539620621,24.112711311282936,38.736696800000004,10.104044922329983,25.099839032779347,89.74689866666667,22.19947169125084,55.14654480917009
Sweep Line,Global,400,,640,3,0.40014474,0.0,0.0,87.5,0.0,0.0,45.138621566666664,10.455064352711558,25.971819637347334,40.08619133336666,10.408969764911577,25.857314333485814,96.13433523333333,23.499039900355218,58.37485120639812
Sweep Line,Global,400,,660,3,0.41325837000000004,6.798699777552591e-17,1.6888906508286973e-16,85.86,0.0,0.0,47.924677233333334,10.651235563304029,26.45913593953981,40.66255883333333,10.052442590276017,24.971651733709827,100.22025456666667,23.50302204351561,58.38474339839644
Sweep Line,Global,400,,680,3,0.39790883,0.0,0.0,85.54,0.0,0.0,50.28968896663333,11.57372621607747,28.75072975883149,41.958133366666665,10.874876379024771,27.01469052375831,103.32953206666666,25.12203569550477,62.40659626714133
Sweep Line,Global,400,,700,3,0.38432736000000006,6.798699777552591e-17,1.6888906508286973e-16,88.57,0.0,0.0,57.3049906,13.753981382663971,34.16678383938752,44.589059600000006,11.913834023530105,29.595604389385304,113.83382723333334,28.672705449810188,71.22694890578269
Sweep Line,Global,400,,720,3,0.37956048000000003,6.798699777552591e-17,1.6888906508286973e-16,92.58999999999999,1.7404671430534633e-14,4.323560066121465e-14,61.733054799799994,14.446815765632621,35.88787985811721,45.20823940006667,11.666422362960635,28.98099975303791,119.25719350000001,29.078089220712755,72.23397801881332
Sweep Line,Global,400,,740,3,0.36529687000000005,6.798699777552591e-17,1.6888906508286973e-16,89.86,0.0,0.0,63.28904773333333,16.177069984693,40.186069614600214,45.72980476666667,12.743560244484412,31.65675858528598,121.9674702,32.40361804137178,80.495049573725
Sweep Line,Global,400,,760,3,0.36710638,0.0,0.0,91.45,0.0,0.0,69.40351299996667,16.916249185117906,42.02229254211718,47.33652553333334,12.688138004690643,31.519082109344613,129.77605266666666,32.87892166157856,81.67576922121214
Sweep Line,Global,400,,780,3,0.33648156999999995,6.798699777552591e-17,1.6888906508286973e-16,86.11,0.0,0.0,71.48085353333333,18.400504581596387,45.70938734637831,44.9440727,12.49083084888337,31.02894396280557,128.18566076666667,33.99854441246496,84.45706631962268
Sweep Line,Global,400,,800,3,0.36461232,0.0,0.0,91.25,0.0,0.0,76.5021654999,18.932626604107465,47.03125172975094,48.9919592667,13.632851752598027,33.86588115733034,138.70135146666667,36.0896494166187,89.65165911967081
Sweep Line,Global,400,,820,3,0.33548127,0.0,0.0,91.06,0.0,0.0,81.18752516676666,20.202848789184568,50.186658562002876,48.338288466666675,13.07161123731112,32.471682427943946,142.48459979999998,36.62383517087553,90.9786500969
Sweep Line,Global,400,,840,3,0.34419102,0.0,0.0,91.27,0.0,0.0,86.88088069996667,22.022430505110023,54.70675012214468,50.11051206666667,13.757801319985061,34.17627308974336,151.25521030000002,38.250087086641145,95.01848380965957
Sweep Line,Global,400,,860,3,0.31569105,0.0,0.0,94.96,0.0,0.0,95.5996328,24.10518448538295,59.88059782883876,51.8937176,14.266854462416022,35.440831198141126,161.44904033333333,41.365809323819796,102.75836691837418
Sweep Line,Global,400,,880,3,0.30996392,0.0,0.0,91.29,0.0,0.0,95.48805449996667,23.162538581416285,57.53893558996819,50.179709066700006,13.303041882857858,33.04658802220132,159.4794725,38.960582211228775,96.78345154266246
Sweep Line,Global,400,,900,3,0.32782923,0.0,0.0,93.52,0.0,0.0,101.10188106673333,19.306851017134875,47.96087670680996,52.354713366666665,11.993869151098465,29.794422668042614,168.33502296666666,34.50038222482399,85.70370055448602
Sweep Line,Global,400,,920,3,0.31464695,0.0,0.0,91.49,0.0,0.0,105.75019223329998,23.286326700146837,57.84644232397338,51.96293803333333,13.107395846006481,32.56057632390432,172.45012756666665,39.01296330266068,96.9135733872711
Sweep Line,Global,400,,940,3,0.32982952,0.0,0.0,94.15000000000002,1.7404671430534633e-14,4.323560066121465e-14,112.74700863336666,25.45017974928149,63.2217512860147,53.40794246666667,13.417562617296198,33.33107329739695,181.16185563333332,42.41090488803246,105.35452822181784
Sweep Line,Global,400,,960,3,0.32359955,0.0,0.0,95.66000000000001,1.7404671430534633e-14,4.323560066121465e-14,121.56097743326666,29.00847701305832,72.06105170858075,56.78611423343333,15.244787576030076,37.87015172523921,194.24427790000001,48.274851141306335,119.92137824925253
Sweep Line,Global,400,,980,3,0.31336831,0.0,0.0,95.07,0.0,0.0,125.43494373336667,18.61839821145828,46.25066512946841,54.6443131666,9.718469721362537,24.142017135340403,195.04824273333335,30.725640849078648,76.3267231508927
Sweep Line,Global,400,,1000,3,0.2998442,0.0,0.0,95.0,0.0,0.0,129.51602093336666,26.89809678498863,66.81857659790057,54.176131633299995,12.481979892442059,31.006956968124648,198.6989860333333,42.5623567280984,105.73075544923962
Sweep Line,Local,200,6,60,3,0.51141933,0.0,0.0,41.67,0.0,0.0,0.2089152,0.05429847353250365,0.1348848857925695,3.0586366333333337,0.9905013037492949,2.460541642181492,4.191588333333333,1.2821763038866236,3.1851025095974133
Sweep Line,Local,200,6,80,3,0.6857388700000001,1.3597399555105182e-16,3.3777813016573946e-16,66.67,0.0,0.0,0.46592503333333335,0.09272276090482494,0.2303361071012848,5.365962333333333,1.4160205106531836,3.5175899511255335,7.3220152,1.8964742315877143,4.711103158049771
Sweep Line,Local,200,6,100,3,0.5229433,0.0,0.0,80.0,0.0,0.0,0.7337001332666667,0.13293503235968573,0.3302289270974458,7.5356476,1.9755936578962716,4.907646708674909,10.109517033333333,2.5666911370320395,6.376014247916624
Sweep Line,Local,200,6,120,3,0.48180862,0.0,0.0,81.94,0.0,0.0,0.8517495000333333,0.1051514076721371,0.26121057724198876,8.397136633333334,1.7200003100740724,4.272717634477265,11.3478047,2.2556652576015424,5.603383131493014
Sweep Line,Local,200,6,140,3,0.45588599,0.0,0.0,72.62,0.0,0.0,0.9904558667000001,0.13757934083970055,0.34176602893765246,8.577323833333333,1.8426569656973084,4.577413658308118,12.218019566666667,0.7238778721110443,1.7982123208126277
Sweep Line,Local,200,6,160,3,0.46350131,0.0,0.0,83.33,0.0,0.0,1.3182190999666668,0.12932388415829865,0.3212583376676608,13.2914209,2.583704894840135,6.4182787653063,17.032259066666665,3.067514505148043,7.620128463579405
Sweep Line,Local,200,6,180,3,0.43251775,0.0,0.0,81.48,0.0,0.0,1.3549620667,0.15836027921897566,0.39338874165116955,11.330315766700002,2.2710333076866958,5.6415594842656125,14.932072233333335,2.834003456398014,7.0400548612690885
Sweep Line,Local,200,6,200,3,0.41823624,0.0,0.0,81.67,0.0,0.0,1.5555473333999998,0.2056161905611521,0.5107789331194001,12.891576533300002,2.3961003082074024,5.952243136754597,17.3134399,1.9165745764765738,4.761035182807373
Sweep Line,Local,200,6,220,3,0.37680196000000005,6.798699777552591e-17,1.6888906508286973e-16,93.94,0.0,0.0,2.0330363665999998,0.2322359229522581,0.5769060142288484,15.856244366666667,2.9364113670668317,7.294450214143058,20.593661166666667,3.094303731663852,7.686676591435949
Sweep Line,Local,200,6,240,3,0.36538031,0.0,0.0,88.19,0.0,0.0,2.1693687666,0.3028599134140146,0.7523457322891932,16.819357200033334,3.223638337032134,8.007961562065645,21.38115946666667,3.877113385864239,9.631283574557365
Sweep Line,Local,200,6,260,3,0.34586296,0.0,0.0,91.67,0.0,0.0,2.6879521332999996,0.26743408753232334,0.6643431022465832,20.5986029667,3.661101122255149,9.094679364325472,25.9307479,4.360971839446387,10.833254606249977
Sweep Line,Local,200,6,280,3,0.30921318,0.0,0.0,95.83,0.0,0.0,3.1157022667333334,0.36450341554108057,0.9054766806073996,21.314734900033333,3.721868534472677,9.245633984660511,26.986825900000003,4.523122008876468,11.236057957097946
Sweep Line,Local,200,6,300,3,0.31454009,0.0,0.0,98.89,0.0,0.0,3.450357000066667,0.3726466731146678,0.9257056538424442,23.032349300000003,3.9024101768546724,9.694124287042968,29.1523727,4.672915465246899,11.608165531041161
Sweep Line,Local,200,6,320,3,0.26342228,0.0,0.0,95.83,0.0,0.0,3.3445920667333335,0.5357190756057836,1.3307999586163533,21.444041366700002,4.743380889421011,11.783211348606555,27.339786933333333,5.800980951069685,14.410435545697501
Sweep Line,Local,200,6,340,3,0.27123716,0.0,0.0,95.58999999999999,1.7404671430534633e-14,4.323560066121465e-14,3.4661798999333335,0.5533332697914358,1.3745560426550256,21.348786199966668,4.645298146773369,11.539560308723644,27.36181053333333,5.73628497548449,14.249721832947838
Sweep Line,Local,200,6,360,3,0.26946293,0.0,0.0,97.21999999999998,1.7404671430534633e-14,4.323560066121465e-14,3.7601286667666667,0.6455082004283164,1.6035312639280712,24.155131933333333,5.501243677464227,13.665846880716954,30.588210299999997,6.713341026460275,16.67686361567064
Sweep Line,Local,200,6,380,3,0.24412603,0.0,0.0,98.25,0.0,0.0,4.147472933266666,0.786085981519138,1.9527458313699637,25.022255300033336,6.004423277710897,14.915814301473164,31.914728166666666,7.434905425964863,18.46932895193647
Sweep Line,Local,200,6,400,3,0.2658679,0.0,0.0,96.67,0.0,0.0,4.386605033433334,0.7871690422432422,1.9554363033588267,27.296589899966666,6.660872985830233,16.546525777279903,34.723848633333326,8.162062602069357,20.275687515467517
Sweep Line,Local,200,6,420,3,0.22918193,0.0,0.0,100.0,0.0,0.0,4.628239400066668,0.8027013472672362,1.9940206880193392,26.192218000033336,5.969024282683429,14.827878322967369,33.6886096,7.427567122074331,18.451099594501713
Sweep Line,Local,200,6,440,3,0.24422263999999996,3.3993498887762956e-17,8.444453254143486e-17,100.0,0.0,0.0,4.794224666600001,0.8750304003978717,2.1736960165563444,28.110818300000002,6.361173100887326,15.802029990885993,35.84988473333333,7.888322775163765,19.595680088243327
Sweep Line,Local,200,6,460,3,0.2408709,0.0,0.0,99.64,0.0,0.0,5.023281366666667,0.6225652449168304,1.5465378029229788,28.019001666666668,5.1202362220506945,12.719371892266167,36.02815056666667,6.225694729327332,15.465483058967289
Sweep Line,Local,200,6,480,3,0.22377978,0.0,0.0,100.0,0.0,0.0,5.816234600066667,0.37212103829175874,0.9243999045562464,32.26088373333334,3.571575335527843,8.872284981342053,41.4519819,4.3182046413447,10.727014996619678
Sweep Line,Local,200,6,500,3,0.23333463,0.0,0.0,100.0,0.0,0.0,6.149943533233333,0.5710740081337999,1.4186264798055872,36.09054693336667,5.3554889679040985,13.303772110033425,46.01001113333333,6.4116284293073225,15.927367974972855
Sweep Line,Local,200,6,520,3,0.22060181,0.0,0.0,99.68,0.0,0.0,6.077137299966666,1.0330208948726372,2.5661661619791913,32.501555000066666,7.623323610152971,18.93738566885767,42.06248213333333,9.389071336211021,23.32374618459586
Sweep Line,Local,200,6,540,3,0.213479,0.0,0.0,100.0,0.0,0.0,6.220739833433334,0.9436698704181723,2.344205912548329,30.893296599966664,6.592397149236649,16.37642236925413,40.428733,8.256022073587623,20.509095782042174
Sweep Line,Local,200,6,560,3,0.22118821,0.0,0.0,99.7,0.0,0.0,6.6097338000666666,0.8633018624965372,2.144560713251946,35.33465446663333,6.54348925741265,16.25492843077193,45.815432433333335,8.08574170465232,20.086095895999225
Sweep Line,Local,200,6,580,3,0.19685836,0.0,0.0,100.0,0.0,0.0,7.116263833400001,1.0220950907575659,2.539024959945746,35.782687066633336,7.030991706494972,17.465951649107968,46.66165506666667,8.773349860060334,21.794209245755354
Sweep Line,Local,200,6,600,3,0.19300061,0.0,0.0,100.0,0.0,0.0,7.102740566633333,0.9235852126307834,2.2943128567110764,34.6219893667,6.47955252454229,16.09610078148256,45.326558500000004,8.02387768882508,19.932417161282462
Sweep Line,Local,200,6,620,3,0.19257844,0.0,0.0,100.0,0.0,0.0,7.126592833433333,1.0240518742012807,2.5438858794920063,35.58589476666667,6.852066698334972,17.021477288762476,46.396081466666665,8.559139664299039,21.262081620223302
Sweep Line,Local,200,6,640,3,0.17396939,0.0,0.0,100.0,0.0,0.0,7.729593466766666,1.3257320435765239,3.293300965124275,33.9141888667,8.073113086997184,20.054724670634826,45.397434499999996,10.203586482065173,25.34711397520398
Sweep Line,Local,200,6,660,3,0.17570457000000003,3.3993498887762956e-17,8.444453254143486e-17,100.0,0.0,0.0,8.0197364,1.156828083204283,2.873720267499608,36.0759641,7.243197462784161,17.993099970956443,48.097285633333335,9.14394634444835,22.714821948465723
Sweep Line,Local,200,6,680,3,0.18481413,0.0,0.0,100.0,0.0,0.0,7.979979866699999,0.8351796593424169,2.0747012878592916,34.927021466666666,5.487999040611798,13.632945378833398,47.049928666666666,6.9479077995748675,17.259559782688182
Sweep Line,Local,200,6,700,3,0.1657751,0.0,0.0,100.0,0.0,0.0,8.437964433333335,1.1523936968982367,2.862704641248289,35.3081997333,6.367574739123888,15.81793254184642,47.914934200000005,8.241831022305576,20.473843256383056
Sweep Line,Local,200,6,720,3,0.17491141,0.0,0.0,100.0,0.0,0.0,8.964294833333334,1.7831988628528899,4.429711542763169,38.90027550006667,9.962818040473694,24.74901200964723,52.3121846,12.825013998442293,31.85910092725639
Sweep Line,Local,200,6,740,3,0.17837194999999997,3.3993498887762956e-17,8.444453254143486e-17,100.0,0.0,0.0,8.896092766766667,1.330839023595987,3.305987406783779,37.763921266733334,7.930363657087818,19.70011542846611,51.28153373333333,10.128604249129818,25.160847782658017
Sweep Line,Local,200,6,760,3,0.17275752,0.0,0.0,100.0,0.0,0.0,8.846485166666668,1.0124985186257434,2.5151857532095527,38.42764756666667,6.46516805467754,16.060367777428,51.71568823333333,8.21527134097892,20.407865350387436
Sweep Line,Local,200,6,780,3,0.16516815,0.0,0.0,100.0,0.0,0.0,9.5452202999,1.426935348660547,3.5447039118372703,42.10794273333334,8.391660730366338,20.84604088451734,56.56986800000001,10.717253328238783,26.623133159059698
Sweep Line,Local,200,6,800,3,0.17763183000000002,3.3993498887762956e-17,8.444453254143486e-17,100.0,0.0,0.0,9.583502266733333,1.8663006627424352,4.636147857783118,41.838223766666665,10.346521283137815,25.70218370487006,56.2810716,13.32564470219963,33.1027365381201
Sweep Line,Local,200,6,820,3,0.16090227,0.0,0.0,100.0,0.0,0.0,9.2446915667,1.771453013695054,4.400533235913658,38.22142300003333,9.582159350972002,23.80340340375062,52.13042656666667,12.471923502292785,30.981975510110765
Sweep Line,Local,200,6,840,3,0.16519355,0.0,0.0,100.0,0.0,0.0,10.055909333366666,1.8918430534059578,4.699598673678634,39.77618006666667,9.496196704499008,23.589860351845193,54.88630713333333,12.538880818494192,31.148306704364266
Sweep Line,Local,200,6,860,3,0.15339803,0.0,0.0,100.0,0.0,0.0,10.227124199866667,2.0091647481931494,4.991041920105958,39.706758666633334,9.98711343219151,24.809365108435205,54.9112144,13.18983580908288,32.76536854513771
Sweep Line,Local,200,6,880,3,0.16513723,0.0,0.0,100.0,0.0,0.0,10.0168627999,1.8907055804819728,4.696773034292067,40.10533856663333,9.63544291124092,23.93576710523096,55.17004686666667,12.692263530763428,31.52933048424283
Sweep Line,Local,200,6,900,3,0.15919531,0.0,0.0,100.0,0.0,0.0,10.720055700033333,2.271082139051691,5.641680788100913,45.8851934,12.099053132024235,30.055714161732347,61.9537881,15.728857602240144,39.07264833247561
Sweep Line,Local,200,6,920,3,0.15525522,0.0,0.0,100.0,0.0,0.0,11.0271843,2.066969502625554,5.134636890509962,43.8927333,10.509572868118187,26.10722629608047,60.4583299,13.8403329889137,34.38129312094268
Sweep Line,Local,200,6,940,3,0.148941,0.0,0.0,100.0,0.0,0.0,10.923139800133335,1.9710850968900109,4.896446822253529,43.3467985,9.793093406892904,24.327392646756184,59.66202746666667,12.907972098818027,32.06518027289492
Sweep Line,Local,200,6,960,3,0.14835532,0.0,0.0,100.0,0.0,0.0,11.546045799966668,2.656536989697638,6.5992037187676,44.954473533400005,12.71949950503692,31.59698839505187,62.258540566666674,16.93424099050241,42.0669866643753
Sweep Line,Local,200,6,980,3,0.15824297,0.0,0.0,100.0,0.0,0.0,11.558961599833333,2.170938251882482,5.392909581382611,45.37414020010001,10.534472222433271,26.1690797211328,62.78303063333334,14.013328830601315,34.81103861525488
Sweep Line,Local,200,6,1000,3,0.14277219,0.0,0.0,100.0,0.0,0.0,12.040711066766667,2.1347321280613767,5.302968583802301,45.969741433266655,10.524455088151921,26.14419578010083,64.07113426666668,13.977816855527806,34.72282197875604
Sweep Line,Local,200,8,60,3,0.51141933,0.0,0.0,41.67,0.0,0.0,0.18999333333333332,0.0048886246903739085,0.012144016951951608,2.2136978666666667,0.07452566751598624,0.18513202116982796,3.1029173333333335,0.07095409474387883,0.17625974255637528
Sweep Line,Local,200,8,80,3,0.68090516,0.0,0.0,66.67,0.0,0.0,0.40876363336666666,0.014870104293148056,0.03693938685226957,3.7081711333333334,0.09527232401838077,0.23666957298015642,5.160042,0.13534347555345988,0.3362118316617086
Sweep Line,Local,200,8,100,3,0.5224988,0.0,0.0,80.0,0.0,0.0,0.6589241999666667,0.027806408674901195,0.06907494841766358,5.1782575,0.1157396132304324,0.2875131379691146,7.1215126,0.17907904033691402,0.4448569974849867
Sweep Line,Local,200,8,120,3,0.47597785,0.0,0.0,81.94,0.0,0.0,0.7447835000333333,0.039086541837944126,0.09709635260154406,5.538435799999999,0.2929702638749025,0.7277784809130907,7.723169866666666,0.3735693310739028,0.9279976632740263
Sweep Line,Local,200,8,140,3,0.45530832000000004,6.798699777552591e-17,1.6888906508286973e-16,72.62,0.0,0.0,0.8391797333666666,0.027841968493537265,0.06916328390416045,5.5948184332999995,0.22667793020716046,0.5630991948491166,7.5976484,0.29458970418765457,0.7318013936659269
Sweep Line,Local,200,8,160,3,0.45236130999999996,6.798699777552591e-17,1.6888906508286973e-16,83.33,0.0,0.0,1.1535454333,0.023058484147745566,0.057280450047211925,8.333599566666667,0.2563206434101694,0.6367357765953107,11.147572666666667,0.3440612704012805,0.8546955769565485
Sweep Line,Local,200,8,180,3,0.40972791,0.0,0.0,81.48,0.0,0.0,1.1696525333333334,0.029169786415456263,0.07246176647833738,6.8398337,0.18258213887149505,0.45355917666271667,9.449489966666667,0.2376119142300178,0.5902607168999721
Sweep Line,Local,200,8,200,3,0.40328728,0.0,0.0,81.67,0.0,0.0,1.4014524667000001,0.03354742222993305,0.08333641669338805,8.018249466666667,0.33079951673493024,0.8217515545500247,10.934878133333333,0.37698570966515843,0.9364844181701809
Sweep Line,Local,200,8,220,3,0.36347865,0.0,0.0,93.94,0.0,0.0,1.8003872333333335,0.007705064273796392,0.019140440733997788,9.819783599966668,0.20918044501730934,0.5196330320282145,13.270003233333334,0.2142715872637416,0.5322801304784622
Sweep Line,Local,200,8,240,3,0.36056172999999997,6.798699777552591e-17,1.6888906508286973e-16,88.19,0.0,0.0,1.9035909000333333,0.061862037281194125,0.1536738197359192,10.107301666666666,0.4022350885065137,0.9992073523482624,13.670456333333334,0.5077915360634744,1.2614241044429044
Sweep Line,Local,200,8,260,3,0.32433488,0.0,0.0,91.67,0.0,0.0,2.2513941667,0.12282599200316317,0.30511667871820214,11.647708299966666,0.640223929155483,1.5904044063801068,15.556903566666668,0.8557219432767718,2.1257311500661054
Sweep Line,Local,200,8,280,3,0.29922564,0.0,0.0,95.83,0.0,0.0,2.5909496,0.07772352761592179,0.19307594604097952,12.248312899966669,0.4176783771769415,1.0375706081279188,16.5043227,0.546842216649565,1.3584313727563286
Sweep Line,Local,200,8,300,3,0.30305559,0.0,0.0,98.89,0.0,0.0,2.9677154666,0.011023838493430811,0.02738473292977642,13.793008833333333,0.07941810706012437,0.1972855147438801,18.563665,0.06876820012389506,0.17082967929696144
Sweep Line,Local,200,8,320,3,0.24801325,0.0,0.0,95.83,0.0,0.0,3.0291096666333335,0.0323190487541865,0.08028496781817222,13.131708033366666,0.14383370815392635,0.3573027386460594,17.943460466666668,0.17486745197458253,0.4343948320077502
Sweep Line,Local,200,8,340,3,0.26351278,0.0,0.0,95.58999999999999,1.7404671430534633e-14,4.323560066121465e-14,3.252863066666667,0.030272559620127006,0.07520120698356775,13.589610966666667,0.146289626221627,0.36340357733500356,18.711465099999998,0.16924566519060447,0.4204295394502507
Sweep Line,Local,200,8,360,3,0.25781155,0.0,0.0,97.21999999999998,1.7404671430534633e-14,4.323560066121465e-14,3.536592633333333,0.07726008935675219,0.1919247015843084,14.8239421333,0.35699841240401176,0.8868332192878023,20.321168200000002,0.4927173185662953,1.2239776722830353
Sweep Line,Local,200,8,380,3,0.22800203,0.0,0.0,98.25,0.0,0.0,3.7554112999333333,0.10961490758006816,0.27229852568967444,14.9969403,0.47310058024932705,1.1752469928483167,20.635667799999997,0.6297412031263236,1.5643638713291255
Sweep Line,Local,200,8,400,3,0.24316474,0.0,0.0,96.67,0.0,0.0,3.836040300066667,0.09817346242755556,0.24387640030939486,15.5648152666,0.41916367910836816,1.0412603026691114,21.383132200000002,0.5793588860078701,1.4392072573698107
Sweep Line,Local,200,8,420,3,0.21703021,0.0,0.0,100.0,0.0,0.0,4.061657900033333,0.02794062071594695,0.06940834961019633,14.9457741333,0.08748791172700486,0.21733202084333672,20.949835166666666,0.09863351464615383,0.24501923337498926
Sweep Line,Local,200,8,440,3,0.2305494,0.0,0.0,100.0,0.0,0.0,4.652133166566666,0.6406345908366209,1.5914245465489925,17.423047233333335,2.144157615413746,5.326382792385948,24.32041386666667,3.09649629395702,7.692123218113769
Sweep Line,Local,200,8,460,3,0.22162040000000002,3.3993498887762956e-17,8.444453254143486e-17,99.64,0.0,0.0,4.555235566866667,0.20209668447387902,0.5020359953212703,16.67628903336667,0.7295120689488374,1.812208441652814,23.34184743333334,1.02410546659171,2.5440190103701346
Sweep Line,Local,200,8,480,3,0.20353344000000004,3.3993498887762956e-17,8.444453254143486e-17,100.0,0.0,0.0,4.949080733233333,0.056529620552906605,0.14042736224641184,17.284424133399998,0.27565987960081384,0.6847771025329371,24.41689583333333,0.35712693531159717,0.8871524878893592
Sweep Line,Local,200,8,500,3,0.20641591,0.0,0.0,100.0,0.0,0.0,5.183051666833333,0.0864317101258482,0.2147082706146924,18.443554533333334,0.3717859272977713,0.9235674426984603,25.994461066666663,0.5153881760544419,1.2802952043270575
Sweep Line,Local,200,8,520,3,0.197273,0.0,0.0,99.68,0.0,0.0,5.378947533333332,0.12960998636738977,0.3219690549546791,18.202048033366665,0.39635618649015253,0.9846033501457346,25.879638966666665,0.5921716921533506,1.4710360323091451
Sweep Line,Local,200,8,540,3,0.19307740000000004,3.3993498887762956e-17,8.444453254143486e-17,100.0,0.0,0.0,5.589819666533334,0.15079095246450064,0.3745854916078174,17.1804010334,0.5018800186569857,1.2467390811197774,25.04946746666667,0.7139986696590139,1.7736710214395226
Sweep Line,Local,200,8,560,3,0.19835881,0.0,0.0,99.7,0.0,0.0,5.7642415334,0.14862605069589402,0.36920757748218674,19.145596200033335,0.5068313483321308,1.2590388658891138,27.468329666666666,0.7197964885660542,1.7880736020324004
Sweep Line,Local,200,8,580,3,0.18147605,0.0,0.0,100.0,0.0,0.0,5.950431466633333,0.21312495965829195,0.5294317496024308,18.31870663336667,0.8336035161686248,2.070785931162157,26.69961603333333,1.1475523637230396,2.8506781029326342
Sweep Line,Local,200,8,600,3,0.17450488,0.0,0.0,100.0,0.0,0.0,6.193612100166667,0.20351594448779511,0.5055616326446186,18.519460033366666,0.7554454790898624,1.8766306037784226,27.1523921,1.024400100140746,2.5447509206804413
Sweep Line,Local,200,8,620,3,0.1741852,0.0,0.0,100.0,0.0,0.0,6.514076100066667,0.1362579502194354,0.33848351266589866,19.97362176673333,0.47364269696804,1.176593685433442,29.116199766666668,0.6675636987188888,1.6583201589831271
Sweep Line,Local,200,8,640,3,0.16471435,0.0,0.0,100.0,0.0,0.0,6.689772200033334,0.2396806182658526,0.5953996626098395,18.404828966633335,0.9272109545695092,2.3033196989941396,27.6938803,1.2797848215168948,3.1791617380557837
Sweep Line,Local,200,8,660,3,0.16187839,0.0,0.0,100.0,0.0,0.0,6.951396,0.1343799619952557,0.3338183312959908,18.962561766666667,0.39535953118376166,0.9821275211135129,28.64705243333333,0.5597489186977436,1.3904933980485341
Sweep Line,Local,200,8,680,3,0.17121632,0.0,0.0,100.0,0.0,0.0,7.1080774335,0.26479950477104963,0.6577984358545758,19.030527000033334,0.7445407089029659,1.8495416529191822,29.016225366666664,1.127390481863592,2.8005932118657255
Sweep Line,Local,200,8,700,3,0.15236959,0.0,0.0,100.0,0.0,0.0,7.342093633499999,0.29397602758520136,0.730276936474954,18.99796,0.8409131027794415,2.088943950919392,29.195630866666665,1.2492478459879208,3.103303685541462
Sweep Line,Local,200,8,720,3,0.16076331,0.0,0.0,100.0,0.0,0.0,7.5845032333999995,0.2197532742380517,0.5458973958153565,20.0416155667,0.8079918352833084,2.0071629888136275,30.596050833333337,1.1029518009566988,2.7398841629994792
Sweep Line,Local,200,8,740,3,0.16233458,0.0,0.0,100.0,0.0,0.0,7.903116999966667,0.1629034120544426,0.40467450925724413,20.285991300033334,0.4537931348330175,1.127284639572101,31.4136804,0.7094557205514942,1.7623857102389706
Sweep Line,Local,200,8,760,3,0.15356587,0.0,0.0,100.0,0.0,0.0,7.873556,0.29498738081365494,0.732789277169656,20.630789000000004,0.8559179146772254,2.126217970012397,31.591967666666665,1.2490463239710936,3.102803077099714
Sweep Line,Local,200,8,780,3,0.14928649,0.0,0.0,100.0,0.0,0.0,8.0035141334,0.23036504780046163,0.5722585027102942,20.927348233300002,0.49795820969419413,1.2369967675770264,32.14194833333334,0.8048435886108315,1.999342310528635
Sweep Line,Local,200,8,800,3,0.15348918,0.0,0.0,100.0,0.0,0.0,8.513485666566668,0.30917932220749966,0.7680440139890562,22.286814366666665,0.6697236954274437,1.663685888264105,34.166383233333335,1.0696597009778956,2.657182001938772
Sweep Line,Local,200,8,820,3,0.14563284,0.0,0.0,100.0,0.0,0.0,8.762255566633334,0.23894277330737365,0.593566754123057,21.35277526666667,0.7252815177586238,1.801699169899714,33.57329586666666,1.0603576854675136,2.6340745144141455
Sweep Line,Local,200,8,840,3,0.15076026,0.0,0.0,100.0,0.0,0.0,8.811187133366667,0.20161979306911654,0.5008513313982902,20.75086683343333,0.8074464071659762,2.0058080702583134,33.0492111,1.1289037436424243,2.8043523625182734
Sweep Line,Local,200,8,860,3,0.14528515,0.0,0.0,100.0,0.0,0.0,8.952150766699999,0.12832069285566886,0.31876627232069815,20.479665333266666,0.38799097208103955,0.9638230055651799,32.9097925,0.5468146060386802,1.3583627841965853
Sweep Line,Local,200,8,880,3,0.13659603,0.0,0.0,100.0,0.0,0.0,9.218230600033333,0.3232967808961473,0.8031137255116031,21.59990793336667,0.8652793109028403,2.149472967411084,34.4388799,1.3161247912167777,3.2694352272311273
Sweep Line,Local,200,8,900,3,0.14149717,0.0,0.0,100.0,0.0,0.0,9.629494866499998,0.2607001491957833,0.6476150720761829,23.741800599966666,0.5114716309373551,1.2705659669019307,37.167818000000004,0.8478389040359553,2.1061485950047856
Sweep Line,Local,200,8,920,3,0.14097016,0.0,0.0,100.0,0.0,0.0,9.777984599966667,0.16034991769661783,0.39833127762622994,22.746843866600003,0.22742711569807303,0.5649602747801887,36.4325132,0.42514734622039035,1.0561245557966459
Sweep Line,Local,200,8,940,3,0.13831232,0.0,0.0,100.0,0.0,0.0,9.803628766633333,0.33379388584153225,0.8291899797706349,22.98960599996667,0.8426185872379207,2.0931806091795044,36.67625233333333,1.2822391853299233,3.185258715762083
Sweep Line,Local,200,8,960,3,0.13271404,0.0,0.0,100.0,0.0,0.0,9.972520866733333,0.20825735834089554,0.5173399576041208,22.361312533366668,0.6568429648026844,1.631688379564243,36.264618766666665,0.9391720996034469,2.33303283044866
Sweep Line,Local,200,8,980,3,0.1332879,0.0,0.0,100.0,0.0,0.0,10.4684098334,0.39505668457852794,0.9813752084405762,23.78312076663333,0.9470639336394014,2.352637232992249,38.41299183333333,1.5240003776520061,3.785826810847093
Sweep Line,Local,200,8,1000,3,0.12611722,0.0,0.0,100.0,0.0,0.0,10.922423566666666,0.032137466882458166,0.07983389344284164,24.03483543333333,0.1540125643706483,0.3825884192365027,39.31201053333333,0.1501208119712356,0.3729207703363268
Sweep Line,Local,200,10,60,3,0.51141933,0.0,0.0,41.67,0.0,0.0,0.22258523333333335,0.011407503147636354,0.028337808765954063,2.2173534,0.04392281439115671,0.10911031963528249,3.1459379,0.07028941536312568,0.1746085874404235
Sweep Line,Local,200,10,80,3,0.6808493700000001,1.3597399555105182e-16,3.3777813016573946e-16,66.67,0.0,0.0,0.5049049666666666,0.06653060690090941,0.16527118958818582,3.7565747999999997,0.11695860736157897,0.29054128726069806,5.3447605,0.20186908763822645,0.5014706134387508
Sweep Line,Local,200,10,100,3,0.52053527,0.0,0.0,80.0,0.0,0.0,0.7669755666666666,0.05651726576766906,0.14039667125848268,5.319199533333333,0.33574914582368354,0.8340471148285731,7.411820366666667,0.4414053966710232,1.0965117920406025
Sweep Line,Local,200,10,120,3,0.47368989,0.0,0.0,81.94,0.0,0.0,0.9397417666666666,0.17970136934551534,0.4464029484443694,6.4043163000000005,1.5070888281765478,3.743816193030976,9.009805499999999,2.0672477665131166,5.135328136326875
Sweep Line,Local,200,10,140,3,0.456917,0.0,0.0,72.62,0.0,0.0,1.1171080333333334,0.25267717284551705,0.6276848939640053,6.672213266666667,1.9693085450268817,4.89203362277345,9.187146666666665,2.6172558800712746,6.501624032985353
Sweep Line,Local,200,10,160,3,0.44918046,0.0,0.0,83.33,0.0,0.0,1.4908510000333333,0.36586223196596385,0.9088521677317979,9.8053977,3.049010416118517,7.574161758199574,13.240112000000002,4.012914789554766,9.968632962773635
Sweep Line,Local,200,10,180,3,0.40809807000000003,6.798699777552591e-17,1.6888906508286973e-16,81.48,0.0,0.0,1.4889864999666667,0.3213914578474977,0.7983806406733855,8.038189499966668,2.3977024765311996,5.956223143508314,11.223819400000002,3.1907878854954403,7.926356516555317
Sweep Line,Local,200,10,200,3,0.40069326999999993,6.798699777552591e-17,1.6888906508286973e-16,81.67,0.0,0.0,1.7173219999666667,0.34110991614667546,0.8473640065519493,8.900390766733333,2.3198379956962585,5.762797050260376,12.336725533333334,3.078773831971239,7.648098181949829
Sweep Line,Local,200,10,220,3,0.35930436000000004,6.798699777552591e-17,1.6888906508286973e-16,93.94,0.0,0.0,2.3188509000666664,0.4642476336068654,1.1532550542336644,11.206297633333334,3.1612127980011344,7.8528879263823965,15.431266200000001,4.117517688154657,10.22848096794402
Sweep Line,Local,200,10,240,3,0.35475184,0.0,0.0,88.19,0.0,0.0,2.4489648666333332,0.6080829138074075,1.5105616980600065,11.310101466666666,3.4516352400526715,8.574337267021244,15.735711099999998,4.663736517105784,11.585363759809615
Sweep Line,Local,200,10,260,3,0.31827973,0.0,0.0,91.67,0.0,0.0,2.9656398999999998,0.6519746167294171,1.6195947325215128,13.710509066666667,3.9639936758666003,9.847106179360036,18.691694666666667,5.212003460442123,12.947334349857497
Sweep Line,Local,200,10,280,3,0.29905579,0.0,0.0,95.83,0.0,0.0,3.4668798333666664,0.8090881222232142,2.009886316543947,14.554217600000001,4.3353600525578795,10.769631400574921,20.0570825,5.705333161598962,14.172833264827723
Sweep Line,Local,200,10,300,3,0.29873224,0.0,0.0,98.89,0.0,0.0,3.812866199966667,0.806069375614246,2.00238733425039,15.3815732,4.239448127896852,10.531372971517905,21.32221783333333,5.5760438708395625,13.851660861926845
Sweep Line,Local,200,10,320,3,0.24724327,0.0,0.0,95.83,0.0,0.0,3.9335516667,0.8331557556347176,2.0696736323340446,14.724271433333334,4.23717008299915,10.525713994278465,20.7649989,5.635818254252333,14.000148661959132
Sweep Line,Local,200,10,340,3,0.25640093,0.0,0.0,95.58999999999999,1.7404671430534633e-14,4.323560066121465e-14,4.206189066666666,0.876490433949547,2.1773229409624815,15.0638499,4.09231587313274,10.165876188843518,21.449041466666667,5.577960538431329,13.856422128172442
Sweep Line,Local,200,10,360,3,0.25449544,0.0,0.0,97.21999999999998,1.7404671430534633e-14,4.323560066121465e-14,4.4675205,0.8429891613365194,2.0941011662728313,16.303714933333335,4.001764085185215,9.940933077536652,23.000549066666668,5.370894731090803,13.342042147343813
Sweep Line,Local,200,10,380,3,0.22486355,0.0,0.0,98.25,0.0,0.0,4.8458494666666665,1.092027428386189,2.7127465171198653,16.5003045334,4.645787206952968,11.540775201559104,23.5776218,6.371372975085008,15.827367883035565
Sweep Line,Local,200,10,400,3,0.23806118,0.0,0.0,96.67,0.0,0.0,4.970501699933334,1.133587967354557,2.8159886192918573,16.641899266699998,5.00339544919339,12.429123322141283,23.90624646666667,6.756454711476475,16.783963946511907
Sweep Line,Local,200,10,420,3,0.21491558,0.0,0.0,100.0,0.0,0.0,5.3018338667,1.2206773509156992,3.0323306412891795,16.6020027,4.92659229707016,12.23833371557067,24.210864166666667,6.793811963101828,16.876764504081795
Sweep Line,Local,200,10,440,3,0.22684059999999998,3.3993498887762956e-17,8.444453254143486e-17,100.0,0.0,0.0,5.593167699833334,1.0372323244349595,2.5766279329753363,17.7487256,4.52903133709402,11.250737542174276,25.806622333333333,6.15112766685067,15.280248207014568
Sweep Line,Local,200,10,460,3,0.21459032,0.0,0.0,99.64,0.0,0.0,6.000014733433333,1.1929961633381958,2.9635667593218686,18.134412133366666,4.985780927174114,12.385366423718741,26.66771506666667,6.865707029888439,17.055361750775223
Sweep Line,Local,200,10,480,3,0.19878782000000003,3.3993498887762956e-17,8.444453254143486e-17,100.0,0.0,0.0,6.6405392334333335,1.3091242401244767,3.2520448942597073,19.3125610333,4.930156141610235,12.247186796191484,28.808915833333334,6.755593071748665,16.781823514770114
Sweep Line,Local,200,10,500,3,0.20221448,0.0,0.0,100.0,0.0,0.0,7.002239799933332,1.9038219428698637,4.729355884740811,20.4548561,6.935506408338439,17.2287530190396,30.3695486,9.817515753774318,24.388061119653752
Sweep Line,Local,200,10,520,3,0.19104151,0.0,0.0,99.68,0.0,0.0,7.157104533399999,1.5737019005765718,3.9092922382754307,19.606262099966667,5.669447410271512,14.083688116640708,29.52901,7.994136351119943,19.85853558269123
Sweep Line,Local,200,10,540,3,0.18886534,0.0,0.0,100.0,0.0,0.0,6.9259617666999995,1.2923560521697686,3.210390406203699,17.6381102333,4.6599844319147214,11.576043063488797,27.138635533333332,6.559770822636467,16.295374080950733
Sweep Line,Local,200,10,560,3,0.18779199,0.0,0.0,99.7,0.0,0.0,7.3497927333333335,1.5333165592404134,3.80896948886037,19.878074566700004,5.634322540560485,13.996433103171231,30.122012933333334,7.898600150233875,19.621210503232792
Sweep Line,Local,200,10,580,3,0.1774028,0.0,0.0,100.0,0.0,0.0,7.914912866599999,1.7242689740275292,4.283321583582836,19.830613066633333,5.453686282593102,13.547707762644992,30.696128400000003,7.936043769165104,19.714225609084263
Sweep Line,Local,200,10,600,3,0.16998093,0.0,0.0,100.0,0.0,0.0,8.224510366666665,1.7299296533606348,4.297383490588329,20.036736566633333,5.609754715507224,13.935403242460739,31.195755833333333,8.156713392194588,20.262399341489537
Sweep Line,Local,200,10,620,3,0.1673585,0.0,0.0,100.0,0.0,0.0,8.423160833233334,1.746075114362496,4.337491039136647,20.535432333366668,5.572816223933425,13.843642942527095,32.00177276666667,8.087900248725823,20.091458016734695
Sweep Line,Local,200,10,640,3,0.15780756,0.0,0.0,100.0,0.0,0.0,8.488507100033333,1.6929295602189378,4.205470163876765,18.659634000033332,4.821210267895552,11.97655024275725,30.14527603333333,7.273187045347595,18.06759822396192
Sweep Line,Local,200,10,660,3,0.15740669,0.0,0.0,100.0,0.0,0.0,8.701298599966668,1.855118266413713,4.6083692453552,19.367892900033333,5.339325314861598,13.2636193699509,31.154499333333334,8.003856144763716,19.88268088863216
Sweep Line,Local,200,10,680,3,0.16827026999999997,3.3993498887762956e-17,8.444453254143486e-17,100.0,0.0,0.0,9.181516333266666,2.237666711752549,5.558672264992862,19.941270533333334,6.0182984285810335,14.950282087005895,32.472022966666664,9.223877892232908,22.91338292067591
Sweep Line,Local,200,10,700,3,0.14655851,0.0,0.0,100.0,0.0,0.0,9.613693033366665,2.2148516313281403,5.501996463313972,20.20307096666667,5.870273225840278,14.582567098588097,33.20927006666667,8.980457142471199,22.30869225637031
Sweep Line,Local,200,10,720,3,0.15551132,0.0,0.0,100.0,0.0,0.0,10.0115850333,2.037993935755014,5.062657592127509,21.239756600066666,5.665826547678663,14.074693395324747,34.806573633333336,8.613042542066173,21.39598379165651
Sweep Line,Local,200,10,740,3,0.15942011,0.0,0.0,100.0,0.0,0.0,9.860073833466666,1.7950134433157516,4.459060587639472,20.514904066666666,4.788225837778759,11.894612376003533,34.043004700000004,7.413796480816869,18.41689142523907
Sweep Line,Local,200,10,760,3,0.14666087,0.0,0.0,100.0,0.0,0.0,10.047760866566668,2.2226111081063675,5.521272072202217,20.9613056333,5.834591149619672,14.493927907414939,34.5824843,9.003894736819442,22.36691446836349
Sweep Line,Local,200,10,780,3,0.14612758,0.0,0.0,100.0,0.0,0.0,10.593216166666666,2.5746991917845787,6.395907358725168,21.7665888667,6.490910438487876,16.124315403841603,36.180233066666666,10.157385470161845,25.232344299213896
Sweep Line,Local,200,10,800,3,0.15076875,0.0,0.0,100.0,0.0,0.0,10.889868166600001,2.49977763385887,6.209791891258829,22.6231679,6.304332529686142,15.660830184407702,37.426193833333336,9.908688619650835,24.614547074065964
Sweep Line,Local,200,10,820,3,0.14128624,0.0,0.0,100.0,0.0,0.0,11.284951433433333,2.2501097836160397,5.5895825690589795,21.5332238334,5.187457046380612,12.886357676999058,36.79504213333333,8.406965613605676,20.884060322146112
Sweep Line,Local,200,10,840,3,0.1442909,0.0,0.0,100.0,0.0,0.0,11.8416540666,2.523575028384525,6.268907896441409,22.31784383333333,6.211042908963636,15.42908591945604,38.40769266666667,9.845399524600218,24.457328246308172
Sweep Line,Local,200,10,860,3,0.14049103,0.0,0.0,100.0,0.0,0.0,11.563179699833334,2.379431229221561,5.910834849025725,20.687717233300003,5.45494584265148,13.550836683286223,36.34689243333333,8.883830634556109,22.068658704103694
Sweep Line,Local,200,10,880,3,0.130802,0.0,0.0,100.0,0.0,0.0,12.044943833366666,2.651000643453605,6.585450672277491,21.890933666766667,5.755928123754519,14.298518118342919,38.1582377,9.52156382124694,23.652875763197102
Sweep Line,Local,200,10,900,3,0.13653664,0.0,0.0,100.0,0.0,0.0,12.338844033266668,2.9393215436721594,7.301679493596206,23.16545903333333,6.8782367045810675,17.086487188195143,39.942287566666664,11.089344593939204,27.547459104399024
Sweep Line,Local,200,10,920,3,0.13498456,0.0,0.0,100.0,0.0,0.0,12.775057866766666,2.7747978789736245,6.892980053643209,22.810034233299998,6.1175414921488604,15.19681552384437,40.167666399999995,10.12668372758646,25.156076942665933
Sweep Line,Local,200,10,940,3,0.13448282,0.0,0.0,100.0,0.0,0.0,12.493561899966666,2.4555949969573314,6.1000361367271445,22.556112400066667,5.411080022285492,13.441867944658206,39.5277185,8.935478446255445,22.196958980875397
Sweep Line,Local,200,10,960,3,0.12616337,0.0,0.0,100.0,0.0,0.0,13.186636733233334,3.2322007629652676,8.029231807230211,22.681970066566667,6.660907722756808,16.546612068589198,40.580859866666664,11.291958957827385,28.050781086675958
Sweep Line,Local,200,10,980,3,0.12894219,0.0,0.0,100.0,0.0,0.0,13.536739033499998,3.163115942800602,7.857615600149675,23.416015000066665,6.843883975749148,17.00115027900224,41.8308073,11.37136055608167,28.248025591272683
Sweep Line,Local,200,10,1000,3,0.12101937,0.0,0.0,100.0,0.0,0.0,14.176432499833334,2.881452119282073,7.157923874111508,23.8747491333,5.942232779221101,14.761324538862109,43.128874966666665,10.098738050945014,25.086656033440537
Sweep Line,Local,200,12,60,3,0.51141933,0.0,0.0,41.67,0.0,0.0,0.34638773333333334,0.04275721708265556,0.1062148154045201,3.227672333333333,0.5880696852363702,1.4608460822328133,4.5619027999999995,0.8399095327859243,2.0864509448521145
Sweep Line,Local,200,12,80,3,0.6808493700000001,1.3597399555105182e-16,3.3777813016573946e-16,66.67,0.0,0.0,0.6852078,0.08787520272926828,0.2182941050274809,5.430333966666666,1.001603508791804,2.4881210484111738,7.671249066666667,1.3555749257134122,3.3674347940678393
Sweep Line,Local,200,12,100,3,0.51868425,0.0,0.0,80.0,0.0,0.0,1.1042161000000001,0.14319828170404145,0.35572425183885664,7.676877466666667,1.3790025108548436,3.425632141812911,10.761787633333334,1.861189698287182,4.623451518236408
Sweep Line,Local,200,12,120,3,0.47368989,0.0,0.0,81.94,0.0,0.0,1.2448797000333334,0.16884273854590526,0.4194286141770843,8.0609388,1.392862331131469,3.460061844040158,11.427351566666667,1.9850107672880628,4.931040105250735
Sweep Line,Local,200,12,140,3,0.45623018,0.0,0.0,72.62,0.0,0.0,1.4586666333333334,0.18370976032722539,0.45636034364547523,8.136320699999999,1.4734371034317446,3.6602206745269683,11.296696966666667,1.915259691488236,4.75776882742123
Sweep Line,Local,200,12,160,3,0.44934976,0.0,0.0,83.33,0.0,0.0,1.9388597666666667,0.23338111599204714,0.5797508314462223,11.831347233333332,1.8453783064791471,4.584173843570808,16.156387400000003,2.4823460682269674,6.166489481697767
Sweep Line,Local,200,12,180,3,0.40868505000000005,6.798699777552591e-17,1.6888906508286973e-16,81.48,0.0,0.0,1.9160579999666665,0.30688938238764274,0.7623554881249109,9.562571166666666,1.7909254636242078,4.4489054831228385,13.501811733333334,2.5070842232339032,6.2279424654696225
Sweep Line,Local,200,12,200,3,0.40096262,0.0,0.0,81.67,0.0,0.0,2.2820849667,0.3437565077714966,0.85393850461477,11.010742633333331,2.264994947297467,5.626559365505589,15.414292833333333,3.0458158357979936,7.566225980752146
Sweep Line,Local,200,12,220,3,0.35955049999999994,6.798699777552591e-17,1.6888906508286973e-16,93.94,0.0,0.0,3.081356566633333,0.5169651481076477,1.2842126200748023,13.731066400033333,3.0078913974265116,7.472016453196598,19.14211693333333,4.014357643253626,9.97221721005951
Sweep Line,Local,200,12,240,3,0.35523741,0.0,0.0,88.19,0.0,0.0,3.1228525332666663,0.5308165924722285,1.3186215153830692,13.329694033300001,2.796080652797369,6.945849394709425,18.7522884,3.803688733023523,9.448886625463567
Sweep Line,Local,200,12,260,3,0.31680176,0.0,0.0,91.67,0.0,0.0,3.800155933333334,0.6854857761311487,1.7028410673558307,15.4581319,3.445011232532743,8.557882320138072,21.550966666666667,4.599188563680017,11.425017754488366
Sweep Line,Local,200,12,280,3,0.2969233,0.0,0.0,95.83,0.0,0.0,4.404022900066667,0.7704836634219618,1.9139875245940436,16.678753633333333,3.563089922419141,8.851206046638946,23.463739133333334,4.828831316113042,11.995481976037386
Sweep Line,Local,200,12,300,3,0.29775567,0.0,0.0,98.89,0.0,0.0,4.870085333333333,0.910672021651353,2.2622347120200392,17.651632466666666,4.191642714654626,10.412617741657085,25.0487578,5.697396338619497,14.153117103552946
Sweep Line,Local,200,12,320,3,0.24619355,0.0,0.0,95.83,0.0,0.0,4.9523976667000005,0.9142612089874268,2.2711507476361166,16.879768666666667,3.72870425096153,9.262614845777303,24.3116876,5.17777395465398,12.862303543674594
Sweep Line,Local,200,12,340,3,0.25579016,0.0,0.0,95.58999999999999,1.7404671430534633e-14,4.323560066121465e-14,5.342553000033334,0.878801444428751,2.1830638092461223,17.188283300033333,3.660724762509214,9.093744434887409,25.0337337,5.040109368412672,12.520325753420057
Sweep Line,Local,200,12,360,3,0.25242856,0.0,0.0,97.21999999999998,1.7404671430534633e-14,4.323560066121465e-14,5.6295926998666665,0.8818985876023857,2.1907575394024383,17.933683266666666,3.6466351752061095,9.058743959724769,26.131166833333335,5.010320453362799,12.44632598615254
Sweep Line,Local,200,12,380,3,0.22117875,0.0,0.0,98.25,0.0,0.0,6.014351599966666,0.946398491802452,2.3509841838301067,18.0975342333,3.57557885403572,8.882230272647162,26.614642533333335,5.001147588587547,12.42353932683955
Sweep Line,Local,200,12,400,3,0.23753024,0.0,0.0,96.67,0.0,0.0,6.448839933466666,1.0149018454762038,2.521155948072444,19.228055800066667,4.082008260993749,10.140270660810955,28.433795533333335,5.65972444721756,14.059534937448431
Sweep Line,Local,200,12,420,3,0.21234993,0.0,0.0,100.0,0.0,0.0,7.2395578332,1.5563342341326347,3.866148563096946,19.887341,4.991593821552393,12.399806453858247,29.996148166666668,7.245402504783437,17.998577598942838
Sweep Line,Local,200,12,440,3,0.22420615,0.0,0.0,100.0,0.0,0.0,7.5501151666999995,1.404185521327438,3.488190207823286,21.318318000033333,4.93121725066826,12.249822737218803,31.94287563333333,6.991818130796824,17.368639092412092
Sweep Line,Local,200,12,460,3,0.21314886,0.0,0.0,99.64,0.0,0.0,7.672763433433334,1.348295750971968,3.3493523215821974,20.216297899966666,4.093464887118908,10.168730497817887,30.838420800000005,6.03553530058325,14.993100850779216
Sweep Line,Local,200,12,480,3,0.19616111,0.0,0.0,100.0,0.0,0.0,8.211483533200001,1.4780926062030983,3.6717855845284464,20.986607500033333,4.624568042682785,11.488063875383718,32.18693446666666,6.750378163682178,16.76886896497884
Sweep Line,Local,200,12,500,3,0.19903276,0.0,0.0,100.0,0.0,0.0,8.394783233233333,1.5194230949023424,3.7744562101513095,20.974086166666666,4.521801915314468,11.232778662897543,32.505982100000004,6.724298805832966,16.70408424864738
Sweep Line,Local,200,12,520,3,0.18989602000000003,3.3993498887762956e-17,8.444453254143486e-17,99.68,0.0,0.0,8.9182310334,1.4970170500525994,3.7187965091688935,21.321690099999998,4.551364022562261,11.306215008350591,33.381619566666664,6.657989257642901,16.539362199339315
Sweep Line,Local,200,12,540,3,0.18665785,0.0,0.0,100.0,0.0,0.0,9.457493966633333,1.8355610905299162,4.559786527206927,20.943520333266665,4.753726409569169,11.808911045354268,33.61972453333333,7.339461431000421,18.23223292468519
Sweep Line,Local,200,12,560,3,0.18575595,0.0,0.0,99.7,0.0,0.0,9.526987299933333,1.7125430888385758,4.254192869981302,22.1527342333,4.732904614398689,11.757186838744937,35.111709499999996,7.167082766897504,17.80402058448599
Sweep Line,Local,200,12,580,3,0.1758833,0.0,0.0,100.0,0.0,0.0,10.215596366666666,1.9536813584104917,4.853213539171115,22.232374799966667,5.0443976243284885,12.530978371658172,35.89076423333333,7.738557367346244,19.223642190768157
Sweep Line,Local,200,12,600,3,0.16984272999999997,3.3993498887762956e-17,8.444453254143486e-17,100.0,0.0,0.0,10.771356599933332,2.3374078668139346,5.806443029694388,22.622448199933334,5.628893192995289,13.982945856134325,36.87388696666667,8.773333345978317,21.794168222501444
Sweep Line,Local,200,12,620,3,0.16531054,0.0,0.0,100.0,0.0,0.0,11.206093333266665,2.564026088176222,6.3693938995502295,23.5227237,6.206691191149206,15.41827565312232,38.52097006666667,9.74301880196064,24.203000432242945
Sweep Line,Local,200,12,640,3,0.15499814,0.0,0.0,100.0,0.0,0.0,11.179935166766667,2.2582784776082647,5.609874729860814,21.707687266700002,5.368993110353662,13.337318259557232,36.46614056666667,8.432724595463563,20.948049180395586
Sweep Line,Local,200,12,660,3,0.1567254,0.0,0.0,100.0,0.0,0.0,11.5819248999,2.029395929914668,5.041298961573657,22.6945234667,4.979710898968992,12.370287637743012,38.04547576666667,7.810318468354252,19.401906648018876
Sweep Line,Local,200,12,680,3,0.16692525,0.0,0.0,100.0,0.0,0.0,11.758259699966667,2.114858002595002,5.253598519243221,22.286097233333333,4.658905914522145,11.57336387776112,37.947346466666666,7.54393380127698,18.740170450700166
Sweep Line,Local,200,12,700,3,0.14535568,0.0,0.0,100.0,0.0,0.0,12.134461566666667,2.2446048964673775,5.575907671294058,22.3955159333,4.98029068983804,12.371727918105742,38.4970765,8.07118067680466,20.04992429760101
Sweep Line,Local,200,12,720,3,0.15301077,0.0,0.0,100.0,0.0,0.0,12.494588033233335,2.107481670956549,5.235274695645764,22.616301000000004,4.80915739794137,11.946609253969248,39.154471433333335,7.739324862449253,19.22554875429713
Sweep Line,Local,200,12,740,3,0.1567553,0.0,0.0,100.0,0.0,0.0,12.497763266600002,2.3600465867588944,5.862680727655417,22.51645556663333,4.9876060598415375,12.389900304606838,39.23955633333333,8.25598843602831,20.509012221712553
Sweep Line,Local,200,12,760,3,0.1426887,0.0,0.0,100.0,0.0,0.0,13.123336233466667,2.2847551030343745,5.675646313561701,23.333765333366667,4.930321905600919,12.247598576771994,40.65939243333333,8.072066283865768,20.0521242674993
Sweep Line,Local,200,12,780,3,0.14397214,0.0,0.0,100.0,0.0,0.0,13.543586700133332,2.452786146408527,6.093058565152189,23.15937426666667,4.610780025097827,11.453812540930645,41.01105786666667,7.837883339369842,19.470381583628235
Sweep Line,Local,200,12,800,3,0.14786363,0.0,0.0,100.0,0.0,0.0,13.587803366633333,2.6083321981975716,6.4794563783152235,23.670710666666665,5.001396531813534,12.42415773609531,41.64723643333333,8.496575425563538,21.106663435373495
Sweep Line,Local,200,12,820,3,0.13981459,0.0,0.0,100.0,0.0,0.0,14.349225899866667,3.142950383159286,7.807521572966132,23.869079866666667,6.121352032443396,15.20628143069217,42.89845663333333,10.38505507052821,25.79790693930311
Sweep Line,Local,200,12,840,3,0.14366374,0.0,0.0,100.0,0.0,0.0,14.8663814333,2.818806694150569,7.002304011073707,24.2450405,5.277153167323407,13.109175193630774,44.02003596666666,9.121979230741044,22.660252612887092
Sweep Line,Local,200,12,860,3,0.13659294,0.0,0.0,100.0,0.0,0.0,15.043329366433333,2.694683046036501,6.693963775873523,23.112820466633334,5.0871604760546925,12.637207184293224,42.955285,8.73660551864016,21.70293124154007
Sweep Line,Local,200,12,880,3,0.12971064,0.0,0.0,100.0,0.0,0.0,15.064142866700001,2.4922348078385106,6.191054472688481,23.436427766633333,4.488995306381463,11.15128252845242,43.354925,7.880921542742784,19.57729440767294
Sweep Line,Local,200,12,900,3,0.13409807,0.0,0.0,100.0,0.0,0.0,15.219517499766667,2.6288157665195544,6.5303403828550755,23.924271066666666,4.783283879229429,11.882335870401237,44.08007586666667,8.397282391344628,20.860005864556186
Sweep Line,Local,200,12,920,3,0.13224951,0.0,0.0,100.0,0.0,0.0,15.675630666666668,2.80398386241451,6.965482055763234,23.6644013667,5.15089999176595,12.79554491900026,44.43896083333334,9.054003130647692,22.49139061914748
Sweep Line,Local,200,12,940,3,0.13304932,0.0,0.0,100.0,0.0,0.0,15.726176800033334,2.853407968016457,7.088258340358561,23.7734065333,5.201565996946466,12.92140625317292,44.60708653333333,9.160730111413383,22.756515136928787
Sweep Line,Local,200,12,960,3,0.12544474,0.0,0.0,100.0,0.0,0.0,15.663128599866667,2.8618623626129036,7.109260220805612,22.43647226666667,4.862992343966062,12.080342673599228,43.09080963333333,8.773907757212298,21.795595139109828
Sweep Line,Local,200,12,980,3,0.1272665,0.0,0.0,100.0,0.0,0.0,15.827480833400001,2.462121690682031,6.116249342741714,22.552710899999997,4.34292566611863,10.788425426533712,43.5167344,7.729966472534701,19.202301224989125
Sweep Line,Local,200,12,1000,3,0.11937584,0.0,0.0,100.0,0.0,0.0,16.575403533433335,3.1004289145375243,7.701892389203805,23.561776666666663,5.4886503441822425,13.634563306594538,45.53711066666667,9.840616835783216,24.445447388654294
Sweep Line,Local,200,14,60,3,0.51141933,0.0,0.0,41.67,0.0,0.0,0.3053527,0.03786673782133865,0.09406619144294986,2.5912237333333334,0.29087053117348155,0.7225624557248955,3.6696973666666666,0.36335750886389223,0.9026300906164495
Sweep Line,Local,200,14,80,3,0.6808493700000001,1.3597399555105182e-16,3.3777813016573946e-16,66.67,0.0,0.0,0.6258821999999999,0.0444332783788232,0.11037838247753529,4.2202675,0.32013879058064804,0.7952688426755291,6.055291166666667,0.4864333662770921,1.2083674694225857
Sweep Line,Local,200,14,100,3,0.51868425,0.0,0.0,80.0,0.0,0.0,1.0262942333666667,0.08609000052352148,0.21385941690508536,6.003303,0.46389639980701497,1.1523825411058144,8.506717833333333,0.708957510577202,1.761148088053461
Sweep Line,Local,200,14,120,3,0.47368989,0.0,0.0,81.94,0.0,0.0,1.1942655999999998,0.11348979325238906,0.2819242753170078,6.531283866666667,0.5290916912042497,1.314336623094237,9.4136784,0.7608967433564889,1.8901722949198665
Sweep Line,Local,200,14,140,3,0.45623018,0.0,0.0,72.62,0.0,0.0,1.3705920667333331,0.13337124466424008,0.3313125385335188,6.440332833333334,0.4677107307683384,1.1618578644919348,9.184977766666666,0.6616812391055475,1.643707319219778
Sweep Line,Local,200,14,160,3,0.44914419,0.0,0.0,83.33,0.0,0.0,1.8647979333333333,0.14995224651942804,0.3725020305405934,9.422972900033335,0.7898451097446478,1.962084023558258,13.205514733333333,1.0866084897335857,2.6992851272552714
Sweep Line,Local,200,14,180,3,0.40868505000000005,6.798699777552591e-17,1.6888906508286973e-16,81.48,0.0,0.0,1.9415844666333335,0.21505668655251864,0.5342304252291816,7.958089466633335,0.724363625496989,1.799418999117263,11.6278017,1.1313611628070004,2.8104569301385744
Sweep Line,Local,200,14,200,3,0.4006118699999999,6.798699777552591e-17,1.6888906508286973e-16,81.67,0.0,0.0,2.3047005333666664,0.2023896777313216,0.502763830921372,8.993303266666667,0.6616328817959721,1.6435871930034227,13.121557966666666,0.9993814767790338,2.4826012148915346
Sweep Line,Local,200,14,220,3,0.35955049999999994,6.798699777552591e-17,1.6888906508286973e-16,93.94,0.0,0.0,2.9844917334,0.21088415615308823,0.5238652851105319,11.214549866666667,0.9606305380723457,2.386338546684525,16.147408166666665,1.3379741359548782,3.3237120084720764
Sweep Line,Local,200,14,240,3,0.35356697,0.0,0.0,88.19,0.0,0.0,3.1217998333333337,0.2578926217799247,0.6406407873456755,11.0745539,0.7016413446950165,1.742973724480103,16.1231611,1.1046478340811434,2.7440973428442903
Sweep Line,Local,200,14,260,3,0.3172518,0.0,0.0,91.67,0.0,0.0,3.6597725999666664,0.3450729565567008,0.8572087446876837,12.597344333366665,1.020806763988867,2.5358245788345632,18.164522866666665,1.5434656261343198,3.8341811686705998
Sweep Line,Local,200,14,280,3,0.2959881,0.0,0.0,95.83,0.0,0.0,4.256153433466666,0.3733478412909155,0.9274474521513403,13.363999166666668,0.9399342897719245,2.3349262157897,19.56790476666667,1.472464875702971,3.6578055269615124
Sweep Line,Local,200,14,300,3,0.2979101,0.0,0.0,98.89,0.0,0.0,4.690662133433334,0.3931765015728294,0.9767045749311285,13.973659466666668,0.9509831096232065,2.362373005852606,20.683648966666663,1.4764534203322244,3.66771362109004
Sweep Line,Local,200,14,320,3,0.24610783,0.0,0.0,95.83,0.0,0.0,4.786025799966667,0.33787047348140586,0.8393167848621002,13.657301933333335,0.8181001125988029,2.0322733416938776,20.457084733333335,1.2934447916879956,3.2130949850992
Sweep Line,Local,200,14,340,3,0.25499472,0.0,0.0,95.58999999999999,1.7404671430534633e-14,4.323560066121465e-14,5.122415400033334,0.4724582713955849,1.1736514092021446,13.867036633333335,1.165860704486476,2.896158542662662,21.09190123333333,1.8084282705056898,4.492384865758611
Sweep Line,Local,200,14,360,3,0.25178071,0.0,0.0,97.21999999999998,1.7404671430534633e-14,4.323560066121465e-14,5.5811745,0.4795466183090376,1.1912598390838216,14.709264266666665,1.2662469496210693,3.1455317999425185,22.4659375,1.9253007243735631,4.782712135876595
Sweep Line,Local,200,14,380,3,0.21945804,0.0,0.0,98.25,0.0,0.0,5.9444028667,0.5014835217427485,1.2457541281825282,14.877758833333331,1.2076874979657708,3.000062057706171,22.967324533333336,1.9111657519458285,4.74759891781431
Sweep Line,Local,200,14,400,3,0.23787249,0.0,0.0,96.67,0.0,0.0,6.022917333266666,0.5895306790116861,1.4644753919667084,14.774818433266667,1.3062538285189267,3.2449143965421143,23.01015786666667,2.0499202680058457,5.092284243834666
Sweep Line,Local,200,14,420,3,0.21127408,0.0,0.0,100.0,0.0,0.0,6.612382233366667,0.7743158918542002,1.923507307762609,15.1093120334,1.823004997362946,4.528595462658606,24.002761966666668,2.858282556344248,7.100367489052884
Sweep Line,Local,200,14,440,3,0.22359723,0.0,0.0,100.0,0.0,0.0,7.154233099966667,0.9847364749235951,2.4462210134937856,16.656504233333333,2.29755555480788,5.707444398539708,26.3447078,3.6733031736085007,9.124990940253046
Sweep Line,Local,200,14,460,3,0.21315162,0.0,0.0,99.64,0.0,0.0,7.2463085334,0.663151322050866,1.6473592077036445,15.708358999966665,1.322943136178539,3.2863729350823614,25.33861136666667,2.2106925216629163,5.491664662147284
Sweep Line,Local,200,14,480,3,0.19596233,0.0,0.0,100.0,0.0,0.0,7.624397200000001,0.5988345211987748,1.487587417207829,16.072255300033333,1.307837105815688,3.2488474753831573,26.048695900000002,2.06753476951261,5.1360410913013
Sweep Line,Local,200,14,500,3,0.19757654,0.0,0.0,100.0,0.0,0.0,7.8389180667,0.68698102242657,1.7065554650666417,16.4009448334,1.3781529138571336,3.4235216258711096,26.7777375,2.2594571515621173,5.612802718279436
Sweep Line,Local,200,14,520,3,0.18960966,0.0,0.0,99.68,0.0,0.0,8.368056833366667,0.4957490766976357,1.2315089769900036,16.462368100000003,0.8751935354662945,2.174101266531922,27.378256500000003,1.519347325579016,3.7742679887178405
Sweep Line,Local,200,14,540,3,0.18626953,0.0,0.0,100.0,0.0,0.0,9.001806366666665,0.472007841226201,1.172532478631868,16.549778333333332,0.7541198902579899,1.873337658570893,28.188373000000002,1.3765574002496337,3.4195581503491086
Sweep Line,Local,200,14,560,3,0.18437762,0.0,0.0,99.7,0.0,0.0,9.138670233366666,0.4584190110699637,1.1387759531821888,17.31983393333333,0.8494787143014974,2.1102221095255342,29.2547313,1.4214300609297532,3.5310280189711696
Sweep Line,Local,200,14,580,3,0.17469693,0.0,0.0,100.0,0.0,0.0,9.758529199933333,0.45824678638841115,1.13834812335585,17.4744186333,0.8351559966619806,2.074642506502459,30.047518633333336,1.4388297068739742,3.5742511356323123
Sweep Line,Local,200,14,600,3,0.1678592,0.0,0.0,100.0,0.0,0.0,9.998339266766667,0.5097938067200891,1.2663980204901322,17.327569566666664,0.6969370973242813,1.7312877261810573,30.12119973333333,1.3301633147605392,3.3043088529834796
Sweep Line,Local,200,14,620,3,0.16447384,0.0,0.0,100.0,0.0,0.0,10.339787933266665,0.5606222305261079,1.392662824895492,17.603579466633335,0.8529576401165424,2.1188642403390694,30.889152366666668,1.5221012966272736,3.781109232055886
Sweep Line,Local,200,14,640,3,0.15415725,0.0,0.0,100.0,0.0,0.0,10.646785133366665,0.47202561158683104,1.1725766226548606,17.12911313336667,0.7321724726099805,1.8188172507159384,30.725670733333335,1.342146505858795,3.3340767498977675
Sweep Line,Local,200,14,660,3,0.15589692,0.0,0.0,100.0,0.0,0.0,11.041278766700001,0.6464071493776179,1.6057643769139696,17.70187986666667,1.0248803157388193,2.5459438423573864,31.833517933333336,1.8737645270353256,4.654689124548473
Sweep Line,Local,200,14,680,3,0.16644466,0.0,0.0,100.0,0.0,0.0,11.329437833199998,0.4556256376292479,1.131836828875105,17.897367433366668,0.8948492899377658,2.2229288674674095,32.50047893333333,1.4868875782074777,3.6936335061583137
Sweep Line,Local,200,14,700,3,0.14471688,0.0,0.0,100.0,0.0,0.0,11.6130081,0.6653535644533276,1.652829881106015,17.78940389996667,0.9681209628809915,2.404945793428712,32.67362396666667,1.8118484803735284,4.50088113807341
Sweep Line,Local,200,14,720,3,0.15257981,0.0,0.0,100.0,0.0,0.0,12.034013633233334,0.6984591872908136,1.7350688072675968,18.25327796666667,0.8562263047322548,2.1269840533780244,33.695389766666665,1.7115257265161528,4.251665601869656
Sweep Line,Local,200,14,740,3,0.15565599,0.0,0.0,100.0,0.0,0.0,12.282849033233333,0.6328347655510057,1.572048706411932,18.53289123333333,0.897229969955113,2.228842804478112,34.44654723333333,1.7225119333763532,4.278956852640171
Sweep Line,Local,200,14,760,3,0.14141227,0.0,0.0,100.0,0.0,0.0,12.862635766666665,0.7633735860172244,1.8963251131794716,19.135610500000002,0.9944155118426826,2.470265074117915,35.650415233333334,1.9572567407148163,4.862095281187213
Sweep Line,Local,200,14,780,3,0.14322086,0.0,0.0,100.0,0.0,0.0,13.115410966666667,0.9157047395132142,2.274736676253288,18.801899700066667,0.9351232767454494,2.3229749968989113,35.5816868,2.085932464564345,5.181743499388598
Sweep Line,Local,200,14,800,3,0.14665914,0.0,0.0,100.0,0.0,0.0,13.386579133433335,0.6831619971804849,1.6970684804307152,19.37961123326667,0.7837068972889893,1.946835858514421,36.57174633333333,1.6539347094624386,4.108601584548469
Sweep Line,Local,200,14,820,3,0.13886914,0.0,0.0,100.0,0.0,0.0,13.722155033333332,0.8307822787222425,2.0637775888277967,18.905426833333333,0.9988533102975353,2.481289176616762,36.52937396666667,2.0136627929949102,5.002215682827155
Sweep Line,Local,200,14,840,3,0.14307905,0.0,0.0,100.0,0.0,0.0,14.102754466566665,0.7364239549714264,1.8293785183808473,18.931127133333334,0.7638344293696646,1.8974699115304776,37.006162999999994,1.6766434286276635,4.165013170212352
Sweep Line,Local,200,14,860,3,0.13657714,0.0,0.0,100.0,0.0,0.0,14.712144166899998,1.0151649010687127,2.5218094143900824,18.926845566666668,1.0470627311652805,2.6010480170559704,37.749501433333336,2.294226298968611,5.699174068557314
Sweep Line,Local,200,14,880,3,0.12912986,0.0,0.0,100.0,0.0,0.0,15.012925466699999,0.9890920158257633,2.4570407769039333,19.455091266666667,0.9755382093534327,2.423371255108251,38.71674396666666,2.2499084118251256,5.5890823337990865
Sweep Line,Local,200,14,900,3,0.13229053,0.0,0.0,100.0,0.0,0.0,15.4148974334,1.0422226914589476,2.5890246918951005,20.11480966666667,1.1849829368680609,2.9436608012546106,39.888062100000006,2.477844052070628,6.1553058535848955
Sweep Line,Local,200,14,920,3,0.13084287,0.0,0.0,100.0,0.0,0.0,15.785079666800002,0.9509188819805017,2.3622134555432255,19.971258733366664,1.131968430000178,2.811965465474256,40.238307633333335,2.356502871130336,5.853877650022796
Sweep Line,Local,200,14,940,3,0.13190476,0.0,0.0,100.0,0.0,0.0,16.160117566733334,0.8685300573585948,2.1575482692731627,20.520680566600003,1.0106879832419855,2.510688133984302,41.288618633333336,2.09753634264438,5.210569130529766
Sweep Line,Local,200,14,960,3,0.12452993,0.0,0.0,100.0,0.0,0.0,16.63547043343333,0.9765589575671401,2.425906934240123,20.1695015333,0.8969120875985038,2.228053140928159,41.535089199999994,2.1247488697018446,5.27816879522524
Sweep Line,Local,200,14,980,3,0.12626045,0.0,0.0,100.0,0.0,0.0,17.0277135334,1.0373048287614124,2.5768080437069427,20.317603866666666,0.9580835525192171,2.380011483820715,42.22412193333333,2.24565368381727,5.578513003501532
Sweep Line,Local,200,14,1000,3,0.11821746,0.0,0.0,100.0,0.0,0.0,17.231646866800002,1.1794252067876572,2.9298546343701504,20.382006399966667,1.1389357534131535,2.829273256314389,42.57515193333333,2.6254353845299323,6.521943048474535
Sweep Line,Local,200,16,60,3,0.51141933,0.0,0.0,41.67,0.0,0.0,0.2847013666666667,0.014076926425300859,0.034969023798624634,2.501076566666667,0.09709156756929685,0.24118882449184564,3.5713865666666664,0.12155887521860881,0.3019689861284988
Sweep Line,Local,200,16,80,3,0.6808493700000001,1.3597399555105182e-16,3.3777813016573946e-16,66.67,0.0,0.0,0.7252545667,0.0318643656470325,0.07915547236479514,3.9810214666666663,0.05563648658590302,0.13820869447733306,5.875476966666667,0.11238274801059694,0.27917422248325824
Sweep Line,Local,200,16,100,3,0.51868425,0.0,0.0,80.0,0.0,0.0,1.0574476333,0.022394096167626137,0.05563001881056363,5.689261866633333,0.11840806872928945,0.2941419489059529,8.1831138,0.14419789185244689,0.358207421105559
Sweep Line,Local,200,16,120,3,0.47368989,0.0,0.0,81.94,0.0,0.0,1.2117875333333334,0.009510566035906247,0.023625555749886548,6.039952799999999,0.055870293949826275,0.13878950416733976,8.858187433333335,0.08211663897386041,0.20398903963715356
Sweep Line,Local,200,16,140,3,0.45623018,0.0,0.0,72.62,0.0,0.0,1.3916773667333333,0.03297176933549653,0.08190641562944005,6.106530266666667,0.11192938691891137,0.2780480110983618,8.818148766666667,0.14027480879453477,0.3484619425350707
Sweep Line,Local,200,16,160,3,0.44914419,0.0,0.0,83.33,0.0,0.0,1.9365557000000002,0.012183876691349104,0.030266427564296147,8.913358733333332,0.11216310537027477,0.2786285999173255,12.6818987,0.1439280777832806,0.35753716580118217
Sweep Line,Local,200,16,180,3,0.40868505000000005,6.798699777552591e-17,1.6888906508286973e-16,81.48,0.0,0.0,1.9685944334,0.028235121116561478,0.07013992916148845,7.391809066633333,0.09449034808097147,0.23472703706435666,10.994824433333335,0.13182813763064186,0.3274792481580902
Sweep Line,Local,200,16,200,3,0.40059965999999997,6.798699777552591e-17,1.6888906508286973e-16,81.67,0.0,0.0,2.3461183,0.034444890800958944,0.08556585221578414,8.5980838,0.09553313627825633,0.23731746655060013,12.647971233333331,0.14552233240768675,0.36149751383580186
Sweep Line,Local,200,16,220,3,0.35955049999999994,6.798699777552591e-17,1.6888906508286973e-16,93.94,0.0,0.0,3.1749102333333337,0.196195956202502,0.4873777736955513,11.124433933333334,0.8179776933602187,2.0319692354466667,16.246047700000002,1.1224815875691996,2.7883988424260293
Sweep Line,Local,200,16,240,3,0.35356697,0.0,0.0,88.19,0.0,0.0,3.302837166733333,0.20789113637367893,0.5164302118044866,10.835122266666668,0.6290311807081529,1.5626000778639593,16.056835833333334,0.9381574787894319,2.3305123726214383
Sweep Line,Local,200,16,260,3,0.31758449,0.0,0.0,91.67,0.0,0.0,3.7580984999666662,0.08298842115447692,0.20615466662845497,11.7653253333,0.038335974294872614,0.09523183946258433,17.348496633333333,0.0780694086883168,0.19393516225669663
Sweep Line,Local,200,16,280,3,0.2959881,0.0,0.0,95.83,0.0,0.0,4.3466009666,0.08912026838785973,0.22138701958359314,12.712159033333334,0.13035264812708391,0.3238139290390102,18.914408766666664,0.24299599901698668,0.6036355249625428
Sweep Line,Local,200,16,300,3,0.29808951,0.0,0.0,98.89,0.0,0.0,4.7520077333,0.04064523459454758,0.10096836005925479,13.217626933333335,0.08952775173901861,0.22239926434311733,19.880679533333332,0.14297248403354826,0.3551633393303592
Sweep Line,Local,200,16,320,3,0.24610783,0.0,0.0,95.83,0.0,0.0,4.861491133366667,0.0806442742250191,0.20033148283910507,12.8556229333,0.11363349468424007,0.28228124946310146,19.645717133333335,0.2031111531348627,0.5045560751794087
Sweep Line,Local,200,16,340,3,0.25447283,0.0,0.0,95.58999999999999,1.7404671430534633e-14,4.323560066121465e-14,5.2282403,0.05290969821085609,0.13143497664291656,13.011314300066667,0.07263666750342054,0.18043948500111665,20.219264666666664,0.05006080550733627,0.12435793484137266
Sweep Line,Local,200,16,360,3,0.25006213,0.0,0.0,97.21999999999998,1.7404671430534633e-14,4.323560066121465e-14,5.8010151999,0.02833410815290155,0.07038582659143522,13.985794633266666,0.10748845385079508,0.26701612178849504,21.876272866666664,0.14584130976284782,0.3622898975129518
Sweep Line,Local,200,16,380,3,0.21916326,0.0,0.0,98.25,0.0,0.0,6.1879437333,0.06030751375532245,0.14981216922149826,14.082618600066667,0.23172823120495337,0.5756448380134243,22.30313273333333,0.3084019434621209,0.7661128981313478
Sweep Line,Local,200,16,400,3,0.23738691999999997,3.3993498887762956e-17,8.444453254143486e-17,96.67,0.0,0.0,6.437846599899999,0.06918620985621274,0.17186807303689045,14.256117300066668,0.06520469404328531,0.16197743945606713,22.840528066666668,0.07731490724474385,0.192060876767147
Sweep Line,Local,200,16,420,3,0.21008543,0.0,0.0,100.0,0.0,0.0,7.0059462667000005,0.05922878623026459,0.14713246149579892,14.521382533266667,0.0920565227831232,0.2286810798581598,23.719027033333333,0.15644565976927274,0.3886325632725119
Sweep Line,Local,200,16,440,3,0.22337181000000003,3.3993498887762956e-17,8.444453254143486e-17,100.0,0.0,0.0,7.388055399933333,0.08883697732983624,0.22068328558295536,15.506722666633332,0.16516522459384125,0.4102931630832742,25.22952653333333,0.15361505973550646,0.38160096298175133
Sweep Line,Local,200,16,460,3,0.21323347,0.0,0.0,99.64,0.0,0.0,7.694285733333333,0.11577821336322551,0.2876090260146645,15.312572600000001,0.1686452050619581,0.4189379138002778,25.32817276666667,0.289046962169563,0.7180324591922824
Sweep Line,Local,200,16,480,3,0.19554623000000002,3.3993498887762956e-17,8.444453254143486e-17,100.0,0.0,0.0,8.132158566633334,0.029779262436062305,0.07397578884553238,15.770525233333332,0.19576065783076374,0.48629643259445277,26.2380446,0.2504067214310946,0.6220447799827418
Sweep Line,Local,200,16,500,3,0.19774611,0.0,0.0,100.0,0.0,0.0,8.266027233266668,0.054242569273384715,0.13474601191424468,15.678892599999998,0.11926160208201955,0.29626224329570644,26.418902533333334,0.1247813476465676,0.3099740514118669
Sweep Line,Local,200,16,520,3,0.18980297,0.0,0.0,99.68,0.0,0.0,8.7722218333,0.08937645677493258,0.2220234268172333,15.912366199966664,0.20638609372577213,0.5126914786050287,27.157299433333332,0.2817222005611441,0.6998367426512281
Sweep Line,Local,200,16,540,3,0.18603677,0.0,0.0,100.0,0.0,0.0,9.208863200133333,0.05228691517165263,0.1298878978089928,15.643464266633332,0.10127550715614474,0.25158230660321956,27.3200846,0.16545372062184027,0.4110098269461167
Sweep Line,Local,200,16,560,3,0.1846683,0.0,0.0,99.7,0.0,0.0,9.410047333166666,0.04171063436712647,0.10361495981240822,16.544309433266665,0.08705402492820433,0.2162541862838057,28.682129899999996,0.11658288465297884,0.2896079403111035
Sweep Line,Local,200,16,580,3,0.17394076,0.0,0.0,100.0,0.0,0.0,9.912851399933333,0.0566142877712667,0.14063768727648915,16.4435767667,0.11465545930540393,0.2848199503186092,29.009811733333333,0.17184629320250935,0.4268898575688579
Sweep Line,Local,200,16,600,3,0.16698508999999997,3.3993498887762956e-17,8.444453254143486e-17,100.0,0.0,0.0,10.2131656667,0.11689413330927231,0.2903811248359338,16.295647266699998,0.14655100066350318,0.3640528674429559,29.170219399999997,0.25581096388708496,0.6354696624711096
Sweep Line,Local,200,16,620,3,0.1641968,0.0,0.0,100.0,0.0,0.0,10.5807333333,0.045945102233588095,0.1141339611286805,16.6195431,0.2723376823583424,0.6765243070770408,30.009234766666665,0.3135307575867532,0.7788535787149045
Sweep Line,Local,200,16,640,3,0.15379979,0.0,0.0,100.0,0.0,0.0,10.877688666633333,0.05977064691489463,0.14847851805700327,16.16247673336667,0.033427194876366015,0.08303775539040824,29.850063066666667,0.049142590661700486,0.12207696271583977
Sweep Line,Local,200,16,660,3,0.15432585,0.0,0.0,100.0,0.0,0.0,11.343661499966666,0.0754211223409996,0.18735645426981243,16.970381166699998,0.0670211113199484,0.16648967011330076,31.2491824,0.09508784844021859,0.23621131023954678
Sweep Line,Local,200,16,680,3,0.16574888,0.0,0.0,100.0,0.0,0.0,11.619933966633333,0.034331818504922916,0.08528496506104685,16.9984681,0.06539047310357968,0.16243894022579794,31.713105733333332,0.11609768727801464,0.2884026432143127
Sweep Line,Local,200,16,700,3,0.14455031,0.0,0.0,100.0,0.0,0.0,12.030568399866667,0.08197606718617674,0.20363983995816043,16.815577099966667,0.09940272622876725,0.2469300608756744,31.978607333333333,0.20751623758506973,0.515498911585613
Sweep Line,Local,200,16,720,3,0.1524992,0.0,0.0,100.0,0.0,0.0,12.413503066533332,0.07058043377658303,0.17533151725610666,17.239249233266666,0.08983285368204746,0.2231571795857236,32.888470633333334,0.1816018836687636,0.451124087746472
Sweep Line,Local,200,16,740,3,0.15498812,0.0,0.0,100.0,0.0,0.0,12.681561766666666,0.05884214295626375,0.14617198635785883,17.662551166700002,0.09604495108021578,0.23858888500157963,33.8169468,0.056299986040050785,0.1398569184931073
Sweep Line,Local,200,16,760,3,0.14071118,0.0,0.0,100.0,0.0,0.0,12.901992166600001,0.06719848564398101,0.16693029236072637,17.561706833333332,0.02890084138565362,0.07179366998741682,33.82828516666667,0.08244459856208504,0.2048037364181925
Sweep Line,Local,200,16,780,3,0.14195444,0.0,0.0,100.0,0.0,0.0,13.352329766566667,0.03638408627577901,0.09038308082524026,17.591965766633333,0.07358319422309596,0.18279078772064172,34.452126533333335,0.04690333369456055,0.1165143400374678
Sweep Line,Local,200,16,800,3,0.14624527,0.0,0.0,100.0,0.0,0.0,13.5606798999,0.09730678855171461,0.24172346305062953,17.98984163333333,0.11383357326215651,0.28277827220381707,35.118933266666666,0.19282715590394262,0.4790092098305441
Sweep Line,Local,200,16,820,3,0.13870961,0.0,0.0,100.0,0.0,0.0,13.979796600133332,0.02893377493124783,0.07187548145000905,17.8524635,0.11195599263299912,0.2781141033560752,35.49968546666667,0.12826213079324422,0.31862079609295124
Sweep Line,Local,200,16,840,3,0.14288067,0.0,0.0,100.0,0.0,0.0,14.406639866766668,0.09064108636574361,0.2251649408751624,18.080531466533333,0.17804337212995572,0.4422842550352207,36.274498300000005,0.30277192481769,0.7521271564988594
Sweep Line,Local,200,16,860,3,0.13616271,0.0,0.0,100.0,0.0,0.0,14.714789433266667,0.20343637291661984,0.5053639659038788,17.6107160667,0.15176393118581039,0.3770025047421536,36.16409833333333,0.38972723305940804,0.9681361169389855
Sweep Line,Local,200,16,880,3,0.12869584,0.0,0.0,100.0,0.0,0.0,15.117944399933334,0.041336640998848345,0.10268590878232402,18.060719199933335,0.03929900035401751,0.09762412881350448,37.118658366666665,0.06606713473326464,0.1641198608981928
Sweep Line,Local,200,16,900,3,0.13204601,0.0,0.0,100.0,0.0,0.0,15.507346233366667,0.09224661059611884,0.2291532841629664,18.4993029667,0.21369512634627927,0.5308481221740439,38.064426133333335,0.3531376529357386,0.877242561096668
Sweep Line,Local,200,16,920,3,0.13081569,0.0,0.0,100.0,0.0,0.0,15.904678466566667,0.10119294717627919,0.25137721624375425,18.3932864666,0.16517349560228184,0.41031370940725564,38.48811153333333,0.26736190867665177,0.6641638000292185
Sweep Line,Local,200,16,940,3,0.13161537,0.0,0.0,100.0,0.0,0.0,16.180719633433334,0.03706331197704338,0.09207037100454114,18.758910066633334,0.04829969857972675,0.11998310270807308,39.23570086666667,0.06330854771405857,0.15726715085263804
Sweep Line,Local,200,16,960,3,0.12429211,0.0,0.0,100.0,0.0,0.0,16.7217996,0.04228889758110618,0.10505144526957319,18.75495773333333,0.12316306704873478,0.30595401955059653,39.8525966,0.180505461848138,0.44840042495387006
Sweep Line,Local,200,16,980,3,0.12591722,0.0,0.0,100.0,0.0,0.0,16.95153820006667,0.011070777676323106,0.027501336324157917,18.76099649996667,0.10372902337374994,0.2576771787657637,40.21584276666666,0.09866976992404285,0.24510929647804333
Sweep Line,Local,200,16,1000,3,0.11826443000000002,1.6996749443881478e-17,4.222226627071743e-17,100.0,0.0,0.0,17.270199500033332,0.048557352044647964,0.12062314939684701,18.89185453333333,0.032482339654555624,0.08069060490176481,40.74938516666666,0.08647349525336227,0.2148120706257404
Sweep Line,Local,200,18,60,3,0.51141933,0.0,0.0,41.67,0.0,0.0,0.2740057,0.005626698759485893,0.013977494581097708,2.3868946,0.07070632901317969,0.17564425836106617,3.407023066666667,0.08607176862969276,0.21381412637006883
Sweep Line,Local,200,18,80,3,0.6808493700000001,1.3597399555105182e-16,3.3777813016573946e-16,66.67,0.0,0.0,0.7253932666333333,0.016467017279652368,0.04090633862442877,4.080719733333333,0.1524845462455893,0.3787926117878056,6.013840399999999,0.17199722053361785,0.4272647818437983
Sweep Line,Local,200,18,100,3,0.51868425,0.0,0.0,80.0,0.0,0.0,1.1550206000333334,0.026318583957747835,0.06537898692930866,5.647087366666667,0.03867606380958843,0.09607666865146075,8.228046966666668,0.04951424350319178,0.12300019955506747
Sweep Line,Local,200,18,120,3,0.47368989,0.0,0.0,81.94,0.0,0.0,1.2885000333333332,0.014100726258009974,0.03502814586059069,6.026740633333333,0.10043244346287349,0.24948802028935693,8.884298233333334,0.09890255453573145,0.24568756551065415
Sweep Line,Local,200,18,140,3,0.45623018,0.0,0.0,72.62,0.0,0.0,1.5031104000333333,0.020741204743886087,0.05152400889142228,6.0484157,0.052054177204812174,0.1293097446486083,8.8648174,0.05544366425156251,0.13772969724493006
Sweep Line,Local,200,18,160,3,0.44914419,0.0,0.0,83.33,0.0,0.0,2.1113412000666667,0.06300457235010376,0.15651203418759488,8.935118933299998,0.15903336014784822,0.3950607673696418,12.884454033333334,0.24001045402095197,0.5962190200477655
Sweep Line,Local,200,18,180,3,0.40868505000000005,6.798699777552591e-17,1.6888906508286973e-16,81.48,0.0,0.0,2.111312600066667,0.030116900857937223,0.07481452918224772,7.455032699966666,0.08849277935531012,0.21982825041412693,11.17474546666667,0.09232570388041134,0.22934976277322358
Sweep Line,Local,200,18,200,3,0.40059965999999997,6.798699777552591e-17,1.6888906508286973e-16,81.67,0.0,0.0,2.5405151667,0.043021546904546216,0.10687144708341893,8.514485299999999,0.02403347242097947,0.0597024551852666,12.7495531,0.03404931058391589,0.08458317648060511
Sweep Line,Local,200,18,220,3,0.35955049999999994,6.798699777552591e-17,1.6888906508286973e-16,93.94,0.0,0.0,3.293311533366667,0.02535696324478371,0.06299018865183423,10.6919675667,0.12492545729139941,0.3103320396152205,15.845185633333335,0.13683078193353754,0.33990650552938634
Sweep Line,Local,200,18,240,3,0.35356697,0.0,0.0,88.19,0.0,0.0,3.418533933366666,0.014796140383640523,0.03675565031535342,10.364539833333332,0.09590612838319205,0.2382440303046561,15.631090166666667,0.11357142337632023,0.28212705578628006
Sweep Line,Local,200,18,260,3,0.31758449,0.0,0.0,91.67,0.0,0.0,4.068753300000001,0.05460799800830193,0.13565378721560975,11.748299566633333,0.13657062196640263,0.3392602323439388,17.652758666666667,0.2101637428752728,0.522075679319065
Sweep Line,Local,200,18,280,3,0.2959881,0.0,0.0,95.83,0.0,0.0,4.6727435000333335,0.04465993997823053,0.11094144110442868,12.542185333333334,0.12793347741898045,0.3178043758518486,19.073212799999997,0.18821490073527516,0.46755173282984197
Sweep Line,Local,200,18,300,3,0.29808951,0.0,0.0,98.89,0.0,0.0,5.174463000066667,0.047610841476817316,0.11827188680072867,13.276976966666666,0.11755648055038334,0.29202648659585145,20.3662795,0.1484245414398499,0.36870700073998075
Sweep Line,Local,200,18,320,3,0.24610783,0.0,0.0,95.83,0.0,0.0,5.2339985666,0.037472299692903714,0.09308635281315243,12.7123086,0.32064442461107917,0.7965249072388675,19.865822500000004,0.3788379402669303,0.9410856140589005
Sweep Line,Local,200,18,340,3,0.25447283,0.0,0.0,95.58999999999999,1.7404671430534633e-14,4.323560066121465e-14,5.6751461667,0.041364763805290784,0.10275576970636793,13.015824166633331,0.07197970329915424,0.1788074954460287,20.69525916666667,0.1276697209350103,0.3171491684232997
Sweep Line,Local,200,18,360,3,0.24980444999999998,3.3993498887762956e-17,8.444453254143486e-17,97.21999999999998,1.7404671430534633e-14,4.323560066121465e-14,6.213942699966666,0.06503239362710522,0.1615494214944839,13.795034800033333,0.19384699423911833,0.4815426286988428,22.09754866666667,0.25269913548709116,0.6277394521901892
Sweep Line,Local,200,18,380,3,0.21867351,0.0,0.0,98.25,0.0,0.0,6.616889466666667,0.07322467904225179,0.1819001866396717,13.949151200033333,0.1250260559642551,0.31058194057221333,22.578985766666666,0.19632233545667518,0.48769171716682574
Sweep Line,Local,200,18,400,3,0.2374072,0.0,0.0,96.67,0.0,0.0,6.853074666666667,0.04712054359515946,0.11705391934291108,14.207058100033334,0.03383118504639121,0.08404132260694425,23.195123733333332,0.06414641830159579,0.15934853677670566
Sweep Line,Local,200,18,420,3,0.21008543,0.0,0.0,100.0,0.0,0.0,7.468916866533333,0.06615107416313298,0.16432837800143157,14.4790269,0.08037408592923462,0.19966029790427328,24.13904236666667,0.15605675564070728,0.38766647186048697
Sweep Line,Local,200,18,440,3,0.22302034,0.0,0.0,100.0,0.0,0.0,7.9605983999,0.09077425473332178,0.22549574943907552,15.484494366566667,0.12736033670893518,0.31638061539988577,25.793954533333334,0.23141958159378667,0.5748781098746081
Sweep Line,Local,200,18,460,3,0.21297354,0.0,0.0,99.64,0.0,0.0,8.225175066633334,0.03876643330629496,0.09630115892622133,15.1489471334,0.15302263626633864,0.38012930150066554,25.679570033333334,0.1888396123848045,0.4691036025974076
Sweep Line,Local,200,18,480,3,0.19549621000000003,3.3993498887762956e-17,8.444453254143486e-17,100.0,0.0,0.0,8.7644879333,0.01896348274773512,0.04710790263977558,15.5506044,0.08990137407269705,0.22332739367216012,26.661327866666667,0.13289998585147944,0.3301418667447454
Sweep Line,Local,200,18,500,3,0.19736158,0.0,0.0,100.0,0.0,0.0,9.134612499966666,0.4003270793798359,0.9944675949223183,15.872489766633334,0.4905903512508861,1.2186939925631668,27.53638643333333,0.9863635650838701,2.450262929521343
Sweep Line,Local,200,18,520,3,0.18972959,0.0,0.0,99.68,0.0,0.0,9.599124633499999,0.19414082791724793,0.48227255201966684,16.115196699966667,0.17617546383716326,0.43764411360300376,28.24263876666667,0.3983282434406615,0.9895022111862132
Sweep Line,Local,200,18,540,3,0.18571901999999998,3.3993498887762956e-17,8.444453254143486e-17,100.0,0.0,0.0,9.938865633233334,0.07259652013242013,0.1803397534027869,15.644316900033333,0.09780086921780887,0.24295082746592103,28.06256163333333,0.18278197003316093,0.45405558478739383
Sweep Line,Local,200,18,560,3,0.18485552000000002,3.3993498887762956e-17,8.444453254143486e-17,99.7,0.0,0.0,10.2878596666,0.05691756841806513,0.14139107816844518,16.3159927,0.10040756885110763,0.2494262283282042,29.298650066666667,0.05524838177596973,0.1372445886828661
Sweep Line,Local,200,18,580,3,0.17369689,0.0,0.0,100.0,0.0,0.0,10.6791879667,0.01634121188518063,0.040593820699679914,16.441689066666665,0.06111796308175966,0.15182543695676362,29.7534746,0.08870178489190539,0.22034744894954783
Sweep Line,Local,200,18,600,3,0.16664731,0.0,0.0,100.0,0.0,0.0,11.054300133300002,0.08959541935546127,0.2225673600209868,16.178309133266666,0.13169869936855694,0.32715770568990166,29.8967148,0.1472944678992042,0.3658997424406115
Sweep Line,Local,200,18,620,3,0.16362397,0.0,0.0,100.0,0.0,0.0,11.440933633233334,0.12344120556895476,0.30664495393776536,16.5376492,0.1895050374364492,0.47075661006254155,30.7829096,0.3263317027156432,0.810652889255627
Sweep Line,Local,200,18,640,3,0.15343834,0.0,0.0,100.0,0.0,0.0,11.8092265333,0.04561289577293535,0.11330871453168592,16.09086013326667,0.2101315860108269,0.5219957972394033,30.7076038,0.23893666190710405,0.5935515725631757
Sweep Line,Local,200,18,660,3,0.15437955,0.0,0.0,100.0,0.0,0.0,12.1625091334,0.024155325496494687,0.06000515500544672,16.697924833333335,0.07514031278457178,0.18665888466087022,31.8171718,0.06369254096728995,0.1582210429740478
Sweep Line,Local,200,18,680,3,0.16551933,0.0,0.0,100.0,0.0,0.0,12.516309699899999,0.06042339814186186,0.15010004199630386,16.814961133266667,0.061120406881643344,0.15183150769221462,32.44788406666667,0.14371536616348055,0.3570087608447094
Sweep Line,Local,200,18,700,3,0.14451572,0.0,0.0,100.0,0.0,0.0,12.868445033366667,0.0761991147045304,0.18928909443951308,16.735820499933332,0.13032353557732185,0.323741609456261,32.7253256,0.0940051643140429,0.23352177377180033
Sweep Line,Local,200,18,720,3,0.1525987,0.0,0.0,100.0,0.0,0.0,13.285015300066668,0.0907019325053619,0.2253160910652026,16.988384666633333,0.17160926747378386,0.4263010530174758,33.478377333333334,0.26226985408478093,0.6515144351872607
Sweep Line,Local,200,18,740,3,0.15480165,0.0,0.0,100.0,0.0,0.0,13.650726400066667,0.09737072682425246,0.241882294524665,17.495577633299998,0.1071075218973656,0.26606983435737014,34.58939,0.19397923047117804,0.4818711217097621
Sweep Line,Local,200,18,760,3,0.14053721,0.0,0.0,100.0,0.0,0.0,13.792982733499999,0.09938055480173563,0.24687498399766183,17.500572699999996,0.2826300528071806,0.7020919726523046,34.6636289,0.41735566497687693,1.0367689465816965
Sweep Line,Local,200,18,780,3,0.1420113,0.0,0.0,100.0,0.0,0.0,14.524940333433333,0.08476319191701762,0.21056344160939422,17.408710400033332,0.04760740154319983,0.11826334153190357,35.4476912,0.16301146853203338,0.4049429364282263
Sweep Line,Local,200,18,800,3,0.14576441,0.0,0.0,100.0,0.0,0.0,14.715131066633333,0.06580139568961482,0.16345972851837778,17.8115913,0.2574833207383164,0.6396240271927577,36.11951506666667,0.32592882269741796,0.8096520798090429
Sweep Line,Local,200,18,820,3,0.13830273,0.0,0.0,100.0,0.0,0.0,15.154954466666666,0.06386945745686652,0.15866052789763546,17.565699266666666,0.17566671708779585,0.4363803166171698,36.378760666666665,0.2367049952773762,0.5880078053282141
Sweep Line,Local,200,18,840,3,0.14255717,0.0,0.0,100.0,0.0,0.0,15.659164266633335,0.053560519201952636,0.13305170561049823,18.0679985,0.05317033453787955,0.13208243317192764,37.56492626666667,0.10905848232000522,0.2709162887173816
Sweep Line,Local,200,18,860,3,0.13615387,0.0,0.0,100.0,0.0,0.0,15.835835099866665,0.1207054465791849,0.2998489518610181,17.4078579333,0.07307289656369176,0.18152313806069778,37.09130436666666,0.2260268708016904,0.5614818736273987
Sweep Line,Local,200,18,880,3,0.1285098,0.0,0.0,100.0,0.0,0.0,16.3451622668,0.108304660904254,0.26904369251058896,17.9653511333,0.09166827158476287,0.22771661041468064,38.244997633333334,0.11352131801953713,0.2820025871799345
Sweep Line,Local,200,18,900,3,0.13212875,0.0,0.0,100.0,0.0,0.0,16.6487889333,0.09261959767372294,0.2300798354284383,18.34922546663333,0.09103388397204265,0.22614070422205507,39.0555088,0.23078758101438368,0.573308133401465
Sweep Line,Local,200,18,920,3,0.13046198,0.0,0.0,100.0,0.0,0.0,16.975603000066666,0.13576386763103457,0.3372561434753329,18.132616566599996,0.09872258308149216,0.24524049163413977,39.26556766666666,0.24162729857005621,0.6002354845662332
Sweep Line,Local,200,18,940,3,0.13143417,0.0,0.0,100.0,0.0,0.0,17.446915833433334,0.1603519734294469,0.39833638434967594,18.611733900066668,0.06970555288600228,0.17315819264252533,40.359060199999995,0.2385757616846083,0.5926550467102949
Sweep Line,Local,200,18,960,3,0.12411761,0.0,0.0,100.0,0.0,0.0,17.835794733433335,0.13774727487313512,0.3421832002031936,18.305738133333335,0.17429018566558246,0.4329608229998402,40.48160933333333,0.34915316364716525,0.8673445409928576
Sweep Line,Local,200,18,980,3,0.12557475,0.0,0.0,100.0,0.0,0.0,18.810390633233332,1.0755898615821848,2.671913337532623,19.321280000033333,1.007923853876337,2.503821655986938,42.78423936666667,2.3251499578266555,5.775992695711884
Sweep Line,Local,200,18,1000,3,0.11806517,0.0,0.0,100.0,0.0,0.0,18.612682766533336,0.12042573193528493,0.29915410216557736,18.77615416673333,0.1278858333870202,0.31768602151531633,41.97411966666667,0.29547207382797086,0.7339933213651402
Sweep Line,Local,200,20,60,3,0.51141933,0.0,0.0,41.67,0.0,0.0,0.27993203333333333,0.02017884648644052,0.05012703353658754,2.3578844,0.09680581198936357,0.24047896827939028,3.3975587333333332,0.13926393476059531,0.3459507922255325
Sweep Line,Local,200,20,80,3,0.6808493700000001,1.3597399555105182e-16,3.3777813016573946e-16,66.67,0.0,0.0,0.7137451,0.014236811464650381,0.03536620025441747,4.0879895,0.034533451730749565,0.0857858497612647,5.967290666666667,0.021914096166698982,0.05443763270662029
Sweep Line,Local,200,20,100,3,0.51868425,0.0,0.0,80.0,0.0,0.0,1.3564654999999999,0.0320589046682821,0.07963873408388829,5.687292433333333,0.06138538432154143,0.1524897481434285,8.480475166666666,0.0821517845768638,0.20407634615497652
Sweep Line,Local,200,20,120,3,0.47368989,0.0,0.0,81.94,0.0,0.0,1.4132842333333333,0.014759814175772493,0.03666541101246357,6.000498166666667,0.0612678809548145,0.15219785359888452,8.992108199999999,0.061772414412826125,0.15345118418877102
Sweep Line,Local,200,20,140,3,0.45623018,0.0,0.0,72.62,0.0,0.0,1.6310067000000001,0.03458200420695713,0.08590646079841079,6.106455533333333,0.0817608682684043,0.20310525621099404,9.050483366666667,0.16055791019611362,0.3988479596379887
Sweep Line,Local,200,20,160,3,0.44914419,0.0,0.0,83.33,0.0,0.0,2.2353160000666663,0.03283507363979806,0.08156684469672154,8.780537133333333,0.028013977631592028,0.06959057829076795,12.835157566666666,0.054624610430128534,0.13569505475915272
Sweep Line,Local,200,20,180,3,0.40868505000000005,6.798699777552591e-17,1.6888906508286973e-16,81.48,0.0,0.0,2.2996141333,0.028307364521395074,0.07031939172786084,7.439987466666667,0.12639982406848263,0.31399456972712475,11.3845018,0.20410290470350945,0.5070197226517716
Sweep Line,Local,200,20,200,3,0.40059965999999997,6.798699777552591e-17,1.6888906508286973e-16,81.67,0.0,0.0,2.6571440666000004,0.03145531527624142,0.07813933491270757,8.525525700000001,0.04414744509244016,0.10966833323155764,12.881930133333332,0.05856476966661256,0.14548295290880406
Sweep Line,Local,200,20,220,3,0.35955049999999994,6.798699777552591e-17,1.6888906508286973e-16,93.94,0.0,0.0,3.5159024666,0.08658528233084536,0.2150897651206025,10.6275924,0.17641919101891956,0.4382495654865832,16.003242,0.26625345938402484,0.661410259339841
Sweep Line,Local,200,20,240,3,0.35356697,0.0,0.0,88.19,0.0,0.0,3.607120066666667,0.06876681637602053,0.17082624187668277,10.2836394,0.2293697999432574,0.5697861699756744,15.705211966666667,0.321569363459229,0.7988225827126193
Sweep Line,Local,200,20,260,3,0.31758449,0.0,0.0,91.67,0.0,0.0,4.3745994999999995,0.03755411743324586,0.09328959934742656,11.7635529,0.1474972819642452,0.3664035605080533,17.94422936666667,0.21586562439319343,0.5362399382256637
Sweep Line,Local,200,20,280,3,0.2959881,0.0,0.0,95.83,0.0,0.0,4.982346333433333,0.01743399796499159,0.04330845181141412,12.5018642333,0.01822580551850741,0.04527541081555153,19.326616166666664,0.016931427806989544,0.04205999832912092
Sweep Line,Local,200,20,300,3,0.29808951,0.0,0.0,98.89,0.0,0.0,5.519146666699999,0.021652562438661274,0.05378794690990716,13.080273966666667,0.09386654682315405,0.23317742883517514,20.499351700000002,0.09784798711159096,0.24306787480276335
Sweep Line,Local,200,20,320,3,0.24610783,0.0,0.0,95.83,0.0,0.0,5.6275416000666665,0.07471502726631082,0.18560241686669687,12.741027833366665,0.10443730053108534,0.25943663676267187,20.289891366666666,0.17445184336421768,0.43336240298541473
Sweep Line,Local,200,20,340,3,0.25442767,0.0,0.0,95.58999999999999,1.7404671430534633e-14,4.323560066121465e-14,6.084532033366667,0.04583519264347567,0.11386093057099922,13.0225903,0.09496719830883708,0.23591159869825437,21.072548899999997,0.15969159807713795,0.39669592103309487
Sweep Line,Local,200,20,360,3,0.24967477000000002,3.3993498887762956e-17,8.444453254143486e-17,97.21999999999998,1.7404671430534633e-14,4.323560066121465e-14,6.6282417667,0.07955651990691434,0.19762935131638176,13.736498833366667,0.23201241428886524,0.5763507879292112,22.41735423333333,0.281258122418896,0.6986839086368705
Sweep Line,Local,200,20,380,3,0.21880661999999998,3.3993498887762956e-17,8.444453254143486e-17,98.25,0.0,0.0,7.054908166633333,0.054014958742802655,0.13418059601163426,14.046927799999999,0.12034427053017505,0.29895174081709175,23.124466866666666,0.18289797777816885,0.4543437640016231
Sweep Line,Local,200,20,400,3,0.2374072,0.0,0.0,96.67,0.0,0.0,7.437697866666667,0.03150064963501808,0.07825195170298269,14.266511033366669,0.083477311668752,0.20736913799188272,23.839549899999998,0.13792085529654435,0.3426143978790061
Sweep Line,Local,200,20,420,3,0.21008543,0.0,0.0,100.0,0.0,0.0,7.881910666666667,0.08708871881743045,0.2163403706823996,14.290399333366667,0.12640874258166132,0.31401672454204466,24.35129386666667,0.23944543274980934,0.5948154294001788
Sweep Line,Local,200,20,440,3,0.22302034,0.0,0.0,100.0,0.0,0.0,8.4860938334,0.10143489619713925,0.25197825093079373,15.412317433299998,0.21430369786807832,0.5323598976416422,26.2379887,0.31603208317591713,0.7850672159403128
Sweep Line,Local,200,20,460,3,0.21297354,0.0,0.0,99.64,0.0,0.0,8.781898433333334,0.04035605942823146,0.10025000912330723,15.198851066666668,0.26219754513504406,0.6513348097983223,26.294197433333334,0.3140255976811497,0.7800828296546809
Sweep Line,Local,200,20,480,3,0.19535936,0.0,0.0,100.0,0.0,0.0,9.336895966533334,0.012651886917242524,0.031429029415922786,15.353684433366666,0.03001597118008687,0.07456380596326485,27.0097047,0.02732231928533781,0.06787240370919098
Sweep Line,Local,200,20,500,3,0.19736158,0.0,0.0,100.0,0.0,0.0,9.617982966633333,0.09293409326278766,0.23086108578141312,15.637947766633333,0.17761605849614717,0.4412227491227318,27.759009300000002,0.2664255760881069,0.6618378209352734
Sweep Line,Local,200,20,520,3,0.18949507,0.0,0.0,99.68,0.0,0.0,10.096600500333334,0.10177146867532808,0.25281434331659985,15.7557527667,0.22040219120143678,0.5475093949158959,28.340775133333334,0.34921606072579664,0.8675007859978447
Sweep Line,Local,200,20,540,3,0.18559255,0.0,0.0,100.0,0.0,0.0,10.608767066733334,0.034590487428563736,0.08592753428912088,15.458787633333335,0.0813907525111016,0.20218583770056536,28.550310333333332,0.08411241757513149,0.2089468285248754
Sweep Line,Local,200,20,560,3,0.18487908,0.0,0.0,99.7,0.0,0.0,10.9276822665,0.18985526246157233,0.4716266172550486,16.323244766766667,0.18234663603736564,0.4529741551912318,29.9651003,0.4130320363602688,1.0260284576835772
Sweep Line,Local,200,20,580,3,0.17369689,0.0,0.0,100.0,0.0,0.0,11.506505266766666,0.08162702302245875,0.2027727661880022,16.270713133266668,0.12143781789087547,0.3016682630553927,30.44886356666667,0.20867807073782968,0.5183850651351457
Sweep Line,Local,200,20,600,3,0.16664026,0.0,0.0,100.0,0.0,0.0,11.791757466599998,0.11787564851038515,0.29281934376167434,16.252354366633334,0.19514511415579236,0.484767337338227,30.709345233333334,0.3396437999661173,0.8437219720580175
Sweep Line,Local,200,20,620,3,0.16353285,0.0,0.0,100.0,0.0,0.0,12.2451948333,0.09338894589000642,0.23199100234597592,16.5035428667,0.2616095352865471,0.6498741123587904,31.588777466666667,0.3777054964365918,0.9382724676335176
Sweep Line,Local,200,20,640,3,0.1531671,0.0,0.0,100.0,0.0,0.0,12.654998666533332,0.13506552286066906,0.3355213588954643,16.1748496666,0.14738951723830973,0.3661358580883606,31.636367433333334,0.2692492471039484,0.6688522085913016
Sweep Line,Local,200,20,660,3,0.15431642,0.0,0.0,100.0,0.0,0.0,13.080934700033334,0.07584386154777065,0.18840659667558782,16.650490766633336,0.2730509092162622,0.6782960608118326,32.68831823333333,0.3736699713587039,0.9282476676008221
Sweep Line,Local,200,20,680,3,0.1655286,0.0,0.0,100.0,0.0,0.0,13.4199841001,0.05297414442207248,0.13159506990657865,16.856402233366666,0.06235130553779132,0.15488922946329464,33.40478353333334,0.04607889114825806,0.11446631121702633
Sweep Line,Local,200,20,700,3,0.14446132,0.0,0.0,100.0,0.0,0.0,13.743537799999999,0.2037377067597261,0.5061125206673658,16.626753066666666,0.13839476003427176,0.34379164250977184,33.4609599,0.38675092775677966,0.9607425646950438
Sweep Line,Local,200,20,720,3,0.15265335,0.0,0.0,100.0,0.0,0.0,14.298737533200002,0.01111932635837464,0.027621937936097907,17.142385299966666,0.041921536129675724,0.10413886883423143,34.663289033333335,0.04557197906019785,0.11320707178253385
Sweep Line,Local,200,20,740,3,0.15493187,0.0,0.0,100.0,0.0,0.0,14.5735760666,0.06740172933927702,0.1674351776888867,17.460677266766666,0.15004295607739146,0.3727273655743465,35.477032333333334,0.24483150057082728,0.6081951635924144
Sweep Line,Local,200,20,760,3,0.14052317,0.0,0.0,100.0,0.0,0.0,14.8929496335,0.2032889908346208,0.5049978485159488,17.420476366633334,0.21849689935443034,0.5427763875868568,35.6883968,0.46848242434440396,1.1637748576061548
Sweep Line,Local,200,20,780,3,0.14190472,0.0,0.0,100.0,0.0,0.0,15.253761666533334,0.06239227878982945,0.1549910126638556,17.15021476663333,0.10269123421383633,0.2550991675767766,35.884586066666664,0.05744366342847193,0.14269797062376038
Sweep Line,Local,200,20,800,3,0.14573912,0.0,0.0,100.0,0.0,0.0,15.7696360001,0.10934629848943575,0.2716312637179155,17.7426195333,0.14851166811726524,0.36892343540504774,37.117139433333335,0.30840027404270065,0.7661087510636091
Sweep Line,Local,200,20,820,3,0.13813371,0.0,0.0,100.0,0.0,0.0,16.088525033366665,0.04512705052853174,0.11210180803798836,17.37672423333333,0.10389221582305133,0.25808257128334616,37.12521786666667,0.14472334805055967,0.3595127266631639
Sweep Line,Local,200,20,840,3,0.14207128,0.0,0.0,100.0,0.0,0.0,16.67533333333333,0.17436663492811483,0.43315073349593236,17.849380666666665,0.14496606298071033,0.36011566397435596,38.35392356666667,0.3501982195606429,0.8699406037984152
Sweep Line,Local,200,20,860,3,0.13615387,0.0,0.0,100.0,0.0,0.0,17.634309566899997,0.9270126716370414,2.302827136884,18.137170466633332,0.8753967693579036,2.174606127506374,39.72831866666667,2.0558444345439426,5.107000689342641
Sweep Line,Local,200,20,880,3,0.1285098,0.0,0.0,100.0,0.0,0.0,17.4414487335,0.1754399312539238,0.43581694937475746,17.9264166666,0.21768124638469186,0.5407501932850283,39.306499900000006,0.4403541323937811,1.0939003068044892
Sweep Line,Local,200,20,900,3,0.13208219,0.0,0.0,100.0,0.0,0.0,18.005562833433334,0.07573326441234866,0.18813185816067454,18.4623456333,0.08911140281832676,0.22136499628798015,40.5622698,0.06568672732241965,0.16317487650308343
Sweep Line,Local,200,20,920,3,0.13046326,0.0,0.0,100.0,0.0,0.0,18.249939566666665,0.14476174955452417,0.35960812128735004,18.2508768333,0.10989726551756865,0.2729999416904314,40.71561246666667,0.30784713469529207,0.7647346767508585
Sweep Line,Local,200,20,940,3,0.13135951,0.0,0.0,100.0,0.0,0.0,18.691603000066667,0.22920500263470195,0.5693767907666969,18.646060799933334,0.05811474143804267,0.1443650208148614,41.68084983333333,0.3288817936006997,0.8169876661915866
Sweep Line,Local,200,20,960,3,0.1241615,0.0,0.0,100.0,0.0,0.0,19.5614860667,0.6358970592842863,1.579655865759231,18.7849156999,0.6655167343351664,1.6532352175629128,42.78943866666666,1.4489460866345634,3.5993816161019794
Sweep Line,Local,200,20,980,3,0.12545931,0.0,0.0,100.0,0.0,0.0,19.419211066733332,0.043868793053288904,0.10897612319264588,18.598871199966666,0.13060728041042785,0.32444647069669397,42.51520273333333,0.10746700141319403,0.2669628309792413
Sweep Line,Local,200,20,1000,3,0.11781135999999999,1.6996749443881478e-17,4.222226627071743e-17,100.0,0.0,0.0,19.982037433133332,0.17033199980864125,0.42312814424249573,18.848098333333336,0.14828437357313934,0.3683588044563095,43.44146129999999,0.3021029057777991,0.7504652210719873
Sweep Line,Local,400,6,60,3,0.60799571,0.0,0.0,16.67,0.0,0.0,0.0504946,0.008144825645156561,0.02023286854076463,0.9490438333333332,0.29548810962230504,0.7340331564865835,1.6123964666666666,0.45320514550316315,1.125823993103703
Sweep Line,Local,400,6,80,3,0.6401748,0.0,0.0,25.0,0.0,0.0,0.1160898,0.02871928266443993,0.07134265312115273,2.1084818333333337,0.7225716474428978,1.7949674788544665,3.097139866666667,0.9940752582364193,2.469419837303037
Sweep Line,Local,400,6,100,3,0.59815891,0.0,0.0,35.0,0.0,0.0,0.24171316666666667,0.035830024067160966,0.08900671399815649,4.225369266666666,1.1546504587071373,2.868310748364217,6.242255466666667,1.6128358340057876,4.006506318116072
Sweep Line,Local,400,6,120,3,0.4508809200000001,6.798699777552591e-17,1.6888906508286973e-16,36.11,0.0,0.0,0.2662738333333334,0.041382507957992754,0.10279984862525794,4.7674601667,1.2917737900059605,3.2089439868044582,7.246175233333333,1.8503088776954628,4.596422061469728
Sweep Line,Local,400,6,140,3,0.58686634,0.0,0.0,25.0,0.0,0.0,0.2942816,0.02805640000855419,0.06969596131720175,4.120359633333334,0.7484586513621867,1.8592743615346006,5.780898233333333,1.0159389684953144,2.5237323044759408
Sweep Line,Local,400,6,160,3,0.45904053,0.0,0.0,36.46,0.0,0.0,0.3889371666666667,0.05583092267483435,0.13869170049837265,6.012272666666667,1.309103547876043,3.2519934918650324,9.2076409,1.746066645066239,4.337470000238423
Sweep Line,Local,400,6,180,3,0.58507835,0.0,0.0,35.19,0.0,0.0,0.42929649999999997,0.06667182808975616,0.16562200246909825,6.197734833333333,1.6322342820841451,4.054694734536952,9.247742866666666,2.297981347965093,5.708502127378945
Sweep Line,Local,400,6,200,3,0.61169162,0.0,0.0,36.67,0.0,0.0,0.49370316670000003,0.07814567172341773,0.1941246101382034,6.9025024,1.673605561972318,4.15746669109054,10.498813933333333,2.4843552031581506,6.171480449548315
Sweep Line,Local,400,6,220,3,0.52924614,0.0,0.0,42.42,0.0,0.0,0.6930410333666667,0.13326180508121194,0.33104067553816036,9.857574833333333,2.8058435672190165,6.970101818600831,14.7346944,3.686602717599752,9.158028839030797
Sweep Line,Local,400,6,240,3,0.52771685,0.0,0.0,45.830000000000005,8.702335715267317e-15,2.1617800330607325e-14,0.8525951666666667,0.1692693849119306,0.4204884625045091,11.7488513,3.1852441085515295,7.912585011183416,16.678211800000003,4.442663315763099,11.036187483296878
Sweep Line,Local,400,6,260,3,0.60302185,0.0,0.0,51.919999999999995,8.702335715267317e-15,2.1617800330607325e-14,1.0688553332666666,0.20678009206868966,0.5136702247470373,14.424400400000001,3.7700267041992697,9.365265510207212,20.600166299999998,4.948291136971838,12.29223662207166
Sweep Line,Local,400,6,280,3,0.56286652,0.0,0.0,56.54999999999999,8.702335715267317e-15,2.1617800330607325e-14,1.3188888999333335,0.25706167172819055,0.6385765929855819,17.1929682,4.4487957077759415,11.051421189559216,23.7748039,5.961135727074311,14.808282064487518
Sweep Line,Local,400,6,300,3,0.55564986,0.0,0.0,60.56,0.0,0.0,1.3807846334,0.21792660175413395,0.5413596898110398,17.358512066633335,4.184901625027419,10.39587194669585,24.477330433333336,5.6743878941434405,14.09596095894126
Sweep Line,Local,400,6,320,3,0.54389893,0.0,0.0,59.38,0.0,0.0,1.4574495666666667,0.2226101407517711,0.5529942456595236,17.595887,3.832743434836375,9.521062505940534,24.48342153333333,5.249488791960872,13.040453075520686
Sweep Line,Local,400,6,340,3,0.52558538,0.0,0.0,63.24,0.0,0.0,1.6253624000000002,0.278073783749868,0.6907735728621532,18.997469800033333,4.56361309015506,11.336643379091642,26.621308666666664,6.207592305136582,15.420514144360945
Sweep Line,Local,400,6,360,3,0.53357534,0.0,0.0,63.43,0.0,0.0,1.8121028334,0.3818630388214239,0.9486003754598795,20.332141466666666,6.22058687233108,15.452794438776673,28.314788766666666,8.411435476489249,20.89516407710155
Sweep Line,Local,400,6,380,3,0.49073854999999994,6.798699777552591e-17,1.6888906508286973e-16,68.42,0.0,0.0,2.0894448666333334,0.40287170081976814,1.0007887850033825,23.324505966700002,6.804646297411911,16.90367848252318,32.3757734,9.077848590082825,22.550626024184307
Sweep Line,Local,400,6,400,3,0.49818653000000007,6.798699777552591e-17,1.6888906508286973e-16,71.67,0.0,0.0,2.3264336333333335,0.4561604680815001,1.1331654213709372,25.558005900033333,7.095890070070481,17.627168121496773,35.51984703333333,9.66656082190257,24.013068280616437
Sweep Line,Local,400,6,420,3,0.51946871,0.0,0.0,70.24,0.0,0.0,2.340065500066667,0.3652638431118442,0.9073656874129882,24.583984800033335,5.555439506927994,13.800476784507488,33.79006113333333,7.388243633516123,18.353414633616687
Sweep Line,Local,400,6,440,3,0.48897907,0.0,0.0,72.73,0.0,0.0,2.7026862333666664,0.5438753047939648,1.351061155128393,28.8846133667,7.921698234019458,19.678589324233727,39.4212711,10.609177109266453,26.354656947767147
Sweep Line,Local,400,6,460,3,0.50069223,0.0,0.0,75.0,0.0,0.0,2.778521533333333,0.6211498970090417,1.543021883809994,28.770068366666667,8.753105437471861,21.74391931215072,39.9647706,11.760828739125925,29.215518192299797
Sweep Line,Local,400,6,480,3,0.47621819,0.0,0.0,76.39,0.0,0.0,3.1928183333333333,0.6055764377684287,1.5043352664079805,33.5546373667,8.348291663664712,20.738306150400415,46.49055543333333,11.216136711468604,27.862428185106488
Sweep Line,Local,400,6,500,3,0.51479878,0.0,0.0,77.0,0.0,0.0,3.5245780668,0.6223610079712073,1.5460304502242237,37.047115,9.047042244753586,22.47409881999074,51.27117966666666,12.164865551639224,30.219201275199477
Sweep Line,Local,400,6,520,3,0.47360622999999996,6.798699777552591e-17,1.6888906508286973e-16,80.45,0.0,0.0,4.144461866633334,0.7273375309266163,1.8068065897461796,42.4760696333,10.435694409711896,25.923702031467425,57.21874373333335,13.585880089968924,33.74919707880977
Sweep Line,Local,400,6,540,3,0.44806422,0.0,0.0,82.72,0.0,0.0,4.306201700033333,0.7520075235435818,1.8680902487545858,42.95670750003333,10.507441127074014,26.10193075776095,58.243940233333326,13.84147591105364,34.3841322969321
Sweep Line,Local,400,6,560,3,0.46355042,0.0,0.0,79.46,0.0,0.0,4.252920166766667,0.8589939301664085,2.133859216091005,41.73662796663333,11.116176025810319,27.614112076170326,57.01252313333333,14.831218800268472,36.8427899329674
Sweep Line,Local,400,6,580,3,0.43731369000000003,6.798699777552591e-17,1.6888906508286973e-16,81.32,0.0,0.0,4.543942266666666,0.9155006707494474,2.2742297413414247,43.051411333366666,11.13555859063247,27.662261036395478,58.56544216666666,14.84508434326739,36.87723385122491
Sweep Line,Local,400,6,600,3,0.42540807,0.0,0.0,86.11,0.0,0.0,5.021469499933334,0.8826114836303606,2.1925284713100877,47.487698466666664,11.811117186237833,29.34044162023585,64.49791403333334,15.497234882611805,38.49726559974869
Sweep Line,Local,400,6,620,3,0.41738326,0.0,0.0,81.99,0.0,0.0,5.2045435666,0.8918063471769462,2.2153697786005595,47.88349686666667,11.562415288304125,28.722631856594845,64.20575083333334,15.00067633376082,37.26374578245593
Sweep Line,Local,400,6,640,3,0.42168451,0.0,0.0,87.5,0.0,0.0,5.692906200066667,1.1678572707526178,2.901118288218394,50.929853400000006,14.040175337991132,34.87772903669071,68.84345673333333,18.404622067911667,45.719615749411716
Sweep Line,Local,400,6,660,3,0.43321280999999995,6.798699777552591e-17,1.6888906508286973e-16,85.86,0.0,0.0,5.799319299966666,1.1357142675717684,2.821270641847935,51.50016520003334,13.387393455601075,33.2561289450982,70.00988873333333,17.76104370658133,44.120878471564545
Sweep Line,Local,400,6,680,3,0.4237134,0.0,0.0,85.54,0.0,0.0,6.0213619667666665,0.9849929139664723,2.446858043390962,54.88958249996667,13.075719322119827,32.481887476340326,73.557602,16.965349171715232,42.14426367047003
Sweep Line,Local,400,6,700,3,0.40350888,0.0,0.0,88.57,0.0,0.0,6.421264033300001,1.3341510721037595,3.3142149913850827,56.18071919996667,15.015280055703192,37.30002343886489,75.52881326666666,19.67841672639691,48.88389709758104
Sweep Line,Local,400,6,720,3,0.39507226,0.0,0.0,92.58999999999999,1.7404671430534633e-14,4.323560066121465e-14,6.9422597999999995,1.2787386473479943,3.1765628973497586,58.8307338,14.12117472114547,35.07894265901291,79.43719556666667,18.66144021099199,46.35758738369925
Sweep Line,Local,400,6,740,3,0.3913499999999999,6.798699777552591e-17,1.6888906508286973e-16,89.86,0.0,0.0,6.872893166666667,1.2029817231076276,2.988372264918051,58.23203753333334,13.879655362414287,34.478975311871025,79.0798999,18.214784609216995,45.24803335916543
Sweep Line,Local,400,6,760,3,0.39278001,0.0,0.0,91.45,0.0,0.0,7.087386500033333,1.4333137687562059,3.560548785738283,60.590550733300006,15.680283294528127,38.951983062866034,81.9418218,20.608590094946013,51.194575840859706
Sweep Line,Local,400,6,780,3,0.35814143000000004,6.798699777552591e-17,1.6888906508286973e-16,86.11,0.0,0.0,7.111992866733334,1.2352233722710646,3.0684649614939685,57.94804870003333,12.83516021118288,31.884305516956722,77.78686929999999,16.882930435844223,41.939524180538065
Sweep Line,Local,400,6,800,3,0.3988015999999999,6.798699777552591e-17,1.6888906508286973e-16,91.25,0.0,0.0,7.4297710668,1.3051567740445031,3.2421891621503547,61.62876573333333,14.314718688197749,35.55973252644924,82.9406855,18.571477501482835,46.134107624356304
Sweep Line,Local,400,6,820,3,0.35563173,0.0,0.0,91.06,0.0,0.0,7.253576233233333,1.4989947639730163,3.723709422901655,57.189156133333334,16.26311679155491,40.399821732501586,77.03071089999999,21.189428269922733,52.63745785574361
Sweep Line,Local,400,6,840,3,0.36051633,0.0,0.0,91.27,0.0,0.0,7.5410128,1.1184259009780562,2.7783239584179293,57.2293863667,12.57673406578532,31.24233938347237,77.66789056666666,16.440233507514662,40.83980404599858
Sweep Line,Local,400,6,860,3,0.34358216,0.0,0.0,94.96,0.0,0.0,8.148215366733334,1.7040082489403159,4.232991152326283,61.9816893667,17.965481038187747,44.62872895669766,83.3045095,23.25627822004533,57.77179776137245
Sweep Line,Local,400,6,880,3,0.33282843,0.0,0.0,91.29,0.0,0.0,7.953064933166668,1.351980514071024,3.3585057805554284,60.10657759993333,14.705304879202723,36.530002413213616,80.90020226666667,19.048576220323604,47.319286544056425
Sweep Line,Local,400,6,900,3,0.36958752,0.0,0.0,93.52,0.0,0.0,8.318213666433333,1.6742500913695033,4.159067790872419,64.74565483326667,18.013501875525918,44.74801932967924,87.9473881,23.522322927901282,58.43268945316901
Sweep Line,Local,400,6,920,3,0.33340457000000007,6.798699777552591e-17,1.6888906508286973e-16,91.49,0.0,0.0,8.252368400133333,1.464976792666163,3.63920409750106,61.70101760003334,15.476638055614293,38.44610024506177,83.52366043333335,20.335230357268134,50.515512607619904
Sweep Line,Local,400,6,940,3,0.35431200999999996,6.798699777552591e-17,1.6888906508286973e-16,94.15000000000002,1.7404671430534633e-14,4.323560066121465e-14,9.0226150668,1.6146582712385773,4.011033503173343,67.08245440006667,17.48877067364658,43.4445147625587,91.04647053333333,22.690015514270467,56.36512321919933
Sweep Line,Local,400,6,960,3,0.34901533,0.0,0.0,95.66000000000001,1.7404671430534633e-14,4.323560066121465e-14,8.963925733466667,1.9818948197102206,4.92329966236478,65.85719440003334,19.24127309410266,47.797972115147374,89.38366976666667,25.358181420943936,62.993214769173406
Sweep Line,Local,400,6,980,3,0.33949457,0.0,0.0,95.07,0.0,0.0,9.292952866733334,1.728562662173088,4.293987696227714,67.9993293,17.84858778188348,44.33835001046293,91.85101896666667,23.165748030895042,57.54690830445232
Sweep Line,Local,400,6,1000,3,0.32264406,0.0,0.0,95.0,0.0,0.0,9.484240866666667,2.2200218590597918,5.514840021000505,66.84754090003334,20.815967972014867,51.70973104586917,90.86703943333333,27.357434043033827,67.95963360302262
Sweep Line,Local,400,8,60,3,0.60799571,0.0,0.0,16.67,0.0,0.0,0.05869683333333333,0.004450385835333082,0.011055371285390404,0.8409538333333333,0.014389364619861907,0.035745163300324914,1.4439415666666668,0.014999893397065584,0.03726180085988538
Sweep Line,Local,400,8,80,3,0.6401748,0.0,0.0,25.0,0.0,0.0,0.12232353333333333,0.0030015356408567458,0.007456227878614937,1.7867869666666667,0.02825850105885545,0.07019800815783946,2.6613496666666667,0.05116650238831401,0.12710463816117418
Sweep Line,Local,400,8,100,3,0.59815891,0.0,0.0,35.0,0.0,0.0,0.25086349999999996,0.01484762334112769,0.03688354107155973,3.6336104666666666,0.13814882789970875,0.3431807132197726,5.424579933333334,0.21569815829789393,0.5358239293828907
Sweep Line,Local,400,8,120,3,0.45128201000000007,6.798699777552591e-17,1.6888906508286973e-16,36.11,0.0,0.0,0.28834316666666665,0.01609689861691788,0.03998691289650744,4.1185228333333335,0.21375812478000325,0.5310046189590387,6.326149699999999,0.32468112397875876,0.806552624369119
Sweep Line,Local,400,8,140,3,0.58686634,0.0,0.0,25.0,0.0,0.0,0.2860898666666667,0.01537962243793173,0.038205100090547756,3.4110910333333333,0.22203442230772105,0.5515640817613086,4.8664262,0.2883773964924264,0.7163691658432136
Sweep Line,Local,400,8,160,3,0.45830376,0.0,0.0,36.46,0.0,0.0,0.3969115332666666,0.018973381872957697,0.04713249343005432,5.0545573,0.08144031279968146,0.20230895228243181,7.720869333333333,0.17433523614726715,0.43307273460032564
Sweep Line,Local,400,8,180,3,0.58314991,0.0,0.0,35.19,0.0,0.0,0.4525645333333333,0.01105953035591173,0.02747339643136788,5.268196066666667,0.19218054829366402,0.47740294748114637,7.9787936,0.2260961912729184,0.5616540752241724
Sweep Line,Local,400,8,200,3,0.60922298,0.0,0.0,36.67,0.0,0.0,0.5065282333,0.00043685753983043363,0.0010852142893552521,5.597566466666667,0.1045829713801598,0.2597985032123604,8.6523001,0.10554534744629937,0.26218917789114365
Sweep Line,Local,400,8,220,3,0.51616908,0.0,0.0,42.42,0.0,0.0,0.6848853333666667,0.008599120770197978,0.02136140019314434,7.795111466666667,0.024980830567924328,0.062055823284626235,11.3704162,0.05558255337207824,0.13807471694695503
Sweep Line,Local,400,8,240,3,0.51894662,0.0,0.0,45.830000000000005,8.702335715267317e-15,2.1617800330607325e-14,0.8403898999999999,0.010664319929559516,0.02649163930718942,9.386020733333334,0.08881289849365048,0.22062347043793124,13.5229065,0.08802407380603278,0.21866392128346043
Sweep Line,Local,400,8,260,3,0.59458299,0.0,0.0,51.919999999999995,8.702335715267317e-15,2.1617800330607325e-14,1.0691589333666667,0.01229796918692673,0.030549849035188235,11.5623407,0.07410506016332506,0.18408717458324286,16.5035429,0.12600244475155928,0.3130074247800858
Sweep Line,Local,400,8,280,3,0.55707816,0.0,0.0,56.54999999999999,8.702335715267317e-15,2.1617800330607325e-14,1.3274407000000001,0.02560194425462344,0.06359875521703978,13.859738433333334,0.11024093860196951,0.27385367295990515,19.479929566666666,0.17887338085512602,0.4443461110104981
Sweep Line,Local,400,8,300,3,0.55426269,0.0,0.0,60.56,0.0,0.0,1.3572370000000002,0.012781823855184818,0.0317518106636146,13.543692333333333,0.14291642917573663,0.3550240913441425,19.530296033333332,0.1878616616917454,0.466674238400547
Sweep Line,Local,400,8,320,3,0.53592678,0.0,0.0,59.38,0.0,0.0,1.4213645334,0.019500409288267226,0.048441702107551034,13.6714314333,0.12958100426380742,0.3218970594182043,19.49166526666667,0.19826474345019957,0.49251692611514497
Sweep Line,Local,400,8,340,3,0.52075383,0.0,0.0,63.24,0.0,0.0,1.5899460332999997,0.0054852730744536,0.013626173703498863,14.414170399966666,0.04052936147275186,0.10068051526762378,20.735306533333333,0.06661742364579443,0.1654868543381661
Sweep Line,Local,400,8,360,3,0.53336016,0.0,0.0,63.43,0.0,0.0,1.7649341000000003,0.02792978894708047,0.06938144200467014,15.724400700033334,0.5247940817664127,1.303660769419332,22.39577386666667,0.7075586989008078,1.7576732472164935
Sweep Line,Local,400,8,380,3,0.48279124,0.0,0.0,68.42,0.0,0.0,2.0979838000333335,0.052182989372305075,0.12962973181160972,18.104395000033335,0.5425798954295997,1.3478431798742192,25.898917933333333,0.7905088513847864,1.963732849197385
Sweep Line,Local,400,8,400,3,0.48053213,0.0,0.0,71.67,0.0,0.0,2.4895354000000003,0.12048244505595578,0.29929498536738686,21.098552533333333,0.8567979708782473,2.128404150809815,29.9868853,1.1479305088571214,2.8516174675207218
Sweep Line,Local,400,8,420,3,0.5123236,0.0,0.0,70.24,0.0,0.0,2.4720785667,0.021642822471994956,0.053763751491400176,20.2395577,0.1810899959104322,0.4498524880618177,28.695343466666667,0.20597531687759085,0.5116710523453477
Sweep Line,Local,400,8,440,3,0.47447687999999993,6.798699777552591e-17,1.6888906508286973e-16,72.73,0.0,0.0,2.752784700033333,0.05607529078761692,0.13929874454288507,22.818995333333334,0.4417487435933043,1.0973647130784543,31.973873233333336,0.5269898010417701,1.3091152384756644
Sweep Line,Local,400,8,460,3,0.49619504,0.0,0.0,75.0,0.0,0.0,2.737515500066667,0.08935320834533991,0.22196567451654317,22.3608093667,0.7607717060824808,1.8898616851121286,31.897568833333334,1.1067229774136538,2.749252284653866
Sweep Line,Local,400,8,480,3,0.45838399999999996,6.798699777552591e-17,1.6888906508286973e-16,76.39,0.0,0.0,2.9953162665666664,0.090646777154642,0.2251790775784745,23.5256734,0.7658375243094246,1.902445875210552,33.6790792,1.1177090880033709,2.776543296275242
Sweep Line,Local,400,8,500,3,0.48974350000000005,6.798699777552591e-17,1.6888906508286973e-16,77.0,0.0,0.0,3.185027433266667,0.10957515773627187,0.27219978160366387,24.277476033333333,0.9251560558919851,2.2982150476954764,34.940103433333334,1.2608441896457308,3.1321106001402446
Sweep Line,Local,400,8,520,3,0.45732255,0.0,0.0,80.45,0.0,0.0,3.6876107334333335,0.08066955757611691,0.20039429016504656,27.666172666633333,0.4654320645246827,1.1561973437435773,38.715717866666665,0.6458364666048008,1.6043467223165682
Sweep Line,Local,400,8,540,3,0.43775788,0.0,0.0,82.72,0.0,0.0,3.8501264999666667,0.10554612373975801,0.2621911063109997,27.656352966666663,1.1592648118190811,2.8797734369449293,39.154123366666674,1.503348783504046,3.734525407016383
Sweep Line,Local,400,8,560,3,0.43792057999999995,6.798699777552591e-17,1.6888906508286973e-16,79.46,0.0,0.0,4.068114333333333,0.18683521641431358,0.46412440697783064,28.585568933333334,0.7849999156741178,1.9500478942469048,40.68337976666667,1.2119658126957034,3.0106899806695337
Sweep Line,Local,400,8,580,3,0.42648656,0.0,0.0,81.32,0.0,0.0,4.618906766599999,0.8780418042920689,2.1811767585352313,33.65677063336667,8.567162889390316,21.282012416242406,47.31628413333333,11.562458767621688,28.72273986520728
Sweep Line,Local,400,8,600,3,0.41199258,0.0,0.0,86.11,0.0,0.0,5.024923,0.9652737195103334,2.3978728487971295,35.76375139996667,9.685997457370869,24.061351559772785,50.475435299999994,13.176003222053142,32.73100649404607
Sweep Line,Local,400,8,620,3,0.40115886,0.0,0.0,81.99,0.0,0.0,5.379946100133334,1.2558987737055962,3.1198255059030657,38.34847079993333,11.904217907326224,29.57171663248267,53.332105766666665,16.169238803755615,40.16661588270611
Sweep Line,Local,400,8,640,3,0.40767494,0.0,0.0,87.5,0.0,0.0,5.869101366633333,1.1983018694779373,2.976746864031066,40.201313966633336,11.43241194808114,28.39968565649342,56.49589336666667,15.490220010219366,38.47983969069551
Sweep Line,Local,400,8,660,3,0.42001640999999995,6.798699777552591e-17,1.6888906508286973e-16,85.86,0.0,0.0,5.748521233366667,1.2028684316845137,2.988090833421476,38.87220240003333,11.61170182402455,28.84506639865948,54.9785411,15.665667021138567,38.91567422693377
Sweep Line,Local,400,8,680,3,0.40366054999999995,6.798699777552591e-17,1.6888906508286973e-16,85.54,0.0,0.0,6.038143800133334,1.226181554216982,3.046003840283037,41.20308863326667,11.848242226075241,29.432665331746186,57.487536299999995,15.84675560480023,39.36552320677516
Sweep Line,Local,400,8,700,3,0.39085559,0.0,0.0,88.57,0.0,0.0,6.837218533400001,1.4768583082958067,3.6687194185494088,44.839825400033334,13.08843369142094,32.51347172060234,62.87418793333333,17.722494205371504,44.025116201840056
Sweep Line,Local,400,8,720,3,0.38403576999999994,6.798699777552591e-17,1.6888906508286973e-16,92.58999999999999,1.7404671430534633e-14,4.323560066121465e-14,7.269501966733333,1.6751507386794875,4.161305122820137,46.04961473333333,14.292947841820089,35.50565074594578,65.0133835,19.615354402289412,48.72724160007498
Sweep Line,Local,400,8,740,3,0.37102547999999996,6.798699777552591e-17,1.6888906508286973e-16,89.86,0.0,0.0,6.948149699933334,1.5462638853601642,3.8411324299407728,44.53471799996667,13.490223667412183,33.51157335216544,63.02654470000001,18.438655499114027,45.80415947932176
Sweep Line,Local,400,8,760,3,0.37569947,0.0,0.0,91.45,0.0,0.0,7.639641966666666,1.443287659514363,3.5853253039034993,48.30948563333333,12.78903275547295,31.769718564680595,68.40329873333333,17.42382331545343,43.283176580792535
Sweep Line,Local,400,8,780,3,0.34134775999999994,6.798699777552591e-17,1.6888906508286973e-16,86.11,0.0,0.0,7.2422966334,1.433004085261955,3.559779489291508,43.05179560003333,11.764526909720528,29.224704957338336,60.892173633333336,16.168879869489913,40.16572424056065
Sweep Line,Local,400,8,800,3,0.37479932,0.0,0.0,91.25,0.0,0.0,7.9194943333,1.8482865548581715,4.591398333044279,49.882152633333334,15.879697888063474,39.44735637494055,70.0232722,21.39318525415808,53.14361826431516
Sweep Line,Local,400,8,820,3,0.34045765,0.0,0.0,91.06,0.0,0.0,8.165443466633333,1.4504287325466605,3.6030647127253927,49.27662890003333,12.352717739710936,30.685851979823234,69.32326673333334,16.573343353645313,41.17046723457701
Sweep Line,Local,400,8,840,3,0.34976835,0.0,0.0,91.27,0.0,0.0,8.3929318668,2.0520195266011547,5.097499091277988,48.85607493336667,15.406271004066785,38.27129879864792,69.47554493333332,21.23010221774575,52.738497543416536
Sweep Line,Local,400,8,860,3,0.32293831,0.0,0.0,94.96,0.0,0.0,9.099186899966666,1.9599908148513823,4.868887097856578,52.14604663326667,15.15075566594777,37.63656351129584,73.61806736666666,20.51684087511536,50.966658143854715
Sweep Line,Local,400,8,880,3,0.31765251,0.0,0.0,91.29,0.0,0.0,9.071263833300002,1.6751264297416761,4.161244736070987,51.84061853333333,13.574568866557604,33.72109844216768,73.20776393333334,18.237452395885438,45.304343262870425
Sweep Line,Local,400,8,900,3,0.34092077000000004,6.798699777552591e-17,1.6888906508286973e-16,93.52,0.0,0.0,9.207312199933332,2.0723634012226273,5.1480360774283085,53.314672566700004,16.253970267318273,40.37710050671392,75.9758913,22.211000961987946,55.17518510539712
Sweep Line,Local,400,8,920,3,0.31983192,0.0,0.0,91.49,0.0,0.0,9.257988066733333,1.8975035632854733,4.713660159738073,51.81987586666667,14.170260152754917,35.20087763077148,73.66249543333333,19.26167559932186,47.848654747776564
Sweep Line,Local,400,8,940,3,0.33864974,0.0,0.0,94.15000000000002,1.7404671430534633e-14,4.323560066121465e-14,10.3430621998,1.9931719484976214,4.951313603265827,57.3401060333,14.802943578003399,36.772550387030606,82.36358636666667,20.28967318766692,50.402342324572935
Sweep Line,Local,400,8,960,3,0.32974838,0.0,0.0,95.66000000000001,1.7404671430534633e-14,4.323560066121465e-14,10.209113899866667,2.212898079445562,5.497143571410599,55.78272596669999,16.40636165277434,40.75566169427121,79.90927219999999,22.512965701739088,55.9253071030318
Sweep Line,Local,400,8,980,3,0.32262837,0.0,0.0,95.07,0.0,0.0,10.822018733366667,2.10670325516697,5.233341003627449,58.4400707,15.711268463052338,39.02895448850196,83.52445706666667,21.57947116075392,53.606378110057484
Sweep Line,Local,400,8,1000,3,0.30955048,0.0,0.0,95.0,0.0,0.0,10.862655199999999,2.678375341290216,6.653453191521186,56.92855113336666,17.85816339526535,44.36213715277797,81.79792236666667,24.66779238479411,61.27819332869466
Sweep Line,Local,400,10,60,3,0.60799571,0.0,0.0,16.67,0.0,0.0,0.08333600000000001,0.00791806414662069,0.019669561750678653,1.2709489333333333,0.1763896480105999,0.43817617658549773,2.135667,0.29834164733953933,0.7411217371418671
Sweep Line,Local,400,10,80,3,0.6401748,0.0,0.0,25.0,0.0,0.0,0.18726199999999996,0.01773054915252203,0.04404512579982284,2.6973488333333333,0.42150973405885095,1.0470882262454442,4.001585333333334,0.6450309093482757,1.6023456071566602
Sweep Line,Local,400,10,100,3,0.59815891,0.0,0.0,35.0,0.0,0.0,0.37962429999999997,0.03874825226458607,0.0962559947148734,5.243771766666666,0.8912789384584401,2.2140596227134126,7.775847366666667,1.2502064589917232,3.1056850122551825
Sweep Line,Local,400,10,120,3,0.45120458,0.0,0.0,36.11,0.0,0.0,0.4156283333333333,0.041968270303210396,0.1042549629571364,5.7899897,0.8751418114825678,2.1739727770333444,8.857207933333333,1.3607633083817492,3.3803234511172473
Sweep Line,Local,400,10,140,3,0.58686634,0.0,0.0,25.0,0.0,0.0,0.4042437333333333,0.045732157778562474,0.11360497777744324,4.653935266666667,0.6476924326277893,1.6089571975060015,6.599136933333334,0.9066414406933443,2.252222193861987
Sweep Line,Local,400,10,160,3,0.45830376,0.0,0.0,36.46,0.0,0.0,0.5760412666666667,0.059179210886453455,0.14700930951466473,7.020136266666667,1.097320915900004,2.725896269079612,10.717331966666668,1.6211780841151608,4.02722961621362
Sweep Line,Local,400,10,180,3,0.58314991,0.0,0.0,35.19,0.0,0.0,0.6473963000333334,0.07042204301317954,0.17493805278754315,7.113555866666666,1.2572734141766557,3.1232403021373227,10.763677033333332,1.8531997577853028,4.603603405721048
Sweep Line,Local,400,10,200,3,0.60898284,0.0,0.0,36.67,0.0,0.0,0.7093207666666667,0.06545356566317323,0.1625956708324151,7.460390566666667,1.3529193574684721,3.3608379968444573,11.544230733333334,1.9171960310300808,4.76257896149988
Sweep Line,Local,400,10,220,3,0.51502205,0.0,0.0,42.42,0.0,0.0,1.0051585666333334,0.14744369535145282,0.3662704439823708,10.480855033333333,2.0427294928715996,5.074421368146967,15.406913266666665,2.997850411876299,7.447073262328174
Sweep Line,Local,400,10,240,3,0.51746178,0.0,0.0,45.830000000000005,8.702335715267317e-15,2.1617800330607325e-14,1.2641455334,0.23873067400623035,0.5930398702504511,12.844242266666667,2.9694898878906866,7.376621815170514,18.5548247,4.177135086051698,10.376578794336483
Sweep Line,Local,400,10,260,3,0.59328844,0.0,0.0,51.919999999999995,8.702335715267317e-15,2.1617800330607325e-14,1.5468487667,0.20415777264467824,0.5071560221735951,15.322949733333333,3.0826053790751944,7.657616272605113,22.160027,4.246140097582686,10.547996745780377
Sweep Line,Local,400,10,280,3,0.55500454,0.0,0.0,56.54999999999999,8.702335715267317e-15,2.1617800330607325e-14,1.9023635000333332,0.17996399903862637,0.4470553567692519,18.476582699999998,3.3289216342423575,8.26949977108298,26.085397166666667,4.4402934328802655,11.030300367855201
Sweep Line,Local,400,10,300,3,0.55249848,0.0,0.0,60.56,0.0,0.0,1.8662286000333335,0.18328006393547402,0.45529291863412263,17.424546666633333,3.0371062431426905,7.544590153183125,25.203092333333334,4.237500693214893,10.526535275583282
Sweep Line,Local,400,10,320,3,0.53524838,0.0,0.0,59.38,0.0,0.0,2.040182466733333,0.2567613220010379,0.637830482901648,18.22472766663333,3.7487657509265055,9.312450374394578,26.153731866666664,5.190730662470869,12.894489790182659
Sweep Line,Local,400,10,340,3,0.52041093,0.0,0.0,63.24,0.0,0.0,2.341255799966667,0.32199565258868396,0.7998815436152076,19.870956466633334,4.217626297369037,10.477164539364336,28.762927666666666,5.882863168134171,14.613842249029116
Sweep Line,Local,400,10,360,3,0.53134227,0.0,0.0,63.43,0.0,0.0,2.577605500066667,0.3387093284691561,0.8414006161718603,21.397023266666665,4.593333362438206,11.410472628273693,30.65293613333333,6.480474155464385,16.098390239612453
Sweep Line,Local,400,10,380,3,0.4844434,0.0,0.0,68.42,0.0,0.0,2.9257492332666666,0.3642458402897987,0.9048368282120767,23.499565933333333,4.592094978125084,11.407396311099829,33.765727399999996,6.3312627443756275,15.727728546303386
Sweep Line,Local,400,10,400,3,0.47957053,0.0,0.0,71.67,0.0,0.0,3.2670117667,0.36765159739945125,0.9132971978852263,26.01041843333333,4.667139652140528,11.593817615887602,37.24573516666666,6.432007250763165,15.977991773872342
Sweep Line,Local,400,10,420,3,0.51106076,0.0,0.0,70.24,0.0,0.0,3.475131766566667,0.46756358062270004,1.1614923232658652,26.223030333366665,5.656076520757843,14.050472985760155,37.508612366666675,7.868896782790937,19.547423248001813
Sweep Line,Local,400,10,440,3,0.47128187000000005,6.798699777552591e-17,1.6888906508286973e-16,72.73,0.0,0.0,3.8555607666333334,0.5831414835796347,1.4486037506462064,29.6424033333,7.005919668668877,17.403669254433737,41.81176813333333,9.53981218606926,23.698207214430006
Sweep Line,Local,400,10,460,3,0.49157554,0.0,0.0,75.0,0.0,0.0,3.8138094333,0.6374938153777079,1.5836224277873665,28.5309225,7.276742572479702,18.076430642995938,41.15039336666666,10.06633012032519,25.006150270828044
Sweep Line,Local,400,10,480,3,0.45791487999999997,6.798699777552591e-17,1.6888906508286973e-16,76.39,0.0,0.0,4.0732831,0.622090319615332,1.5453580230712622,29.348744600000003,6.656038449551529,16.53451612339115,42.39344223333333,9.208646336240388,22.87554563802626
Sweep Line,Local,400,10,500,3,0.47824644,0.0,0.0,77.0,0.0,0.0,4.407353833366667,0.725314205032347,1.8017803695890642,30.487492066633337,7.437599858002407,18.47602229217268,44.40376453333332,10.353599711116175,25.71976749475101
Sweep Line,Local,400,10,520,3,0.45380088,0.0,0.0,80.45,0.0,0.0,5.208248933233333,0.8629794375831427,2.143759765365375,35.312314766700005,8.925517986757741,22.17221582781079,50.10963146666666,12.06439471253537,29.969617874850393
Sweep Line,Local,400,10,540,3,0.43392177,0.0,0.0,82.72,0.0,0.0,5.487508500000001,0.987420617016644,2.4528887920908247,35.876879233333334,8.958157974655034,22.253298052657527,51.45653973333334,12.326337114207734,30.620318873151167
Sweep Line,Local,400,10,560,3,0.4332099200000001,6.798699777552591e-17,1.6888906508286973e-16,79.46,0.0,0.0,5.4873562666,0.951681271964635,2.364107337253872,34.94528613333333,8.167452720729626,20.2890773125023,50.4861746,11.285867899188894,28.035650058207604
Sweep Line,Local,400,10,580,3,0.42136817,0.0,0.0,81.32,0.0,0.0,5.764371266533334,0.7839871926835941,1.9475321508745884,35.85213033336667,7.0738190735017605,17.572340726584503,51.61340586666666,9.74472911347401,24.20724908157215
Sweep Line,Local,400,10,600,3,0.40744878,0.0,0.0,86.11,0.0,0.0,6.394276166666667,1.0314984518731414,2.562384203910154,38.86530356676667,9.383316678111358,23.309450821392257,56.172534000000006,12.969241153827952,32.21738104300838
Sweep Line,Local,400,10,620,3,0.39363365,0.0,0.0,81.99,0.0,0.0,6.697258800099999,1.1872753976179107,2.9493555894560197,39.8065740333,9.349535132074779,23.22553280892156,56.8894578,13.056846376025232,32.43500447921491
Sweep Line,Local,400,10,640,3,0.40310588,0.0,0.0,87.5,0.0,0.0,7.034887033333333,1.0448253312838804,2.5954900076343193,41.03030606663334,8.417339410974389,20.90983026340379,58.99874403333333,11.622037781204817,28.870742339678017
Sweep Line,Local,400,10,660,3,0.41688525,0.0,0.0,85.86,0.0,0.0,7.162265233333333,1.4395496809059978,3.5760396502767433,41.2645376,10.396180135687283,25.825543133210445,59.7876463,14.448786924919407,35.892776489237384
Sweep Line,Local,400,10,680,3,0.39965264,0.0,0.0,85.54,0.0,0.0,7.6996457666666664,1.3191554464437356,3.2769637921717267,44.51705126666667,10.504911583251435,26.095647022557756,63.69674476666666,14.462816920508953,35.92762893037706
Sweep Line,Local,400,10,700,3,0.38609944,0.0,0.0,88.57,0.0,0.0,8.122857300133333,1.1484506657441587,2.8529096088598376,45.163314633333336,9.253376553417855,22.986661657371585,64.92987653333333,12.6623762042142,31.45508624925849
Sweep Line,Local,400,10,720,3,0.38129382,0.0,0.0,92.58999999999999,1.7404671430534633e-14,4.323560066121465e-14,8.754154799833332,1.3858486081705923,3.442638790333275,47.0423658333,10.582994401805292,26.289615496767155,68.29779836666667,14.67433290292351,36.45306375893099
Sweep Line,Local,400,10,740,3,0.3678416500000001,6.798699777552591e-17,1.6888906508286973e-16,89.86,0.0,0.0,8.713392500033335,1.5679830266910135,3.8950857679875712,47.2318342,11.100109451552393,27.574200493157576,68.76926056666666,15.612821344841828,38.78439828954209
Sweep Line,Local,400,10,760,3,0.36983299,0.0,0.0,91.45,0.0,0.0,9.137708266633332,1.5006323190409325,3.7277773352009334,47.62923566666666,10.322145424869195,25.641630716088702,69.8151994,14.514718609067556,36.05655987222901
Sweep Line,Local,400,10,780,3,0.33967301,0.0,0.0,86.11,0.0,0.0,9.197103200033332,1.6532801222425662,4.106975499749955,45.96531616666666,11.075104731336902,27.512085324698507,66.90760946666667,15.418959401472756,38.302818525145774
Sweep Line,Local,400,10,800,3,0.36833455,0.0,0.0,91.25,0.0,0.0,9.632951199933334,1.3292034134091715,3.3019243258369873,50.11471773333333,10.234669843121873,25.424329324612877,72.78796,14.093929494507641,35.0112617640567
Sweep Line,Local,400,10,820,3,0.33772315,0.0,0.0,91.06,0.0,0.0,10.156665666599999,1.796184282907387,4.461969114423464,50.52410139996667,12.111243746838047,30.08599732772076,73.58853076666666,16.765673692915488,41.64824228347179
Sweep Line,Local,400,10,840,3,0.34760661,0.0,0.0,91.27,0.0,0.0,10.458135700000001,1.6389727977253197,4.071434135362412,50.41177879993333,10.747721023068992,26.698819108777524,74.14668396666666,15.160473444287462,37.6607038109439
Sweep Line,Local,400,10,860,3,0.31818874,0.0,0.0,94.96,0.0,0.0,11.204981333366668,1.8196370297696225,4.5202289673480776,52.8200390333,11.640082080137995,28.915566863140022,77.3908141,16.205741281319774,40.257293063795565
Sweep Line,Local,400,10,880,3,0.31158436,0.0,0.0,91.29,0.0,0.0,11.150857766666666,1.942230418371328,4.824767827184837,52.902667700100004,12.337517642995332,30.648092846349748,77.3624469,17.16490579616066,42.63998980688452
Sweep Line,Local,400,10,900,3,0.33195154,0.0,0.0,93.52,0.0,0.0,11.70129,2.4489411332069753,6.083507022856036,55.03386969996666,14.673348634134221,36.45061869971302,81.46400266666667,21.013027513270526,52.199254083762575
Sweep Line,Local,400,10,920,3,0.3181577,0.0,0.0,91.49,0.0,0.0,11.6803558999,1.8962139110147347,4.710456485897287,53.3303943999,11.222400122255575,27.87798736004659,79.00088103333333,16.031300572523538,39.82395832061037
Sweep Line,Local,400,10,940,3,0.33179899,0.0,0.0,94.15000000000002,1.7404671430534633e-14,4.323560066121465e-14,11.870960633333333,1.5741746351740817,3.910466576116754,52.98532059996666,8.878265883401728,22.05483509590459,79.0378759,12.75243165925624,31.678796401277264
Sweep Line,Local,400,10,960,3,0.32627876,0.0,0.0,95.66000000000001,1.7404671430534633e-14,4.323560066121465e-14,12.654819033266667,2.0458026642399774,5.082055549037825,54.65590323333333,8.62094632707182,21.415617882054605,81.8610475,12.986266583110018,32.259674553946695
Sweep Line,Local,400,10,980,3,0.31589101,0.0,0.0,95.07,0.0,0.0,13.317209833233333,2.532312145850276,6.290612099430073,56.88909303333333,11.976200888137585,29.75053226972037,85.12035976666668,17.53839768109323,43.567795083278234
Sweep Line,Local,400,10,1000,3,0.30226414,0.0,0.0,95.0,0.0,0.0,13.632449333266665,1.4880081340051539,3.696417121073442,56.73343156666667,9.289688397038939,23.0768652774939,85.49898876666667,13.27191787074435,32.96927168996918
Sweep Line,Local,400,12,60,3,0.60799571,0.0,0.0,16.67,0.0,0.0,0.08714290000000001,0.0022022911410619584,0.005470794475765677,1.0356682666666668,0.029746143443198342,0.07389351670638382,1.8007549,0.08833221298326001,0.21942938143407834
Sweep Line,Local,400,12,80,3,0.6401748,0.0,0.0,25.0,0.0,0.0,0.18791483333333334,0.011783498259147561,0.02927183240189282,2.1546976333333334,0.13243588997610634,0.3289889886788633,3.2654477666666666,0.14259345780548047,0.3542217859834735
Sweep Line,Local,400,12,100,3,0.59815891,0.0,0.0,35.0,0.0,0.0,0.3832060666666666,0.009498073078963616,0.02359452152441409,4.4142126,0.18680268183211413,0.4640435865952529,6.704743266666667,0.3408146671335806,0.8466305673441633
Sweep Line,Local,400,12,120,3,0.45120458,0.0,0.0,36.11,0.0,0.0,0.40697636666666664,0.02104853789466941,0.05228746676135418,4.865622200000001,0.26451630535823323,0.6570949295132531,7.535539166666666,0.32760516250914506,0.8138163387530626
Sweep Line,Local,400,12,140,3,0.58686634,0.0,0.0,25.0,0.0,0.0,0.42016720003333335,0.023472560251084462,0.05830907211105071,3.912433233333333,0.17894362288302798,0.44452060188095915,5.6461521333333335,0.2632076549553286,0.6538440616959004
Sweep Line,Local,400,12,160,3,0.45830376,0.0,0.0,36.46,0.0,0.0,0.5683350666666667,0.04164216358984403,0.10344486897240805,5.790074566666667,0.31643679161163196,0.7860725674277356,8.9318332,0.41172388440146457,1.0227788280700116
Sweep Line,Local,400,12,180,3,0.58314991,0.0,0.0,35.19,0.0,0.0,0.636053,0.036893135959981865,0.09164763034292317,5.931256266666668,0.1497838568863261,0.372083727502737,9.086960133333333,0.2746411348442242,0.6822464002644449
Sweep Line,Local,400,12,200,3,0.6089359,0.0,0.0,36.67,0.0,0.0,0.7123150333333333,0.013218887018706698,0.032837535750536204,6.344813500000001,0.28037576347887133,0.6964920075186553,9.9039431,0.37187458183477634,0.9237876727771522
Sweep Line,Local,400,12,220,3,0.51502205,0.0,0.0,42.42,0.0,0.0,0.9552616999999999,0.036176236460969784,0.08986675326189235,8.767381566666666,0.37272583921341323,0.9259023133338298,13.061228966666667,0.5050793389374519,1.2546866332804512
Sweep Line,Local,400,12,240,3,0.51727974,0.0,0.0,45.830000000000005,8.702335715267317e-15,2.1617800330607325e-14,1.1866334333333333,0.0761827553383786,0.18924845552111502,10.648239033333333,0.34055764158812124,0.8459920804938045,15.578349399999999,0.6333876615480682,1.5734221762089107
Sweep Line,Local,400,12,260,3,0.59327167,0.0,0.0,51.919999999999995,8.702335715267317e-15,2.1617800330607325e-14,1.4723736001,0.04782907724899146,0.1188140145124394,12.994578333366666,0.6115492376028387,1.5191725237213747,18.853540866666666,0.816820354082151,2.0290942453007292
Sweep Line,Local,400,12,280,3,0.55500454,0.0,0.0,56.54999999999999,8.702335715267317e-15,2.1617800330607325e-14,1.8505632666333334,0.1038379365481651,0.25794773408963484,15.594675833333334,0.7238784769630217,1.7982138233482348,22.48520136666667,1.0788688950668013,2.6800589082698507
Sweep Line,Local,400,12,300,3,0.5517513,0.0,0.0,60.56,0.0,0.0,1.9217070666333333,0.09435683285801362,0.2343953668639143,15.4730737,0.8023431925552373,1.9931309823926218,22.7628268,1.1694406901408523,2.9050517200342236
Sweep Line,Local,400,12,320,3,0.53429793,0.0,0.0,59.38,0.0,0.0,2.0862229667,0.14505160067737588,0.3603281513924192,16.0327768,0.5143742806453381,1.2777765485055321,23.367124566666664,0.889897525258298,2.21062800208743
Sweep Line,Local,400,12,340,3,0.519929,0.0,0.0,63.24,0.0,0.0,2.3628823332666666,0.12384755055969027,0.30765437085323233,17.2954137,0.7722232253785428,1.9183088360523128,25.358571833333333,1.2237976576537646,3.0400819129294367
Sweep Line,Local,400,12,360,3,0.53171279,0.0,0.0,63.43,0.0,0.0,2.6158124000666665,0.12163165242755099,0.30214977473778803,18.566285366666666,0.8226721889615844,2.0436310090076657,27.03930563333333,1.1678020290299316,2.900981060171807
Sweep Line,Local,400,12,380,3,0.48366733,0.0,0.0,68.42,0.0,0.0,2.9617048334000002,0.13321291488624246,0.3309192255611018,20.537017833333334,0.7353492772359622,1.8267088708902022,29.951999066666662,1.115104246387056,2.770072510983017
Sweep Line,Local,400,12,400,3,0.47748753000000005,6.798699777552591e-17,1.6888906508286973e-16,71.67,0.0,0.0,3.3410990666666667,0.14381783066293308,0.35726329677191504,22.9672382,0.9803385060445865,2.4352958531463362,33.42846263333333,1.3855293400830697,3.4418456844369016
Sweep Line,Local,400,12,420,3,0.5106977,0.0,0.0,70.24,0.0,0.0,3.4710020333,0.16873323969381443,0.4191566039492121,22.7822876,1.076033467340578,2.673015315326197,33.04658413333333,1.5842140017868203,3.935405745321545
Sweep Line,Local,400,12,440,3,0.47065785,0.0,0.0,72.73,0.0,0.0,3.8655491333,0.08489001580214682,0.21087848960519437,25.365384333333328,0.2587025846920229,0.6426528467607378,36.44424346666667,0.3609556717633952,0.8966635964976238
Sweep Line,Local,400,12,460,3,0.48961906000000005,6.798699777552591e-17,1.6888906508286973e-16,75.0,0.0,0.0,3.8981408333666665,0.036972264213557995,0.09184419582169658,24.5740503,0.31832527671952193,0.7907638245023237,36.27067526666667,0.40748425579652003,1.0122470067686535
Sweep Line,Local,400,12,480,3,0.45757763,0.0,0.0,76.39,0.0,0.0,4.211945300033333,0.0065659556476636545,0.01631073803804135,25.560174166699998,0.12929273636197217,0.32118096225216825,37.79702733333333,0.27033089721785947,0.6715391764301871
Sweep Line,Local,400,12,500,3,0.47776925,0.0,0.0,77.0,0.0,0.0,4.507227399966667,0.03940334493420948,0.09788333512017611,26.358455399999997,0.23592124702296258,0.5860608667329066,39.273387500000005,0.26645059056590503,0.6618999603429114
Sweep Line,Local,400,12,520,3,0.45231022,0.0,0.0,80.45,0.0,0.0,5.175015566666667,0.05576343347663743,0.13852404803599586,30.184519400033334,0.039231002518439514,0.09745521282582777,43.644604066666666,0.15236781576843153,0.37850263720738736
Sweep Line,Local,400,12,540,3,0.43371899,0.0,0.0,82.72,0.0,0.0,5.4483648999,0.037075100831108716,0.09209965614150317,30.049690366666667,0.18848367122380635,0.46821939573620786,44.13734053333334,0.2264813871865054,0.5626109549195261
Sweep Line,Local,400,12,560,3,0.43219403,0.0,0.0,79.46,0.0,0.0,5.462413533433334,0.07992899434467339,0.19855462911388203,29.695179566700002,0.25874282823491457,0.6427528172632894,43.88718346666667,0.44382231887574547,1.1025157596357198
Sweep Line,Local,400,12,580,3,0.42077876,0.0,0.0,81.32,0.0,0.0,5.865370800033333,0.05809959365670264,0.1443273916399853,31.34965139996667,0.14554663045020866,0.36155787351955226,46.034435699999996,0.30100927438238345,0.7477484900798813
Sweep Line,Local,400,12,600,3,0.40601285,0.0,0.0,86.11,0.0,0.0,6.509790899933333,0.3477436520761365,0.8638431201441166,33.82925776663333,1.6503676901692086,4.099740617403615,49.98041883333334,2.655053882208424,6.595519475523066
Sweep Line,Local,400,12,620,3,0.39360208,0.0,0.0,81.99,0.0,0.0,6.613387599966667,0.0630921241766156,0.15672952498156556,33.778397499966665,0.2045020031663389,0.5080111381939879,49.245528766666666,0.27031684479055673,0.6715042682655827
Sweep Line,Local,400,12,640,3,0.40109088,0.0,0.0,87.5,0.0,0.0,7.1453622333333335,0.10221002107534928,0.25390376787207114,35.3989869333,0.29918862323937384,0.7432257419155898,52.19175380000001,0.38004273479542844,0.9440784895820531
Sweep Line,Local,400,12,660,3,0.4137834,0.0,0.0,85.86,0.0,0.0,7.163884199866668,0.0735016470514877,0.18258821331636307,35.130613633366664,0.25317183256324305,0.6289136968232923,52.223043600000004,0.3577774925342417,0.8887685616197819
Sweep Line,Local,400,12,680,3,0.39918896,0.0,0.0,85.54,0.0,0.0,7.6777096667,0.037598807309998386,0.09340061515560097,37.562781200033335,0.1844736988881507,0.4582580722341301,55.28317286666667,0.2476480132848703,0.615191769040993
Sweep Line,Local,400,12,700,3,0.38485822,0.0,0.0,88.57,0.0,0.0,8.144994433433334,0.059275788566072456,0.1472492217707196,38.3629317667,0.12332928560775087,0.30636692934144116,56.8866721,0.21895513094976843,0.5439146979735516
Sweep Line,Local,400,12,720,3,0.37961171,0.0,0.0,92.58999999999999,1.7404671430534633e-14,4.323560066121465e-14,8.784604466666666,0.03855617881926734,0.09577885782593132,39.73622409996667,0.07171108986667851,0.17814022268853302,59.32388013333334,0.13501778048917631,0.33540276026999083
Sweep Line,Local,400,12,740,3,0.36664371,0.0,0.0,89.86,0.0,0.0,8.703583333433334,0.05953023529964256,0.14788130249721282,40.02772553333333,0.4510320109384061,1.1204256275786821,59.9005052,0.6062028544816908,1.5058913717886657
Sweep Line,Local,400,12,760,3,0.36782228,0.0,0.0,91.45,0.0,0.0,9.018355800066667,0.05260675521551925,0.13068242452368972,40.82782303333334,0.08459655558530496,0.21014949401363908,61.03399056666667,0.12737765647809984,0.31642364009162655
Sweep Line,Local,400,12,780,3,0.33798248,0.0,0.0,86.11,0.0,0.0,9.065251500033332,0.04912140857060456,0.12202434348453467,39.04587823333333,0.3401319498212777,0.8449346035222068,58.225390733333334,0.33020283658161376,0.8202693188793182
Sweep Line,Local,400,12,800,3,0.36577855,0.0,0.0,91.25,0.0,0.0,9.634588466566667,0.11478144502613641,0.2851329161986228,43.194333,0.4601851233894461,1.143163219398202,64.35457886666667,0.6197734736262136,1.5396026585773757
Sweep Line,Local,400,12,820,3,0.33620797,0.0,0.0,91.06,0.0,0.0,10.103197100033334,0.11028739747795338,0.2739690832057822,42.71356406666666,0.2181246659994289,0.5418517086721263,64.17670629999999,0.2405913746141168,0.5976621068007786
Sweep Line,Local,400,12,840,3,0.34553068,0.0,0.0,91.27,0.0,0.0,10.3758113667,0.03094805279780231,0.07687922506026103,43.230728633333335,0.24427175814545188,0.6068046863246729,65.24252890000001,0.2243294179143892,0.5572651668961343
Sweep Line,Local,400,12,860,3,0.31543846,0.0,0.0,94.96,0.0,0.0,11.195019966633334,0.03266579441118036,0.0811463317810963,45.29259973333333,0.13174156928324918,0.3272642004616882,68.19372836666668,0.056706986042405184,0.14086796254763834
Sweep Line,Local,400,12,880,3,0.31081615,0.0,0.0,91.29,0.0,0.0,11.174324633466668,0.27101455586359935,0.6732374786540337,44.485090066666665,0.87166760298214,2.1653423646789483,67.317109,1.4561527018073224,3.6172838406267025
Sweep Line,Local,400,12,900,3,0.32904006,0.0,0.0,93.52,0.0,0.0,11.262364466733333,0.0403176715769313,0.10015464841421945,45.58592619993333,0.5071088770955189,1.2597282855563419,69.47125083333333,0.7488396924752758,1.8602209201333524
Sweep Line,Local,400,12,920,3,0.31572217,0.0,0.0,91.49,0.0,0.0,11.6437268332,0.13979017477345262,0.3472580448869033,45.30187683326667,0.2105360329687625,0.5230004991800137,69.2958618,0.22491951724196774,0.5587310548894506
Sweep Line,Local,400,12,940,3,0.33053551,0.0,0.0,94.15000000000002,1.7404671430534633e-14,4.323560066121465e-14,12.090508300000002,0.0409582698903409,0.10174598284264388,47.05613723326667,0.3610125653364639,0.89680492796804,72.11856669999999,0.40773717744665855,1.0128752989778806
Sweep Line,Local,400,12,960,3,0.32450519,0.0,0.0,95.66000000000001,1.7404671430534633e-14,4.323560066121465e-14,12.632622466599999,0.024106906819044493,0.059884876342839614,48.28031803343333,0.2517149209137645,0.6252945276521343,74.2342082,0.38650278668929344,0.9601261481114673
Sweep Line,Local,400,12,980,3,0.31483133,0.0,0.0,95.07,0.0,0.0,13.147273833333335,0.1834971020673531,0.45583207124241126,49.10407763333333,0.35151409952688273,0.8732094308466882,75.39436423333333,0.5409019919508592,1.3436750365660028
Sweep Line,Local,400,12,1000,3,0.30093951,0.0,0.0,95.0,0.0,0.0,13.5469595,0.18078776218876297,0.4491016978760565,48.49358553333334,0.19816049941676903,0.49225796958047524,75.25732536666668,0.28386011340060446,0.7051476125601667
Sweep Line,Local,400,14,60,3,0.60799571,0.0,0.0,16.67,0.0,0.0,0.08283549999999999,0.0007909077126947214,0.0019647236756191525,0.9627893,0.025690111939810637,0.06381777588877102,1.684999666666667,0.08208797938324063,0.20391784526729162
Sweep Line,Local,400,14,80,3,0.6401748,0.0,0.0,25.0,0.0,0.0,0.20879119999999998,0.019979621686358327,0.04963213169758745,2.1289396333333332,0.09007300789139527,0.22375375571380007,3.2621320333333337,0.14647157328138222,0.3638555588876836
Sweep Line,Local,400,14,100,3,0.59815891,0.0,0.0,35.0,0.0,0.0,0.3729690666666667,0.004455326575385159,0.011067644764077723,4.214466266666666,0.07913751173762894,0.19658847732152843,6.335115099999999,0.09254182170613465,0.22988662921428435
Sweep Line,Local,400,14,120,3,0.45120458,0.0,0.0,36.11,0.0,0.0,0.43205889999999997,0.010676637015465123,0.026522236644786402,4.6431032666666665,0.08435959453614818,0.20956085013521278,7.323899366666666,0.08386702980816318,0.20833725151894722
Sweep Line,Local,400,14,140,3,0.58686634,0.0,0.0,25.0,0.0,0.0,0.46796796663333334,0.06564856410479386,0.1630800738149775,4.125917066666666,0.46573151282809194,1.1569412145667959,5.945036533333333,0.6653329405520241,1.6527786484950235
Sweep Line,Local,400,14,160,3,0.45830376,0.0,0.0,36.46,0.0,0.0,0.6391910666333334,0.09109364756770988,0.22628916522384185,6.087665166666667,0.687906239623223,1.7088538319964075,9.506081133333334,1.0967899396276406,2.72457725089739
Sweep Line,Local,400,14,180,3,0.58314991,0.0,0.0,35.19,0.0,0.0,0.7017406666,0.05614413651510651,0.13946976681083484,5.985810099999999,0.47983693971027264,1.1919810374251578,9.330542333333334,0.7826840579922044,1.9442949848442173
Sweep Line,Local,400,14,200,3,0.6089359,0.0,0.0,36.67,0.0,0.0,0.7454112333,0.02320819235784377,0.05765234585767552,6.0595578,0.06357665607846931,0.15793316895150647,9.634430966666667,0.13275736809964,0.329787584609036
Sweep Line,Local,400,14,220,3,0.51502205,0.0,0.0,42.42,0.0,0.0,1.0128324666666666,0.013009436608221469,0.03231723208710825,8.617319033333333,0.22164295435682932,0.5505916214615568,12.946607066666665,0.2659693185652126,0.6607044144163818
Sweep Line,Local,400,14,240,3,0.51727974,0.0,0.0,45.830000000000005,8.702335715267317e-15,2.1617800330607325e-14,1.2680314667,0.033939606990683546,0.08431065764754214,10.192310333333333,0.14873673010377553,0.3694825203732194,15.097220466666668,0.23956728724284004,0.5951181327416628
Sweep Line,Local,400,14,260,3,0.59323987,0.0,0.0,51.919999999999995,8.702335715267317e-15,2.1617800330607325e-14,1.5916312333333333,0.07206120499990577,0.17900995689443736,12.66566,0.16121145665928943,0.40047145905354475,18.473117933333338,0.29926369746864295,0.7434122366396978
Sweep Line,Local,400,14,280,3,0.55500454,0.0,0.0,56.54999999999999,8.702335715267317e-15,2.1617800330607325e-14,1.9335527333666667,0.03763497474911847,0.09349046005505661,15.286747266666666,0.20742708652838357,0.5152774480836565,22.100921099999997,0.3302133385008383,0.8202954070929096
Sweep Line,Local,400,14,300,3,0.5517513,0.0,0.0,60.56,0.0,0.0,2.0711042333666665,0.017883093439157432,0.044424066814965885,14.958673866666667,0.19664178480278083,0.48848527333448083,22.264017366666668,0.18666941388867972,0.4637125306712001
Sweep Line,Local,400,14,320,3,0.53410246,0.0,0.0,59.38,0.0,0.0,2.2614827999666667,0.055917420557485546,0.13890657315065302,15.611754499966667,0.015051754272787514,0.03739063041703063,22.984488233333334,0.10518936380425134,0.26130486550116594
Sweep Line,Local,400,14,340,3,0.519929,0.0,0.0,63.24,0.0,0.0,2.5613058999666665,0.03849542065850015,0.09562792618747296,16.845004966666664,0.15113624959354766,0.3754432572278422,24.97555146666667,0.21643230793209584,0.5376476581752794
Sweep Line,Local,400,14,360,3,0.53174938,0.0,0.0,63.43,0.0,0.0,2.806294533333334,0.02708724363428908,0.06728844341930657,18.064545866666666,0.22343311934022347,0.5550386378070611,26.7019158,0.22651236498520233,0.5626879080374961
Sweep Line,Local,400,14,380,3,0.48350833,0.0,0.0,68.42,0.0,0.0,3.1523103,0.07435036163074,0.18469653720919602,20.018160466666668,0.11404816006110481,0.28331133536352826,29.4829141,0.12687866225859387,0.3151840697330064
Sweep Line,Local,400,14,400,3,0.47718284,0.0,0.0,71.67,0.0,0.0,3.568236999933333,0.0315927656694481,0.0784807806179672,22.388942499933336,0.11564794728318734,0.2872854271326798,32.794801033333336,0.21071896825967742,0.5234549356349856
Sweep Line,Local,400,14,420,3,0.51059124,0.0,0.0,70.24,0.0,0.0,3.7087204000000003,0.07396130532575805,0.18373006776999612,21.6999957,0.13616973772351276,0.3382643806781296,31.976478499999995,0.1229664313511604,0.3054655493987756
Sweep Line,Local,400,14,440,3,0.47064606,0.0,0.0,72.73,0.0,0.0,4.266839533433333,0.023399141921090515,0.05812669086877901,25.249902400033335,0.21336114820794036,0.5300184744856961,36.90464813333333,0.21522662764096862,0.5346525822957762
Sweep Line,Local,400,14,460,3,0.48934711999999997,6.798699777552591e-17,1.6888906508286973e-16,75.0,0.0,0.0,4.401403600033333,0.2971249647640318,0.7380993300728194,25.569557566666663,1.7434113631985924,4.330873914415675,38.1361477,2.6326416687153795,6.539844450781193
Sweep Line,Local,400,14,480,3,0.45747796,0.0,0.0,76.39,0.0,0.0,4.5994243,0.07041777209594069,0.17492744324096635,25.6398758,0.08372052659061548,0.2079733173513442,38.3542224,0.2900158064371131,0.7204392017741168
Sweep Line,Local,400,14,500,3,0.47684867000000003,6.798699777552591e-17,1.6888906508286973e-16,77.0,0.0,0.0,4.857781499966666,0.092950803522626,0.23090259636805066,26.210415866600002,0.15061329764305348,0.37414417256618626,39.43084496666666,0.29299498303623595,0.7278398867139619
Sweep Line,Local,400,14,520,3,0.45148423,0.0,0.0,80.45,0.0,0.0,5.647833566666667,0.07744738108911989,0.19238996003978207,29.9646574667,0.06653108780321323,0.16527238421573442,43.944420533333336,0.07379484130861397,0.18331654822735904
Sweep Line,Local,400,14,540,3,0.43373759,0.0,0.0,82.72,0.0,0.0,6.059546633166666,0.1294024651859222,0.3214535437618085,30.209827066666666,0.12014623115615024,0.29845978373966525,45.00745006666667,0.2575064426179914,0.6396814651260248
Sweep Line,Local,400,14,560,3,0.4322559000000001,6.798699777552591e-17,1.6888906508286973e-16,79.46,0.0,0.0,5.935688866733333,0.056106831677388586,0.13937709645662902,29.540011299966668,0.2168593664713719,0.5387085303978201,44.213238966666665,0.24147304283205887,0.5998522920702201
Sweep Line,Local,400,14,580,3,0.42039684,0.0,0.0,81.32,0.0,0.0,6.342737499966667,0.09212151099089975,0.2288425195159166,31.008006099966668,0.16062796001880847,0.39902197304424636,46.19838670000001,0.27228606001411393,0.676396070064974
Sweep Line,Local,400,14,600,3,0.40524151999999997,6.798699777552591e-17,1.6888906508286973e-16,86.11,0.0,0.0,6.9771704999666655,0.023313009551794116,0.05791272620200742,32.7082448333,0.1012773874025713,0.2515869773942752,49.04487936666666,0.0682770662065473,0.16960963501135823
Sweep Line,Local,400,14,620,3,0.39333183999999993,6.798699777552591e-17,1.6888906508286973e-16,81.99,0.0,0.0,7.2068931666,0.053258415328996854,0.13230123798682294,33.60089493336667,0.11791672535679246,0.29292138430491454,49.721992900000004,0.10987060740288943,0.27293371926243265
Sweep Line,Local,400,14,640,3,0.40064604,0.0,0.0,87.5,0.0,0.0,7.9033092335,0.04742992228327207,0.11782245860926348,35.26669779993333,0.23888782546152867,0.593430256107014,52.8965511,0.26827757287876547,0.6664384360049889
Sweep Line,Local,400,14,660,3,0.41330382000000004,6.798699777552591e-17,1.6888906508286973e-16,85.86,0.0,0.0,7.790798866666666,0.04002262418914241,0.09942171007145963,34.6657786,0.28146145475719075,0.6991890141664469,52.3762666,0.38507128219971026,0.9565700938243539
Sweep Line,Local,400,14,680,3,0.3980717,0.0,0.0,85.54,0.0,0.0,8.239897333266667,0.012881539363783449,0.03199951771897082,37.1881057333,0.3174487067185802,0.7885863039059955,55.20738383333333,0.2998956165082132,0.7449820105566672
Sweep Line,Local,400,14,700,3,0.38454847,0.0,0.0,88.57,0.0,0.0,8.9582153334,0.1543249725517666,0.383364484180678,38.13589473343333,0.17818002891528992,0.442623729309236,57.36425333333333,0.30824693324162206,0.7657278313968998
Sweep Line,Local,400,14,720,3,0.3795316100000001,6.798699777552591e-17,1.6888906508286973e-16,92.58999999999999,1.7404671430534633e-14,4.323560066121465e-14,9.549364533366667,0.07707468817683233,0.19146413952146646,39.4504627666,0.08620290852879468,0.21413989593894306,59.881970033333324,0.2877161146330236,0.7147264506381749
Sweep Line,Local,400,14,740,3,0.36554259,0.0,0.0,89.86,0.0,0.0,9.541722433233334,0.0940108757090618,0.23353596166355348,38.97853043333333,0.25770243867805437,0.6401683463301817,59.582215399999995,0.3891415175547209,0.9666811189654352
Sweep Line,Local,400,14,760,3,0.36728856,0.0,0.0,91.45,0.0,0.0,9.863364566633331,0.08390313464958246,0.20842694091709363,40.08639573326666,0.22864892110958138,0.5679954076793372,61.1164125,0.3053721090116273,0.7585863721125162
Sweep Line,Local,400,14,780,3,0.33660509,0.0,0.0,86.11,0.0,0.0,9.917288599966666,0.03659603427057176,0.09090958883203479,38.27559156673333,0.5757541055174121,1.4302524862108823,58.207506566666666,0.6331918639218793,1.5729357879418238
Sweep Line,Local,400,14,800,3,0.36454411999999997,6.798699777552591e-17,1.6888906508286973e-16,91.25,0.0,0.0,10.516469933266668,0.09965973972421402,0.24756851779214248,41.91083423326666,0.06819921800391521,0.16941624935540783,63.74910913333334,0.18357137319376168,0.456016570948417
Sweep Line,Local,400,14,820,3,0.3355748,0.0,0.0,91.06,0.0,0.0,11.0268721999,0.06947839483045673,0.17259390075021674,41.863893966666666,0.2722221232516238,0.6762372423421051,64.1157707,0.32143090977529154,0.7984786446950195
Sweep Line,Local,400,14,840,3,0.34505973,0.0,0.0,91.27,0.0,0.0,11.386424033433334,0.052294393061468054,0.1299064739170876,42.6513072334,0.1473220926916767,0.3659683662293718,65.69734076666667,0.2835974633525748,0.7044951536708633
Sweep Line,Local,400,14,860,3,0.31582524,0.0,0.0,94.96,0.0,0.0,12.214565066666667,0.10160672940333337,0.25240510827843154,44.24996676666667,0.4829975007415272,1.1998323062731857,68.2567696,0.6215524049023285,1.544021768846985
Sweep Line,Local,400,14,880,3,0.31031148,0.0,0.0,91.29,0.0,0.0,11.985887033266666,0.033865478940498246,0.0841265133625783,43.40821113333334,0.0707100321899463,0.17565345756212536,66.93101209999999,0.11766865676823016,0.29230514776896627
Sweep Line,Local,400,14,900,3,0.32787414,0.0,0.0,93.52,0.0,0.0,12.289662,0.09571680347855135,0.23777372116926462,44.44930369993333,0.34560558039725875,0.8585318556561912,69.2575656,0.38611788542324543,0.959170000361177
Sweep Line,Local,400,14,920,3,0.31567815,0.0,0.0,91.49,0.0,0.0,12.598817533466667,0.12109317961251526,0.30081213411120533,44.421556966733334,0.29516177435855123,0.7332224947512187,69.2736052,0.5923968380754047,1.4715953257847667
Sweep Line,Local,400,14,940,3,0.33008897,0.0,0.0,94.15000000000002,1.7404671430534633e-14,4.323560066121465e-14,13.141459799933331,0.06432294938540929,0.15978706429930292,45.85497909996667,0.43873182850993847,1.0898702805467169,71.9181076,0.547633095164647,1.3603960239010569
Sweep Line,Local,400,14,960,3,0.32393634,0.0,0.0,95.66000000000001,1.7404671430534633e-14,4.323560066121465e-14,13.723244599866666,0.027997876077394606,0.06955057981276834,47.59675249996667,0.4645765831237715,1.1540722101338727,74.57493486666665,0.5017044404286257,1.2463029206213463
Sweep Line,Local,400,14,980,3,0.31351416,0.0,0.0,95.07,0.0,0.0,14.301184499900002,0.19281072044811584,0.4789683818949151,48.50325669993333,0.33457111716069315,0.831120729401316,76.03972913333332,0.5209184713516778,1.2940332194320368
Sweep Line,Local,400,14,1000,3,0.30062666,0.0,0.0,95.0,0.0,0.0,14.5686357999,0.07237510577733154,0.17978972965338846,47.4847944334,0.26746142186637656,0.6644110044966304,75.22678753333334,0.22498904595427233,0.558903773785736
Sweep Line,Local,400,16,60,3,0.60799571,0.0,0.0,16.67,0.0,0.0,0.0764606,0.015058302528173625,0.03740689718518144,0.8641688666666667,0.10392263662698005,0.25815814074960725,1.539666633333333,0.22033000753291257,0.5473300807427425
Sweep Line,Local,400,16,80,3,0.6401748,0.0,0.0,25.0,0.0,0.0,0.20468246663333334,0.027476137771038172,0.06825451001028358,1.8572435666666667,0.2310327241857814,0.5739171027983122,2.852100633333333,0.3491979400800688,0.867455771818431
Sweep Line,Local,400,16,100,3,0.59815891,0.0,0.0,35.0,0.0,0.0,0.39588979999999996,0.04794338250864243,0.11909796451858981,3.7932735,0.38549239228411486,0.9576161892658216,5.843113333333334,0.6800045480777999,1.689224942041803
Sweep Line,Local,400,16,120,3,0.45120458,0.0,0.0,36.11,0.0,0.0,0.4258816333666666,0.04741226880290436,0.1177786049329384,4.182593,0.5538133242942338,1.3757485641491214,6.620374633333333,0.8054351375645611,2.0008117995929413
Sweep Line,Local,400,16,140,3,0.58686634,0.0,0.0,25.0,0.0,0.0,0.4496446000333334,0.016527566410437438,0.04105675100362567,3.4433005333333333,0.3651404672839528,0.9070592048662047,5.037851866666667,0.47698318354597474,1.1848919141172853
Sweep Line,Local,400,16,160,3,0.45830376,0.0,0.0,36.46,0.0,0.0,0.5870844333333334,0.06228180255366195,0.15471657447933965,5.145998600033333,0.6949076709755494,1.7262463516549527,8.093488899999999,0.9558729282414945,2.3745199886859134
Sweep Line,Local,400,16,180,3,0.58314991,0.0,0.0,35.19,0.0,0.0,0.6703333333666667,0.06445409650546798,0.16011285180602816,5.1610423333,0.5979710849314244,1.4854425226144108,8.044422566666666,0.8773912827048503,2.179560773328114
Sweep Line,Local,400,16,200,3,0.6089359,0.0,0.0,36.67,0.0,0.0,0.7144699666333333,0.06641981910210899,0.16499597743918387,5.486502833333333,0.6045151706821043,1.5016989328166028,8.711927833333332,0.8424321030716737,2.092717356829486
Sweep Line,Local,400,16,220,3,0.51502205,0.0,0.0,42.42,0.0,0.0,1.0203411333666665,0.10598228309113014,0.26327458620407573,7.676046700033333,0.9461956456040147,2.3504802859388834,11.650158166666666,1.3611035437316454,3.381168642580795
Sweep Line,Local,400,16,240,3,0.51727974,0.0,0.0,45.830000000000005,8.702335715267317e-15,2.1617800330607325e-14,1.2577477333333333,0.11843601187031591,0.2942113635163615,9.136541133333333,1.0167428427312966,2.5257292387810484,13.685976599999998,1.5770354575563388,3.9175732528831384
Sweep Line,Local,400,16,260,3,0.59323987,0.0,0.0,51.919999999999995,8.702335715267317e-15,2.1617800330607325e-14,1.5461773334,0.17134982507106034,0.42565656236084315,11.200583899966668,1.4292376742297146,3.550423205608367,16.5957282,1.964542268905856,4.880193536516594
Sweep Line,Local,400,16,280,3,0.55500454,0.0,0.0,56.54999999999999,8.702335715267317e-15,2.1617800330607325e-14,1.9701445331999998,0.2770955105438572,0.6883434074987069,13.387185833333334,1.564242401683268,3.885793540340314,19.675542633333333,2.331163696864092,5.7909316516434055
Sweep Line,Local,400,16,300,3,0.5517513,0.0,0.0,60.56,0.0,0.0,2.0086846667000002,0.20248424080132324,0.5029987386097019,13.466287333366665,1.5142833593096963,3.7616883991371917,20.2213331,2.191812619122723,5.444764384253018
Sweep Line,Local,400,16,320,3,0.53410246,0.0,0.0,59.38,0.0,0.0,2.2123795999666664,0.23520350969108075,0.5842779083596479,14.0510109333,1.9485582187620165,4.840486954767775,20.85476816666667,2.7240844851051564,6.7670009994437
Sweep Line,Local,400,16,340,3,0.519929,0.0,0.0,63.24,0.0,0.0,2.5173731665666668,0.2803510953710415,0.6964307285417176,14.757288766633332,1.5780855653798864,3.9201818653290172,22.3510485,2.384196685264426,5.922672898095493
Sweep Line,Local,400,16,360,3,0.53149684,0.0,0.0,63.43,0.0,0.0,2.7389023001666666,0.3106140154701135,0.7716079896275094,16.137345200000002,1.773806712694235,4.4063801483596325,24.050132633333334,2.6591166958763806,6.60561206417145
Sweep Line,Local,400,16,380,3,0.48349304,0.0,0.0,68.42,0.0,0.0,3.1715687334666662,0.3433869564828812,0.8530204883222947,17.9809171667,2.276766750081167,5.6558021447358655,26.967395666666665,3.2022025644524463,7.9547121510199394
Sweep Line,Local,400,16,400,3,0.47700428,0.0,0.0,71.67,0.0,0.0,3.4662569,0.3067798202409026,0.7620833206644133,19.8978860667,2.2805479798736217,5.665195240260096,29.615356866666662,3.31092150096095,8.224784961182102
Sweep Line,Local,400,16,420,3,0.51059124,0.0,0.0,70.24,0.0,0.0,3.6662874333000004,0.42243575424009344,1.0493885878995106,19.6880227666,2.386324182602894,5.927957894465629,29.391887033333333,3.4710592503146005,8.622589183426328
Sweep Line,Local,400,16,440,3,0.47064606,0.0,0.0,72.73,0.0,0.0,4.098774033300001,0.4980371499387839,1.2371928660155866,22.38053973326667,2.550908445246299,6.336807868058734,33.049116166666664,3.7973982909385806,9.433260301056778
Sweep Line,Local,400,16,460,3,0.48921018999999993,6.798699777552591e-17,1.6888906508286973e-16,75.0,0.0,0.0,4.171105266666667,0.4680563288643364,1.1627163777553127,22.120996700033334,2.6149767549080485,6.4959623722175825,33.388772466666666,3.84769444648322,9.558202877801278
Sweep Line,Local,400,16,480,3,0.45745408,0.0,0.0,76.39,0.0,0.0,4.501323333399999,0.4821535026587106,1.1977356988070162,22.909610433300003,2.792724530775195,6.937512325428908,34.693526266666666,4.013210687171261,9.969368013201587
Sweep Line,Local,400,16,500,3,0.47677859000000006,6.798699777552591e-17,1.6888906508286973e-16,77.0,0.0,0.0,4.7318822669000005,0.5127010027884807,1.273619895879076,23.395361133366666,2.581117564212891,6.411851479722396,35.72742183333333,3.8572788028550833,9.582011738907479
Sweep Line,Local,400,16,520,3,0.45136417999999995,6.798699777552591e-17,1.6888906508286973e-16,80.45,0.0,0.0,5.615322299833333,0.5918953989466286,1.4703496819348267,26.747278333266667,3.187426568300496,7.9180065417502,39.923383300000005,4.563897896463149,11.33735087718211
Sweep Line,Local,400,16,540,3,0.43372031,0.0,0.0,82.72,0.0,0.0,5.779921033333333,0.5976171954826872,1.4845634124890124,26.752085166633332,2.821568953407334,7.009165843463069,40.4157401,4.27590408439469,10.621934587872115
Sweep Line,Local,400,16,560,3,0.43200586,0.0,0.0,79.46,0.0,0.0,5.851509933399999,0.6853598938826878,1.7025283585151891,26.45409900013333,2.904250644341604,7.214558549984173,40.11795553333334,4.308472364652841,10.702838681068243
Sweep Line,Local,400,16,580,3,0.4202937199999999,6.798699777552591e-17,1.6888906508286973e-16,81.32,0.0,0.0,6.302611266533333,0.6477670690428089,1.6091426046392212,27.785665066700002,3.237972937491559,8.043570683649776,42.071168699999994,4.699247629164939,11.673578252461956
Sweep Line,Local,400,16,600,3,0.40447751,0.0,0.0,86.11,0.0,0.0,6.7738179665,0.7661459507452686,1.9032120489511326,29.187603199966663,3.6108283735260227,8.9697949333341,44.4485003,5.440191875496771,13.514185797079284
Sweep Line,Local,400,16,620,3,0.39321730000000005,6.798699777552591e-17,1.6888906508286973e-16,81.99,0.0,0.0,7.053973933166667,0.704956938363528,1.751210115748893,29.915427700033334,3.348431278185213,8.317964413344248,45.06468603333334,4.877655146628695,12.116767094653426
Sweep Line,Local,400,16,640,3,0.4004699,0.0,0.0,87.5,0.0,0.0,7.740521500066666,0.8805979098252151,2.1875264766853335,31.3802272666,3.797028720698913,9.432342237687282,47.90161113333334,5.608885450757351,13.933243869114087
Sweep Line,Local,400,16,660,3,0.41325837000000004,6.798699777552591e-17,1.6888906508286973e-16,85.86,0.0,0.0,7.713011733399999,0.9501642634768096,2.3603388792602193,30.863513266633333,3.7481256058795434,9.310860165942428,47.58053646666667,5.6836659822651185,14.119009007537263
Sweep Line,Local,400,16,680,3,0.39792944,0.0,0.0,85.54,0.0,0.0,8.225298133199999,1.070816664435458,2.6600560584948196,33.45361496673333,4.184950922875803,10.395994409340128,50.723112566666664,6.3905159393229924,15.87492164241383
Sweep Line,Local,400,16,700,3,0.38436343,0.0,0.0,88.57,0.0,0.0,8.726687866466667,0.9664285461712007,2.4007415972559243,34.2297326334,3.780405086697789,9.391046841558753,52.27950736666667,5.601465163325801,13.914810853273345
Sweep Line,Local,400,16,720,3,0.37961465999999994,6.798699777552591e-17,1.6888906508286973e-16,92.58999999999999,1.7404671430534633e-14,4.323560066121465e-14,8.9844144335,0.5399797346981651,1.3413840225446503,33.83836043346667,2.3132113252620825,5.746335488331499,52.35414106666667,3.409682597460409,8.470121125450222
Sweep Line,Local,400,16,740,3,0.36531918,0.0,0.0,89.86,0.0,0.0,8.898620499866666,0.5556006162474912,1.3801884434921163,33.5433158333,2.2656774987289325,5.628254917256702,52.08373113333334,3.422915356265819,8.502993120629238
Sweep Line,Local,400,16,760,3,0.36723682,0.0,0.0,91.45,0.0,0.0,9.232330666533334,0.4650654373577908,1.155286591372149,34.4020022999,2.282726092330095,5.670605971553655,53.389324666666674,3.28866047625577,8.169485510209759
Sweep Line,Local,400,16,780,3,0.33653271999999995,6.798699777552591e-17,1.6888906508286973e-16,86.11,0.0,0.0,9.323327533133332,0.5415972114068688,1.3454020574346188,32.468886666500005,1.9831276337526,4.9263621422190305,50.6174823,3.0324397900765505,7.532998041141414
Sweep Line,Local,400,16,800,3,0.36472488,0.0,0.0,91.25,0.0,0.0,9.902993233266665,0.6513063321626366,1.6179346216269923,35.99959033326667,2.4645304991582755,6.122233154717937,55.8892909,3.6816122613623907,9.145631858492727
Sweep Line,Local,400,16,820,3,0.33548127,0.0,0.0,91.06,0.0,0.0,10.309420866666665,0.5553477876177736,1.3795603823584244,36.068633300066665,2.2081124196911928,5.485255333539165,56.23254873333334,3.2878734788684985,8.16753050032099
Sweep Line,Local,400,16,840,3,0.34469778999999995,6.798699777552591e-17,1.6888906508286973e-16,91.27,0.0,0.0,10.654545366766667,0.7194989996172104,1.7873345985157487,36.5712855333,2.2274091801270384,5.533191143852459,57.46473903333333,3.5563639981117148,8.83449792442049
Sweep Line,Local,400,16,860,3,0.31569105,0.0,0.0,94.96,0.0,0.0,11.4904184999,0.6348997350586238,1.5771783750394206,38.02220136666667,2.4749308231255607,6.148068991699492,59.73686476666666,3.71311952835019,9.223900248611306
Sweep Line,Local,400,16,880,3,0.31001298,0.0,0.0,91.29,0.0,0.0,11.308608700033332,0.6908855712737068,1.7162549021051854,37.2379932332,2.460242233628537,6.111580512597515,58.56972026666667,3.719437340413694,9.239594563814007
Sweep Line,Local,400,16,900,3,0.32784366,0.0,0.0,93.52,0.0,0.0,11.424000033366667,0.7847609028360333,1.949454153442227,37.744692766633335,2.3815098887146555,5.915998525462408,60.02883863333333,3.8536661050783247,9.573037300119076
Sweep Line,Local,400,16,920,3,0.31465879,0.0,0.0,91.49,0.0,0.0,11.380543733399998,0.7097914143208588,1.7632196197910486,36.86908130013334,2.4160929839956444,6.001907696638967,58.471375566666666,3.6845788662236356,9.153001313504408
Sweep Line,Local,400,16,940,3,0.33001588,0.0,0.0,94.15000000000002,1.7404671430534633e-14,4.323560066121465e-14,12.1755741002,1.0775689483881048,2.676829661702036,38.62834950003333,3.7807042295826743,9.391789953680298,61.89605496666667,5.841473373745118,14.511024299905678
Sweep Line,Local,400,16,960,3,0.32388306,0.0,0.0,95.66000000000001,1.7404671430534633e-14,4.323560066121465e-14,12.436067466499999,0.6545905102766558,1.626092972332133,39.338656266700006,2.5284707561483706,6.28106955840604,62.9233599,3.812745577875388,9.471385075309556
Sweep Line,Local,400,16,980,3,0.31338809,0.0,0.0,95.07,0.0,0.0,12.894597499866665,0.7910593892182223,1.9651004609911684,39.8246786999,2.577601777209027,6.403117780639616,63.79432673333333,4.013782354032923,9.970788112411197
Sweep Line,Local,400,16,1000,3,0.30008992,0.0,0.0,95.0,0.0,0.0,13.132034600366666,0.8294625709805221,2.0604992530581,39.13304043349999,2.4345077708664373,6.0476525631585485,63.45197643333333,3.8957760571863975,9.677644220190741
Sweep Line,Local,400,18,60,3,0.60799571,0.0,0.0,16.67,0.0,0.0,0.07577416669999999,0.014605982674571633,0.036283272379075346,0.8344631000000001,0.057392431964414924,0.1425707046118682,1.5072151,0.14368317516191656,0.35692879396374527
Sweep Line,Local,400,18,80,3,0.6401748,0.0,0.0,25.0,0.0,0.0,0.1856224,0.011802659521904367,0.02931943161731176,1.6743820666666667,0.006723389810455291,0.016701826178949893,2.5846196999999997,0.01273456947093228,0.031634424265647325
Sweep Line,Local,400,18,100,3,0.59815891,0.0,0.0,35.0,0.0,0.0,0.3739535333333333,0.015248318613284675,0.03787892330804495,3.369974033333333,0.033177912810985276,0.08241850441093292,5.210757733333334,0.08136908052708555,0.20213200150778265
Sweep Line,Local,400,18,120,3,0.45120458,0.0,0.0,36.11,0.0,0.0,0.40725666666666666,0.0072354828376089125,0.01797393577962659,3.729669133333333,0.07791982321138403,0.1935635713323178,5.945079533333334,0.04653991448577596,0.11561155667575154
Sweep Line,Local,400,18,140,3,0.58686634,0.0,0.0,25.0,0.0,0.0,0.4106183667,0.0033102420389446987,0.008223097083963831,3.0600262333333332,0.10388313445051289,0.258060011903349,4.552619966666667,0.07524307949421888,0.18691417131981705
Sweep Line,Local,400,18,160,3,0.45830376,0.0,0.0,36.46,0.0,0.0,0.5739247666999999,0.01063382057485766,0.02641587470999049,4.570891533366667,0.1281833926870632,0.31842519979403516,7.288219333333334,0.15785067482584103,0.39212281416011013
Sweep Line,Local,400,18,180,3,0.58314991,0.0,0.0,35.19,0.0,0.0,0.6414662666333334,0.002512075359170175,0.006240341134473386,4.574900033333333,0.04960662146219297,0.12322967912675685,7.272516333333333,0.06865835479039185,0.17055680836154635
Sweep Line,Local,400,18,200,3,0.6089359,0.0,0.0,36.67,0.0,0.0,0.7022157999333333,0.0033810404246429615,0.00839897002380793,4.8762786,0.0656103095283809,0.162985044179063,7.847375800000001,0.10134376134232444,0.2517518594010934
Sweep Line,Local,400,18,220,3,0.51502205,0.0,0.0,42.42,0.0,0.0,1.0009504666333333,0.09212279290677956,0.22884570397149692,7.096661699966667,0.37089180610531164,0.9213463225253959,10.847557233333333,0.6343764776411036,1.5758785315556056
Sweep Line,Local,400,18,240,3,0.51727974,0.0,0.0,45.830000000000005,8.702335715267317e-15,2.1617800330607325e-14,1.2673200998666667,0.09949492146658848,0.2471590865427899,8.514197700000002,0.4754996314108666,1.1812065663111153,12.876781999999999,0.7487063276540611,1.8598896235515523
Sweep Line,Local,400,18,260,3,0.59323987,0.0,0.0,51.919999999999995,8.702335715267317e-15,2.1617800330607325e-14,1.5140597665666666,0.04160690696971182,0.10335728667274877,10.085134399966668,0.10228841417452852,0.2540985071260833,15.137138166666666,0.08549914389783918,0.2123916476789904
Sweep Line,Local,400,18,280,3,0.55500454,0.0,0.0,56.54999999999999,8.702335715267317e-15,2.1617800330607325e-14,1.8452694667000002,0.04372016796709626,0.10860691801112259,12.184317699966664,0.2286603298697671,0.5680237486107589,17.885068866666668,0.32337471424062103,0.8033073226716132
Sweep Line,Local,400,18,300,3,0.5517513,0.0,0.0,60.56,0.0,0.0,1.9565744001,0.026350431841552793,0.06545810145850799,11.8285690667,0.08270400385733778,0.20544813489475755,18.048920133333336,0.07749559462642579,0.19250972910602052
Sweep Line,Local,400,18,320,3,0.53410246,0.0,0.0,59.38,0.0,0.0,2.1521879001,0.09202759943621727,0.22860923028136074,12.461269000033333,0.21901481482234855,0.5440629609322113,18.79808523333333,0.31680007041723174,0.7869750020086055
Sweep Line,Local,400,18,340,3,0.519929,0.0,0.0,63.24,0.0,0.0,2.3595007999666664,0.02787489545933122,0.06924507902162272,13.3173517333,0.09397628755808272,0.23345003993332664,20.294350066666667,0.12904974360936775,0.32057733479174155
Sweep Line,Local,400,18,360,3,0.53149684,0.0,0.0,63.43,0.0,0.0,2.6344901667000005,0.05080145203414161,0.1261978028096867,14.227315833333334,0.18836763506166126,0.46793114592989643,21.587627933333334,0.296220953995364,0.7358536428305433
Sweep Line,Local,400,18,380,3,0.48334239,0.0,0.0,68.42,0.0,0.0,3.0044170999,0.01772426981648732,0.04402952706437425,15.953425433266666,0.23580290441672327,0.5857668874018408,24.19513173333333,0.2968488397350466,0.7374133974751592
Sweep Line,Local,400,18,400,3,0.47700428,0.0,0.0,71.67,0.0,0.0,3.354327399966667,0.06129510743773095,0.1522654879318556,17.6028705,0.033102519232378114,0.08223121637909106,26.56164303333333,0.034898137509088954,0.0866917794561766
Sweep Line,Local,400,18,420,3,0.51059124,0.0,0.0,70.24,0.0,0.0,3.5074616668666665,0.05328268508927951,0.13236152741359622,17.6146035334,0.0737329220740891,0.1831627323217931,26.507420866666664,0.0960584644277293,0.23862245401774995
Sweep Line,Local,400,18,440,3,0.47064606,0.0,0.0,72.73,0.0,0.0,3.9663677332666665,0.07579682840045131,0.18828975986062954,20.0698826,0.22481298888077414,0.5584664237700386,29.866547100000002,0.30312848467583914,0.753012900288984
Sweep Line,Local,400,18,460,3,0.48921018999999993,6.798699777552591e-17,1.6888906508286973e-16,75.0,0.0,0.0,4.0068915002,0.06464376736970527,0.1605840203527003,19.668582866799998,0.12609439426474256,0.3132358400333616,30.008150333333333,0.2189595102314882,0.5439255767124221
Sweep Line,Local,400,18,480,3,0.45745408,0.0,0.0,76.39,0.0,0.0,4.3211671001,0.029153364513545887,0.07242097221250315,20.2874392667,0.10788011332449222,0.2679890578572704,31.180117299999996,0.17317352139796113,0.43018687518127796
Sweep Line,Local,400,18,500,3,0.47677859000000006,6.798699777552591e-17,1.6888906508286973e-16,77.0,0.0,0.0,4.603021300066667,0.037602945072726185,0.09341089392803538,20.929770999866665,0.2323863438928444,0.5772796805599958,32.403629,0.2949917478866827,0.7328001255804543
Sweep Line,Local,400,18,520,3,0.45131116,0.0,0.0,80.45,0.0,0.0,5.4318180665,0.1599490008290493,0.3973353449162262,24.145854399900003,0.5296297082828187,1.3156731316086763,36.4642762,0.7693463317170584,1.9111622360151237
Sweep Line,Local,400,18,540,3,0.43372031,0.0,0.0,82.72,0.0,0.0,5.811569166599999,0.2514749740645591,0.6246984666352073,24.356384933366666,0.7777216887039623,1.9319677761556633,37.4404848,1.3170661038877314,3.2717735775355914
Sweep Line,Local,400,18,560,3,0.43200586,0.0,0.0,79.46,0.0,0.0,5.650447933266666,0.04968845441757777,0.12343296345729224,23.72005303333333,0.3919266540076966,0.9735997814606427,36.5230575,0.4885704044724875,1.2136761665952185
Sweep Line,Local,400,18,580,3,0.4202937199999999,6.798699777552591e-17,1.6888906508286973e-16,81.32,0.0,0.0,5.9149406668,0.04299652814786595,0.10680929704644838,24.605168833199997,0.24425156345674484,0.6067545199368787,37.675433033333334,0.3395642807331514,0.8435244353325975
Sweep Line,Local,400,18,600,3,0.40442135,0.0,0.0,86.11,0.0,0.0,6.576667600166666,0.03867405919399005,0.09607168891025526,26.232446533333334,0.18092998604916502,0.44945500153119194,40.5607061,0.19917240886789267,0.49477169200888804
Sweep Line,Local,400,18,620,3,0.39321730000000005,6.798699777552591e-17,1.6888906508286973e-16,81.99,0.0,0.0,6.847885666633334,0.12275305423891095,0.30493549126741243,26.8332127666,0.41435561841458896,1.02931641777931,40.97652273333333,0.6935077925480452,1.7227688608613234
Sweep Line,Local,400,18,640,3,0.40038009,0.0,0.0,87.5,0.0,0.0,7.434620433466667,0.06359197923864662,0.1579712337915661,28.190727599966664,0.32086883623207985,0.7970823766095502,43.58937756666666,0.4255982603765705,1.057244688656775
Sweep Line,Local,400,18,660,3,0.41325837000000004,6.798699777552591e-17,1.6888906508286973e-16,85.86,0.0,0.0,7.389465833133333,0.03623370557965604,0.09000951446688193,27.8257129667,0.1488249464053397,0.369701661814726,43.386441166666664,0.2263246204650823,0.5622215247948915
Sweep Line,Local,400,18,680,3,0.39790883,0.0,0.0,85.54,0.0,0.0,7.7799042000666665,0.06673552834370029,0.16578024267216895,29.644805833233335,0.12065520894137735,0.2997241546503911,45.579167299999995,0.21392993236251298,0.5314314126539159
Sweep Line,Local,400,18,700,3,0.38432736000000006,6.798699777552591e-17,1.6888906508286973e-16,88.57,0.0,0.0,8.416032733266666,0.038563075319053834,0.09579598968113001,30.56387813343333,0.09803704290639832,0.24353751543226923,47.430732799999994,0.06564827172066645,0.16307934749254027
Sweep Line,Local,400,18,720,3,0.37961801999999994,6.798699777552591e-17,1.6888906508286973e-16,92.58999999999999,1.7404671430534633e-14,4.323560066121465e-14,9.002342833366667,0.029378228557121626,0.07297956546316631,31.649175533366662,0.12240033058416898,0.3040592771348415,49.537991166666664,0.187666176205978,0.46618862553325247
Sweep Line,Local,400,18,740,3,0.36529687000000005,6.798699777552591e-17,1.6888906508286973e-16,89.86,0.0,0.0,8.940847533366666,0.053768589854065164,0.13356858176411945,31.451224399933334,0.23323837684720453,0.5793962477535759,49.5209467,0.3327461995627922,0.8265873827755333
Sweep Line,Local,400,18,760,3,0.36717902,0.0,0.0,91.45,0.0,0.0,9.282974733433333,0.025639725102147248,0.06369260804515557,31.991924666800003,0.35858842029370486,0.8907830178485695,50.46275773333334,0.3966248480471228,0.9852707424511019
Sweep Line,Local,400,18,780,3,0.33648156999999995,6.798699777552591e-17,1.6888906508286973e-16,86.11,0.0,0.0,9.353829133366666,0.03321812810678982,0.0825184047438302,30.458027933366665,0.10092653423974816,0.25071540982121937,48.1341385,0.11131644027505608,0.2765253672250701
Sweep Line,Local,400,18,800,3,0.36461232,0.0,0.0,91.25,0.0,0.0,9.948598666566667,0.04324535808424504,0.1074274248752201,33.69449346663333,0.3169090120479186,0.7872456280217743,53.124685766666666,0.4552857323107795,1.1309924572550731
Sweep Line,Local,400,18,820,3,0.33548127,0.0,0.0,91.06,0.0,0.0,10.2976318664,0.08499111322034766,0.21112962951430767,33.411884000133334,0.22037224897643093,0.5474350143055852,52.987200099999995,0.32698523001975005,0.8122763410774172
Sweep Line,Local,400,18,840,3,0.34419102,0.0,0.0,91.27,0.0,0.0,10.673734066766668,0.033248132508651086,0.08259293981001227,34.12553043333333,0.09899989914775856,0.24592938293242642,54.410157766666664,0.14740152833380973,0.36616569530365156
Sweep Line,Local,400,18,860,3,0.31569105,0.0,0.0,94.96,0.0,0.0,11.530987100066667,0.04461513371512442,0.11083013617652418,35.458269066700005,0.24721493714729792,0.6141159482755904,56.625804433333336,0.25210567888154073,0.6262652242560541
Sweep Line,Local,400,18,880,3,0.30999644,0.0,0.0,91.29,0.0,0.0,11.510220033566668,0.229024545915121,0.5689285114242472,34.98582106676667,0.39149072501455007,0.9725168738091221,55.98774266666667,0.7998750865155795,1.986999867102909
Sweep Line,Local,400,18,900,3,0.32781984,0.0,0.0,93.52,0.0,0.0,11.5832410667,0.13256626207885655,0.32931285093586526,35.608349933266666,0.19936380743253582,0.49524715240129297,57.52308683333333,0.2872217222741767,0.7134983119351621
Sweep Line,Local,400,18,920,3,0.31465879,0.0,0.0,91.49,0.0,0.0,11.847336066499999,0.10768849735090952,0.26751305739111986,35.439836999933334,0.18183385377678357,0.45170033343980326,57.28664973333334,0.3133441972652472,0.7783901371847353
Sweep Line,Local,400,18,940,3,0.32986246,0.0,0.0,94.15000000000002,1.7404671430534633e-14,4.323560066121465e-14,12.453134300366665,0.0850090987298668,0.2111743079967692,36.73710000016666,0.09186264894437901,0.22819947054401354,59.8256754,0.2325520038628131,0.5776912027387224
Sweep Line,Local,400,18,960,3,0.32362855,0.0,0.0,95.66000000000001,1.7404671430534633e-14,4.323560066121465e-14,12.955783500099999,0.09925268705742252,0.24655734291189718,38.20882819996667,0.08958142193192532,0.2225325884933138,62.03197733333334,0.23646900403102022,0.5874215705734982
Sweep Line,Local,400,18,980,3,0.31338297,0.0,0.0,95.07,0.0,0.0,13.485311000233333,0.04664195339984237,0.11586503539024995,38.531904133433336,0.24875259972557903,0.6179357138742457,62.845447966666676,0.21627773782470966,0.537263684742412
Sweep Line,Local,400,18,1000,3,0.29997607,0.0,0.0,95.0,0.0,0.0,13.742172200033332,0.026287054169043332,0.06530066259214427,38.063407399999996,0.3270874177055406,0.8125301893613661,62.764921066666666,0.358471789892945,0.8904932918717055
Sweep Line,Local,400,20,60,3,0.60799571,0.0,0.0,16.67,0.0,0.0,0.07019043333333333,0.00043478336368050943,0.0010800617501604123,0.8033537666666666,0.034944237610417726,0.0868062984564029,1.4125792333333334,0.04724271179190856,0.11735740196763206
Sweep Line,Local,400,20,80,3,0.6401748,0.0,0.0,25.0,0.0,0.0,0.18038733336666665,0.0024666000488911843,0.006127374201255798,1.6669653666666668,0.010612270193193007,0.02636234059419471,2.6010534333333335,0.040632193804584625,0.10093596494111678
Sweep Line,Local,400,20,100,3,0.59815891,0.0,0.0,35.0,0.0,0.0,0.45045453333333335,0.011741414208404948,0.02916728982437988,3.4298515000000003,0.0600511559332541,0.1491753410879961,5.376183,0.10118485042470513,0.2513571027978264
Sweep Line,Local,400,20,120,3,0.45120458,0.0,0.0,36.11,0.0,0.0,0.4405447,0.004188655736192706,0.010405197675815643,3.7715140999999996,0.043556267967308576,0.10819976784069413,6.032772566666666,0.029236598578037964,0.07262773709101018
Sweep Line,Local,400,20,140,3,0.58686634,0.0,0.0,25.0,0.0,0.0,0.4493350999666667,0.002301036519673254,0.00571609159463506,3.1410350667,0.02539090344557182,0.06307450078455634,4.682734733333334,0.06416766897560898,0.15940132637742194
Sweep Line,Local,400,20,160,3,0.45830376,0.0,0.0,36.46,0.0,0.0,0.5890796000000001,0.000663853150305105,0.0016491026457371714,4.4871330333333335,0.10422059029622367,0.2588982986957297,7.167662866666667,0.031182213319508333,0.07746091204283409
Sweep Line,Local,400,20,180,3,0.58314991,0.0,0.0,35.19,0.0,0.0,0.6908086667000001,0.0074961865062901445,0.0186215595945893,4.545634933366666,0.08344493204476056,0.2072887025468333,7.2853502,0.06927924024900946,0.1720991733439757
Sweep Line,Local,400,20,200,3,0.6089359,0.0,0.0,36.67,0.0,0.0,0.7720153333,0.014729101525462678,0.036589116559601155,4.854996833366666,0.07471101847394357,0.1855924584743988,7.9326328,0.05565929369305717,0.13826535047231064
Sweep Line,Local,400,20,220,3,0.51502205,0.0,0.0,42.42,0.0,0.0,1.0731731333666668,0.018374436064288385,0.04564462955944409,7.019765233366667,0.06366370907506126,0.1581494205832614,10.882180166666666,0.11469012953486121,0.2849060759430791
Sweep Line,Local,400,20,240,3,0.51727974,0.0,0.0,45.830000000000005,8.702335715267317e-15,2.1617800330607325e-14,1.2856072999000001,0.026281892986543452,0.0652878415040591,8.252508433400001,0.12154206700539197,0.30192723221217965,12.571610733333335,0.2228418325771965,0.553569800060567
Sweep Line,Local,400,20,260,3,0.59323987,0.0,0.0,51.919999999999995,8.702335715267317e-15,2.1617800330607325e-14,1.6156624333666667,0.034162140478019465,0.0848634614755606,10.095258733333333,0.0690773284860763,0.17159759671922747,15.222026466666668,0.10596025931151441,0.263219876102577
Sweep Line,Local,400,20,280,3,0.55500454,0.0,0.0,56.54999999999999,8.702335715267317e-15,2.1617800330607325e-14,2.005116000066667,0.03509471012973487,0.0871800929162207,12.141766600000002,0.0432347768552125,0.10740113964514371,18.111026566666666,0.03792808627196033,0.09421858944269665
Sweep Line,Local,400,20,300,3,0.5517513,0.0,0.0,60.56,0.0,0.0,2.1016855666,0.005411320116498916,0.013442464371748147,12.167586400066666,0.11196822189964611,0.27814448253854007,18.660964833333335,0.09888562165943805,0.24564550191408532
Sweep Line,Local,400,20,320,3,0.53410246,0.0,0.0,59.38,0.0,0.0,2.2676673331666666,0.024792824819831742,0.06158879111576361,12.453111366666667,0.056203808486800004,0.13961800020605314,18.939747466666667,0.057078837006138555,0.1417916915497991
Sweep Line,Local,400,20,340,3,0.519929,0.0,0.0,63.24,0.0,0.0,2.5720317998666666,0.015221649782865514,0.037812674260672446,13.432688766700002,0.10452412322985705,0.2596523163029266,20.585532866666664,0.06847883084942001,0.17011084616961614
Sweep Line,Local,400,20,360,3,0.53149684,0.0,0.0,63.43,0.0,0.0,2.8314581333,0.02074867371525209,0.05154256284486055,14.3504121,0.19485003820692484,0.4840343280458147,21.877000866666666,0.23306684201922392,0.5789701316185105
Sweep Line,Local,400,20,380,3,0.48334239,0.0,0.0,68.42,0.0,0.0,3.2384316332999994,0.05085076423982852,0.12632030111948314,16.282990199933334,0.12269400789845093,0.30478881202633484,24.820621966666664,0.07599704059931091,0.18878711453416913
Sweep Line,Local,400,20,400,3,0.47700428,0.0,0.0,71.67,0.0,0.0,3.6220687665,0.03497442090168356,0.08688127790850111,17.717022499966664,0.18884910207689404,0.46912717629940004,26.981224299999997,0.19692422773897175,0.4891869004836902
Sweep Line,Local,400,20,420,3,0.51059124,0.0,0.0,70.24,0.0,0.0,3.7722218999666666,0.05848975241510742,0.14529659972530828,17.772747266633335,0.03452105763294965,0.08575506111551681,27.050980199999998,0.03177760395797553,0.07893994438107356
Sweep Line,Local,400,20,440,3,0.47064606,0.0,0.0,72.73,0.0,0.0,4.248899566833334,0.05248330241660713,0.130375750770291,19.928763866666667,0.09101924319080432,0.22610433450525144,30.128638733333332,0.13259909283586102,0.3293944070574454
Sweep Line,Local,400,20,460,3,0.48921018999999993,6.798699777552591e-17,1.6888906508286973e-16,75.0,0.0,0.0,4.329419866433333,0.10210658696265949,0.253646823292057,19.794855099899998,0.09229623194098914,0.2292765504170665,30.565405400000003,0.21799896631926952,0.5415394533562874
Sweep Line,Local,400,20,480,3,0.45745408,0.0,0.0,76.39,0.0,0.0,4.724960533266667,0.16006979026978208,0.39763540252113166,20.733335033266666,0.4864970691218705,1.2085257160616456,32.200596366666666,0.8459940206892794,2.101565650709528
Sweep Line,Local,400,20,500,3,0.47677859000000006,6.798699777552591e-17,1.6888906508286973e-16,77.0,0.0,0.0,5.087620466633333,0.11471273879455386,0.28496224045771634,21.45856910003333,0.4492768186204536,1.1160654881502816,33.591819166666674,0.7169145544925158,1.7809144809175457
Sweep Line,Local,400,20,520,3,0.45131116,0.0,0.0,80.45,0.0,0.0,5.779829200166667,0.07181921372013068,0.17840881723043336,24.201741200033336,0.23304189752526994,0.578908166060379,36.901716633333336,0.39308242457221926,0.9764708747061045
Sweep Line,Local,400,20,540,3,0.43372031,0.0,0.0,82.72,0.0,0.0,6.0596278,0.057941965682313745,0.14393582204437902,24.09755923333334,0.2930913845696118,0.7280793613984916,37.35581096666667,0.3051172569751728,0.7579532845578432
Sweep Line,Local,400,20,560,3,0.43200586,0.0,0.0,79.46,0.0,0.0,6.023151199833333,0.13763762942592395,0.34191082581285465,23.659726566666667,0.3594368314114223,0.8928905879011597,36.86868596666667,0.5257492636343493,1.3060335727190535
Sweep Line,Local,400,20,580,3,0.4202937199999999,6.798699777552591e-17,1.6888906508286973e-16,81.32,0.0,0.0,6.4531051000333335,0.0546449750742679,0.1357456433396457,24.744632333366667,0.258474158975451,0.642085405823868,38.45230296666667,0.3876087511741779,0.9628735161962254
Sweep Line,Local,400,20,600,3,0.40442135,0.0,0.0,86.11,0.0,0.0,6.9617739334,0.12979852577908596,0.32243741281742483,25.846947700033336,0.5580979730232798,1.3863922216385478,40.431341233333335,0.77694645810222,1.9300419965825726
Sweep Line,Local,400,20,620,3,0.39321730000000005,6.798699777552591e-17,1.6888906508286973e-16,81.99,0.0,0.0,7.2905625335,0.0987329077775461,0.24526613960096977,26.4090490666,0.43508274974898226,1.0808054663834783,40.90301493333333,0.6025524916842702,1.4968233679020226
Sweep Line,Local,400,20,640,3,0.40038009,0.0,0.0,87.5,0.0,0.0,7.944319499933333,0.0387495737229233,0.09625927739936341,28.137918066599998,0.3731216065498575,0.9268854538993699,43.97979610000001,0.4681606116551562,1.1629754305686746
Sweep Line,Local,400,20,660,3,0.41325837000000004,6.798699777552591e-17,1.6888906508286973e-16,85.86,0.0,0.0,7.895331300033334,0.0594768042984992,0.147748572532296,27.377703600033332,0.6201778788198392,1.540607256769689,43.37465853333333,0.8386768884764718,2.0833888866378296
Sweep Line,Local,400,20,680,3,0.39790883,0.0,0.0,85.54,0.0,0.0,8.570389633233335,0.40208999028474074,0.9988469083836483,30.130591966666668,1.3916331802361819,3.457008463947744,47.11414103333333,2.2674008543458553,5.632535969935456
Sweep Line,Local,400,20,700,3,0.38432736000000006,6.798699777552591e-17,1.6888906508286973e-16,88.57,0.0,0.0,8.978560266733332,0.09972033416650017,0.24771904273134798,30.553693499966666,0.5260457242280053,1.3067700216598024,47.97263473333334,0.7554529522204909,1.8766491680640416
Sweep Line,Local,400,20,720,3,0.37961801999999994,6.798699777552591e-17,1.6888906508286973e-16,92.58999999999999,1.7404671430534633e-14,4.323560066121465e-14,9.6411551332,0.1257116365897148,0.3122850172583632,31.431609899999998,0.7218917761093964,1.7932785848357775,49.95773019999999,1.108564831544806,2.7538277039606047
Sweep Line,Local,400,20,740,3,0.36529687000000005,6.798699777552591e-17,1.6888906508286973e-16,89.86,0.0,0.0,9.563881466366666,0.14794585087028375,0.3675178674438623,31.04510916673333,0.6704068315532986,1.6653828924766,49.66931326666667,1.0180317210603809,2.5289309900441848
Sweep Line,Local,400,20,760,3,0.36717902,0.0,0.0,91.45,0.0,0.0,9.9265762666,0.1368238190976702,0.33988920888622753,32.0625610999,0.76847396879372,1.908995166378926,51.21695739999999,1.092532561949309,2.714001338453482
Sweep Line,Local,400,20,780,3,0.33648156999999995,6.798699777552591e-17,1.6888906508286973e-16,86.11,0.0,0.0,10.024626866733334,0.19157661689599137,0.47590269872087765,30.4338107999,0.40936660198766783,1.0169230139286534,48.68925480000001,0.8152110276140963,2.025096456730916
Sweep Line,Local,400,20,800,3,0.36461232,0.0,0.0,91.25,0.0,0.0,10.5298648996,0.18033974128786734,0.4479887522604893,33.23995033333333,0.560132604513184,1.3914465264521336,53.10678836666667,0.9307820834417162,2.31219087489911
Sweep Line,Local,400,20,820,3,0.33548127,0.0,0.0,91.06,0.0,0.0,10.985471600099999,0.18182695008252306,0.45168318371254035,33.140645066699996,0.8241289161114698,2.0472497198564263,53.333347800000006,1.2716523308964438,3.1589595114150657
Sweep Line,Local,400,20,840,3,0.34419102,0.0,0.0,91.27,0.0,0.0,11.350353733366667,0.17655652788041717,0.4385907291634428,33.668275066666666,0.8388772968690944,2.0838867286836944,54.51529773333334,1.1938416868442898,2.9656671561495282
Sweep Line,Local,400,20,860,3,0.31569105,0.0,0.0,94.96,0.0,0.0,12.365516200366669,0.14869190694548232,0.3693711734753435,35.31710070006667,0.7279109621601962,1.808231071898611,57.236111666666666,1.0612400272551046,2.6362663729233535
Sweep Line,Local,400,20,880,3,0.30996392,0.0,0.0,91.29,0.0,0.0,12.172995799933332,0.09137422128007087,0.22698614896364358,34.6143765334,0.5624671757128605,1.3972459228100162,56.23316863333334,0.7658254433983649,1.902415864563796
Sweep Line,Local,400,20,900,3,0.32781984,0.0,0.0,93.52,0.0,0.0,12.401258166600002,0.1616097227575016,0.4014608068874253,35.118088966600006,0.9061976867088937,2.251119847854474,57.688070966666665,1.2109629239757105,3.00819866697951
Sweep Line,Local,400,20,920,3,0.31464695,0.0,0.0,91.49,0.0,0.0,12.724009500433334,0.1130952121166128,0.2809440814372807,35.30675549996667,0.7373171975219706,1.8315974558863939,58.005664466666666,0.9991180363402846,2.481946792562838
Sweep Line,Local,400,20,940,3,0.32986246,0.0,0.0,94.15000000000002,1.7404671430534633e-14,4.323560066121465e-14,13.184983200333335,0.2160787583019421,0.536769392206039,36.372435933300004,0.7233706761054997,1.7969523760880053,60.1050524,1.144725416429058,2.843655576550524
Sweep Line,Local,400,20,960,3,0.32359955,0.0,0.0,95.66000000000001,1.7404671430534633e-14,4.323560066121465e-14,13.855763500066667,0.27398337052836186,0.6806124231219677,37.692383999966665,0.8613296948181087,2.1396615771480665,62.439344266666666,1.3390177114598,3.3263043937389116
Sweep Line,Local,400,20,980,3,0.31336831,0.0,0.0,95.07,0.0,0.0,14.371200366399998,0.24644674278230436,0.6122076476835557,38.19138553353334,0.7751527269770934,1.925586121449905,63.3371363,1.2691733961744236,3.152801496187128
Sweep Line,Local,400,20,1000,3,0.2998442,0.0,0.0,95.0,0.0,0.0,14.609730366633334,0.226044948038617,0.5615267799733723,37.55699546663333,0.7551296515543074,1.8758460446869414,62.96624273333333,1.2502341777133765,3.1057538693769624
